date,diabetes,sering haus,sering buang air kecil,badan lemas,penglihatan kabur,luka sulit sembuh,gula darah tinggi,cek gula darah,diet diabetes,obesitas,minuman manis,makanan manis,neuropati,retinopati,gagal ginjal,kaki diabetes,insulin,prediabetes,hiperglikemia,kadar gula normal
2015-01-01,46,0,8,0,0,0,0,0,0,32,0,16,0,0,34,0.0,22.0,0.0,0.0,0.0
2015-01-02,47,0,0,8,0,0,0,0,0,0,0,0,0,0,34,0.0,0.0,0.0,0.0,0.0
2015-01-03,42,0,0,0,0,0,0,0,0,30,0,0,0,0,37,0.0,11.0,0.0,0.0,0.0
2015-01-04,52,0,5,8,0,0,0,0,0,30,0,0,0,0,43,0.0,18.0,0.0,0.0,0.0
2015-01-05,59,0,0,5,0,0,0,0,0,55,0,0,0,0,52,0.0,21.0,0.0,0.0,0.0
2015-01-06,71,0,0,0,0,0,0,0,0,49,0,0,0,0,36,0.0,25.0,0.0,0.0,0.0
2015-01-07,68,0,4,6,0,0,0,0,0,57,0,0,0,0,57,0.0,26.0,0.0,0.0,0.0
2015-01-08,63,0,5,0,0,0,0,0,0,41,0,16,0,0,52,0.0,20.0,0.0,0.0,0.0
2015-01-09,66,0,5,5,0,0,0,0,0,48,0,15,0,0,42,0.0,20.0,0.0,0.0,0.0
2015-01-10,63,0,4,5,0,0,0,0,0,65,0,0,0,0,39,0.0,15.0,0.0,0.0,0.0
2015-01-11,60,0,0,4,0,0,0,0,0,55,0,0,0,0,63,0.0,22.0,0.0,0.0,0.0
2015-01-12,63,0,0,0,0,0,0,0,0,66,0,17,0,0,48,0.0,25.0,0.0,0.0,0.0
2015-01-13,64,0,3,5,0,0,25,0,0,65,0,0,0,0,43,0.0,21.0,0.0,0.0,0.0
2015-01-14,68,0,4,5,0,0,28,31,0,58,0,0,0,0,54,0.0,28.0,0.0,0.0,0.0
2015-01-15,69,0,5,0,0,0,0,0,0,41,0,0,0,0,47,10.0,23.0,0.0,0.0,0.0
2015-01-16,62,0,5,5,0,0,0,0,0,54,0,13,0,0,41,0.0,21.0,0.0,0.0,0.0
2015-01-17,49,0,0,4,0,0,0,0,0,33,0,0,0,0,26,0.0,15.0,0.0,0.0,0.0
2015-01-18,54,0,0,6,0,0,0,0,0,44,0,0,0,0,40,0.0,21.0,0.0,0.0,0.0
2015-01-19,62,0,5,5,0,0,27,0,0,49,0,18,0,0,55,8.0,18.0,0.0,0.0,8.0
2015-01-20,64,0,4,4,0,0,0,0,0,57,0,0,0,0,49,0.0,28.0,0.0,0.0,0.0
2015-01-21,68,0,4,6,3,0,0,0,0,36,0,17,0,0,46,0.0,27.0,0.0,0.0,0.0
2015-01-22,65,0,5,4,0,0,0,0,0,73,0,0,0,0,47,0.0,26.0,0.0,0.0,0.0
2015-01-23,60,0,5,6,0,0,0,0,0,46,0,14,0,0,33,0.0,22.0,0.0,0.0,0.0
2015-01-24,58,0,4,7,0,0,0,37,0,43,0,0,0,0,29,0.0,16.0,0.0,0.0,0.0
2015-01-25,58,0,9,0,0,0,0,0,0,52,0,0,0,0,36,0.0,21.0,0.0,0.0,0.0
2015-01-26,68,0,4,7,0,0,0,0,0,58,0,17,0,0,58,0.0,33.0,0.0,0.0,0.0
2015-01-27,79,0,0,4,0,0,0,0,0,59,0,0,0,0,52,0.0,27.0,0.0,0.0,0.0
2015-01-28,76,0,6,7,0,0,0,0,0,51,0,15,0,0,61,0.0,22.0,0.0,0.0,0.0
2015-01-29,68,0,6,6,0,0,28,0,0,58,0,0,0,0,53,0.0,30.0,0.0,0.0,0.0
2015-01-30,64,0,0,7,0,0,0,0,0,43,0,0,0,0,42,0.0,27.0,0.0,0.0,9.0
2015-01-31,58,0,0,0,0,0,0,0,0,71,0,0,0,0,68,0.0,16.0,0.0,0.0,0.0
2015-02-01,58,0,0,5,0,0,0,0,0,37,0,0,0,0,47,0.0,17.0,0.0,0.0,0.0
2015-02-02,65,0,6,6,0,0,0,0,0,61,0,25,16,0,51,0.0,29.0,0.0,0.0,0.0
2015-02-03,71,0,5,7,0,0,0,0,0,59,0,0,0,0,44,8.0,25.0,0.0,0.0,0.0
2015-02-04,66,0,4,5,0,0,0,0,0,64,0,16,0,0,39,0.0,40.0,0.0,0.0,0.0
2015-02-05,72,0,0,5,0,0,0,0,0,53,0,19,0,0,56,0.0,23.0,0.0,0.0,0.0
2015-02-06,63,0,9,8,0,0,30,0,0,46,0,0,0,0,31,0.0,24.0,0.0,0.0,0.0
2015-02-07,57,0,5,0,0,0,30,0,0,0,0,0,0,0,38,0.0,25.0,0.0,0.0,0.0
2015-02-08,67,0,0,5,0,0,0,0,0,47,0,0,0,0,25,0.0,19.0,0.0,0.0,0.0
2015-02-09,68,0,4,0,0,0,0,0,0,69,16,15,0,0,51,0.0,38.0,0.0,0.0,0.0
2015-02-10,64,0,4,5,0,0,0,0,0,56,0,17,0,0,50,0.0,38.0,0.0,0.0,9.0
2015-02-11,72,0,6,4,0,0,0,0,30,40,0,0,0,0,66,0.0,41.0,0.0,0.0,0.0
2015-02-12,64,0,6,0,0,0,0,0,0,45,0,15,0,0,50,0.0,28.0,0.0,0.0,0.0
2015-02-13,55,0,0,5,0,0,34,0,0,45,0,0,0,0,46,0.0,27.0,0.0,0.0,0.0
2015-02-14,71,0,0,5,0,0,0,0,0,45,0,0,0,0,36,0.0,18.0,0.0,0.0,0.0
2015-02-15,63,0,0,7,0,0,0,0,0,48,0,0,0,0,45,0.0,20.0,0.0,0.0,0.0
2015-02-16,83,4,0,6,0,0,27,0,0,57,0,0,0,0,46,0.0,34.0,0.0,0.0,0.0
2015-02-17,69,0,5,6,0,0,0,0,0,47,0,0,0,0,55,0.0,37.0,0.0,0.0,0.0
2015-02-18,63,0,4,6,0,0,0,0,0,33,0,0,14,0,50,0.0,34.0,0.0,0.0,0.0
2015-02-19,61,0,5,5,0,0,0,0,33,54,0,19,0,0,46,0.0,17.0,0.0,0.0,0.0
2015-02-20,66,4,0,7,0,0,42,0,0,62,0,15,0,0,49,0.0,18.0,0.0,0.0,11.0
2015-02-21,57,0,0,7,0,0,0,0,0,68,0,0,0,0,57,0.0,18.0,0.0,0.0,0.0
2015-02-22,60,0,5,8,0,0,0,0,0,36,0,16,0,0,47,0.0,19.0,0.0,0.0,0.0
2015-02-23,74,0,0,9,0,0,31,0,0,82,17,16,0,0,59,0.0,28.0,0.0,0.0,0.0
2015-02-24,76,0,4,9,0,0,0,0,0,72,0,23,0,0,57,0.0,27.0,0.0,0.0,0.0
2015-02-25,73,0,4,8,0,0,0,0,0,49,0,17,0,0,65,0.0,33.0,0.0,0.0,0.0
2015-02-26,80,0,0,8,0,0,0,0,0,48,0,0,0,0,46,0.0,30.0,0.0,0.0,0.0
2015-02-27,70,0,4,5,0,0,28,0,27,32,0,0,0,0,60,0.0,29.0,0.0,0.0,0.0
2015-02-28,53,0,0,6,0,0,29,0,0,67,0,0,0,0,44,0.0,19.0,0.0,0.0,0.0
2015-03-01,61,0,4,6,0,0,0,0,0,35,0,0,0,0,53,0.0,16.0,0.0,0.0,0.0
2015-03-02,67,0,4,0,0,0,0,0,0,67,0,13,0,0,50,0.0,24.0,0.0,0.0,0.0
2015-03-03,77,0,0,0,0,0,0,0,0,73,0,0,0,0,52,0.0,27.0,0.0,0.0,0.0
2015-03-04,77,0,6,7,0,0,0,0,26,58,0,14,0,0,69,0.0,36.0,0.0,0.0,0.0
2015-03-05,71,0,4,5,0,0,0,0,0,67,0,0,0,0,56,0.0,32.0,0.0,0.0,0.0
2015-03-06,68,0,0,5,0,0,0,0,0,55,0,0,0,0,56,0.0,21.0,0.0,0.0,0.0
2015-03-07,64,0,0,7,0,0,0,0,0,37,0,0,0,0,36,8.0,13.0,0.0,0.0,0.0
2015-03-08,62,0,0,0,0,0,0,0,0,39,0,22,0,0,61,0.0,28.0,0.0,0.0,0.0
2015-03-09,78,0,5,4,0,0,25,0,29,67,0,18,0,0,41,0.0,30.0,0.0,0.0,0.0
2015-03-10,75,0,6,6,0,0,0,0,0,58,0,14,0,0,68,0.0,20.0,0.0,0.0,0.0
2015-03-11,81,0,5,6,0,0,24,0,0,59,0,15,0,0,53,0.0,34.0,0.0,0.0,0.0
2015-03-12,80,0,4,6,0,0,0,0,0,55,0,14,0,0,64,0.0,40.0,0.0,0.0,0.0
2015-03-13,73,0,6,5,0,0,34,0,0,60,0,0,0,0,57,0.0,25.0,0.0,0.0,0.0
2015-03-14,62,0,5,5,0,0,0,0,0,58,0,0,0,0,49,0.0,24.0,0.0,0.0,0.0
2015-03-15,77,0,0,0,0,0,0,0,0,61,0,25,0,0,44,0.0,27.0,0.0,0.0,0.0
2015-03-16,100,0,5,5,0,0,31,0,0,63,0,0,0,0,70,0.0,27.0,0.0,0.0,0.0
2015-03-17,88,0,5,6,0,0,0,0,0,56,0,17,0,0,77,0.0,33.0,0.0,0.0,0.0
2015-03-18,87,0,0,8,0,0,25,0,29,59,0,0,0,0,55,0.0,26.0,0.0,0.0,0.0
2015-03-19,79,0,0,5,0,0,0,0,0,81,0,14,0,0,70,0.0,29.0,0.0,0.0,0.0
2015-03-20,71,0,4,5,0,0,30,0,0,49,0,13,0,0,52,0.0,23.0,0.0,0.0,0.0
2015-03-21,55,0,4,5,0,0,0,0,0,30,0,0,0,0,50,0.0,17.0,0.0,0.0,0.0
2015-03-22,67,0,0,5,0,0,0,0,0,61,0,0,0,0,92,0.0,20.0,0.0,0.0,0.0
2015-03-23,84,0,0,7,0,0,0,0,0,86,0,0,0,0,100,0.0,32.0,0.0,0.0,0.0
2015-03-24,85,0,4,8,0,0,28,0,0,65,0,15,0,0,73,0.0,36.0,0.0,0.0,0.0
2015-03-25,90,0,6,8,0,0,0,36,0,68,0,0,0,0,100,0.0,42.0,0.0,0.0,0.0
2015-03-26,71,0,7,6,0,0,0,0,0,61,0,20,0,0,70,0.0,24.0,0.0,0.0,0.0
2015-03-27,68,0,6,6,0,0,0,0,0,67,0,0,0,0,73,0.0,24.0,0.0,0.0,0.0
2015-03-28,59,0,4,5,0,0,0,0,0,48,0,0,0,0,55,0.0,24.0,0.0,0.0,9.0
2015-03-29,75,0,6,9,0,0,0,0,0,63,0,0,0,0,49,0.0,24.0,0.0,0.0,0.0
2015-03-30,74,0,0,9,0,0,0,0,0,74,0,0,0,0,84,0.0,26.0,0.0,0.0,0.0
2015-03-31,71,0,4,9,0,0,0,0,0,73,0,0,0,0,59,0.0,32.0,0.0,0.0,0.0
2015-04-01,78,0,5,8,0,0,0,0,0,39,0,18,0,0,71,0.0,31.0,0.0,0.0,0.0
2015-04-02,68,0,0,6,0,0,0,0,0,45,13,16,0,0,58,0.0,21.0,0.0,0.0,18.0
2015-04-03,64,0,4,7,0,0,0,0,0,41,0,0,0,0,34,0.0,18.0,0.0,0.0,0.0
2015-04-04,56,0,0,7,0,0,0,0,0,39,0,0,0,0,48,0.0,15.0,0.0,0.0,0.0
2015-04-05,68,0,0,4,0,0,0,0,0,60,0,0,0,0,51,0.0,24.0,0.0,0.0,0.0
2015-04-06,75,0,4,8,0,0,0,0,0,69,0,18,14,0,57,0.0,29.0,0.0,0.0,0.0
2015-04-07,77,0,4,7,0,0,0,0,27,46,0,14,0,0,64,0.0,32.0,0.0,0.0,0.0
2015-04-08,80,0,6,6,0,0,31,0,0,91,0,16,0,0,71,9.0,28.0,0.0,0.0,0.0
2015-04-09,74,0,5,9,0,0,0,0,0,68,0,16,0,0,80,10.0,37.0,0.0,0.0,0.0
2015-04-10,74,0,5,4,0,0,0,0,30,55,0,0,0,0,57,0.0,26.0,0.0,0.0,0.0
2015-04-11,62,0,0,6,0,0,28,0,0,42,0,16,0,0,28,0.0,17.0,0.0,0.0,0.0
2015-04-12,72,0,4,6,0,0,0,0,0,52,0,0,0,0,50,0.0,18.0,0.0,0.0,0.0
2015-04-13,78,0,5,6,0,0,27,0,0,96,0,17,0,0,66,0.0,42.0,0.0,0.0,0.0
2015-04-14,73,0,3,5,0,0,0,28,0,79,0,0,0,0,71,0.0,100.0,0.0,0.0,0.0
2015-04-15,74,0,4,8,0,0,0,0,0,98,0,0,0,0,53,0.0,35.0,0.0,0.0,0.0
2015-04-16,78,0,0,5,0,0,0,0,0,56,0,14,0,0,64,0.0,41.0,0.0,0.0,0.0
2015-04-17,70,0,4,4,0,0,0,0,0,57,0,14,0,0,56,0.0,29.0,0.0,0.0,0.0
2015-04-18,84,0,4,7,0,0,0,0,0,53,0,16,0,0,47,11.0,24.0,0.0,0.0,0.0
2015-04-19,70,0,6,7,0,0,0,0,0,51,0,15,0,0,62,0.0,15.0,0.0,0.0,0.0
2015-04-20,79,0,6,8,0,0,0,0,0,39,0,20,0,0,66,0.0,21.0,0.0,0.0,0.0
2015-04-21,70,0,5,5,0,0,0,0,0,55,0,33,0,0,66,0.0,28.0,0.0,0.0,0.0
2015-04-22,83,0,0,5,0,0,0,0,0,51,0,13,0,0,72,0.0,29.0,0.0,0.0,0.0
2015-04-23,72,0,5,8,0,0,0,0,0,62,0,16,0,0,56,0.0,29.0,0.0,0.0,0.0
2015-04-24,66,0,0,6,0,0,28,0,0,52,0,0,0,0,61,0.0,19.0,0.0,0.0,0.0
2015-04-25,66,0,4,7,0,0,0,0,0,49,0,23,0,0,38,0.0,14.0,0.0,0.0,0.0
2015-04-26,73,0,0,5,0,0,0,0,0,52,0,0,0,0,60,0.0,23.0,0.0,0.0,0.0
2015-04-27,69,0,4,6,0,0,0,0,0,48,0,14,0,0,50,0.0,24.0,0.0,0.0,0.0
2015-04-28,69,0,4,7,0,0,0,0,0,66,0,0,0,0,61,0.0,24.0,0.0,0.0,0.0
2015-04-29,72,0,0,7,0,0,0,0,0,68,0,0,0,0,58,0.0,24.0,0.0,0.0,10.0
2015-04-30,61,0,4,4,0,0,0,0,0,62,0,0,0,0,43,0.0,14.0,0.0,0.0,0.0
2015-05-01,67,0,4,0,0,0,29,0,0,46,0,0,0,0,38,0.0,20.0,0.0,0.0,0.0
2015-05-02,62,0,0,6,0,0,0,0,0,49,0,0,0,0,58,0.0,16.0,0.0,0.0,0.0
2015-05-03,62,0,5,5,0,0,0,0,0,33,0,0,0,0,31,0.0,25.0,0.0,0.0,0.0
2015-05-04,77,0,4,10,0,0,0,0,0,100,0,0,0,0,49,0.0,30.0,0.0,0.0,0.0
2015-05-05,74,0,4,5,0,0,0,0,0,53,0,0,0,0,41,0.0,36.0,0.0,0.0,11.0
2015-05-06,80,0,0,5,0,0,0,0,0,55,0,13,0,0,52,0.0,36.0,0.0,0.0,0.0
2015-05-07,71,0,0,5,0,0,0,0,0,74,0,0,0,0,53,0.0,34.0,0.0,0.0,0.0
2015-05-08,68,0,6,0,0,0,0,0,0,47,0,24,0,0,66,0.0,36.0,0.0,0.0,0.0
2015-05-09,58,0,4,8,0,0,0,0,0,31,0,0,0,0,49,0.0,21.0,0.0,0.0,0.0
2015-05-10,57,0,0,5,0,0,0,0,0,69,0,0,0,0,54,0.0,19.0,0.0,0.0,0.0
2015-05-11,68,0,5,7,0,0,25,0,0,87,0,19,0,0,48,0.0,23.0,0.0,0.0,0.0
2015-05-12,75,0,0,4,0,0,0,0,0,55,0,0,0,0,49,0.0,28.0,0.0,0.0,0.0
2015-05-13,57,0,4,5,0,0,39,0,0,76,0,20,0,0,53,9.0,18.0,0.0,0.0,8.0
2015-05-14,66,0,4,6,0,0,0,0,0,57,0,17,0,0,36,0.0,23.0,0.0,0.0,0.0
2015-05-15,60,0,4,6,0,0,0,0,0,37,0,0,0,0,27,0.0,27.0,0.0,0.0,0.0
2015-05-16,56,0,0,7,0,0,0,0,0,40,0,0,0,0,36,0.0,28.0,0.0,0.0,0.0
2015-05-17,65,0,0,6,0,0,0,0,0,39,0,0,0,0,45,0.0,30.0,0.0,0.0,0.0
2015-05-18,77,0,0,7,0,0,0,0,0,53,0,0,0,0,52,0.0,26.0,0.0,0.0,0.0
2015-05-19,75,0,0,0,0,0,0,0,0,72,0,0,0,0,57,0.0,33.0,0.0,0.0,0.0
2015-05-20,72,0,0,4,0,0,0,0,0,73,0,17,0,0,66,0.0,36.0,0.0,0.0,0.0
2015-05-21,75,0,0,5,0,0,0,0,27,52,0,17,0,0,39,0.0,27.0,0.0,8.0,0.0
2015-05-22,74,0,4,7,0,0,0,0,29,57,0,0,0,16,56,0.0,27.0,0.0,0.0,0.0
2015-05-23,73,0,0,6,0,0,0,0,0,53,0,16,0,0,47,0.0,24.0,0.0,0.0,0.0
2015-05-24,70,0,5,8,0,0,0,0,0,54,0,0,0,0,41,0.0,25.0,0.0,0.0,0.0
2015-05-25,81,0,0,6,0,0,0,0,0,61,14,0,0,0,58,0.0,23.0,0.0,0.0,0.0
2015-05-26,74,0,6,0,0,0,33,0,0,47,0,0,0,0,65,0.0,33.0,0.0,0.0,0.0
2015-05-27,78,0,4,6,0,0,29,0,0,44,0,14,0,0,54,0.0,33.0,0.0,0.0,0.0
2015-05-28,76,0,0,6,0,0,0,0,0,46,0,0,0,0,59,0.0,26.0,0.0,0.0,0.0
2015-05-29,67,0,0,4,0,0,0,0,0,49,0,14,0,0,43,0.0,29.0,0.0,0.0,0.0
2015-05-30,68,0,4,6,0,0,0,0,0,39,0,0,0,0,41,0.0,27.0,0.0,0.0,0.0
2015-05-31,73,0,0,7,0,0,0,0,0,48,0,15,0,0,39,0.0,21.0,0.0,0.0,9.0
2015-06-01,57,0,4,5,0,0,0,0,0,33,0,13,0,0,37,0.0,22.0,0.0,0.0,0.0
2015-06-02,66,0,0,6,0,0,0,0,0,56,0,0,0,0,49,0.0,22.0,0.0,0.0,0.0
2015-06-03,69,0,4,4,0,0,0,0,0,77,0,13,0,0,45,0.0,22.0,0.0,0.0,0.0
2015-06-04,71,0,0,6,0,0,0,0,0,64,0,23,0,0,39,0.0,31.0,0.0,0.0,0.0
2015-06-05,64,0,0,6,0,0,0,0,0,64,0,0,0,0,41,0.0,26.0,0.0,0.0,0.0
2015-06-06,59,0,0,5,0,0,0,0,0,46,0,0,0,0,46,0.0,20.0,0.0,0.0,0.0
2015-06-07,67,0,5,6,0,0,0,0,0,42,0,0,0,0,47,0.0,28.0,0.0,0.0,0.0
2015-06-08,83,0,0,5,0,0,32,0,0,48,0,0,0,0,61,0.0,25.0,0.0,0.0,0.0
2015-06-09,77,0,5,0,0,0,0,0,0,0,0,0,0,0,56,0.0,22.0,0.0,0.0,0.0
2015-06-10,63,0,6,6,0,0,0,0,0,47,0,14,0,0,37,0.0,22.0,0.0,0.0,0.0
2015-06-11,69,0,0,5,0,0,0,0,0,35,0,15,20,0,48,0.0,23.0,0.0,0.0,0.0
2015-06-12,59,0,0,0,0,0,0,0,0,42,0,0,0,0,36,0.0,13.0,8.0,0.0,0.0
2015-06-13,61,0,5,0,0,0,0,0,0,36,0,0,0,0,31,0.0,20.0,0.0,0.0,0.0
2015-06-14,67,0,5,6,0,0,0,0,0,33,0,17,0,0,38,0.0,17.0,0.0,0.0,0.0
2015-06-15,62,0,5,6,0,0,0,0,0,56,0,0,0,0,60,0.0,27.0,0.0,0.0,0.0
2015-06-16,64,0,4,4,0,0,0,0,0,45,0,0,0,0,37,0.0,26.0,0.0,0.0,0.0
2015-06-17,65,0,0,4,0,0,0,0,0,34,0,20,0,0,37,9.0,23.0,0.0,0.0,0.0
2015-06-18,68,0,0,7,0,0,0,0,0,46,0,21,0,0,37,0.0,28.0,0.0,0.0,0.0
2015-06-19,60,0,0,7,0,0,0,0,0,41,0,26,0,0,53,0.0,19.0,0.0,0.0,9.0
2015-06-20,68,0,0,0,0,0,0,0,0,38,0,0,0,0,38,0.0,19.0,0.0,0.0,0.0
2015-06-21,71,0,5,8,0,0,0,0,35,0,0,18,0,0,51,0.0,23.0,0.0,0.0,10.0
2015-06-22,67,0,0,9,0,0,0,0,0,0,0,21,0,0,39,0.0,23.0,0.0,0.0,0.0
2015-06-23,64,0,4,0,0,0,34,0,0,58,0,19,0,0,62,0.0,22.0,0.0,0.0,0.0
2015-06-24,68,0,4,4,0,0,0,0,0,37,0,19,0,0,51,0.0,15.0,0.0,0.0,0.0
2015-06-25,63,0,4,7,0,0,0,0,0,46,0,24,0,0,56,0.0,23.0,0.0,0.0,0.0
2015-06-26,58,0,0,5,0,0,0,29,0,0,0,19,0,0,34,0.0,12.0,0.0,0.0,0.0
2015-06-27,57,0,4,5,0,0,0,0,0,32,0,18,0,0,45,0.0,16.0,0.0,0.0,0.0
2015-06-28,58,0,0,6,0,0,0,0,0,43,0,18,0,0,54,9.0,21.0,0.0,0.0,0.0
2015-06-29,57,0,0,4,0,0,0,0,0,41,0,0,0,0,31,0.0,24.0,0.0,0.0,0.0
2015-06-30,55,0,0,5,0,0,0,0,0,45,0,21,0,0,35,0.0,21.0,0.0,0.0,0.0
2015-07-01,61,0,6,0,0,0,0,0,0,29,0,0,0,0,63,0.0,60.0,0.0,0.0,0.0
2015-07-02,61,0,6,0,0,0,0,0,0,46,0,0,0,0,47,0.0,45.0,0.0,0.0,0.0
2015-07-03,53,0,5,0,0,0,0,0,0,23,0,0,0,0,57,0.0,51.0,0.0,0.0,0.0
2015-07-04,46,0,0,0,0,0,0,0,0,34,0,0,0,0,59,0.0,54.0,0.0,0.0,23.0
2015-07-05,57,0,0,5,0,0,0,0,0,30,0,0,0,0,48,0.0,55.0,0.0,0.0,0.0
2015-07-06,64,0,4,5,0,0,0,0,0,32,0,19,0,0,49,0.0,61.0,0.0,0.0,0.0
2015-07-07,53,0,0,0,0,0,0,0,0,30,0,0,0,0,61,0.0,55.0,0.0,0.0,0.0
2015-07-08,55,0,4,0,0,0,0,0,0,37,0,0,0,0,75,0.0,41.0,0.0,0.0,0.0
2015-07-09,59,0,4,0,0,0,0,0,0,0,0,21,0,0,43,0.0,40.0,0.0,0.0,0.0
2015-07-10,48,0,5,0,0,0,0,0,0,26,0,0,0,0,60,0.0,44.0,0.0,0.0,0.0
2015-07-11,55,0,5,0,0,0,0,0,0,0,0,0,0,0,40,0.0,37.0,0.0,0.0,0.0
2015-07-12,44,0,0,0,0,0,0,0,0,0,0,0,0,0,0,0.0,0.0,0.0,0.0,0.0
2015-07-13,50,0,0,7,0,0,0,0,0,38,0,0,0,0,52,0.0,42.0,0.0,0.0,0.0
2015-07-14,44,0,0,0,0,0,0,0,0,27,0,0,0,0,41,0.0,65.0,0.0,0.0,0.0
2015-07-15,42,0,0,0,0,0,0,0,0,0,0,24,0,0,41,0.0,34.0,0.0,0.0,0.0
2015-07-16,36,0,0,0,0,0,0,0,0,0,0,0,0,0,0,0.0,0.0,0.0,0.0,0.0
2015-07-17,52,0,0,0,0,0,0,0,0,0,0,0,0,0,39,0.0,39.0,0.0,0.0,0.0
2015-07-18,56,0,0,0,0,0,0,0,0,0,0,0,0,0,29,0.0,53.0,0.0,0.0,0.0
2015-07-19,52,0,6,0,0,0,0,0,0,0,0,0,0,0,34,0.0,42.0,0.0,0.0,0.0
2015-07-20,68,0,0,0,0,0,0,0,0,44,0,0,0,0,30,0.0,39.0,0.0,0.0,0.0
2015-07-21,58,0,6,7,0,0,0,0,0,0,25,0,0,0,52,0.0,47.0,0.0,0.0,0.0
2015-07-22,59,0,0,0,0,0,0,0,0,0,0,0,0,0,44,0.0,44.0,0.0,0.0,0.0
2015-07-23,57,0,0,5,0,0,0,0,0,0,0,0,0,0,59,0.0,66.0,0.0,0.0,0.0
2015-07-24,66,0,0,5,0,0,26,0,0,45,0,0,0,0,59,0.0,45.0,0.0,0.0,0.0
2015-07-25,52,0,0,0,0,0,0,0,0,27,0,0,0,0,44,0.0,40.0,0.0,0.0,0.0
2015-07-26,62,0,9,0,0,0,0,0,0,0,0,28,0,0,53,0.0,78.0,0.0,0.0,0.0
2015-07-27,68,0,0,5,0,0,0,0,0,30,0,22,0,0,51,0.0,53.0,0.0,0.0,0.0
2015-07-28,66,0,0,6,0,0,24,0,0,25,35,39,0,0,69,0.0,73.0,0.0,0.0,0.0
2015-07-29,74,0,6,6,0,0,0,0,0,42,0,0,0,0,67,0.0,49.0,0.0,0.0,0.0
2015-07-30,66,0,5,0,0,0,0,0,0,34,0,0,0,0,60,0.0,61.0,0.0,0.0,0.0
2015-07-31,69,0,8,5,0,0,0,0,0,33,0,0,0,0,40,0.0,43.0,0.0,0.0,29.0
2015-08-01,56,0,0,6,0,0,0,0,0,0,0,0,0,0,52,0.0,41.0,0.0,0.0,0.0
2015-08-02,57,0,5,0,0,0,0,0,0,26,0,0,0,0,68,0.0,36.0,0.0,0.0,0.0
2015-08-03,75,0,6,7,0,0,0,0,0,30,0,23,0,0,61,0.0,65.0,0.0,0.0,0.0
2015-08-04,66,0,5,8,0,0,0,0,0,41,0,0,0,0,97,0.0,42.0,0.0,0.0,0.0
2015-08-05,64,0,6,4,0,0,24,0,0,0,0,0,0,0,68,0.0,72.0,0.0,0.0,0.0
2015-08-06,73,0,8,6,0,0,0,0,0,26,0,0,0,0,88,0.0,61.0,0.0,0.0,0.0
2015-08-07,66,0,7,5,0,0,0,0,0,44,0,0,0,0,78,0.0,68.0,0.0,0.0,0.0
2015-08-08,60,0,0,7,0,0,0,0,0,29,0,23,0,0,60,0.0,62.0,0.0,0.0,0.0
2015-08-09,66,0,4,5,0,0,0,0,0,59,0,0,0,0,78,0.0,58.0,0.0,0.0,0.0
2015-08-10,66,0,7,5,0,0,0,0,0,40,0,0,0,0,77,0.0,50.0,0.0,0.0,0.0
2015-08-11,66,0,6,6,0,0,0,0,0,42,0,32,0,0,99,0.0,87.0,0.0,0.0,0.0
2015-08-12,73,0,7,0,0,0,0,0,0,30,0,0,0,0,70,0.0,83.0,0.0,0.0,0.0
2015-08-13,68,0,5,5,0,0,0,0,0,50,0,25,0,0,82,0.0,61.0,0.0,0.0,0.0
2015-08-14,64,0,6,0,0,0,0,0,0,31,0,0,0,0,41,0.0,78.0,0.0,0.0,0.0
2015-08-15,59,0,6,7,0,0,0,0,0,0,0,0,0,0,62,0.0,49.0,0.0,0.0,0.0
2015-08-16,61,0,5,8,0,0,0,0,0,38,0,0,0,0,52,0.0,34.0,0.0,0.0,0.0
2015-08-17,62,0,0,6,0,0,0,0,0,31,0,0,0,0,38,0.0,48.0,28.0,0.0,0.0
2015-08-18,70,0,4,8,0,0,0,0,0,0,0,0,0,0,60,0.0,61.0,0.0,0.0,0.0
2015-08-19,68,0,5,5,0,0,25,0,0,30,0,0,0,0,61,0.0,83.0,0.0,0.0,0.0
2015-08-20,66,0,0,5,0,0,0,0,0,39,0,0,0,0,63,0.0,81.0,0.0,0.0,0.0
2015-08-21,64,0,4,6,0,0,0,0,0,36,0,20,0,0,78,0.0,55.0,0.0,0.0,0.0
2015-08-22,60,0,5,7,0,0,0,0,0,28,0,0,0,0,47,0.0,64.0,0.0,0.0,0.0
2015-08-23,70,0,4,7,0,0,0,0,0,40,0,0,0,0,76,0.0,80.0,0.0,0.0,0.0
2015-08-24,71,0,4,7,0,0,0,0,30,40,0,22,0,0,77,0.0,63.0,0.0,0.0,0.0
2015-08-25,71,0,6,4,0,0,0,0,0,38,0,34,0,0,58,0.0,65.0,0.0,0.0,0.0
2015-08-26,66,0,8,7,0,0,0,0,0,27,0,21,0,0,72,0.0,33.0,0.0,0.0,0.0
2015-08-27,69,0,6,0,0,0,0,0,0,50,0,0,0,0,57,0.0,74.0,0.0,0.0,0.0
2015-08-28,75,0,6,0,0,0,0,0,0,25,0,26,0,0,57,0.0,63.0,0.0,0.0,0.0
2015-08-29,66,0,0,6,0,0,25,0,0,0,0,0,0,0,62,0.0,37.0,0.0,0.0,0.0
2015-08-30,66,4,0,0,0,0,0,0,0,28,0,28,0,0,50,0.0,51.0,0.0,0.0,0.0
2015-08-31,66,0,4,6,0,0,0,0,0,41,0,0,0,0,70,0.0,52.0,0.0,0.0,0.0
2015-09-01,66,0,5,0,0,0,0,0,0,34,0,20,0,0,61,0.0,66.0,0.0,0.0,0.0
2015-09-02,68,0,4,6,0,0,31,23,0,25,0,31,0,0,63,0.0,75.0,0.0,0.0,29.0
2015-09-03,63,0,5,6,0,0,0,0,0,28,0,0,0,0,69,0.0,73.0,0.0,0.0,0.0
2015-09-04,69,0,4,7,0,0,0,0,0,28,0,19,0,0,50,0.0,62.0,0.0,0.0,23.0
2015-09-05,59,0,0,5,0,0,0,0,0,0,0,0,0,0,53,0.0,61.0,0.0,0.0,0.0
2015-09-06,70,0,0,5,0,0,0,0,0,0,0,0,0,0,61,40.0,67.0,0.0,0.0,0.0
2015-09-07,70,0,0,0,0,0,0,23,0,50,0,0,0,0,54,0.0,72.0,0.0,0.0,0.0
2015-09-08,75,0,4,6,0,0,0,0,0,41,0,0,0,0,63,0.0,71.0,0.0,0.0,0.0
2015-09-09,73,0,4,5,0,0,28,23,0,61,0,21,0,0,60,0.0,72.0,0.0,0.0,0.0
2015-09-10,74,0,0,6,0,0,0,0,0,24,0,0,0,0,84,0.0,71.0,0.0,0.0,0.0
2015-09-11,67,0,0,5,0,0,0,0,0,37,0,0,0,0,70,0.0,77.0,0.0,0.0,0.0
2015-09-12,63,0,0,4,0,0,0,0,0,33,0,24,0,0,61,0.0,41.0,0.0,0.0,0.0
2015-09-13,68,0,0,6,0,0,0,0,0,27,0,0,0,0,46,30.0,82.0,0.0,0.0,0.0
2015-09-14,83,0,5,4,0,0,0,0,0,69,0,0,0,0,64,0.0,73.0,0.0,0.0,0.0
2015-09-15,76,0,5,0,0,0,26,0,0,50,0,22,0,0,50,0.0,68.0,0.0,0.0,25.0
2015-09-16,75,0,5,8,0,0,0,0,0,45,0,0,0,0,63,0.0,71.0,0.0,0.0,0.0
2015-09-17,78,0,0,7,0,0,0,0,0,51,0,0,0,0,57,20.0,66.0,0.0,22.0,0.0
2015-09-18,74,0,5,6,0,0,0,0,0,44,0,0,0,0,53,0.0,79.0,0.0,0.0,0.0
2015-09-19,70,0,0,7,0,0,0,0,0,45,0,21,0,0,56,0.0,48.0,0.0,0.0,26.0
2015-09-20,77,0,0,7,0,0,0,0,26,41,0,0,0,0,56,0.0,65.0,0.0,0.0,0.0
2015-09-21,73,0,0,0,0,0,32,0,0,72,0,0,0,0,43,0.0,65.0,0.0,0.0,0.0
2015-09-22,73,0,0,7,0,0,0,0,0,53,0,20,0,0,67,0.0,79.0,0.0,0.0,0.0
2015-09-23,58,0,0,4,0,0,26,0,0,25,0,0,0,0,66,0.0,33.0,0.0,0.0,0.0
2015-09-24,60,0,0,5,0,0,0,0,0,43,0,0,0,0,53,0.0,32.0,0.0,0.0,0.0
2015-09-25,61,0,4,6,0,0,0,0,0,38,0,0,23,0,46,0.0,51.0,0.0,0.0,0.0
2015-09-26,64,0,0,6,0,0,0,0,0,25,0,0,0,0,56,0.0,55.0,0.0,0.0,0.0
2015-09-27,72,0,4,5,0,0,0,0,0,26,0,0,0,0,65,0.0,72.0,0.0,0.0,0.0
2015-09-28,77,0,0,10,0,0,0,0,0,64,0,0,0,0,66,0.0,85.0,0.0,0.0,0.0
2015-09-29,79,0,4,6,0,0,0,0,0,59,0,26,0,0,58,0.0,71.0,0.0,0.0,0.0
2015-09-30,74,0,0,0,0,0,0,0,0,42,0,0,0,0,77,21.0,82.0,0.0,0.0,0.0
2015-10-01,73,0,0,6,0,0,0,0,0,43,0,0,0,0,55,21.0,68.0,0.0,0.0,0.0
2015-10-02,100,0,0,4,0,0,0,0,0,48,0,0,0,0,64,0.0,61.0,0.0,0.0,0.0
2015-10-03,88,0,0,6,0,0,0,0,0,25,0,0,0,0,44,0.0,65.0,0.0,0.0,0.0
2015-10-04,81,0,0,6,0,0,0,0,0,50,0,28,0,0,60,0.0,58.0,0.0,0.0,0.0
2015-10-05,85,0,0,6,0,0,0,0,0,59,0,20,18,0,55,0.0,78.0,0.0,0.0,0.0
2015-10-06,81,0,4,7,0,0,31,0,0,58,0,22,0,0,89,0.0,70.0,0.0,0.0,30.0
2015-10-07,76,0,5,4,0,0,27,0,0,100,0,20,0,0,53,0.0,72.0,0.0,0.0,0.0
2015-10-08,87,0,5,9,0,0,0,0,0,49,0,20,0,0,67,0.0,76.0,0.0,0.0,0.0
2015-10-09,71,0,4,0,0,0,22,26,0,46,0,25,20,0,65,0.0,68.0,0.0,0.0,0.0
2015-10-10,62,0,5,6,0,0,0,0,0,60,0,0,0,0,59,0.0,56.0,0.0,0.0,0.0
2015-10-11,73,0,0,0,0,0,0,0,0,42,0,23,0,0,60,0.0,40.0,0.0,0.0,0.0
2015-10-12,80,0,0,6,0,0,0,0,0,52,0,0,0,0,70,0.0,57.0,0.0,0.0,0.0
2015-10-13,71,0,0,6,0,0,29,0,0,31,0,19,0,0,73,0.0,66.0,0.0,0.0,0.0
2015-10-14,64,0,0,9,0,0,0,0,0,53,0,0,0,0,56,0.0,61.0,0.0,0.0,0.0
2015-10-15,70,0,0,6,0,0,23,0,0,46,0,26,0,0,63,0.0,81.0,0.0,0.0,22.0
2015-10-16,72,0,0,9,0,0,0,0,0,43,0,27,0,0,44,0.0,52.0,0.0,21.0,0.0
2015-10-17,71,0,0,8,0,0,0,0,0,32,0,20,0,0,55,0.0,72.0,0.0,0.0,0.0
2015-10-18,68,0,5,9,0,0,0,0,22,49,0,0,0,0,49,23.0,44.0,0.0,0.0,0.0
2015-10-19,80,0,0,8,0,0,0,0,0,55,0,18,0,0,78,0.0,100.0,0.0,0.0,0.0
2015-10-20,78,0,3,9,0,0,0,0,0,48,0,27,0,0,63,0.0,80.0,0.0,21.0,0.0
2015-10-21,80,0,5,6,0,0,25,20,0,47,0,18,0,0,63,0.0,68.0,0.0,0.0,0.0
2015-10-22,76,0,7,9,0,0,0,0,0,34,0,0,0,0,72,0.0,61.0,0.0,0.0,0.0
2015-10-23,74,0,0,7,0,0,0,0,0,52,0,0,0,0,62,0.0,72.0,0.0,0.0,0.0
2015-10-24,69,0,4,8,0,0,0,0,0,41,0,28,0,0,51,0.0,60.0,0.0,0.0,0.0
2015-10-25,75,0,0,6,0,0,0,0,0,33,0,19,0,0,48,0.0,63.0,0.0,0.0,0.0
2015-10-26,80,0,0,6,0,0,0,0,0,53,0,19,0,0,69,0.0,63.0,0.0,0.0,0.0
2015-10-27,85,0,4,6,0,0,0,0,0,55,0,0,0,0,66,0.0,80.0,0.0,0.0,23.0
2015-10-28,77,0,4,9,0,0,0,0,0,68,0,20,0,0,59,0.0,80.0,0.0,0.0,0.0
2015-10-29,87,0,6,9,0,0,24,0,0,63,0,0,0,0,67,0.0,85.0,0.0,0.0,0.0
2015-10-30,73,0,4,4,0,0,0,0,0,51,0,18,0,0,67,0.0,89.0,0.0,0.0,0.0
2015-10-31,62,0,0,5,0,0,0,0,0,34,0,0,0,0,65,0.0,66.0,0.0,0.0,0.0
2015-11-01,62,0,4,6,0,0,0,0,0,35,0,0,0,0,67,0.0,67.0,0.0,0.0,0.0
2015-11-02,82,0,4,4,0,0,0,0,0,48,0,0,0,0,72,0.0,93.0,0.0,0.0,0.0
2015-11-03,78,0,0,6,0,0,0,0,0,67,0,23,0,0,56,0.0,81.0,0.0,0.0,0.0
2015-11-04,85,0,4,7,4,0,0,0,0,25,0,25,0,0,67,0.0,86.0,0.0,0.0,0.0
2015-11-05,76,0,0,7,0,0,0,0,0,56,0,22,0,0,62,0.0,88.0,0.0,0.0,0.0
2015-11-06,80,0,5,6,0,0,0,0,0,32,0,0,0,0,66,0.0,74.0,0.0,0.0,0.0
2015-11-07,68,0,0,4,0,0,24,0,0,36,0,0,0,0,46,0.0,43.0,0.0,0.0,0.0
2015-11-08,65,0,0,9,0,0,0,0,0,45,0,0,0,0,54,0.0,75.0,0.0,0.0,0.0
2015-11-09,70,0,5,8,0,0,0,0,0,54,0,0,21,0,53,0.0,78.0,0.0,0.0,27.0
2015-11-10,79,0,7,6,0,0,0,0,0,55,0,18,0,0,76,0.0,75.0,0.0,0.0,0.0
2015-11-11,80,0,4,6,0,0,0,0,0,48,0,27,0,0,83,0.0,88.0,0.0,0.0,23.0
2015-11-12,83,0,6,4,0,0,0,20,0,44,0,19,0,0,77,0.0,83.0,0.0,0.0,0.0
2015-11-13,76,0,0,4,0,23,0,0,0,48,0,23,0,0,66,0.0,98.0,0.0,0.0,0.0
2015-11-14,79,0,0,5,0,0,45,0,0,45,0,25,0,0,75,22.0,74.0,0.0,0.0,0.0
2015-11-15,85,0,5,8,0,0,0,0,0,45,0,0,0,0,69,0.0,62.0,0.0,0.0,0.0
2015-11-16,93,0,4,9,0,0,0,0,0,53,0,48,0,0,64,0.0,87.0,0.0,0.0,20.0
2015-11-17,75,0,4,8,4,0,0,0,0,64,0,21,0,0,43,0.0,97.0,0.0,0.0,0.0
2015-11-18,78,0,4,7,0,0,0,0,0,50,0,21,0,0,72,0.0,82.0,0.0,0.0,0.0
2015-11-19,78,0,4,7,0,0,0,0,0,44,0,22,0,0,59,0.0,78.0,0.0,0.0,25.0
2015-11-20,74,0,4,6,0,0,25,0,0,37,0,28,0,0,60,0.0,78.0,0.0,0.0,24.0
2015-11-21,69,0,4,6,0,0,0,0,0,40,0,0,0,0,54,0.0,65.0,0.0,0.0,0.0
2015-11-22,72,0,6,10,0,0,0,30,0,42,0,0,0,0,83,0.0,82.0,0.0,0.0,0.0
2015-11-23,87,0,0,7,0,0,0,0,0,55,0,20,0,0,53,0.0,82.0,0.0,0.0,0.0
2015-11-24,79,0,7,4,0,0,0,0,0,35,0,21,0,0,64,0.0,88.0,0.0,0.0,27.0
2015-11-25,76,0,5,4,0,0,0,0,20,43,0,0,0,0,60,0.0,83.0,0.0,0.0,0.0
2015-11-26,88,0,5,7,0,0,0,0,0,37,0,0,0,0,50,0.0,95.0,0.0,0.0,0.0
2015-11-27,77,0,5,6,0,0,0,0,0,68,0,20,0,0,59,0.0,71.0,0.0,0.0,0.0
2015-11-28,74,0,0,8,0,0,0,0,0,41,0,0,0,0,56,25.0,74.0,0.0,0.0,0.0
2015-11-29,70,0,4,6,0,0,0,0,0,51,0,21,0,0,61,0.0,79.0,0.0,0.0,0.0
2015-11-30,81,0,6,8,0,0,0,0,0,34,0,27,0,0,56,0.0,85.0,0.0,0.0,0.0
2015-12-01,78,0,5,6,0,0,24,0,0,58,0,19,0,0,77,0.0,85.0,0.0,0.0,0.0
2015-12-02,78,0,0,7,0,0,0,0,0,62,0,0,0,0,66,0.0,81.0,0.0,0.0,0.0
2015-12-03,87,0,0,8,0,0,0,0,0,46,0,20,0,0,63,0.0,89.0,0.0,0.0,0.0
2015-12-04,74,0,6,5,0,0,20,0,0,64,0,0,0,0,57,0.0,59.0,0.0,0.0,0.0
2015-12-05,61,0,4,8,0,0,0,0,0,0,0,0,0,0,54,0.0,67.0,0.0,0.0,33.0
2015-12-06,71,0,0,7,0,0,0,0,0,48,0,0,0,0,46,0.0,54.0,0.0,0.0,0.0
2015-12-07,73,0,5,5,0,0,0,0,0,58,0,25,0,0,68,0.0,84.0,0.0,0.0,0.0
2015-12-08,72,0,5,6,0,0,0,0,0,41,0,0,0,0,56,0.0,75.0,0.0,0.0,0.0
2015-12-09,73,0,4,6,0,0,0,0,0,45,0,0,0,0,59,0.0,52.0,0.0,0.0,0.0
2015-12-10,77,0,0,6,0,0,0,0,0,55,0,18,0,0,70,0.0,92.0,0.0,0.0,0.0
2015-12-11,69,0,5,6,0,0,0,0,0,50,0,0,0,0,59,0.0,85.0,0.0,0.0,0.0
2015-12-12,64,0,0,8,0,0,0,0,0,40,0,0,0,0,48,0.0,60.0,0.0,0.0,0.0
2015-12-13,72,0,0,10,0,0,22,0,0,59,0,0,0,0,56,0.0,68.0,0.0,0.0,0.0
2015-12-14,71,0,4,7,0,0,26,0,0,51,0,0,0,0,63,0.0,82.0,0.0,0.0,0.0
2015-12-15,74,0,0,5,0,0,0,0,0,45,0,27,0,0,100,0.0,70.0,0.0,0.0,0.0
2015-12-16,87,0,5,7,0,0,23,0,0,44,0,0,0,0,68,21.0,72.0,0.0,0.0,0.0
2015-12-17,73,0,7,6,0,0,0,0,0,37,0,19,0,0,50,0.0,81.0,0.0,0.0,0.0
2015-12-18,74,0,4,7,0,0,22,31,0,55,0,0,0,0,51,0.0,63.0,0.0,0.0,0.0
2015-12-19,68,0,0,7,0,0,32,0,0,44,0,23,0,0,56,0.0,66.0,23.0,0.0,0.0
2015-12-20,69,0,4,6,0,0,0,0,0,0,0,0,0,0,73,0.0,48.0,0.0,0.0,0.0
2015-12-21,78,0,0,6,0,0,28,0,0,51,0,0,0,0,57,29.0,75.0,0.0,0.0,0.0
2015-12-22,63,0,0,6,0,0,0,0,0,43,0,0,0,0,63,0.0,58.0,0.0,0.0,0.0
2015-12-23,63,0,5,5,0,0,0,0,0,28,0,0,0,0,49,24.0,40.0,0.0,0.0,0.0
2015-12-24,61,0,4,5,0,0,0,0,0,31,0,0,0,0,62,0.0,64.0,0.0,0.0,0.0
2015-12-25,69,0,9,8,0,0,0,0,0,0,0,0,0,0,61,0.0,34.0,0.0,0.0,0.0
2015-12-26,63,0,7,6,0,0,0,0,0,38,0,0,0,0,53,0.0,39.0,0.0,0.0,0.0
2015-12-27,66,0,0,9,0,0,0,0,0,32,0,0,0,0,59,0.0,55.0,0.0,0.0,0.0
2015-12-28,75,0,4,7,0,0,25,0,0,29,0,0,0,0,67,0.0,68.0,0.0,0.0,0.0
2015-12-29,72,0,5,8,0,0,0,0,0,38,0,0,0,0,61,0.0,67.0,0.0,0.0,0.0
2015-12-30,68,0,4,7,0,0,22,0,0,42,0,33,0,0,20,0.0,68.0,0.0,0.0,0.0
2015-12-31,58,0,0,5,0,0,0,0,0,23,0,23,0,0,57,0.0,39.0,0.0,0.0,0.0
2016-01-01,76,0,5,7,0,0,0,0,0,0,0,18,31,0,32,0.0,33.0,0.0,0.0,0.0
2016-01-02,64,0,0,5,0,0,0,0,0,15,0,23,0,0,39,0.0,19.0,0.0,0.0,0.0
2016-01-03,78,0,4,10,0,0,0,0,0,0,0,18,0,0,49,0.0,40.0,0.0,0.0,0.0
2016-01-04,89,0,5,6,0,0,14,0,0,26,0,15,0,0,55,0.0,44.0,0.0,0.0,0.0
2016-01-05,85,0,0,8,0,0,0,0,0,28,0,0,0,0,44,0.0,47.0,0.0,0.0,0.0
2016-01-06,81,0,5,10,0,0,0,0,0,29,0,0,0,0,53,0.0,37.0,0.0,0.0,12.0
2016-01-07,82,0,0,9,0,0,14,0,0,20,0,0,0,0,53,0.0,50.0,0.0,0.0,0.0
2016-01-08,81,0,0,13,0,0,0,0,0,22,0,0,0,0,59,0.0,48.0,0.0,0.0,0.0
2016-01-09,70,0,0,10,0,0,14,0,0,27,0,0,0,0,44,0.0,31.0,0.0,0.0,0.0
2016-01-10,74,0,0,8,0,0,0,0,0,23,0,0,0,0,42,0.0,41.0,0.0,0.0,0.0
2016-01-11,83,0,5,7,0,0,0,0,0,27,0,0,0,0,55,0.0,54.0,0.0,0.0,0.0
2016-01-12,84,0,4,10,0,0,0,0,0,25,0,17,0,0,38,0.0,45.0,0.0,0.0,0.0
2016-01-13,81,0,4,8,0,0,0,0,0,27,18,20,0,0,55,0.0,54.0,0.0,0.0,0.0
2016-01-14,69,0,0,8,0,0,0,0,0,26,0,17,0,0,32,0.0,42.0,0.0,0.0,0.0
2016-01-15,72,0,5,8,0,0,0,0,0,22,0,0,0,0,39,0.0,31.0,0.0,0.0,0.0
2016-01-16,75,4,5,9,0,0,0,0,0,15,0,14,0,0,47,0.0,31.0,0.0,0.0,0.0
2016-01-17,75,0,4,10,0,0,0,0,0,19,0,19,0,0,45,0.0,35.0,0.0,0.0,0.0
2016-01-18,81,0,4,7,0,0,17,0,0,32,0,16,0,0,49,0.0,53.0,0.0,0.0,14.0
2016-01-19,88,0,6,9,0,0,0,0,0,21,0,16,0,0,61,0.0,56.0,0.0,0.0,0.0
2016-01-20,78,0,7,7,0,0,0,0,0,20,0,0,0,0,50,0.0,51.0,0.0,0.0,11.0
2016-01-21,81,0,6,7,0,0,12,0,0,21,0,20,0,0,52,0.0,47.0,0.0,0.0,0.0
2016-01-22,78,0,5,7,0,0,0,0,0,28,0,13,0,0,40,0.0,44.0,0.0,0.0,0.0
2016-01-23,82,0,4,7,0,0,0,0,0,19,0,0,0,0,47,0.0,30.0,0.0,0.0,0.0
2016-01-24,74,0,0,6,0,0,0,0,0,30,0,18,0,0,52,0.0,40.0,0.0,0.0,0.0
2016-01-25,82,0,5,7,0,0,0,14,0,18,0,17,0,0,59,0.0,35.0,0.0,0.0,0.0
2016-01-26,74,0,6,6,0,0,0,0,0,23,0,18,0,0,41,0.0,58.0,0.0,0.0,0.0
2016-01-27,86,0,4,7,0,0,12,0,0,25,0,16,0,0,44,0.0,54.0,0.0,0.0,0.0
2016-01-28,76,0,4,0,0,0,12,0,0,21,0,19,0,0,59,0.0,45.0,0.0,0.0,0.0
2016-01-29,80,0,4,10,0,0,0,0,0,25,0,0,0,0,65,0.0,38.0,0.0,0.0,0.0
2016-01-30,68,0,6,7,0,0,0,0,0,18,0,0,0,0,75,0.0,40.0,0.0,0.0,0.0
2016-01-31,67,0,0,7,0,0,13,0,0,19,0,15,0,0,49,0.0,39.0,0.0,0.0,0.0
2016-02-01,74,0,5,5,0,0,0,0,0,35,0,0,0,0,68,0.0,34.0,0.0,0.0,0.0
2016-02-02,81,0,7,7,0,0,0,0,0,22,0,0,0,0,59,0.0,55.0,0.0,0.0,15.0
2016-02-03,78,0,7,8,0,0,0,0,0,13,0,0,0,0,66,0.0,51.0,0.0,0.0,0.0
2016-02-04,78,0,5,8,0,0,0,0,0,21,0,14,0,0,54,0.0,68.0,0.0,0.0,0.0
2016-02-05,77,0,0,6,0,0,0,0,0,23,0,0,0,0,39,0.0,46.0,0.0,0.0,0.0
2016-02-06,69,0,5,9,0,0,0,0,0,18,0,14,0,0,41,0.0,39.0,0.0,0.0,0.0
2016-02-07,67,0,5,6,0,0,0,0,0,0,0,16,0,0,35,0.0,28.0,0.0,0.0,0.0
2016-02-08,75,0,5,9,0,0,0,0,0,22,0,16,0,0,60,16.0,35.0,0.0,0.0,0.0
2016-02-09,83,0,7,6,0,0,0,0,0,19,0,0,0,18,63,0.0,46.0,0.0,0.0,0.0
2016-02-10,65,0,5,7,0,0,0,0,0,26,0,18,0,0,57,0.0,64.0,0.0,0.0,0.0
2016-02-11,79,0,7,6,0,0,0,0,0,28,0,17,0,0,52,0.0,50.0,0.0,0.0,0.0
2016-02-12,73,0,5,6,0,0,0,0,0,20,0,0,0,0,69,0.0,56.0,0.0,0.0,0.0
2016-02-13,68,0,7,6,0,0,0,0,0,17,0,0,0,0,50,0.0,32.0,0.0,0.0,0.0
2016-02-14,69,0,4,7,0,0,0,0,0,27,0,0,0,0,49,0.0,53.0,0.0,0.0,0.0
2016-02-15,76,0,0,8,0,0,0,0,0,33,0,21,0,0,60,16.0,56.0,0.0,0.0,0.0
2016-02-16,78,0,6,6,0,0,14,0,0,28,0,19,0,0,62,0.0,61.0,0.0,0.0,0.0
2016-02-17,75,0,8,9,0,0,13,0,0,34,0,19,0,0,65,0.0,57.0,0.0,0.0,0.0
2016-02-18,78,0,5,10,0,0,0,0,0,27,0,13,0,0,61,0.0,47.0,0.0,0.0,0.0
2016-02-19,80,0,4,0,0,0,15,0,14,21,0,0,0,0,54,0.0,47.0,0.0,0.0,0.0
2016-02-20,66,0,7,5,0,0,0,0,0,20,0,16,0,0,47,0.0,48.0,0.0,0.0,0.0
2016-02-21,66,0,5,7,0,0,0,0,0,31,0,0,0,0,68,0.0,43.0,0.0,0.0,0.0
2016-02-22,85,0,7,9,0,0,0,0,0,41,0,20,0,0,69,0.0,55.0,0.0,0.0,14.0
2016-02-23,88,0,0,8,0,0,0,0,0,38,0,24,0,0,65,13.0,54.0,0.0,0.0,0.0
2016-02-24,84,0,6,9,0,0,0,0,0,34,0,13,0,0,68,0.0,51.0,0.0,0.0,0.0
2016-02-25,87,0,6,4,0,14,0,0,0,40,0,17,0,0,72,0.0,56.0,0.0,0.0,0.0
2016-02-26,67,0,6,7,0,0,0,13,0,24,0,19,0,0,48,0.0,38.0,0.0,0.0,0.0
2016-02-27,61,0,5,10,0,0,13,0,0,34,0,16,0,0,41,13.0,27.0,0.0,0.0,0.0
2016-02-28,73,0,4,6,0,0,0,0,0,21,0,0,0,0,54,0.0,36.0,0.0,0.0,0.0
2016-02-29,88,0,4,7,0,0,0,0,0,28,0,17,0,0,60,0.0,30.0,0.0,0.0,11.0
2016-03-01,81,0,7,6,0,0,0,0,0,25,0,15,0,0,72,0.0,47.0,0.0,0.0,13.0
2016-03-02,77,0,4,5,0,0,0,0,0,23,0,15,0,0,70,0.0,53.0,0.0,0.0,0.0
2016-03-03,77,0,4,7,0,0,0,0,0,32,0,0,0,0,59,0.0,54.0,0.0,0.0,0.0
2016-03-04,77,0,4,9,0,0,0,0,0,24,0,0,0,0,58,0.0,39.0,0.0,0.0,0.0
2016-03-05,70,0,6,6,0,0,0,0,0,29,0,0,0,0,76,0.0,34.0,0.0,0.0,0.0
2016-03-06,74,0,0,7,0,0,13,0,0,21,0,0,0,0,55,0.0,48.0,0.0,0.0,0.0
2016-03-07,88,0,4,9,0,0,12,0,0,17,0,16,0,0,74,0.0,42.0,0.0,0.0,0.0
2016-03-08,65,0,5,10,0,0,0,0,0,19,0,0,0,0,55,0.0,35.0,0.0,0.0,0.0
2016-03-09,74,0,0,10,0,0,0,0,0,35,0,0,0,0,44,0.0,35.0,0.0,0.0,0.0
2016-03-10,80,0,5,9,0,0,13,0,0,18,0,14,0,0,84,0.0,55.0,0.0,0.0,0.0
2016-03-11,73,0,0,7,0,0,0,0,0,23,0,19,0,0,60,0.0,52.0,0.0,0.0,0.0
2016-03-12,69,0,0,8,0,0,0,0,0,30,0,0,0,0,48,0.0,34.0,0.0,0.0,0.0
2016-03-13,70,0,0,12,0,0,0,0,0,20,0,18,14,0,57,0.0,42.0,0.0,0.0,0.0
2016-03-14,79,0,0,11,0,0,0,0,0,37,0,0,0,0,70,0.0,54.0,0.0,0.0,15.0
2016-03-15,78,0,5,7,0,0,0,0,0,35,0,0,17,0,72,0.0,44.0,0.0,0.0,0.0
2016-03-16,82,0,0,10,0,0,0,0,0,23,0,20,0,0,62,0.0,58.0,0.0,11.0,0.0
2016-03-17,81,0,4,7,0,0,0,0,11,28,0,20,0,0,100,0.0,58.0,0.0,0.0,0.0
2016-03-18,82,0,5,9,0,0,0,0,0,32,0,17,0,0,50,0.0,37.0,0.0,0.0,14.0
2016-03-19,80,0,6,7,0,0,19,0,0,33,0,16,0,0,41,0.0,32.0,0.0,0.0,0.0
2016-03-20,71,0,5,10,0,0,0,0,0,33,0,0,0,0,58,0.0,42.0,0.0,0.0,13.0
2016-03-21,100,0,4,11,0,0,0,0,15,28,0,0,0,0,57,0.0,42.0,0.0,0.0,0.0
2016-03-22,77,0,4,9,0,0,0,0,0,36,0,15,0,0,67,0.0,57.0,0.0,0.0,0.0
2016-03-23,93,0,4,6,0,0,0,0,0,32,0,16,0,0,66,0.0,40.0,0.0,0.0,0.0
2016-03-24,77,0,7,11,0,0,0,0,0,28,0,0,0,0,55,0.0,47.0,0.0,0.0,0.0
2016-03-25,75,0,8,7,0,0,0,0,0,26,0,0,0,0,39,0.0,29.0,0.0,0.0,0.0
2016-03-26,71,0,4,8,0,0,0,0,0,26,0,0,0,0,44,0.0,45.0,0.0,0.0,0.0
2016-03-27,74,0,0,7,0,0,0,0,0,28,0,0,0,0,41,0.0,30.0,0.0,0.0,0.0
2016-03-28,84,0,4,9,0,0,0,0,0,32,0,0,0,0,63,0.0,50.0,0.0,0.0,0.0
2016-03-29,90,0,5,9,0,0,0,0,0,36,0,0,0,0,60,0.0,47.0,0.0,0.0,0.0
2016-03-30,79,0,6,8,0,0,0,0,0,33,0,0,0,0,65,0.0,43.0,0.0,0.0,0.0
2016-03-31,91,0,4,8,0,0,0,0,0,37,0,0,0,0,51,0.0,51.0,0.0,0.0,11.0
2016-04-01,79,0,0,9,0,0,0,0,0,32,0,0,0,0,64,0.0,40.0,0.0,0.0,0.0
2016-04-02,65,0,0,6,0,0,0,0,0,22,0,14,0,0,46,0.0,51.0,0.0,0.0,0.0
2016-04-03,80,0,0,12,0,0,13,0,0,33,0,15,0,0,49,0.0,36.0,0.0,0.0,0.0
2016-04-04,81,0,4,9,0,0,0,0,0,44,0,20,0,0,60,0.0,51.0,0.0,0.0,0.0
2016-04-05,92,0,0,10,0,0,21,0,0,39,0,0,0,0,55,0.0,69.0,0.0,0.0,0.0
2016-04-06,82,0,4,7,0,0,0,0,16,31,0,0,0,0,47,0.0,59.0,0.0,0.0,0.0
2016-04-07,91,0,0,9,0,0,0,0,0,29,0,16,0,0,53,0.0,100.0,0.0,0.0,14.0
2016-04-08,79,0,0,6,0,0,0,0,0,26,0,18,0,0,50,0.0,44.0,0.0,0.0,0.0
2016-04-09,76,0,6,9,0,0,13,0,0,31,0,0,0,0,46,12.0,50.0,0.0,0.0,0.0
2016-04-10,78,5,6,9,4,0,0,0,0,23,0,21,0,0,58,0.0,33.0,0.0,0.0,0.0
2016-04-11,80,0,5,10,0,0,0,0,0,25,0,0,0,0,58,0.0,50.0,0.0,0.0,0.0
2016-04-12,83,0,4,4,0,0,0,12,0,30,0,0,18,0,54,0.0,47.0,0.0,0.0,11.0
2016-04-13,74,0,5,10,0,0,0,0,0,28,0,0,0,0,57,0.0,51.0,0.0,0.0,0.0
2016-04-14,84,0,6,9,0,0,0,0,0,38,0,0,0,0,53,0.0,52.0,0.0,0.0,0.0
2016-04-15,76,0,5,8,0,0,0,0,0,29,0,14,0,0,50,0.0,42.0,0.0,0.0,0.0
2016-04-16,69,0,5,6,0,0,0,0,0,20,0,0,0,0,45,0.0,40.0,0.0,0.0,0.0
2016-04-17,85,0,0,10,0,0,0,0,0,28,0,15,0,0,44,0.0,39.0,0.0,0.0,0.0
2016-04-18,92,0,0,9,0,0,16,0,0,29,0,13,0,0,65,0.0,37.0,0.0,0.0,0.0
2016-04-19,87,0,0,8,0,0,17,0,0,30,0,16,0,0,56,0.0,70.0,0.0,0.0,0.0
2016-04-20,82,0,5,9,0,0,0,14,0,26,0,17,15,0,46,0.0,57.0,0.0,0.0,0.0
2016-04-21,89,0,7,6,0,0,0,0,0,30,0,0,0,0,64,0.0,45.0,0.0,0.0,0.0
2016-04-22,74,0,0,7,0,0,12,0,0,27,0,16,0,0,43,0.0,38.0,0.0,0.0,15.0
2016-04-23,70,0,7,9,0,0,16,0,0,31,0,0,0,0,32,0.0,41.0,0.0,0.0,12.0
2016-04-24,74,0,0,8,0,0,0,0,0,32,0,0,0,0,37,0.0,33.0,0.0,0.0,0.0
2016-04-25,90,0,5,10,0,0,0,0,0,24,0,22,22,0,65,0.0,34.0,0.0,0.0,0.0
2016-04-26,87,0,0,9,0,0,0,0,0,40,0,0,0,0,65,0.0,49.0,0.0,0.0,0.0
2016-04-27,85,0,5,7,0,0,0,0,0,34,0,0,22,0,52,0.0,46.0,0.0,0.0,0.0
2016-04-28,83,0,4,9,0,0,14,0,0,41,0,16,14,0,55,0.0,50.0,0.0,0.0,12.0
2016-04-29,83,0,0,9,0,0,0,0,0,31,0,0,0,0,47,0.0,41.0,0.0,0.0,16.0
2016-04-30,62,0,4,8,0,0,19,0,0,16,0,13,19,0,34,0.0,29.0,0.0,0.0,0.0
2016-05-01,84,0,0,8,0,0,16,0,0,20,0,0,0,0,49,0.0,34.0,13.0,0.0,0.0
2016-05-02,74,0,4,7,0,0,0,0,0,42,0,0,0,0,57,0.0,42.0,0.0,0.0,0.0
2016-05-03,70,0,5,10,0,0,0,0,0,39,0,19,0,0,74,0.0,40.0,0.0,0.0,0.0
2016-05-04,70,0,4,9,0,0,0,0,0,20,0,0,0,0,49,0.0,42.0,0.0,0.0,13.0
2016-05-05,60,0,5,9,0,0,0,0,0,0,0,0,0,0,43,0.0,31.0,0.0,0.0,0.0
2016-05-06,66,0,5,11,0,0,0,0,0,0,0,0,0,0,47,0.0,37.0,0.0,0.0,0.0
2016-05-07,66,0,0,8,0,0,0,0,0,21,0,0,17,0,29,0.0,29.0,0.0,0.0,0.0
2016-05-08,58,0,9,6,0,0,0,0,0,27,0,0,0,0,42,0.0,34.0,0.0,0.0,0.0
2016-05-09,73,0,5,9,0,0,0,0,12,30,0,15,14,0,57,0.0,54.0,0.0,0.0,0.0
2016-05-10,85,0,4,9,0,0,0,0,0,33,0,0,0,0,56,14.0,30.0,0.0,0.0,13.0
2016-05-11,72,0,4,6,0,0,12,0,0,24,0,19,0,0,44,0.0,57.0,0.0,0.0,13.0
2016-05-12,86,0,5,10,0,0,0,0,0,28,0,13,0,0,54,12.0,46.0,0.0,23.0,0.0
2016-05-13,76,0,6,6,0,0,14,0,0,22,0,0,0,0,54,0.0,41.0,0.0,0.0,0.0
2016-05-14,72,0,4,9,0,0,0,0,0,22,0,25,0,0,39,0.0,42.0,0.0,0.0,0.0
2016-05-15,75,0,0,8,0,0,0,0,0,24,0,0,0,0,23,0.0,42.0,0.0,0.0,0.0
2016-05-16,79,0,0,9,0,0,0,0,0,27,0,0,0,0,52,0.0,50.0,0.0,0.0,0.0
2016-05-17,80,0,5,7,0,0,0,0,0,37,0,21,0,0,58,0.0,58.0,0.0,0.0,19.0
2016-05-18,74,0,5,9,0,0,11,0,13,31,0,16,0,0,52,0.0,43.0,0.0,0.0,0.0
2016-05-19,79,0,0,9,0,0,13,0,0,20,0,13,0,0,41,0.0,54.0,0.0,0.0,0.0
2016-05-20,74,0,4,5,0,0,0,0,0,24,0,0,0,0,62,0.0,43.0,0.0,0.0,0.0
2016-05-21,69,0,0,8,0,0,16,0,0,19,0,19,0,0,36,12.0,40.0,0.0,0.0,12.0
2016-05-22,63,0,0,7,0,0,0,0,0,22,0,18,0,0,27,0.0,32.0,0.0,0.0,0.0
2016-05-23,85,0,0,8,0,0,0,0,0,28,0,0,0,0,46,15.0,50.0,0.0,0.0,0.0
2016-05-24,77,0,6,6,0,0,0,0,0,32,0,0,0,0,56,0.0,52.0,0.0,0.0,0.0
2016-05-25,80,0,4,9,0,0,0,0,0,34,0,0,0,0,55,0.0,53.0,0.0,0.0,0.0
2016-05-26,84,0,5,10,0,0,0,0,0,33,0,0,0,0,62,0.0,44.0,0.0,0.0,14.0
2016-05-27,67,0,4,5,0,0,12,0,0,41,0,0,0,0,48,0.0,40.0,0.0,0.0,0.0
2016-05-28,65,0,0,6,0,0,0,0,0,85,0,0,0,0,35,0.0,35.0,0.0,0.0,0.0
2016-05-29,64,0,8,9,0,0,16,0,0,100,0,15,0,0,47,0.0,41.0,0.0,0.0,15.0
2016-05-30,76,0,6,10,0,0,12,0,0,74,0,13,0,0,49,0.0,37.0,0.0,0.0,0.0
2016-05-31,74,0,5,4,0,0,0,0,0,62,0,0,0,0,57,0.0,44.0,0.0,13.0,0.0
2016-06-01,71,0,6,6,0,0,0,0,0,44,0,0,0,0,54,0.0,54.0,0.0,0.0,0.0
2016-06-02,73,0,5,5,0,0,0,0,0,47,0,0,0,0,40,0.0,36.0,0.0,0.0,0.0
2016-06-03,59,0,5,7,0,0,0,0,0,36,0,0,0,0,50,16.0,40.0,0.0,0.0,0.0
2016-06-04,56,0,0,8,0,0,18,0,0,65,0,0,0,0,35,0.0,16.0,17.0,0.0,0.0
2016-06-05,60,0,4,4,0,0,0,0,0,35,0,23,0,0,40,0.0,31.0,0.0,0.0,0.0
2016-06-06,67,0,7,7,0,0,14,0,0,33,0,33,0,0,54,0.0,28.0,0.0,0.0,0.0
2016-06-07,74,0,4,8,0,0,0,0,0,38,0,32,0,0,50,0.0,43.0,0.0,0.0,0.0
2016-06-08,78,0,0,5,0,0,13,0,0,46,0,36,0,0,49,14.0,38.0,0.0,0.0,0.0
2016-06-09,84,0,5,7,0,0,0,0,0,68,0,0,0,0,35,0.0,34.0,0.0,0.0,0.0
2016-06-10,76,0,0,0,0,0,0,0,0,59,0,16,20,0,37,0.0,29.0,0.0,0.0,0.0
2016-06-11,63,0,6,7,0,0,0,0,0,34,0,20,0,0,39,0.0,32.0,0.0,0.0,0.0
2016-06-12,66,0,0,7,0,0,0,0,0,76,0,0,0,0,43,0.0,38.0,0.0,0.0,0.0
2016-06-13,71,0,4,9,0,0,13,0,0,81,0,0,0,0,58,0.0,36.0,0.0,0.0,0.0
2016-06-14,62,0,0,6,0,0,0,0,0,48,0,14,0,0,48,0.0,38.0,0.0,0.0,0.0
2016-06-15,68,0,6,7,0,0,0,0,0,41,17,18,0,0,51,0.0,35.0,0.0,0.0,0.0
2016-06-16,59,0,5,6,0,0,0,0,0,41,0,22,0,0,32,0.0,37.0,0.0,0.0,0.0
2016-06-17,59,0,4,8,0,0,0,0,0,23,0,14,0,0,38,0.0,28.0,0.0,0.0,14.0
2016-06-18,50,0,4,5,0,0,0,0,0,44,0,0,0,0,37,0.0,24.0,0.0,0.0,0.0
2016-06-19,52,0,4,0,0,0,0,0,0,21,0,0,0,0,47,0.0,26.0,0.0,0.0,0.0
2016-06-20,58,0,4,0,0,0,0,0,0,27,0,19,0,0,46,0.0,31.0,0.0,0.0,14.0
2016-06-21,59,0,4,7,0,0,0,0,0,27,0,20,0,0,42,0.0,45.0,0.0,0.0,0.0
2016-06-22,53,0,4,6,0,0,0,0,0,15,0,17,0,0,24,0.0,25.0,0.0,0.0,0.0
2016-06-23,56,0,0,4,0,0,0,0,0,27,0,17,0,0,37,0.0,30.0,0.0,0.0,0.0
2016-06-24,60,0,4,6,0,0,0,0,0,0,0,0,0,0,38,0.0,37.0,0.0,0.0,0.0
2016-06-25,53,0,0,0,0,0,0,0,0,24,0,0,0,0,37,0.0,27.0,0.0,0.0,0.0
2016-06-26,46,0,4,6,0,0,0,0,12,27,0,0,0,0,28,0.0,18.0,0.0,0.0,0.0
2016-06-27,53,0,4,4,0,0,12,0,0,20,0,14,0,0,42,0.0,32.0,0.0,0.0,0.0
2016-06-28,51,0,0,4,0,0,0,0,0,25,0,17,0,0,15,0.0,26.0,0.0,0.0,0.0
2016-06-29,54,0,0,4,0,0,0,0,0,24,0,20,0,0,37,0.0,33.0,0.0,0.0,0.0
2016-06-30,50,0,0,4,0,0,0,0,0,23,14,14,0,0,42,0.0,23.0,0.0,0.0,0.0
2016-07-01,53,0,6,7,0,0,0,0,0,18,0,0,0,0,44,0.0,32.0,0.0,0.0,0.0
2016-07-02,39,0,0,7,0,0,0,0,0,15,0,0,0,0,28,0.0,36.0,0.0,0.0,0.0
2016-07-03,36,0,0,6,0,0,0,0,0,17,0,0,0,0,30,0.0,20.0,0.0,0.0,0.0
2016-07-04,42,0,6,5,0,0,0,0,0,13,0,0,0,0,23,0.0,28.0,0.0,0.0,0.0
2016-07-05,36,0,0,0,0,0,0,0,0,9,0,0,0,0,35,0.0,37.0,0.0,0.0,0.0
2016-07-06,54,0,0,7,0,0,0,0,0,9,0,0,0,0,43,0.0,54.0,0.0,0.0,0.0
2016-07-07,53,0,0,0,0,0,0,0,0,9,0,0,0,0,0,0.0,53.0,0.0,0.0,0.0
2016-07-08,63,0,0,0,0,0,0,0,0,0,0,0,0,0,25,0.0,27.0,0.0,0.0,0.0
2016-07-09,59,0,0,6,0,0,0,0,0,11,0,0,0,0,44,0.0,26.0,0.0,0.0,0.0
2016-07-10,61,0,0,0,0,0,0,0,0,12,0,0,0,0,43,0.0,39.0,0.0,0.0,0.0
2016-07-11,63,0,0,6,0,0,0,0,0,23,0,0,0,0,40,0.0,40.0,0.0,0.0,0.0
2016-07-12,63,0,5,9,0,0,0,0,0,82,0,0,0,0,40,0.0,35.0,0.0,0.0,19.0
2016-07-13,69,4,7,0,0,0,0,0,0,92,0,20,0,0,48,0.0,32.0,0.0,0.0,0.0
2016-07-14,68,0,5,9,0,0,0,0,0,87,0,0,0,0,39,0.0,35.0,0.0,0.0,0.0
2016-07-15,64,0,6,8,0,0,0,0,0,67,0,0,0,0,52,0.0,50.0,0.0,0.0,0.0
2016-07-16,69,0,6,9,0,0,5,0,0,43,0,0,0,0,53,0.0,40.0,0.0,0.0,0.0
2016-07-17,61,0,6,7,0,0,0,0,0,47,0,0,0,0,44,0.0,39.0,0.0,0.0,20.0
2016-07-18,74,0,8,7,0,0,0,0,0,77,0,26,0,0,50,0.0,37.0,0.0,0.0,0.0
2016-07-19,75,0,7,6,0,0,0,0,0,49,0,0,0,0,54,0.0,47.0,0.0,0.0,0.0
2016-07-20,74,0,7,0,0,0,0,0,0,34,0,0,0,0,58,0.0,62.0,0.0,0.0,0.0
2016-07-21,75,0,12,10,0,0,0,0,0,37,0,18,0,0,42,0.0,47.0,0.0,0.0,0.0
2016-07-22,65,0,7,7,0,0,0,0,0,74,0,18,0,0,49,0.0,49.0,0.0,0.0,0.0
2016-07-23,62,0,9,5,0,0,0,0,0,71,0,0,0,0,55,0.0,45.0,0.0,0.0,17.0
2016-07-24,68,0,7,8,0,0,0,0,0,49,0,0,0,0,41,0.0,44.0,0.0,0.0,0.0
2016-07-25,77,0,7,6,0,0,0,0,0,36,0,19,0,0,60,0.0,58.0,0.0,0.0,0.0
2016-07-26,73,0,5,6,0,0,0,0,0,31,0,0,0,0,74,0.0,59.0,0.0,0.0,0.0
2016-07-27,67,0,8,10,0,0,0,0,0,23,0,0,0,0,64,0.0,40.0,0.0,0.0,0.0
2016-07-28,68,0,6,8,0,0,0,0,0,22,0,21,0,0,74,0.0,52.0,0.0,0.0,0.0
2016-07-29,65,0,5,5,0,0,0,0,0,19,0,0,0,0,67,0.0,49.0,0.0,0.0,0.0
2016-07-30,59,0,0,7,0,0,0,0,0,17,0,0,0,0,84,0.0,51.0,0.0,0.0,0.0
2016-07-31,68,0,10,6,0,0,0,0,0,14,0,0,0,0,78,0.0,43.0,0.0,0.0,0.0
2016-08-01,81,0,9,12,0,0,0,0,0,19,0,0,0,0,77,0.0,44.0,0.0,21.0,0.0
2016-08-02,70,0,9,8,0,0,0,0,0,15,0,0,0,0,99,0.0,49.0,0.0,0.0,16.0
2016-08-03,76,0,6,6,0,0,0,0,0,19,0,0,0,0,84,0.0,71.0,0.0,0.0,0.0
2016-08-04,72,0,4,9,0,0,0,0,0,19,0,18,0,0,58,0.0,59.0,0.0,0.0,0.0
2016-08-05,70,0,6,9,0,0,0,0,0,16,0,0,0,0,56,0.0,61.0,0.0,0.0,0.0
2016-08-06,66,0,4,6,0,0,7,0,0,15,0,0,0,0,51,0.0,37.0,0.0,0.0,0.0
2016-08-07,67,0,5,9,0,0,0,0,0,21,0,0,0,0,75,0.0,39.0,0.0,0.0,0.0
2016-08-08,76,0,8,8,0,0,6,0,0,17,0,0,0,0,59,0.0,49.0,0.0,0.0,0.0
2016-08-09,72,0,7,7,0,0,0,0,0,18,0,0,0,0,77,0.0,49.0,0.0,0.0,0.0
2016-08-10,68,0,6,7,0,0,0,0,0,12,0,23,0,0,70,0.0,56.0,0.0,0.0,0.0
2016-08-11,76,0,6,7,0,0,0,0,0,11,0,0,0,0,70,0.0,68.0,0.0,0.0,0.0
2016-08-12,66,0,4,7,0,0,0,0,0,10,0,0,0,0,35,0.0,40.0,0.0,0.0,0.0
2016-08-13,66,0,5,7,0,0,5,0,0,0,0,0,0,0,53,0.0,39.0,0.0,0.0,0.0
2016-08-14,63,0,5,0,0,0,0,0,0,5,0,23,0,0,47,0.0,40.0,0.0,0.0,0.0
2016-08-15,77,0,5,7,0,0,0,0,0,12,0,22,0,0,64,19.0,64.0,0.0,0.0,0.0
2016-08-16,64,0,0,0,0,0,0,0,0,8,0,0,0,0,49,0.0,49.0,0.0,0.0,0.0
2016-08-17,65,0,6,6,0,0,6,0,0,15,0,21,0,0,44,0.0,49.0,0.0,0.0,0.0
2016-08-18,72,0,4,11,0,0,0,0,0,10,0,0,0,0,65,0.0,36.0,0.0,0.0,18.0
2016-08-19,67,0,5,6,0,0,0,0,0,12,0,0,0,0,45,18.0,44.0,0.0,0.0,0.0
2016-08-20,65,0,5,5,0,0,0,0,0,13,0,0,0,0,55,0.0,39.0,0.0,0.0,0.0
2016-08-21,70,0,5,8,0,0,0,0,0,11,0,0,0,0,48,0.0,38.0,0.0,0.0,0.0
2016-08-22,72,0,5,0,0,0,0,0,0,12,0,20,0,0,53,0.0,41.0,0.0,0.0,0.0
2016-08-23,75,0,7,8,0,0,0,0,0,10,0,23,0,0,62,0.0,52.0,0.0,0.0,0.0
2016-08-24,75,0,5,12,0,0,7,0,0,14,0,0,0,0,44,0.0,60.0,0.0,0.0,0.0
2016-08-25,74,0,5,4,0,0,0,0,0,10,0,38,0,0,49,0.0,55.0,0.0,0.0,0.0
2016-08-26,70,0,5,9,0,0,0,0,0,13,0,16,0,0,75,0.0,45.0,0.0,0.0,0.0
2016-08-27,67,0,5,6,0,0,0,0,0,11,0,0,0,0,45,0.0,43.0,0.0,0.0,20.0
2016-08-28,69,0,5,7,0,0,0,0,0,10,0,0,0,0,63,0.0,61.0,0.0,0.0,0.0
2016-08-29,75,0,5,7,0,0,5,0,0,11,0,29,0,0,71,0.0,58.0,0.0,0.0,0.0
2016-08-30,70,0,0,6,0,0,0,0,0,16,0,23,0,0,58,0.0,64.0,0.0,0.0,0.0
2016-08-31,75,0,6,7,0,0,0,0,0,12,0,22,0,0,55,25.0,57.0,0.0,0.0,0.0
2016-09-01,67,0,4,9,0,0,0,0,0,15,0,0,0,0,70,0.0,43.0,0.0,0.0,0.0
2016-09-02,64,0,0,8,0,0,6,0,0,16,0,27,0,0,44,0.0,44.0,0.0,0.0,0.0
2016-09-03,68,0,0,7,0,0,6,0,0,14,0,26,0,0,41,0.0,42.0,0.0,0.0,0.0
2016-09-04,68,0,5,7,0,0,6,0,0,14,0,24,0,0,51,0.0,67.0,0.0,0.0,0.0
2016-09-05,80,0,4,9,0,0,0,0,0,16,0,20,0,0,58,0.0,54.0,0.0,0.0,0.0
2016-09-06,76,0,4,10,0,0,0,0,0,14,0,0,0,0,54,0.0,58.0,0.0,0.0,0.0
2016-09-07,75,0,0,9,0,0,0,0,0,15,0,0,0,0,62,0.0,67.0,0.0,0.0,0.0
2016-09-08,79,0,5,11,0,0,0,0,0,10,0,0,0,0,60,0.0,63.0,0.0,0.0,0.0
2016-09-09,68,0,0,9,0,0,6,0,0,13,0,17,0,0,54,0.0,29.0,0.0,0.0,0.0
2016-09-10,69,0,0,10,0,0,7,0,0,7,0,22,0,0,41,0.0,46.0,0.0,0.0,0.0
2016-09-11,63,0,0,5,0,0,0,0,0,9,0,20,0,0,48,0.0,41.0,0.0,0.0,0.0
2016-09-12,72,0,0,9,0,0,0,0,0,14,0,0,0,0,53,0.0,48.0,0.0,0.0,0.0
2016-09-13,73,0,5,8,0,0,6,0,0,14,0,24,18,0,45,0.0,72.0,0.0,0.0,19.0
2016-09-14,79,0,4,9,0,0,0,0,0,20,0,23,0,0,54,0.0,54.0,0.0,0.0,0.0
2016-09-15,80,0,0,8,0,0,0,0,0,16,0,0,0,0,55,0.0,56.0,0.0,0.0,0.0
2016-09-16,75,0,0,7,0,0,0,0,0,23,0,0,0,0,45,0.0,57.0,0.0,0.0,15.0
2016-09-17,70,0,0,8,0,0,5,0,0,14,0,18,0,0,50,0.0,46.0,0.0,0.0,17.0
2016-09-18,76,0,6,7,0,0,0,0,0,22,0,0,0,0,43,0.0,47.0,0.0,17.0,0.0
2016-09-19,83,0,0,10,0,0,0,0,0,17,0,18,0,0,40,0.0,64.0,0.0,0.0,36.0
2016-09-20,79,0,0,7,0,0,0,0,0,12,0,20,0,0,64,0.0,79.0,0.0,0.0,0.0
2016-09-21,90,0,5,6,0,0,0,0,0,13,0,19,0,0,62,0.0,66.0,0.0,0.0,0.0
2016-09-22,72,0,4,8,0,0,0,0,0,15,0,0,0,0,72,0.0,62.0,0.0,0.0,0.0
2016-09-23,75,0,6,8,0,0,0,0,0,17,0,0,0,0,58,0.0,41.0,0.0,0.0,0.0
2016-09-24,71,0,6,7,0,0,0,0,0,15,0,18,0,0,38,0.0,30.0,0.0,0.0,0.0
2016-09-25,71,0,4,9,0,0,0,0,0,17,0,0,0,0,36,0.0,29.0,0.0,0.0,0.0
2016-09-26,79,0,0,7,0,0,0,0,0,22,0,0,0,0,75,0.0,60.0,0.0,0.0,22.0
2016-09-27,86,0,5,10,0,0,0,0,0,71,0,0,0,0,70,0.0,77.0,0.0,0.0,16.0
2016-09-28,81,0,5,7,0,0,7,0,0,100,0,0,0,0,64,0.0,76.0,0.0,0.0,0.0
2016-09-29,80,0,5,8,0,0,0,0,0,42,0,0,0,0,69,0.0,64.0,0.0,0.0,20.0
2016-09-30,65,0,5,6,0,0,0,0,0,29,0,0,0,0,72,0.0,72.0,0.0,0.0,0.0
2016-10-01,65,0,6,8,0,0,0,0,0,26,0,21,0,0,48,0.0,46.0,0.0,0.0,19.0
2016-10-02,68,0,5,8,0,0,0,0,0,21,0,17,0,0,59,0.0,49.0,0.0,0.0,0.0
2016-10-03,81,0,4,5,0,0,0,0,0,22,0,0,0,0,67,0.0,58.0,0.0,0.0,0.0
2016-10-04,87,0,5,6,0,0,0,0,0,20,0,19,0,0,100,0.0,56.0,0.0,0.0,0.0
2016-10-05,77,0,6,5,0,0,0,0,0,17,0,18,0,0,71,0.0,81.0,0.0,0.0,0.0
2016-10-06,83,0,4,11,0,0,0,0,0,18,0,0,0,19,54,0.0,63.0,0.0,0.0,0.0
2016-10-07,73,4,0,8,0,0,0,0,0,13,0,0,0,0,39,0.0,37.0,0.0,16.0,0.0
2016-10-08,62,0,5,7,0,0,0,0,0,15,0,23,0,0,48,0.0,30.0,0.0,0.0,0.0
2016-10-09,65,0,0,9,0,0,0,0,0,10,0,26,0,0,48,0.0,49.0,0.0,0.0,0.0
2016-10-10,86,0,4,9,0,0,0,0,0,15,0,20,0,0,60,0.0,63.0,0.0,0.0,0.0
2016-10-11,84,0,5,9,0,0,0,0,0,20,0,0,0,0,60,0.0,50.0,0.0,16.0,15.0
2016-10-12,84,0,7,5,0,0,0,0,0,20,0,16,0,18,69,0.0,55.0,0.0,0.0,0.0
2016-10-13,80,0,4,5,0,0,0,0,0,21,0,0,0,0,81,0.0,53.0,0.0,0.0,0.0
2016-10-14,69,0,5,7,0,0,0,0,0,20,0,18,0,0,57,0.0,44.0,0.0,0.0,0.0
2016-10-15,67,0,0,9,0,0,0,0,0,13,0,0,0,0,52,0.0,47.0,0.0,0.0,0.0
2016-10-16,69,0,0,7,0,0,0,0,0,11,0,18,0,0,53,17.0,52.0,0.0,0.0,0.0
2016-10-17,77,0,8,7,0,0,0,0,0,17,0,21,0,0,68,0.0,55.0,0.0,0.0,0.0
2016-10-18,81,0,4,9,0,0,0,0,0,16,0,24,0,0,47,0.0,62.0,0.0,0.0,0.0
2016-10-19,98,0,0,12,0,0,6,0,0,17,0,0,0,0,93,0.0,76.0,0.0,0.0,0.0
2016-10-20,87,0,0,9,0,0,0,0,0,16,0,0,0,0,69,0.0,68.0,0.0,0.0,0.0
2016-10-21,81,0,5,9,0,0,4,0,0,11,0,0,0,0,56,0.0,60.0,0.0,0.0,0.0
2016-10-22,68,0,4,13,0,0,0,0,0,15,0,0,0,0,59,0.0,55.0,0.0,0.0,0.0
2016-10-23,77,0,7,5,0,0,5,0,0,13,0,21,0,0,59,0.0,60.0,0.0,0.0,0.0
2016-10-24,93,0,9,10,0,0,0,0,0,9,0,0,0,0,75,0.0,58.0,0.0,0.0,0.0
2016-10-25,84,0,8,8,0,0,0,0,0,17,0,35,0,0,79,0.0,55.0,0.0,0.0,24.0
2016-10-26,82,0,4,7,0,0,6,0,0,18,0,0,0,0,64,0.0,100.0,0.0,0.0,0.0
2016-10-27,69,0,9,6,0,0,0,0,0,13,0,20,0,0,76,0.0,60.0,0.0,0.0,16.0
2016-10-28,77,0,5,9,0,0,0,5,0,9,0,22,0,0,67,16.0,56.0,0.0,0.0,0.0
2016-10-29,69,0,7,7,0,0,0,0,0,10,0,18,0,0,51,0.0,39.0,0.0,0.0,0.0
2016-10-30,70,0,5,8,0,0,0,0,0,15,0,21,0,0,59,0.0,39.0,0.0,0.0,0.0
2016-10-31,86,0,6,11,0,0,0,0,0,12,0,0,15,0,60,0.0,72.0,0.0,0.0,0.0
2016-11-01,86,5,7,7,0,0,0,0,0,15,0,0,0,0,64,0.0,70.0,0.0,0.0,0.0
2016-11-02,95,0,4,9,0,0,0,0,0,15,0,21,0,0,73,0.0,79.0,0.0,0.0,0.0
2016-11-03,77,0,0,10,0,0,0,0,0,13,0,26,0,0,75,0.0,58.0,0.0,0.0,0.0
2016-11-04,67,0,5,9,0,0,0,0,5,8,0,22,0,0,69,0.0,54.0,0.0,0.0,0.0
2016-11-05,72,0,0,9,0,0,0,0,0,8,0,22,0,0,51,0.0,46.0,0.0,0.0,0.0
2016-11-06,69,0,5,8,0,0,0,0,0,14,0,30,0,0,82,0.0,56.0,0.0,0.0,26.0
2016-11-07,83,0,5,10,0,0,0,0,0,12,0,22,0,0,74,0.0,59.0,0.0,0.0,17.0
2016-11-08,83,0,6,8,0,0,6,0,0,14,0,38,0,0,63,0.0,75.0,0.0,0.0,0.0
2016-11-09,85,0,5,7,0,0,0,0,0,13,0,22,0,0,55,0.0,65.0,0.0,0.0,0.0
2016-11-10,80,0,6,5,4,0,0,0,0,11,0,19,0,0,57,0.0,51.0,0.0,0.0,0.0
2016-11-11,78,0,5,7,0,0,6,0,0,10,0,21,0,0,53,17.0,72.0,0.0,0.0,0.0
2016-11-12,73,0,6,7,0,0,5,0,0,20,0,24,0,0,57,0.0,41.0,0.0,0.0,0.0
2016-11-13,80,0,6,6,0,0,0,0,0,9,0,27,0,0,67,0.0,54.0,0.0,0.0,0.0
2016-11-14,100,0,5,8,4,0,5,0,0,12,0,17,0,0,87,0.0,76.0,0.0,0.0,0.0
2016-11-15,98,0,5,7,0,0,0,0,0,17,0,27,0,0,58,0.0,56.0,0.0,0.0,0.0
2016-11-16,95,0,6,10,0,0,4,0,0,10,0,0,0,0,67,0.0,56.0,0.0,0.0,0.0
2016-11-17,92,0,6,8,0,0,6,0,0,10,0,22,0,0,51,17.0,65.0,0.0,0.0,18.0
2016-11-18,85,0,8,11,0,0,0,0,0,10,0,23,0,0,68,0.0,71.0,0.0,0.0,0.0
2016-11-19,70,0,0,8,0,0,0,0,0,13,0,20,0,0,56,0.0,58.0,0.0,0.0,0.0
2016-11-20,81,0,5,10,0,0,0,0,0,14,0,0,0,0,67,0.0,56.0,0.0,0.0,0.0
2016-11-21,87,0,6,9,0,0,0,0,0,14,0,17,0,0,81,0.0,62.0,0.0,0.0,0.0
2016-11-22,85,0,6,9,0,0,0,6,0,15,0,24,0,0,61,0.0,60.0,0.0,0.0,0.0
2016-11-23,87,0,8,10,0,0,0,0,0,14,0,34,0,0,64,0.0,68.0,0.0,0.0,0.0
2016-11-24,85,0,5,5,0,0,0,0,0,15,0,26,0,0,64,0.0,63.0,0.0,0.0,18.0
2016-11-25,74,0,4,6,0,0,0,0,0,12,0,18,0,0,36,0.0,45.0,0.0,0.0,0.0
2016-11-26,75,0,5,8,0,0,0,0,0,8,0,17,0,0,40,0.0,52.0,0.0,0.0,0.0
2016-11-27,76,0,0,6,0,0,0,0,0,17,0,0,0,0,66,0.0,38.0,0.0,0.0,0.0
2016-11-28,94,0,4,8,0,0,0,0,0,15,0,21,0,0,72,0.0,71.0,0.0,0.0,0.0
2016-11-29,90,0,4,10,0,0,0,0,0,15,0,0,0,0,73,0.0,76.0,0.0,0.0,0.0
2016-11-30,75,0,3,9,0,0,0,0,0,13,18,26,0,0,66,0.0,65.0,0.0,0.0,17.0
2016-12-01,85,0,9,9,0,0,0,0,0,14,0,22,0,0,57,15.0,64.0,0.0,0.0,0.0
2016-12-02,73,0,6,8,0,0,5,0,0,13,0,19,0,0,63,0.0,57.0,0.0,0.0,0.0
2016-12-03,67,0,7,5,0,0,0,0,0,10,0,30,0,0,45,0.0,47.0,0.0,0.0,0.0
2016-12-04,80,0,5,6,0,0,4,0,0,9,0,20,0,0,51,0.0,51.0,0.0,0.0,18.0
2016-12-05,93,0,7,9,0,0,4,0,0,11,0,0,0,0,67,0.0,58.0,0.0,0.0,0.0
2016-12-06,93,0,6,9,0,0,7,0,0,14,0,19,0,0,73,0.0,74.0,0.0,0.0,0.0
2016-12-07,85,0,6,8,0,0,0,0,0,12,0,19,0,0,70,0.0,71.0,0.0,0.0,14.0
2016-12-08,91,0,5,10,0,0,0,0,0,16,0,0,0,0,66,0.0,75.0,0.0,0.0,0.0
2016-12-09,85,0,4,8,0,0,0,0,0,9,0,20,0,0,54,0.0,58.0,0.0,0.0,0.0
2016-12-10,65,0,7,6,0,0,0,0,0,7,0,0,0,0,67,0.0,36.0,0.0,0.0,0.0
2016-12-11,69,0,7,9,0,0,0,0,0,11,0,0,0,0,47,19.0,37.0,0.0,0.0,19.0
2016-12-12,77,0,6,8,0,0,0,0,0,8,0,28,0,0,55,0.0,54.0,0.0,0.0,19.0
2016-12-13,79,0,0,10,0,0,0,0,0,16,0,17,0,0,52,0.0,41.0,0.0,0.0,0.0
2016-12-14,73,0,0,9,0,0,0,0,0,14,0,0,0,0,56,0.0,75.0,0.0,0.0,0.0
2016-12-15,83,0,5,6,0,0,0,0,0,13,0,0,0,0,62,17.0,62.0,0.0,0.0,0.0
2016-12-16,76,0,6,6,0,0,5,0,0,12,0,28,0,0,64,0.0,53.0,0.0,0.0,0.0
2016-12-17,66,0,8,10,0,0,5,0,7,7,0,16,0,0,50,0.0,45.0,0.0,0.0,0.0
2016-12-18,73,0,5,9,0,0,6,0,0,10,0,0,0,0,38,0.0,41.0,0.0,0.0,0.0
2016-12-19,80,0,10,9,0,0,0,0,0,13,0,0,0,0,53,0.0,53.0,0.0,0.0,0.0
2016-12-20,80,0,6,12,0,0,0,0,0,8,0,17,0,0,59,0.0,60.0,0.0,0.0,19.0
2016-12-21,76,0,5,11,0,0,0,0,0,11,0,27,0,0,54,0.0,43.0,0.0,0.0,21.0
2016-12-22,75,0,5,11,0,0,6,0,0,7,0,0,0,0,69,0.0,53.0,0.0,0.0,0.0
2016-12-23,71,0,4,9,0,0,0,0,0,8,0,0,0,0,75,0.0,60.0,0.0,0.0,22.0
2016-12-24,66,0,0,9,0,0,0,0,0,0,0,0,0,0,44,0.0,48.0,0.0,0.0,17.0
2016-12-25,69,0,0,8,0,0,0,0,0,8,0,20,0,0,49,0.0,36.0,0.0,0.0,0.0
2016-12-26,70,0,4,11,0,0,0,0,0,11,0,0,0,0,63,0.0,55.0,0.0,0.0,0.0
2016-12-27,64,0,6,8,0,0,0,0,0,11,0,0,0,0,53,23.0,50.0,0.0,0.0,0.0
2016-12-28,70,0,7,10,0,0,0,0,0,12,0,28,0,0,56,0.0,49.0,0.0,0.0,0.0
2016-12-29,73,0,0,7,0,0,0,0,0,10,0,0,0,0,46,0.0,58.0,0.0,0.0,0.0
2016-12-30,67,0,4,8,0,0,5,0,0,10,0,0,0,0,44,0.0,35.0,0.0,0.0,0.0
2016-12-31,53,0,6,6,0,0,0,0,0,7,0,0,0,0,44,0.0,38.0,0.0,0.0,0.0
2017-01-01,54,0,4,9,0,0,0,0,0,43,0,0,0,0,43,0.0,34.0,0.0,0.0,0.0
2017-01-02,63,0,6,10,0,0,0,0,0,36,0,18,0,0,40,0.0,28.0,0.0,0.0,0.0
2017-01-03,69,0,6,11,0,0,0,0,0,61,0,19,0,0,36,0.0,38.0,0.0,16.0,0.0
2017-01-04,57,0,3,8,0,0,0,0,0,74,0,16,0,0,45,0.0,41.0,0.0,11.0,0.0
2017-01-05,71,0,6,9,0,0,0,0,0,58,0,0,0,0,44,11.0,39.0,0.0,0.0,0.0
2017-01-06,72,0,4,10,0,0,25,0,0,52,0,12,0,0,47,0.0,38.0,0.0,0.0,0.0
2017-01-07,59,0,6,8,0,0,0,0,0,0,0,0,0,0,35,0.0,36.0,0.0,0.0,21.0
2017-01-08,62,0,5,8,0,0,0,0,0,50,0,0,0,0,31,0.0,33.0,0.0,0.0,0.0
2017-01-09,74,0,7,10,3,0,26,0,0,56,0,13,0,0,50,0.0,51.0,0.0,0.0,0.0
2017-01-10,72,0,6,9,0,0,27,0,0,77,0,23,0,0,46,0.0,58.0,0.0,13.0,0.0
2017-01-11,71,0,3,7,0,0,0,0,0,79,0,14,0,0,53,0.0,51.0,0.0,0.0,0.0
2017-01-12,70,0,7,7,0,0,29,0,0,51,0,16,0,0,49,0.0,51.0,0.0,0.0,11.0
2017-01-13,100,0,5,6,0,0,24,0,0,52,0,18,0,0,66,13.0,42.0,0.0,0.0,0.0
2017-01-14,81,0,0,5,0,0,29,0,0,49,0,18,0,0,52,0.0,38.0,0.0,0.0,13.0
2017-01-15,79,0,6,9,0,0,0,0,0,55,0,13,0,0,48,0.0,43.0,0.0,0.0,0.0
2017-01-16,83,0,7,8,0,0,30,0,0,62,0,14,0,0,52,0.0,48.0,0.0,0.0,16.0
2017-01-17,90,0,8,3,0,0,34,0,0,60,0,15,0,0,45,12.0,43.0,0.0,0.0,14.0
2017-01-18,80,0,6,7,0,0,28,0,0,62,0,14,11,0,52,0.0,53.0,0.0,0.0,0.0
2017-01-19,74,0,7,7,0,0,33,0,0,46,0,22,0,0,49,0.0,52.0,0.0,0.0,0.0
2017-01-20,75,0,6,8,0,0,0,0,0,61,0,11,0,0,48,0.0,35.0,0.0,0.0,0.0
2017-01-21,60,0,6,6,0,0,0,0,0,30,0,15,0,0,47,0.0,34.0,0.0,0.0,14.0
2017-01-22,76,0,5,9,0,0,0,0,0,57,0,0,0,0,35,0.0,49.0,0.0,0.0,0.0
2017-01-23,77,0,6,6,0,0,0,0,0,57,0,0,0,0,51,0.0,48.0,0.0,0.0,0.0
2017-01-24,74,0,6,7,0,0,0,0,0,24,0,17,0,0,43,0.0,68.0,0.0,0.0,0.0
2017-01-25,76,0,5,9,0,0,0,0,0,50,11,17,0,0,48,17.0,47.0,0.0,0.0,0.0
2017-01-26,79,0,5,7,0,0,39,25,0,40,0,0,0,0,50,0.0,55.0,0.0,0.0,0.0
2017-01-27,64,0,4,8,0,0,31,0,0,49,0,0,0,0,36,0.0,43.0,0.0,0.0,0.0
2017-01-28,64,0,4,6,0,0,0,0,0,40,0,13,0,0,38,0.0,32.0,0.0,0.0,0.0
2017-01-29,60,0,5,9,0,0,0,0,0,45,0,0,0,0,48,0.0,47.0,0.0,0.0,0.0
2017-01-30,74,0,7,7,0,0,0,0,0,56,0,18,0,0,50,0.0,58.0,0.0,0.0,0.0
2017-01-31,81,0,6,8,0,0,31,0,0,53,0,15,0,0,48,0.0,54.0,0.0,0.0,0.0
2017-02-01,69,0,5,5,0,0,30,0,0,77,0,11,0,0,50,12.0,46.0,0.0,0.0,0.0
2017-02-02,74,0,6,6,0,0,0,0,0,39,0,14,0,0,43,0.0,48.0,0.0,0.0,0.0
2017-02-03,69,0,7,7,0,0,0,0,0,37,0,0,0,0,37,0.0,52.0,0.0,0.0,0.0
2017-02-04,68,0,6,7,0,0,32,0,0,46,0,19,0,0,37,0.0,36.0,0.0,0.0,0.0
2017-02-05,77,0,5,5,0,0,26,0,0,54,0,13,0,0,41,0.0,40.0,0.0,0.0,0.0
2017-02-06,80,0,3,8,0,0,0,0,0,60,0,14,0,0,43,0.0,43.0,0.0,0.0,0.0
2017-02-07,73,0,0,9,0,0,41,0,0,50,0,15,15,0,60,0.0,70.0,0.0,0.0,0.0
2017-02-08,73,0,5,10,0,0,24,0,0,96,0,15,0,0,50,0.0,61.0,0.0,0.0,12.0
2017-02-09,69,0,7,8,0,0,31,0,0,68,0,18,0,0,53,0.0,53.0,0.0,0.0,12.0
2017-02-10,71,0,6,7,0,0,26,0,0,32,0,11,0,0,43,0.0,53.0,0.0,0.0,13.0
2017-02-11,54,0,4,5,0,0,43,0,30,58,0,14,0,0,43,0.0,39.0,0.0,0.0,0.0
2017-02-12,72,0,6,8,0,0,29,0,0,57,12,0,0,0,45,0.0,27.0,0.0,0.0,0.0
2017-02-13,70,0,8,8,0,0,0,0,0,63,0,0,0,0,64,11.0,61.0,0.0,0.0,0.0
2017-02-14,64,0,6,9,0,0,0,0,0,45,0,12,0,0,53,0.0,51.0,0.0,0.0,0.0
2017-02-15,58,0,7,6,0,0,0,0,25,38,0,20,0,0,41,0.0,49.0,0.0,0.0,0.0
2017-02-16,73,0,0,6,0,0,0,0,0,53,0,21,0,0,57,0.0,68.0,0.0,0.0,13.0
2017-02-17,67,0,6,9,0,0,0,0,0,60,0,0,0,0,39,0.0,48.0,0.0,0.0,0.0
2017-02-18,62,0,4,8,0,0,0,30,0,45,0,0,0,0,35,0.0,44.0,0.0,0.0,0.0
2017-02-19,65,0,5,8,0,0,0,0,0,52,0,19,0,0,44,0.0,49.0,0.0,0.0,0.0
2017-02-20,80,0,5,10,0,0,24,0,0,83,0,0,0,0,61,13.0,99.0,0.0,0.0,0.0
2017-02-21,68,0,7,9,0,0,30,0,0,71,0,0,0,0,48,0.0,55.0,0.0,0.0,0.0
2017-02-22,73,0,5,11,0,0,25,0,0,58,0,12,0,0,47,0.0,69.0,0.0,0.0,0.0
2017-02-23,80,0,7,6,0,0,0,0,0,75,0,22,0,0,54,0.0,67.0,0.0,0.0,0.0
2017-02-24,77,0,3,10,0,0,30,0,0,55,0,14,0,0,48,0.0,45.0,0.0,0.0,14.0
2017-02-25,66,0,4,6,0,0,0,0,0,50,0,18,0,0,38,0.0,46.0,0.0,0.0,0.0
2017-02-26,69,0,5,7,0,0,27,0,0,45,0,15,0,0,38,0.0,44.0,0.0,0.0,0.0
2017-02-27,80,0,4,10,0,0,32,0,0,62,12,12,0,0,50,0.0,47.0,0.0,0.0,11.0
2017-02-28,71,0,5,8,0,0,0,0,0,64,0,12,0,0,56,0.0,67.0,0.0,0.0,17.0
2017-03-01,67,0,5,8,0,0,0,0,0,59,0,19,0,0,49,0.0,57.0,0.0,0.0,0.0
2017-03-02,81,0,5,10,0,0,0,0,0,60,0,14,0,0,52,0.0,50.0,0.0,0.0,0.0
2017-03-03,66,0,4,8,0,0,0,0,0,48,0,11,0,0,49,14.0,43.0,0.0,0.0,0.0
2017-03-04,70,0,4,12,0,0,0,24,28,41,0,0,0,0,36,0.0,58.0,0.0,0.0,0.0
2017-03-05,62,0,4,8,0,0,0,0,0,45,0,0,0,0,40,0.0,48.0,0.0,0.0,0.0
2017-03-06,73,3,7,7,0,0,0,0,0,68,0,15,0,0,41,0.0,54.0,0.0,0.0,11.0
2017-03-07,81,0,4,7,0,0,0,0,0,66,0,12,13,0,44,13.0,50.0,0.0,0.0,16.0
2017-03-08,76,0,4,7,0,0,26,0,0,64,0,0,0,0,68,0.0,66.0,0.0,0.0,0.0
2017-03-09,88,0,5,5,0,0,0,0,0,78,0,11,0,0,62,0.0,61.0,0.0,0.0,13.0
2017-03-10,68,0,8,10,0,0,0,0,0,55,0,12,12,0,53,0.0,64.0,0.0,0.0,13.0
2017-03-11,66,0,5,10,0,0,24,0,0,56,0,0,0,0,65,11.0,54.0,0.0,0.0,13.0
2017-03-12,75,0,7,10,0,0,0,0,0,49,0,25,0,0,46,0.0,49.0,0.0,16.0,0.0
2017-03-13,86,0,6,9,0,0,0,0,0,66,0,12,0,0,56,0.0,100.0,0.0,0.0,0.0
2017-03-14,82,3,5,11,0,0,34,0,0,50,0,14,0,0,65,0.0,65.0,0.0,0.0,0.0
2017-03-15,81,0,6,8,0,0,0,0,0,68,0,24,0,0,56,0.0,64.0,0.0,0.0,15.0
2017-03-16,93,0,5,9,0,0,0,23,25,71,0,20,0,0,46,0.0,44.0,0.0,0.0,16.0
2017-03-17,75,0,6,6,0,0,25,0,0,62,0,12,0,0,43,0.0,51.0,0.0,0.0,0.0
2017-03-18,66,0,7,8,0,0,0,0,0,72,0,11,12,0,45,0.0,46.0,0.0,0.0,0.0
2017-03-19,80,6,11,11,0,0,0,0,0,48,0,0,0,0,44,0.0,51.0,0.0,0.0,30.0
2017-03-20,81,0,8,6,3,0,35,0,0,64,0,0,0,0,45,0.0,71.0,0.0,0.0,23.0
2017-03-21,68,0,0,9,0,0,28,0,0,71,0,10,0,0,47,0.0,62.0,0.0,0.0,0.0
2017-03-22,86,0,5,8,0,0,28,22,0,68,0,18,0,0,48,0.0,53.0,0.0,0.0,0.0
2017-03-23,78,0,5,8,0,0,0,0,0,82,0,13,0,0,59,0.0,62.0,0.0,0.0,18.0
2017-03-24,75,0,7,12,0,0,26,0,0,53,0,14,0,0,43,0.0,50.0,0.0,0.0,0.0
2017-03-25,67,0,5,9,0,0,0,0,0,57,0,0,0,0,51,0.0,33.0,0.0,0.0,0.0
2017-03-26,65,0,0,10,0,0,0,0,0,50,0,0,0,0,33,0.0,42.0,0.0,0.0,13.0
2017-03-27,76,0,4,9,0,0,0,0,0,46,0,0,13,0,50,0.0,65.0,0.0,0.0,0.0
2017-03-28,73,0,5,8,0,0,29,0,0,60,0,0,0,0,100,0.0,49.0,0.0,0.0,0.0
2017-03-29,86,0,6,11,0,0,0,0,0,87,0,14,0,0,60,0.0,57.0,0.0,0.0,13.0
2017-03-30,76,0,4,8,0,0,30,0,0,62,0,15,0,0,59,0.0,63.0,0.0,0.0,0.0
2017-03-31,73,0,5,7,0,0,0,0,0,51,0,15,0,0,54,0.0,57.0,0.0,0.0,0.0
2017-04-01,68,0,5,7,0,0,0,0,0,84,0,0,0,0,44,0.0,37.0,0.0,0.0,0.0
2017-04-02,70,0,3,6,0,0,0,0,0,73,0,0,0,0,40,0.0,45.0,0.0,0.0,13.0
2017-04-03,77,0,0,8,0,0,29,0,0,64,0,0,0,0,64,0.0,54.0,0.0,0.0,0.0
2017-04-04,74,0,4,11,0,0,0,0,0,66,0,16,0,0,57,0.0,67.0,0.0,0.0,0.0
2017-04-05,80,0,6,7,0,0,0,0,0,53,0,0,0,0,53,12.0,63.0,0.0,0.0,11.0
2017-04-06,84,0,5,7,0,0,0,0,0,81,0,22,0,0,59,0.0,59.0,0.0,0.0,0.0
2017-04-07,70,0,3,8,0,0,0,0,0,56,0,0,0,0,40,0.0,53.0,0.0,0.0,12.0
2017-04-08,66,0,5,7,0,0,0,27,0,60,0,0,0,0,40,0.0,36.0,0.0,0.0,12.0
2017-04-09,70,0,0,9,0,0,31,0,0,41,0,0,0,0,50,0.0,31.0,0.0,0.0,0.0
2017-04-10,68,0,5,11,0,0,23,0,0,66,0,0,0,0,49,0.0,58.0,0.0,0.0,11.0
2017-04-11,80,0,3,8,0,0,24,0,0,48,0,12,0,0,50,11.0,50.0,0.0,0.0,0.0
2017-04-12,76,0,0,8,0,0,27,0,0,68,0,13,0,0,47,0.0,50.0,0.0,0.0,11.0
2017-04-13,91,0,3,6,0,0,0,0,0,35,0,12,0,0,51,11.0,72.0,0.0,0.0,0.0
2017-04-14,70,0,3,8,0,0,0,25,0,39,0,0,0,0,36,0.0,37.0,0.0,0.0,0.0
2017-04-15,62,0,5,6,0,0,26,0,0,53,0,0,0,0,32,12.0,31.0,0.0,0.0,0.0
2017-04-16,61,0,4,10,0,0,34,0,0,0,0,0,0,0,56,0.0,31.0,0.0,0.0,0.0
2017-04-17,72,0,0,8,0,0,0,0,0,58,0,12,12,0,43,0.0,56.0,0.0,0.0,0.0
2017-04-18,70,0,3,8,0,0,0,0,0,69,0,20,0,0,46,0.0,54.0,0.0,0.0,0.0
2017-04-19,71,0,4,10,0,0,24,0,30,80,0,15,0,0,44,0.0,52.0,0.0,0.0,13.0
2017-04-20,65,0,4,10,0,0,0,0,0,79,0,12,0,0,44,12.0,43.0,0.0,0.0,0.0
2017-04-21,74,0,4,7,0,0,26,0,0,44,0,10,0,0,46,0.0,37.0,0.0,0.0,0.0
2017-04-22,66,0,7,6,0,0,25,0,0,30,0,13,0,0,42,11.0,34.0,0.0,0.0,15.0
2017-04-23,61,0,6,6,0,0,25,0,0,55,0,0,0,0,30,0.0,40.0,0.0,0.0,0.0
2017-04-24,71,0,4,8,0,0,0,0,0,50,0,11,0,0,52,0.0,50.0,0.0,0.0,0.0
2017-04-25,78,0,5,9,0,0,0,0,0,68,0,0,0,0,46,0.0,42.0,0.0,0.0,0.0
2017-04-26,73,0,7,9,0,0,0,0,0,69,0,0,0,0,49,0.0,61.0,0.0,0.0,18.0
2017-04-27,67,0,6,9,0,0,31,0,0,59,0,0,0,0,45,0.0,53.0,0.0,0.0,0.0
2017-04-28,61,0,5,7,0,0,0,0,0,49,0,0,13,0,35,0.0,43.0,0.0,0.0,11.0
2017-04-29,60,0,5,0,0,0,0,0,0,64,0,0,0,0,36,12.0,45.0,0.0,0.0,0.0
2017-04-30,65,0,5,8,0,0,27,0,0,41,0,12,0,0,35,0.0,45.0,0.0,0.0,0.0
2017-05-01,62,0,4,7,0,0,0,0,0,58,0,0,0,0,30,0.0,50.0,0.0,0.0,0.0
2017-05-02,67,0,5,8,0,0,0,0,0,66,0,0,0,0,54,0.0,41.0,0.0,0.0,12.0
2017-05-03,67,0,4,8,0,0,34,0,0,93,0,15,0,0,31,11.0,53.0,0.0,0.0,0.0
2017-05-04,78,0,5,9,0,0,0,0,0,89,0,0,0,0,45,0.0,46.0,0.0,0.0,0.0
2017-05-05,75,0,6,6,0,0,0,0,0,70,0,0,0,0,42,11.0,35.0,0.0,0.0,0.0
2017-05-06,65,0,6,5,0,0,0,25,0,65,0,0,0,0,33,0.0,43.0,0.0,0.0,0.0
2017-05-07,64,0,0,8,0,0,0,0,0,55,0,11,0,0,32,0.0,49.0,0.0,0.0,0.0
2017-05-08,69,3,7,8,0,0,27,0,0,71,0,0,0,0,64,0.0,57.0,0.0,0.0,0.0
2017-05-09,74,0,4,9,0,0,24,0,0,68,0,0,0,0,46,0.0,48.0,0.0,0.0,0.0
2017-05-10,64,0,0,5,0,0,0,0,0,51,0,0,0,0,53,0.0,52.0,0.0,0.0,0.0
2017-05-11,60,0,5,7,0,0,0,0,0,66,0,0,0,0,42,12.0,49.0,0.0,0.0,12.0
2017-05-12,69,0,4,7,0,0,0,0,0,51,0,11,0,0,30,0.0,67.0,0.0,0.0,0.0
2017-05-13,63,0,4,8,0,0,0,0,0,47,0,0,0,0,39,0.0,59.0,0.0,0.0,0.0
2017-05-14,63,0,0,11,0,0,0,0,0,42,0,0,0,0,32,0.0,53.0,0.0,0.0,0.0
2017-05-15,70,0,4,10,0,0,0,0,0,82,0,0,0,0,52,0.0,57.0,0.0,0.0,14.0
2017-05-16,79,0,0,10,0,0,0,0,0,100,0,13,0,0,44,0.0,48.0,0.0,0.0,0.0
2017-05-17,72,0,5,7,0,0,0,0,0,65,0,0,0,0,38,0.0,51.0,12.0,0.0,0.0
2017-05-18,72,0,4,7,0,0,37,0,0,66,0,16,0,0,54,0.0,60.0,0.0,0.0,0.0
2017-05-19,65,0,3,5,0,0,31,0,0,70,0,13,0,0,44,0.0,46.0,0.0,0.0,0.0
2017-05-20,60,0,0,6,0,0,26,0,0,55,0,0,0,0,34,0.0,38.0,0.0,0.0,0.0
2017-05-21,67,0,4,5,0,0,0,0,0,36,0,14,0,0,43,0.0,50.0,0.0,0.0,0.0
2017-05-22,71,0,4,10,0,0,27,0,0,63,0,12,0,0,48,0.0,60.0,0.0,0.0,0.0
2017-05-23,70,3,0,8,0,0,27,0,0,59,0,0,0,0,38,0.0,46.0,0.0,0.0,0.0
2017-05-24,66,0,5,6,0,0,0,0,0,63,0,14,0,0,38,0.0,47.0,0.0,0.0,0.0
2017-05-25,63,0,5,9,0,0,31,0,0,40,0,13,0,0,40,0.0,34.0,0.0,0.0,0.0
2017-05-26,70,0,0,6,0,0,0,0,0,33,0,0,0,0,39,14.0,31.0,0.0,0.0,16.0
2017-05-27,66,0,5,9,0,0,30,0,0,34,0,29,0,0,34,0.0,51.0,0.0,0.0,14.0
2017-05-28,71,0,5,10,0,0,0,27,0,58,0,23,0,0,43,0.0,51.0,0.0,0.0,0.0
2017-05-29,75,0,4,7,0,0,0,45,0,66,13,14,0,0,39,0.0,49.0,0.0,0.0,0.0
2017-05-30,81,0,3,7,0,0,0,0,0,72,0,27,0,0,37,0.0,71.0,0.0,0.0,0.0
2017-05-31,71,0,4,10,0,0,0,0,0,76,0,0,0,0,36,0.0,51.0,0.0,0.0,12.0
2017-06-01,69,0,6,10,0,0,30,0,0,50,0,12,0,0,55,0.0,42.0,0.0,0.0,0.0
2017-06-02,59,0,4,7,0,0,27,0,0,57,0,12,0,0,67,0.0,40.0,0.0,0.0,0.0
2017-06-03,61,0,5,6,0,0,0,0,0,42,0,0,0,0,43,0.0,39.0,0.0,0.0,0.0
2017-06-04,63,0,6,6,0,0,26,0,0,44,0,15,0,0,39,0.0,44.0,0.0,0.0,0.0
2017-06-05,65,0,5,8,0,0,47,0,0,72,0,16,0,0,43,14.0,48.0,0.0,0.0,0.0
2017-06-06,59,0,4,6,0,0,0,0,0,47,0,16,0,0,31,0.0,47.0,0.0,0.0,0.0
2017-06-07,74,0,0,9,0,0,0,0,0,63,0,0,0,0,41,0.0,49.0,0.0,0.0,0.0
2017-06-08,69,0,4,8,0,0,0,0,0,67,0,0,0,0,46,0.0,54.0,0.0,0.0,0.0
2017-06-09,64,0,3,7,0,0,29,0,0,38,0,12,0,0,44,0.0,45.0,0.0,0.0,0.0
2017-06-10,57,0,0,0,0,0,0,0,0,29,0,0,0,0,34,0.0,31.0,0.0,0.0,0.0
2017-06-11,59,0,6,7,0,0,0,0,0,51,0,17,0,0,28,0.0,37.0,0.0,0.0,0.0
2017-06-12,68,0,0,6,0,0,0,0,0,55,0,12,0,0,37,0.0,37.0,0.0,0.0,14.0
2017-06-13,59,0,4,11,0,0,0,0,0,37,0,0,0,0,28,0.0,39.0,0.0,0.0,11.0
2017-06-14,64,0,0,7,0,0,0,0,0,50,0,0,0,0,45,0.0,33.0,0.0,0.0,0.0
2017-06-15,56,0,0,7,0,0,0,0,0,43,0,0,0,0,50,0.0,39.0,0.0,0.0,0.0
2017-06-16,53,0,4,5,0,0,0,0,0,37,0,12,0,0,35,0.0,35.0,0.0,0.0,0.0
2017-06-17,48,0,5,8,0,0,31,0,0,37,0,20,0,0,29,0.0,34.0,0.0,0.0,0.0
2017-06-18,58,0,5,0,0,0,0,0,0,0,0,0,0,0,30,0.0,40.0,0.0,0.0,0.0
2017-06-19,55,0,7,5,0,0,0,0,0,40,0,21,0,0,25,0.0,39.0,0.0,0.0,0.0
2017-06-20,51,0,0,4,0,0,0,0,0,46,0,0,0,0,34,0.0,21.0,0.0,0.0,0.0
2017-06-21,57,0,4,5,0,0,35,0,0,52,0,0,0,0,33,0.0,28.0,0.0,0.0,0.0
2017-06-22,44,0,4,4,0,0,0,0,0,26,0,17,0,0,30,0.0,33.0,0.0,0.0,0.0
2017-06-23,34,0,4,0,0,0,0,0,0,31,0,0,0,0,69,0.0,15.0,0.0,0.0,0.0
2017-06-24,41,0,0,5,0,0,0,0,0,0,0,0,0,0,32,0.0,31.0,0.0,0.0,0.0
2017-06-25,46,0,0,0,0,0,0,0,0,36,0,0,0,0,38,0.0,33.0,0.0,0.0,0.0
2017-06-26,53,0,4,6,0,0,0,0,0,44,0,0,0,0,37,0.0,30.0,0.0,0.0,0.0
2017-06-27,60,0,0,6,0,0,0,31,0,0,0,0,0,0,22,0.0,34.0,0.0,0.0,0.0
2017-06-28,62,0,7,4,0,0,0,0,0,33,0,0,0,0,33,0.0,30.0,0.0,0.0,0.0
2017-06-29,57,0,4,0,0,0,0,0,0,31,0,0,0,0,33,0.0,35.0,0.0,0.0,0.0
2017-06-30,58,0,0,9,0,0,0,0,0,33,0,0,0,0,33,0.0,47.0,0.0,0.0,0.0
2017-07-01,59,0,0,6,0,0,0,0,0,0,0,0,0,0,40,0.0,46.0,0.0,0.0,0.0
2017-07-02,65,0,5,9,0,0,0,0,0,15,0,19,0,0,52,0.0,41.0,0.0,0.0,19.0
2017-07-03,62,0,7,8,0,0,0,0,15,15,0,0,0,0,69,0.0,51.0,0.0,0.0,19.0
2017-07-04,77,0,7,9,0,0,0,0,0,15,0,18,0,0,57,0.0,37.0,0.0,0.0,0.0
2017-07-05,75,0,6,8,0,0,0,0,0,22,0,0,0,0,52,0.0,45.0,0.0,0.0,0.0
2017-07-06,66,0,5,5,0,0,0,0,0,18,0,0,0,0,56,0.0,63.0,0.0,0.0,0.0
2017-07-07,72,0,0,10,0,0,11,0,0,16,0,0,0,0,50,0.0,35.0,0.0,0.0,0.0
2017-07-08,67,0,5,10,0,0,0,12,0,22,0,0,0,0,57,0.0,38.0,0.0,0.0,0.0
2017-07-09,63,0,7,5,0,0,0,0,0,23,0,20,0,0,62,0.0,55.0,0.0,0.0,0.0
2017-07-10,75,0,4,6,0,0,13,0,0,23,0,0,0,0,56,0.0,37.0,0.0,0.0,0.0
2017-07-11,78,0,8,8,0,0,11,0,0,25,0,21,0,0,56,0.0,47.0,0.0,0.0,0.0
2017-07-12,75,0,6,7,0,0,21,0,0,28,0,0,0,0,46,0.0,62.0,0.0,0.0,16.0
2017-07-13,77,0,4,8,0,0,0,0,0,19,0,19,17,0,52,0.0,77.0,0.0,0.0,0.0
2017-07-14,72,0,5,7,0,0,13,0,0,19,0,20,0,0,63,0.0,48.0,0.0,0.0,0.0
2017-07-15,68,0,4,9,0,0,0,0,0,19,0,0,0,0,58,0.0,55.0,0.0,0.0,0.0
2017-07-16,70,0,5,8,0,0,0,0,0,35,0,20,0,0,62,0.0,69.0,0.0,0.0,0.0
2017-07-17,69,0,4,9,0,0,0,0,0,23,0,0,0,0,51,0.0,50.0,0.0,0.0,0.0
2017-07-18,83,0,5,7,0,0,16,13,0,21,0,0,0,0,52,0.0,67.0,0.0,0.0,0.0
2017-07-19,76,0,8,6,0,0,0,0,12,19,0,21,0,0,72,0.0,59.0,0.0,0.0,0.0
2017-07-20,86,0,8,8,0,0,0,0,0,22,0,21,0,0,75,0.0,61.0,0.0,0.0,0.0
2017-07-21,71,0,6,9,0,0,16,0,0,19,0,0,0,0,63,0.0,32.0,0.0,0.0,20.0
2017-07-22,66,0,6,6,0,0,14,0,0,20,0,0,0,0,79,0.0,52.0,0.0,0.0,0.0
2017-07-23,68,0,6,9,0,0,0,0,0,0,0,0,0,0,58,0.0,50.0,0.0,0.0,0.0
2017-07-24,83,0,6,10,0,0,0,0,0,13,0,0,0,0,77,0.0,53.0,0.0,0.0,0.0
2017-07-25,82,0,6,8,0,0,14,0,0,22,0,0,0,0,64,0.0,70.0,0.0,0.0,16.0
2017-07-26,84,0,7,9,0,0,0,0,0,29,0,0,0,0,69,0.0,55.0,0.0,0.0,0.0
2017-07-27,85,0,9,5,0,0,13,0,0,27,0,0,0,0,73,0.0,47.0,0.0,0.0,17.0
2017-07-28,71,0,7,5,0,0,0,0,0,14,0,18,0,0,74,0.0,50.0,0.0,0.0,17.0
2017-07-29,62,0,8,4,0,0,15,0,0,18,0,19,0,0,61,0.0,41.0,0.0,0.0,0.0
2017-07-30,74,0,5,10,0,0,0,0,0,22,0,0,0,0,94,0.0,55.0,0.0,0.0,0.0
2017-07-31,79,0,8,6,0,0,0,0,0,21,0,0,0,0,100,0.0,60.0,0.0,0.0,0.0
2017-08-01,86,0,8,8,0,0,15,0,0,22,0,20,0,0,82,0.0,50.0,0.0,0.0,0.0
2017-08-02,73,0,9,11,0,0,0,0,0,21,0,0,0,0,86,0.0,56.0,0.0,0.0,14.0
2017-08-03,73,0,5,9,0,0,17,10,0,19,0,20,0,0,82,0.0,66.0,0.0,0.0,25.0
2017-08-04,72,0,6,8,0,0,11,0,0,31,0,0,0,0,53,0.0,46.0,0.0,0.0,0.0
2017-08-05,65,0,8,10,0,0,0,0,0,0,0,0,0,0,53,0.0,57.0,0.0,0.0,0.0
2017-08-06,66,0,7,8,0,0,12,0,0,15,0,18,0,0,57,0.0,60.0,0.0,0.0,0.0
2017-08-07,81,0,6,11,0,0,14,0,0,16,0,19,0,0,65,0.0,52.0,0.0,0.0,0.0
2017-08-08,74,0,5,9,0,0,14,0,0,23,0,19,0,0,83,0.0,57.0,0.0,0.0,0.0
2017-08-09,77,0,8,10,0,0,0,13,0,29,0,26,0,0,73,0.0,58.0,0.0,0.0,0.0
2017-08-10,75,0,5,6,0,0,0,0,0,17,0,16,0,0,78,18.0,50.0,0.0,0.0,0.0
2017-08-11,75,0,4,10,0,0,13,0,0,17,0,0,0,0,45,0.0,64.0,0.0,0.0,0.0
2017-08-12,61,0,5,9,0,0,0,0,0,22,0,0,0,0,60,0.0,48.0,0.0,0.0,0.0
2017-08-13,67,0,6,9,0,0,0,0,0,23,0,0,0,0,59,0.0,42.0,0.0,0.0,0.0
2017-08-14,79,0,4,13,0,0,0,0,0,20,0,20,0,0,63,0.0,73.0,0.0,0.0,15.0
2017-08-15,81,0,9,10,0,0,0,0,0,26,0,0,0,0,63,0.0,59.0,17.0,0.0,0.0
2017-08-16,66,0,6,7,0,0,11,0,0,18,0,26,0,0,56,0.0,52.0,0.0,0.0,24.0
2017-08-17,59,0,5,8,0,0,13,0,0,21,0,0,0,0,49,0.0,41.0,0.0,0.0,0.0
2017-08-18,72,0,6,8,0,0,12,0,0,22,0,29,0,0,67,0.0,59.0,0.0,0.0,0.0
2017-08-19,66,0,4,8,0,0,0,0,0,12,0,0,0,0,63,17.0,51.0,0.0,0.0,0.0
2017-08-20,64,0,6,14,0,0,11,0,0,21,0,21,0,0,45,0.0,48.0,0.0,0.0,0.0
2017-08-21,74,0,7,10,0,0,0,0,0,20,0,33,0,0,60,0.0,59.0,0.0,0.0,0.0
2017-08-22,78,0,8,8,0,0,21,0,0,25,0,0,0,0,79,0.0,68.0,0.0,0.0,0.0
2017-08-23,68,0,6,13,0,0,15,0,0,18,0,24,26,0,62,0.0,48.0,0.0,0.0,20.0
2017-08-24,70,0,6,9,0,0,11,0,0,28,0,31,0,0,60,0.0,58.0,0.0,0.0,0.0
2017-08-25,75,0,6,9,0,0,14,0,0,25,0,30,0,0,69,0.0,75.0,0.0,0.0,0.0
2017-08-26,62,0,4,8,0,0,0,0,0,22,0,23,0,0,40,0.0,37.0,0.0,0.0,20.0
2017-08-27,71,0,6,8,0,0,0,0,0,22,0,22,0,0,55,16.0,62.0,0.0,0.0,0.0
2017-08-28,74,0,4,7,0,0,0,0,0,29,0,35,0,0,61,18.0,51.0,0.0,0.0,0.0
2017-08-29,68,0,5,9,0,0,0,0,0,21,0,18,0,0,58,0.0,50.0,0.0,0.0,0.0
2017-08-30,69,0,6,10,0,0,11,13,0,24,18,0,0,0,74,0.0,61.0,0.0,0.0,0.0
2017-08-31,59,0,5,8,0,0,0,0,0,14,0,21,0,0,59,0.0,44.0,0.0,0.0,0.0
2017-09-01,57,0,0,13,0,0,0,0,0,0,0,0,0,0,54,0.0,54.0,0.0,0.0,0.0
2017-09-02,63,0,6,7,0,0,12,0,0,19,0,30,0,0,41,0.0,48.0,0.0,0.0,0.0
2017-09-03,62,0,7,8,0,0,0,0,0,29,21,20,0,0,23,0.0,49.0,0.0,0.0,0.0
2017-09-04,71,0,0,10,0,0,0,0,0,30,0,20,0,0,50,0.0,49.0,0.0,0.0,0.0
2017-09-05,76,0,5,10,0,0,0,0,0,31,0,20,0,0,51,0.0,54.0,0.0,0.0,17.0
2017-09-06,71,0,7,8,0,0,15,0,0,27,0,22,0,0,62,0.0,66.0,0.0,0.0,0.0
2017-09-07,72,0,0,9,0,0,0,11,0,25,16,22,0,0,56,0.0,42.0,0.0,0.0,15.0
2017-09-08,65,0,4,10,0,0,0,0,0,22,0,16,0,0,42,0.0,56.0,0.0,0.0,0.0
2017-09-09,71,0,0,10,0,0,11,0,0,11,0,24,0,0,60,0.0,39.0,0.0,0.0,0.0
2017-09-10,72,0,0,11,0,0,14,0,0,19,0,18,0,0,54,0.0,60.0,0.0,0.0,0.0
2017-09-11,79,0,0,11,0,0,0,0,0,37,0,19,0,0,47,0.0,67.0,0.0,0.0,0.0
2017-09-12,75,0,0,11,0,0,14,0,0,17,0,0,0,0,82,0.0,62.0,0.0,0.0,17.0
2017-09-13,78,0,5,8,0,0,10,0,0,24,0,26,0,0,60,0.0,59.0,0.0,0.0,0.0
2017-09-14,85,0,0,12,0,0,0,0,0,33,0,16,0,0,55,0.0,87.0,0.0,0.0,14.0
2017-09-15,72,0,8,13,0,0,0,12,11,22,0,23,0,0,83,0.0,48.0,0.0,0.0,18.0
2017-09-16,67,0,0,8,0,0,0,0,0,20,0,18,0,0,60,0.0,49.0,0.0,0.0,0.0
2017-09-17,69,0,4,12,0,0,15,0,0,18,0,28,0,0,66,0.0,63.0,0.0,0.0,0.0
2017-09-18,81,0,6,9,0,0,0,0,12,28,0,27,0,0,51,20.0,57.0,0.0,0.0,0.0
2017-09-19,80,0,6,10,0,0,17,0,0,31,0,24,0,0,60,0.0,67.0,0.0,0.0,0.0
2017-09-20,70,0,5,9,0,0,0,0,0,19,0,26,0,0,62,0.0,72.0,0.0,0.0,0.0
2017-09-21,76,0,6,7,0,0,0,0,0,32,19,28,0,0,62,0.0,58.0,0.0,0.0,0.0
2017-09-22,75,0,7,10,0,0,11,0,0,31,28,28,17,0,72,0.0,72.0,0.0,0.0,0.0
2017-09-23,63,0,6,9,0,0,14,0,0,27,0,30,0,0,55,0.0,57.0,0.0,0.0,0.0
2017-09-24,71,0,5,10,0,0,13,0,0,29,0,18,0,0,47,0.0,42.0,0.0,0.0,19.0
2017-09-25,75,0,8,8,0,0,0,11,12,26,0,30,0,0,64,0.0,71.0,0.0,0.0,0.0
2017-09-26,75,0,4,10,0,0,0,0,0,29,0,20,0,0,73,0.0,61.0,0.0,0.0,0.0
2017-09-27,84,0,10,9,0,0,0,0,0,37,0,21,0,0,65,0.0,64.0,0.0,0.0,0.0
2017-09-28,71,0,0,8,0,0,0,0,0,30,0,40,0,0,58,0.0,70.0,0.0,0.0,0.0
2017-09-29,84,0,6,8,0,0,12,0,0,32,0,24,0,0,41,0.0,47.0,0.0,0.0,16.0
2017-09-30,67,0,4,8,0,0,14,0,0,30,0,0,0,0,63,15.0,56.0,0.0,0.0,0.0
2017-10-01,73,0,7,8,0,0,0,0,0,22,0,0,0,0,66,0.0,53.0,0.0,0.0,0.0
2017-10-02,85,0,6,6,0,0,14,0,0,29,0,19,17,0,78,15.0,88.0,0.0,0.0,0.0
2017-10-03,83,0,4,13,0,0,11,0,0,24,0,25,0,0,92,0.0,69.0,18.0,0.0,0.0
2017-10-04,80,0,0,9,0,0,13,0,0,35,0,30,0,0,73,0.0,68.0,0.0,0.0,14.0
2017-10-05,83,0,5,7,0,0,0,0,0,28,0,0,22,0,68,0.0,62.0,0.0,0.0,15.0
2017-10-06,82,0,5,11,0,0,0,0,0,35,0,25,0,0,85,0.0,61.0,0.0,0.0,0.0
2017-10-07,81,0,4,9,0,0,0,0,0,21,0,28,0,0,66,0.0,48.0,0.0,0.0,0.0
2017-10-08,74,0,4,10,0,0,13,0,0,25,0,30,0,0,78,19.0,51.0,0.0,0.0,17.0
2017-10-09,88,0,5,11,0,0,14,0,0,23,0,23,0,0,55,0.0,63.0,0.0,0.0,0.0
2017-10-10,85,0,4,9,0,0,14,13,0,30,0,24,0,0,69,0.0,58.0,0.0,0.0,15.0
2017-10-11,86,0,0,7,0,0,18,0,0,25,0,0,19,0,74,15.0,68.0,0.0,0.0,24.0
2017-10-12,89,0,6,11,0,0,13,0,10,21,0,25,0,0,78,18.0,81.0,0.0,0.0,0.0
2017-10-13,75,0,0,8,0,0,16,0,0,35,0,30,0,0,68,0.0,63.0,0.0,0.0,0.0
2017-10-14,73,0,4,9,0,0,12,0,0,26,0,28,0,0,61,0.0,55.0,0.0,0.0,0.0
2017-10-15,77,0,0,11,0,0,15,12,0,26,0,21,0,0,48,0.0,65.0,0.0,0.0,0.0
2017-10-16,90,0,8,11,0,0,0,0,0,35,0,22,0,0,81,0.0,88.0,0.0,0.0,0.0
2017-10-17,86,0,7,11,0,0,0,0,0,41,0,0,0,0,68,16.0,58.0,0.0,0.0,0.0
2017-10-18,86,0,6,13,0,0,0,0,0,32,0,22,0,0,54,0.0,54.0,0.0,0.0,0.0
2017-10-19,81,0,0,7,0,0,18,0,0,25,0,0,0,0,71,0.0,65.0,0.0,0.0,16.0
2017-10-20,87,0,7,11,0,0,12,0,0,34,0,36,21,0,69,0.0,60.0,0.0,0.0,20.0
2017-10-21,78,0,0,12,0,0,0,0,0,22,0,20,0,0,67,18.0,62.0,0.0,0.0,0.0
2017-10-22,86,0,6,11,0,0,16,0,0,28,0,25,0,0,66,0.0,70.0,0.0,0.0,0.0
2017-10-23,96,0,4,10,0,0,0,0,0,30,0,20,0,0,60,0.0,83.0,0.0,0.0,19.0
2017-10-24,94,0,4,10,0,0,10,0,0,34,0,16,0,0,64,0.0,86.0,0.0,15.0,0.0
2017-10-25,90,0,7,9,0,0,21,0,0,38,0,23,0,0,47,0.0,71.0,0.0,0.0,0.0
2017-10-26,95,0,4,11,0,0,13,0,0,25,0,23,0,0,67,0.0,68.0,0.0,0.0,0.0
2017-10-27,79,0,0,10,0,0,0,0,0,36,0,19,0,0,61,0.0,49.0,0.0,0.0,0.0
2017-10-28,78,0,4,11,0,0,0,0,0,26,0,19,0,0,52,17.0,48.0,0.0,0.0,0.0
2017-10-29,74,0,6,14,0,0,0,0,20,43,0,19,0,0,50,0.0,61.0,0.0,0.0,0.0
2017-10-30,90,0,7,11,0,0,17,0,0,38,0,32,0,0,76,0.0,59.0,0.0,0.0,0.0
2017-10-31,87,0,5,11,0,0,11,0,0,34,0,28,0,0,82,0.0,68.0,0.0,0.0,23.0
2017-11-01,83,0,5,14,3,0,11,0,0,28,0,20,16,0,60,14.0,69.0,0.0,0.0,14.0
2017-11-02,87,0,5,10,0,0,15,0,0,43,0,23,0,0,72,0.0,71.0,0.0,0.0,0.0
2017-11-03,69,0,8,15,0,0,0,0,0,26,0,29,0,0,77,0.0,56.0,0.0,0.0,0.0
2017-11-04,76,0,5,12,0,0,0,0,0,30,0,19,0,0,83,0.0,66.0,0.0,0.0,0.0
2017-11-05,73,0,5,7,0,11,0,0,0,31,17,33,0,0,62,0.0,67.0,0.0,0.0,0.0
2017-11-06,89,0,7,13,0,0,14,0,0,33,0,22,0,0,90,0.0,54.0,0.0,0.0,0.0
2017-11-07,88,0,5,11,0,0,13,0,0,43,0,31,0,0,78,0.0,68.0,0.0,0.0,16.0
2017-11-08,92,0,6,9,0,0,12,0,0,41,0,32,0,0,77,0.0,64.0,0.0,0.0,16.0
2017-11-09,87,0,5,8,0,0,14,12,0,28,0,30,0,0,61,0.0,71.0,0.0,0.0,0.0
2017-11-10,86,0,5,7,0,0,11,12,0,29,0,28,0,0,61,0.0,58.0,0.0,0.0,23.0
2017-11-11,82,0,6,13,0,0,0,0,0,16,0,22,0,0,56,0.0,61.0,0.0,0.0,18.0
2017-11-12,79,0,9,13,0,0,14,0,0,47,0,24,0,0,59,0.0,66.0,0.0,0.0,0.0
2017-11-13,96,0,7,7,0,0,15,0,0,37,0,29,0,0,85,0.0,80.0,0.0,15.0,16.0
2017-11-14,100,0,5,10,0,0,18,0,0,43,0,25,0,0,78,0.0,51.0,0.0,0.0,0.0
2017-11-15,100,0,7,9,0,0,20,0,11,31,0,18,0,0,93,15.0,100.0,0.0,0.0,0.0
2017-11-16,88,0,8,8,0,0,14,12,0,29,0,38,0,0,71,0.0,76.0,0.0,0.0,15.0
2017-11-17,83,0,8,9,0,0,0,0,0,20,0,33,0,0,58,0.0,64.0,0.0,0.0,0.0
2017-11-18,73,0,6,9,0,0,0,0,0,18,0,23,0,0,61,0.0,55.0,0.0,0.0,0.0
2017-11-19,78,0,7,7,0,0,0,0,0,27,0,20,0,0,63,0.0,60.0,0.0,0.0,0.0
2017-11-20,93,0,5,9,0,0,13,0,0,27,0,31,26,0,56,15.0,67.0,0.0,0.0,0.0
2017-11-21,95,0,5,9,0,0,10,0,0,47,0,28,0,0,63,0.0,72.0,0.0,17.0,18.0
2017-11-22,89,0,4,11,0,0,13,0,0,24,0,37,0,0,89,0.0,98.0,0.0,0.0,0.0
2017-11-23,92,0,6,10,0,0,0,0,0,38,0,17,0,0,76,0.0,79.0,0.0,0.0,0.0
2017-11-24,81,0,4,9,0,0,13,0,0,30,0,27,0,0,72,0.0,67.0,0.0,0.0,20.0
2017-11-25,75,0,5,8,0,0,0,0,0,25,0,17,0,0,68,0.0,64.0,0.0,0.0,0.0
2017-11-26,70,0,6,9,0,0,17,0,0,17,0,0,0,0,60,0.0,58.0,0.0,0.0,0.0
2017-11-27,87,0,6,9,0,0,0,0,0,32,0,25,0,0,72,0.0,76.0,0.0,0.0,17.0
2017-11-28,87,0,6,8,0,0,0,0,0,33,0,30,0,0,80,24.0,77.0,0.0,0.0,0.0
2017-11-29,78,0,8,7,0,0,14,18,11,35,0,27,0,15,69,0.0,63.0,0.0,0.0,0.0
2017-11-30,75,0,6,8,0,0,0,0,0,24,18,26,0,0,72,0.0,79.0,0.0,0.0,0.0
2017-12-01,66,0,8,6,0,0,19,0,0,25,0,31,0,0,67,16.0,65.0,0.0,0.0,0.0
2017-12-02,72,0,4,8,0,0,0,0,13,14,0,27,0,0,49,0.0,43.0,0.0,0.0,0.0
2017-12-03,88,0,4,12,0,0,11,0,0,25,0,29,0,0,62,19.0,46.0,0.0,0.0,0.0
2017-12-04,95,0,8,14,0,0,12,0,0,27,0,32,0,0,89,14.0,54.0,0.0,0.0,0.0
2017-12-05,82,0,4,12,0,0,14,0,0,29,0,27,17,0,75,0.0,78.0,0.0,0.0,0.0
2017-12-06,83,0,4,11,0,0,15,0,0,36,0,29,0,0,79,0.0,89.0,0.0,0.0,0.0
2017-12-07,84,0,0,9,0,0,14,0,0,29,0,0,15,0,73,0.0,83.0,0.0,0.0,0.0
2017-12-08,80,0,0,10,0,0,17,0,0,28,0,25,0,0,79,0.0,56.0,0.0,0.0,16.0
2017-12-09,72,0,7,11,0,0,14,0,0,24,0,0,0,0,47,0.0,52.0,0.0,0.0,0.0
2017-12-10,79,0,8,8,0,0,0,0,0,100,0,0,0,0,66,20.0,45.0,0.0,0.0,0.0
2017-12-11,78,0,5,14,0,0,13,0,0,79,0,16,0,0,70,0.0,69.0,0.0,0.0,0.0
2017-12-12,84,0,6,8,0,0,13,0,0,59,0,0,0,0,90,15.0,57.0,0.0,0.0,0.0
2017-12-13,79,0,7,8,0,0,13,10,0,42,0,21,0,0,90,0.0,67.0,0.0,0.0,0.0
2017-12-14,77,0,8,10,0,0,0,0,0,44,0,20,0,0,69,19.0,72.0,0.0,0.0,0.0
2017-12-15,72,0,7,8,0,0,13,11,0,26,0,0,0,0,63,0.0,68.0,0.0,0.0,0.0
2017-12-16,70,0,4,7,0,0,13,0,12,30,0,0,0,0,71,19.0,52.0,0.0,0.0,0.0
2017-12-17,77,0,6,9,0,0,15,0,0,22,0,19,0,0,61,22.0,50.0,0.0,0.0,0.0
2017-12-18,83,0,8,10,0,0,13,11,0,27,0,17,0,0,73,0.0,45.0,0.0,0.0,0.0
2017-12-19,74,0,4,7,0,0,0,18,0,25,0,25,18,0,76,0.0,49.0,0.0,0.0,0.0
2017-12-20,79,0,9,11,0,0,12,0,0,34,0,24,0,0,78,0.0,49.0,0.0,0.0,0.0
2017-12-21,74,0,9,9,0,0,13,0,0,32,0,20,0,0,59,0.0,57.0,0.0,0.0,0.0
2017-12-22,71,0,6,8,0,0,0,0,0,21,0,20,0,0,77,0.0,39.0,0.0,0.0,0.0
2017-12-23,63,0,5,11,0,0,15,0,0,18,0,17,22,0,50,0.0,40.0,0.0,0.0,0.0
2017-12-24,57,0,6,7,0,0,0,0,0,22,0,0,0,0,71,0.0,33.0,0.0,0.0,0.0
2017-12-25,62,0,7,11,0,0,0,0,0,0,0,0,0,0,51,0.0,31.0,0.0,0.0,0.0
2017-12-26,73,0,5,12,0,0,11,0,0,19,0,19,0,0,63,0.0,54.0,0.0,0.0,0.0
2017-12-27,69,0,9,10,0,0,15,0,0,16,0,0,17,0,54,0.0,57.0,0.0,0.0,0.0
2017-12-28,77,0,8,10,0,0,0,0,0,27,0,32,0,0,83,0.0,52.0,0.0,0.0,0.0
2017-12-29,71,0,5,12,0,0,11,0,0,22,0,18,0,0,55,0.0,59.0,0.0,0.0,16.0
2017-12-30,73,0,6,9,0,0,12,0,0,13,0,18,0,0,47,0.0,41.0,0.0,0.0,0.0
2017-12-31,60,0,6,8,0,0,0,0,0,13,0,34,0,0,40,0.0,42.0,0.0,0.0,0.0
2018-01-01,65,0,5,10,0,0,0,0,0,40,0,0,0,0,51,10.0,18.0,0.0,0.0,0.0
2018-01-02,65,0,4,10,0,0,0,0,0,65,0,0,0,0,59,0.0,24.0,0.0,0.0,0.0
2018-01-03,73,0,5,13,0,0,31,0,0,74,0,15,0,0,82,0.0,30.0,0.0,0.0,8.0
2018-01-04,75,0,6,11,0,0,64,31,0,58,0,21,21,0,50,0.0,30.0,0.0,0.0,0.0
2018-01-05,66,0,5,7,0,0,48,0,0,59,0,16,0,0,63,0.0,30.0,0.0,0.0,10.0
2018-01-06,76,0,6,8,0,0,0,0,0,34,0,16,0,0,49,0.0,31.0,0.0,0.0,0.0
2018-01-07,70,0,5,11,0,0,0,0,0,65,0,20,0,0,49,0.0,26.0,0.0,0.0,0.0
2018-01-08,75,0,6,9,0,0,36,0,0,48,0,19,0,0,73,0.0,31.0,0.0,0.0,0.0
2018-01-09,84,0,5,11,0,0,48,0,0,57,0,29,0,0,64,7.0,35.0,0.0,0.0,8.0
2018-01-10,84,0,5,11,0,0,46,25,0,73,22,27,0,0,57,8.0,36.0,0.0,0.0,0.0
2018-01-11,80,0,6,8,0,0,46,0,0,58,0,22,0,0,81,0.0,34.0,0.0,0.0,0.0
2018-01-12,74,0,5,8,0,0,0,0,0,62,0,18,0,0,74,0.0,34.0,0.0,0.0,0.0
2018-01-13,69,0,4,9,0,0,31,0,0,60,0,0,0,0,70,8.0,21.0,0.0,0.0,0.0
2018-01-14,72,0,5,9,0,0,0,0,28,67,0,30,0,0,52,0.0,23.0,0.0,0.0,8.0
2018-01-15,79,0,6,9,0,0,41,0,0,76,0,21,0,0,61,0.0,36.0,0.0,0.0,0.0
2018-01-16,75,0,6,7,0,0,33,0,0,67,0,31,0,0,80,0.0,29.0,8.0,0.0,0.0
2018-01-17,74,0,9,11,0,0,41,0,0,63,0,29,14,0,77,7.0,32.0,0.0,11.0,8.0
2018-01-18,76,0,6,9,0,0,27,0,0,55,0,16,15,14,69,0.0,35.0,0.0,0.0,0.0
2018-01-19,67,0,4,10,0,0,29,0,0,67,0,28,0,0,64,0.0,38.0,0.0,0.0,0.0
2018-01-20,69,0,7,8,0,0,0,0,0,39,0,27,0,0,62,0.0,22.0,0.0,0.0,0.0
2018-01-21,70,0,5,8,0,0,0,28,0,70,0,19,0,0,75,8.0,32.0,7.0,0.0,0.0
2018-01-22,78,0,6,11,0,0,55,0,0,54,0,22,0,0,74,7.0,40.0,0.0,0.0,0.0
2018-01-23,79,0,6,9,0,0,30,0,0,67,0,28,0,0,53,0.0,50.0,0.0,0.0,8.0
2018-01-24,73,0,6,7,0,0,32,0,0,43,0,24,0,0,71,0.0,32.0,0.0,0.0,0.0
2018-01-25,72,0,5,9,0,0,38,0,0,50,0,23,0,0,73,9.0,39.0,0.0,0.0,0.0
2018-01-26,77,0,5,10,0,0,0,0,0,63,0,0,0,0,59,0.0,26.0,0.0,0.0,0.0
2018-01-27,68,0,6,10,0,0,0,33,0,81,0,18,0,0,58,0.0,37.0,0.0,0.0,0.0
2018-01-28,64,0,4,10,0,0,38,0,0,81,0,29,0,0,65,0.0,35.0,0.0,0.0,0.0
2018-01-29,84,0,7,11,0,0,33,0,26,63,0,28,0,0,75,0.0,41.0,0.0,0.0,0.0
2018-01-30,80,0,6,7,0,0,0,0,0,92,0,28,0,0,74,0.0,40.0,0.0,0.0,0.0
2018-01-31,71,0,3,8,0,0,30,0,0,79,0,32,0,0,57,0.0,33.0,0.0,0.0,0.0
2018-02-01,80,0,5,9,0,0,30,27,0,54,19,27,0,0,64,0.0,35.0,0.0,0.0,0.0
2018-02-02,78,0,5,11,0,0,37,0,51,59,0,0,0,0,67,0.0,35.0,0.0,8.0,9.0
2018-02-03,68,0,6,8,0,0,0,0,0,46,0,27,0,0,63,0.0,23.0,0.0,0.0,0.0
2018-02-04,64,0,4,7,0,0,0,29,0,63,0,19,0,0,61,0.0,36.0,0.0,0.0,0.0
2018-02-05,75,0,6,9,0,0,0,27,0,93,0,21,0,0,79,0.0,41.0,0.0,0.0,8.0
2018-02-06,80,0,5,9,0,0,0,0,0,89,0,29,0,0,80,0.0,32.0,0.0,0.0,8.0
2018-02-07,81,0,7,9,0,0,34,0,0,68,0,19,16,0,75,0.0,44.0,0.0,0.0,0.0
2018-02-08,78,0,6,8,0,0,43,0,0,68,0,14,0,0,65,0.0,38.0,0.0,0.0,0.0
2018-02-09,71,0,6,11,0,0,0,0,0,78,0,24,0,0,70,0.0,36.0,0.0,0.0,0.0
2018-02-10,74,0,5,9,0,0,0,0,0,45,0,0,0,0,77,0.0,29.0,0.0,0.0,0.0
2018-02-11,70,0,6,9,0,0,0,0,0,30,0,20,0,0,61,0.0,25.0,0.0,0.0,0.0
2018-02-12,83,0,5,10,0,0,35,0,0,54,0,32,15,0,56,0.0,37.0,0.0,0.0,7.0
2018-02-13,80,0,5,7,0,0,28,0,0,75,0,24,0,0,85,0.0,37.0,0.0,0.0,8.0
2018-02-14,80,0,6,10,0,0,0,0,0,72,0,0,0,0,76,0.0,40.0,0.0,0.0,0.0
2018-02-15,75,0,7,6,0,0,28,0,0,59,0,18,0,0,59,0.0,42.0,0.0,0.0,0.0
2018-02-16,68,0,0,8,0,0,0,29,0,74,0,22,0,0,55,9.0,20.0,0.0,0.0,8.0
2018-02-17,70,0,0,11,0,0,30,0,0,59,0,31,0,0,51,0.0,30.0,0.0,0.0,0.0
2018-02-18,79,0,6,11,0,0,39,0,0,56,0,20,0,0,97,0.0,29.0,0.0,0.0,0.0
2018-02-19,74,0,5,10,0,0,31,0,0,72,0,19,0,0,73,0.0,42.0,0.0,0.0,0.0
2018-02-20,83,0,4,9,0,0,0,0,0,58,0,21,0,0,73,0.0,39.0,0.0,0.0,7.0
2018-02-21,85,0,8,9,0,0,31,0,0,81,0,29,0,0,71,0.0,39.0,0.0,0.0,8.0
2018-02-22,81,0,7,9,0,0,0,0,0,58,0,23,0,0,87,0.0,56.0,0.0,0.0,11.0
2018-02-23,78,0,7,12,0,0,30,0,0,47,0,34,15,0,81,0.0,46.0,0.0,0.0,7.0
2018-02-24,67,0,6,12,0,0,52,0,0,43,0,0,0,0,74,9.0,30.0,0.0,0.0,7.0
2018-02-25,72,0,6,9,0,0,32,0,0,73,0,24,0,0,70,0.0,33.0,0.0,0.0,0.0
2018-02-26,82,0,6,8,0,0,39,0,0,55,0,0,0,0,85,8.0,44.0,0.0,0.0,0.0
2018-02-27,82,0,7,11,0,0,36,0,25,64,0,21,0,0,74,0.0,49.0,0.0,0.0,7.0
2018-02-28,87,0,5,12,0,0,37,0,0,69,0,0,0,0,77,0.0,39.0,0.0,0.0,0.0
2018-03-01,87,0,3,9,0,0,41,0,0,59,0,17,0,0,77,0.0,48.0,0.0,0.0,0.0
2018-03-02,79,0,5,14,0,0,41,0,0,75,0,22,0,0,65,8.0,55.0,0.0,0.0,7.0
2018-03-03,75,0,4,10,0,0,0,0,0,73,0,26,0,0,64,0.0,41.0,0.0,0.0,9.0
2018-03-04,69,0,4,8,0,0,0,0,0,43,0,24,0,0,80,0.0,31.0,0.0,0.0,0.0
2018-03-05,83,0,7,9,0,0,37,0,0,67,0,32,0,0,73,7.0,46.0,0.0,0.0,7.0
2018-03-06,87,0,5,10,0,0,44,0,0,83,0,21,15,0,95,11.0,40.0,0.0,7.0,0.0
2018-03-07,94,0,5,8,0,0,0,0,0,100,0,20,16,0,94,0.0,47.0,0.0,0.0,11.0
2018-03-08,85,0,6,9,0,0,48,28,0,55,0,18,0,0,89,0.0,46.0,0.0,0.0,0.0
2018-03-09,80,0,6,13,0,0,37,0,0,56,0,26,0,0,64,0.0,41.0,0.0,0.0,0.0
2018-03-10,77,0,7,8,0,0,0,0,0,56,0,17,18,0,75,0.0,32.0,0.0,0.0,0.0
2018-03-11,74,0,7,12,0,0,34,32,0,55,0,28,0,0,87,0.0,30.0,0.0,0.0,0.0
2018-03-12,87,0,7,9,0,0,43,0,0,85,0,27,0,0,78,0.0,34.0,0.0,0.0,8.0
2018-03-13,84,0,8,12,0,0,0,0,0,51,0,15,0,0,80,0.0,49.0,0.0,8.0,0.0
2018-03-14,97,0,6,11,0,0,37,0,27,67,0,25,0,0,96,0.0,100.0,0.0,0.0,9.0
2018-03-15,89,0,6,10,0,0,39,25,0,66,0,26,15,0,80,0.0,34.0,0.0,0.0,9.0
2018-03-16,81,0,6,12,0,0,30,0,33,65,0,20,0,0,68,0.0,35.0,0.0,0.0,0.0
2018-03-17,66,0,4,11,0,0,0,0,0,42,0,23,0,0,65,0.0,23.0,0.0,0.0,0.0
2018-03-18,72,0,4,12,0,0,33,0,0,75,0,27,0,0,67,0.0,42.0,0.0,0.0,0.0
2018-03-19,89,0,5,11,0,0,43,0,0,77,0,27,0,0,61,0.0,57.0,0.0,0.0,8.0
2018-03-20,89,0,6,9,0,0,34,28,0,62,0,28,16,0,75,0.0,50.0,0.0,0.0,0.0
2018-03-21,92,0,5,12,0,0,34,0,0,76,0,25,0,0,79,0.0,40.0,0.0,0.0,7.0
2018-03-22,81,0,7,9,0,0,0,0,0,75,0,30,0,0,71,7.0,37.0,0.0,0.0,10.0
2018-03-23,89,0,5,9,0,0,38,26,0,56,0,16,0,0,73,0.0,41.0,0.0,0.0,8.0
2018-03-24,74,0,5,10,0,0,40,0,0,55,18,22,0,0,63,0.0,35.0,0.0,0.0,7.0
2018-03-25,79,0,7,10,0,0,71,0,0,62,0,27,20,0,63,0.0,28.0,0.0,0.0,0.0
2018-03-26,82,0,4,14,0,0,25,0,0,69,0,18,0,0,71,0.0,35.0,0.0,8.0,0.0
2018-03-27,86,0,8,9,0,0,0,0,29,88,0,23,0,0,88,0.0,36.0,0.0,0.0,0.0
2018-03-28,79,0,6,9,0,0,35,0,0,93,0,18,0,0,87,0.0,36.0,0.0,0.0,8.0
2018-03-29,76,0,6,11,0,0,0,0,0,65,0,19,0,0,72,0.0,34.0,0.0,0.0,0.0
2018-03-30,69,0,4,10,0,0,42,32,0,54,0,34,0,0,60,8.0,17.0,0.0,0.0,0.0
2018-03-31,67,0,3,8,0,0,29,0,28,65,0,0,0,0,65,0.0,25.0,0.0,0.0,0.0
2018-04-01,72,0,5,15,0,0,35,0,0,60,0,17,0,0,67,0.0,23.0,0.0,0.0,8.0
2018-04-02,83,0,6,12,0,0,40,0,0,78,16,21,0,0,82,0.0,46.0,0.0,0.0,0.0
2018-04-03,95,0,5,10,0,0,0,0,34,85,0,30,0,0,75,0.0,44.0,0.0,0.0,9.0
2018-04-04,84,0,6,9,0,0,62,31,0,80,0,23,24,0,71,0.0,42.0,0.0,0.0,12.0
2018-04-05,90,0,0,11,0,0,43,0,0,76,0,21,0,0,84,11.0,37.0,0.0,0.0,8.0
2018-04-06,84,0,5,9,0,0,0,0,0,58,0,24,0,0,81,0.0,39.0,0.0,0.0,0.0
2018-04-07,67,0,4,12,0,0,0,0,0,55,0,0,0,0,57,0.0,35.0,0.0,0.0,0.0
2018-04-08,78,0,4,5,0,0,46,34,0,67,0,31,0,0,49,10.0,34.0,0.0,0.0,0.0
2018-04-09,81,0,5,12,0,0,47,0,0,87,0,19,0,0,86,0.0,33.0,0.0,0.0,0.0
2018-04-10,97,0,4,8,0,0,0,0,0,63,0,27,0,0,72,0.0,40.0,0.0,0.0,11.0
2018-04-11,91,0,4,11,5,0,51,23,0,71,0,16,0,0,72,0.0,43.0,0.0,0.0,0.0
2018-04-12,91,0,5,15,7,0,50,25,0,72,0,23,0,0,85,0.0,44.0,0.0,0.0,0.0
2018-04-13,83,0,0,13,0,0,28,0,0,57,0,23,0,0,56,0.0,29.0,0.0,0.0,0.0
2018-04-14,73,0,0,14,0,0,0,0,0,35,0,22,0,0,41,0.0,23.0,0.0,0.0,0.0
2018-04-15,78,0,5,13,0,0,0,35,32,84,0,21,0,0,61,0.0,30.0,0.0,0.0,0.0
2018-04-16,89,0,0,11,0,0,0,25,0,83,0,20,0,0,72,0.0,48.0,0.0,0.0,0.0
2018-04-17,81,0,4,13,0,0,50,0,0,67,0,21,18,0,69,0.0,49.0,0.0,0.0,0.0
2018-04-18,86,0,5,13,0,0,43,0,0,73,0,20,0,0,82,9.0,41.0,0.0,0.0,0.0
2018-04-19,84,0,4,11,0,0,30,0,0,60,0,24,0,0,68,0.0,43.0,0.0,0.0,7.0
2018-04-20,81,0,4,10,0,0,26,0,0,65,0,0,0,0,71,0.0,35.0,0.0,0.0,0.0
2018-04-21,67,0,0,9,0,0,40,0,0,63,0,26,0,0,48,0.0,26.0,0.0,0.0,0.0
2018-04-22,75,0,0,8,0,0,42,0,0,66,0,26,0,0,70,0.0,27.0,0.0,0.0,0.0
2018-04-23,79,0,6,12,0,0,0,0,0,89,0,18,0,0,54,0.0,38.0,0.0,0.0,0.0
2018-04-24,83,0,9,10,0,0,0,0,0,96,0,19,14,0,75,0.0,38.0,0.0,0.0,0.0
2018-04-25,78,0,4,9,0,0,32,0,25,75,0,26,19,0,72,0.0,36.0,0.0,0.0,0.0
2018-04-26,100,0,11,13,0,0,52,0,0,91,0,15,0,0,87,0.0,39.0,0.0,0.0,0.0
2018-04-27,78,0,4,8,0,0,0,27,0,85,0,30,0,0,51,0.0,33.0,0.0,0.0,0.0
2018-04-28,67,0,0,11,0,0,0,0,0,67,0,16,0,0,60,8.0,26.0,0.0,0.0,9.0
2018-04-29,71,0,0,8,0,0,0,0,0,61,0,18,0,0,54,0.0,23.0,0.0,0.0,8.0
2018-04-30,67,0,4,8,0,0,28,0,0,58,0,0,0,0,61,0.0,24.0,0.0,0.0,7.0
2018-05-01,74,0,4,10,0,0,0,0,0,90,0,20,0,0,66,10.0,31.0,0.0,8.0,9.0
2018-05-02,67,0,3,10,0,27,27,0,0,68,0,19,0,0,63,0.0,25.0,0.0,0.0,0.0
2018-05-03,76,0,5,12,0,0,0,0,0,85,0,20,0,0,72,0.0,36.0,0.0,0.0,0.0
2018-05-04,72,0,4,10,0,0,33,0,0,49,0,0,0,0,67,0.0,33.0,0.0,0.0,0.0
2018-05-05,68,0,3,9,0,0,28,0,0,80,0,18,0,0,46,0.0,30.0,0.0,0.0,0.0
2018-05-06,71,0,5,7,0,0,0,0,0,71,0,21,0,0,63,0.0,29.0,0.0,0.0,7.0
2018-05-07,70,0,4,14,0,0,37,0,0,57,0,29,0,0,73,0.0,42.0,0.0,0.0,0.0
2018-05-08,85,0,0,13,0,0,0,0,30,64,0,21,0,0,87,0.0,39.0,0.0,0.0,8.0
2018-05-09,78,0,4,8,0,0,32,0,0,77,0,0,17,0,54,7.0,34.0,0.0,0.0,0.0
2018-05-10,70,0,7,11,0,0,0,0,0,57,0,21,0,0,46,0.0,23.0,0.0,0.0,7.0
2018-05-11,75,0,5,11,0,0,28,0,0,68,0,23,0,0,63,0.0,41.0,0.0,0.0,0.0
2018-05-12,68,0,4,12,0,0,53,0,0,67,0,0,0,0,48,0.0,25.0,0.0,0.0,0.0
2018-05-13,62,0,0,10,0,0,34,0,0,60,0,27,0,0,56,0.0,23.0,0.0,0.0,0.0
2018-05-14,73,0,3,11,0,0,32,30,0,64,0,25,0,0,75,8.0,37.0,0.0,0.0,8.0
2018-05-15,78,0,0,10,0,0,35,0,0,69,0,0,0,0,63,7.0,38.0,0.0,0.0,0.0
2018-05-16,74,0,5,12,0,0,29,0,0,64,0,25,0,0,54,0.0,30.0,0.0,0.0,8.0
2018-05-17,71,0,0,11,0,0,37,32,0,47,0,36,0,0,63,0.0,32.0,0.0,0.0,0.0
2018-05-18,81,0,5,13,0,0,29,0,0,39,0,28,20,0,69,0.0,35.0,0.0,0.0,0.0
2018-05-19,70,0,7,7,0,0,0,0,0,71,0,36,0,0,51,0.0,23.0,0.0,0.0,0.0
2018-05-20,71,0,5,13,0,0,0,0,0,76,0,35,21,0,63,0.0,23.0,0.0,0.0,0.0
2018-05-21,81,0,6,8,3,0,0,0,0,58,0,16,0,0,100,0.0,36.0,0.0,0.0,0.0
2018-05-22,100,0,7,9,0,0,34,35,0,77,20,27,20,0,76,8.0,48.0,0.0,0.0,0.0
2018-05-23,86,0,6,12,0,0,0,0,0,67,0,36,0,0,59,0.0,40.0,0.0,0.0,0.0
2018-05-24,78,0,4,9,0,0,0,0,0,50,0,27,0,0,71,0.0,44.0,0.0,0.0,8.0
2018-05-25,71,0,4,9,0,0,38,0,0,94,0,25,0,0,67,0.0,36.0,0.0,0.0,9.0
2018-05-26,65,0,5,10,0,0,41,0,0,69,14,29,0,0,62,0.0,19.0,0.0,0.0,7.0
2018-05-27,74,0,7,9,0,0,0,0,0,38,0,23,0,0,59,0.0,24.0,0.0,0.0,8.0
2018-05-28,64,0,4,9,0,0,0,33,0,64,0,21,0,0,59,0.0,30.0,0.0,0.0,7.0
2018-05-29,76,0,7,9,0,0,33,0,0,83,17,17,0,0,65,0.0,24.0,0.0,0.0,0.0
2018-05-30,71,0,5,11,0,0,0,0,0,0,0,23,0,0,82,0.0,29.0,0.0,0.0,0.0
2018-05-31,61,0,7,7,0,0,0,0,0,46,0,19,0,0,54,0.0,25.0,0.0,0.0,0.0
2018-06-01,68,0,0,7,0,0,0,35,0,42,0,18,0,0,54,0.0,25.0,0.0,0.0,0.0
2018-06-02,66,0,4,7,0,0,0,0,0,42,0,17,0,0,49,8.0,21.0,0.0,0.0,8.0
2018-06-03,58,0,4,11,0,0,0,0,0,59,0,0,0,0,54,0.0,16.0,0.0,0.0,0.0
2018-06-04,61,0,0,8,0,0,28,0,0,60,0,0,0,0,61,0.0,37.0,0.0,0.0,0.0
2018-06-05,65,0,3,10,0,0,0,0,0,72,0,20,0,0,59,0.0,26.0,0.0,0.0,0.0
2018-06-06,63,0,4,8,0,0,0,0,0,48,0,23,19,0,60,0.0,31.0,0.0,0.0,0.0
2018-06-07,60,0,5,10,0,0,0,0,0,61,0,23,0,0,53,0.0,30.0,0.0,0.0,7.0
2018-06-08,60,0,3,10,0,0,0,0,0,50,0,0,0,0,50,0.0,17.0,0.0,0.0,0.0
2018-06-09,46,0,0,8,0,0,40,0,0,45,0,20,0,0,43,0.0,19.0,0.0,0.0,0.0
2018-06-10,52,0,0,11,0,0,0,0,0,42,0,0,0,0,52,0.0,16.0,0.0,0.0,0.0
2018-06-11,55,0,4,10,0,0,29,0,0,35,0,0,0,0,28,0.0,20.0,0.0,0.0,0.0
2018-06-12,54,0,5,9,0,0,0,0,0,59,0,0,0,0,49,0.0,16.0,0.0,0.0,0.0
2018-06-13,49,0,5,8,0,0,32,0,0,0,0,16,0,0,35,10.0,16.0,0.0,0.0,0.0
2018-06-14,41,0,0,7,0,0,0,0,0,0,0,0,0,0,27,0.0,15.0,0.0,0.0,0.0
2018-06-15,47,0,0,5,0,0,39,0,0,0,0,0,0,0,50,0.0,21.0,0.0,0.0,0.0
2018-06-16,54,0,0,10,0,0,0,0,0,31,0,0,0,0,41,0.0,28.0,0.0,0.0,0.0
2018-06-17,54,0,5,5,0,0,0,0,0,34,0,0,0,0,24,0.0,22.0,0.0,0.0,0.0
2018-06-18,59,0,0,10,0,0,54,0,0,46,0,0,0,0,40,0.0,21.0,0.0,0.0,0.0
2018-06-19,61,0,6,6,0,0,32,0,30,42,0,0,0,0,39,0.0,19.0,0.0,0.0,0.0
2018-06-20,57,0,5,7,0,0,29,0,0,25,0,16,0,0,35,0.0,26.0,0.0,0.0,0.0
2018-06-21,61,0,6,9,0,0,32,0,0,49,0,19,0,0,33,8.0,22.0,0.0,0.0,7.0
2018-06-22,63,0,5,7,0,0,30,0,0,34,0,17,0,0,51,11.0,31.0,0.0,0.0,10.0
2018-06-23,62,0,5,10,0,0,0,25,0,48,0,0,0,0,41,0.0,25.0,0.0,0.0,0.0
2018-06-24,55,0,7,7,0,0,28,0,0,47,0,19,0,0,60,0.0,26.0,0.0,0.0,0.0
2018-06-25,62,0,6,8,0,0,25,0,0,49,0,0,0,0,47,0.0,26.0,0.0,0.0,9.0
2018-06-26,65,0,7,8,0,0,31,0,0,31,0,17,0,0,47,0.0,29.0,0.0,0.0,8.0
2018-06-27,51,0,6,7,0,0,35,0,0,26,0,20,0,0,43,10.0,18.0,0.0,0.0,0.0
2018-06-28,68,0,5,11,0,0,37,0,0,61,0,15,0,0,61,0.0,29.0,0.0,0.0,0.0
2018-06-29,61,0,6,8,0,0,0,0,0,39,0,20,0,0,59,0.0,26.0,0.0,0.0,0.0
2018-06-30,55,0,4,7,0,0,31,29,0,57,0,25,0,0,41,0.0,24.0,0.0,6.0,0.0
2018-07-01,49,0,4,6,0,0,25,0,0,41,0,26,0,0,40,0.0,38.0,0.0,0.0,0.0
2018-07-02,54,0,3,8,0,0,24,0,0,38,0,20,0,0,58,0.0,54.0,0.0,0.0,0.0
2018-07-03,55,0,4,7,0,0,25,24,0,24,0,0,17,0,55,0.0,37.0,0.0,0.0,0.0
2018-07-04,55,0,4,7,0,0,32,0,0,45,0,21,0,0,65,12.0,53.0,0.0,0.0,13.0
2018-07-05,56,0,4,7,0,0,29,23,0,43,0,22,0,0,46,0.0,49.0,0.0,0.0,16.0
2018-07-06,50,0,3,5,0,0,18,0,0,65,0,17,0,0,51,0.0,47.0,0.0,0.0,0.0
2018-07-07,49,0,5,6,0,0,22,0,0,35,0,0,0,0,51,0.0,39.0,0.0,0.0,0.0
2018-07-08,50,0,5,0,0,0,0,0,0,41,0,0,0,0,47,12.0,38.0,0.0,0.0,13.0
2018-07-09,56,0,4,9,0,0,35,0,0,37,0,24,0,0,54,0.0,54.0,0.0,0.0,0.0
2018-07-10,54,0,5,7,0,0,30,0,0,35,0,19,19,0,65,0.0,38.0,0.0,0.0,10.0
2018-07-11,56,0,4,7,0,0,30,21,0,44,0,21,0,0,67,10.0,38.0,0.0,0.0,0.0
2018-07-12,56,0,4,8,0,0,34,30,0,46,0,0,15,0,67,0.0,59.0,0.0,0.0,0.0
2018-07-13,57,0,6,7,0,0,38,0,0,44,0,18,0,0,74,0.0,53.0,0.0,0.0,17.0
2018-07-14,56,0,5,9,0,0,0,0,0,41,0,21,0,0,66,0.0,29.0,0.0,0.0,12.0
2018-07-15,47,0,3,5,0,0,24,0,0,25,0,16,0,0,56,0.0,28.0,0.0,0.0,12.0
2018-07-16,60,0,5,7,0,0,29,0,0,39,16,27,0,0,61,0.0,56.0,0.0,0.0,15.0
2018-07-17,61,0,4,7,0,0,34,0,0,45,0,23,0,0,59,13.0,67.0,0.0,0.0,0.0
2018-07-18,68,0,4,11,0,0,37,0,0,28,0,19,0,0,66,0.0,47.0,0.0,0.0,0.0
2018-07-19,63,0,4,9,0,0,26,31,0,49,0,25,0,0,62,0.0,44.0,0.0,0.0,18.0
2018-07-20,63,0,4,8,0,0,26,0,0,47,0,18,0,0,62,0.0,54.0,0.0,0.0,12.0
2018-07-21,60,0,6,8,0,0,27,0,0,38,0,0,0,0,67,0.0,39.0,0.0,0.0,0.0
2018-07-22,58,0,5,10,0,0,23,0,0,59,0,21,0,0,61,12.0,42.0,13.0,0.0,17.0
2018-07-23,69,0,4,9,0,0,28,0,0,46,16,0,0,0,72,14.0,45.0,0.0,0.0,0.0
2018-07-24,64,0,5,8,0,0,37,0,0,59,28,23,0,0,69,17.0,47.0,0.0,0.0,14.0
2018-07-25,62,0,6,5,0,0,21,0,0,43,0,17,0,0,79,0.0,52.0,0.0,0.0,0.0
2018-07-26,62,0,4,8,0,0,21,0,0,51,0,22,0,0,75,0.0,53.0,0.0,0.0,0.0
2018-07-27,57,0,5,8,0,0,22,21,0,43,0,26,0,0,87,0.0,36.0,0.0,0.0,0.0
2018-07-28,57,0,4,6,0,0,0,0,0,28,0,0,0,0,65,0.0,42.0,0.0,0.0,0.0
2018-07-29,57,0,6,7,0,0,27,22,0,28,0,24,0,0,70,0.0,42.0,0.0,0.0,0.0
2018-07-30,63,0,0,8,0,0,24,0,19,44,0,31,0,0,90,0.0,62.0,0.0,10.0,0.0
2018-07-31,60,0,6,6,0,0,32,0,0,50,0,18,0,0,73,0.0,50.0,0.0,0.0,0.0
2018-08-01,61,0,3,7,0,0,23,32,21,46,0,29,21,0,82,0.0,44.0,0.0,0.0,11.0
2018-08-02,64,0,5,8,0,0,25,0,0,51,0,29,0,0,76,13.0,50.0,0.0,0.0,0.0
2018-08-03,55,0,3,7,0,0,24,0,20,28,0,36,0,0,53,0.0,58.0,0.0,0.0,0.0
2018-08-04,49,0,4,7,0,0,32,0,0,32,0,18,0,0,68,0.0,37.0,0.0,0.0,13.0
2018-08-05,46,4,4,5,0,0,24,0,0,0,0,23,0,0,46,0.0,37.0,0.0,0.0,0.0
2018-08-06,55,0,5,8,0,0,29,0,0,42,0,28,0,0,60,0.0,45.0,0.0,0.0,0.0
2018-08-07,60,0,4,7,0,0,18,20,0,60,0,20,0,0,70,0.0,35.0,0.0,0.0,13.0
2018-08-08,59,0,4,8,0,0,23,19,0,44,0,29,0,0,71,13.0,50.0,0.0,0.0,13.0
2018-08-09,53,0,5,8,0,0,30,0,0,44,0,31,0,0,65,0.0,42.0,0.0,0.0,0.0
2018-08-10,56,0,4,7,0,0,27,0,0,32,0,30,14,0,67,0.0,41.0,0.0,0.0,0.0
2018-08-11,47,0,0,8,0,0,36,0,0,54,0,26,0,0,40,0.0,53.0,0.0,0.0,12.0
2018-08-12,56,0,0,7,0,0,29,0,0,29,0,18,0,0,62,0.0,39.0,0.0,0.0,0.0
2018-08-13,65,0,5,10,0,0,29,29,0,37,0,22,0,0,80,11.0,42.0,0.0,0.0,0.0
2018-08-14,63,0,4,11,0,0,36,0,0,34,0,31,17,0,71,0.0,44.0,0.0,0.0,16.0
2018-08-15,54,0,5,9,0,0,27,28,0,48,0,16,22,0,82,0.0,42.0,0.0,0.0,0.0
2018-08-16,54,0,3,7,0,0,38,0,0,24,0,28,0,0,57,0.0,54.0,0.0,0.0,0.0
2018-08-17,51,0,0,11,0,0,0,0,0,25,0,24,0,0,61,0.0,44.0,0.0,0.0,0.0
2018-08-18,57,0,3,12,0,0,27,0,0,41,0,0,0,0,55,0.0,42.0,0.0,0.0,0.0
2018-08-19,55,0,4,8,0,0,0,24,0,44,0,29,0,0,65,12.0,53.0,0.0,0.0,0.0
2018-08-20,57,0,0,10,5,0,26,0,0,59,0,18,0,0,67,11.0,58.0,0.0,0.0,0.0
2018-08-21,56,0,3,9,0,0,27,0,25,26,0,0,0,0,58,0.0,49.0,0.0,0.0,0.0
2018-08-22,60,0,4,10,0,0,32,0,0,34,0,0,0,0,50,0.0,47.0,0.0,0.0,0.0
2018-08-23,58,0,4,7,0,0,25,0,0,31,0,0,0,0,57,0.0,37.0,0.0,0.0,12.0
2018-08-24,57,0,0,7,0,0,37,0,0,37,22,22,0,0,54,0.0,39.0,0.0,0.0,0.0
2018-08-25,54,0,0,9,0,0,0,22,0,43,0,29,0,0,48,14.0,37.0,0.0,0.0,0.0
2018-08-26,51,0,4,9,0,0,22,0,0,32,0,30,0,0,52,0.0,46.0,0.0,0.0,0.0
2018-08-27,63,0,4,10,0,0,29,0,0,59,0,19,0,0,49,13.0,54.0,0.0,0.0,12.0
2018-08-28,59,0,0,11,0,0,25,21,0,47,0,27,0,0,58,0.0,44.0,0.0,0.0,0.0
2018-08-29,62,0,3,11,0,0,23,20,0,48,19,17,0,0,74,11.0,48.0,0.0,17.0,0.0
2018-08-30,66,0,5,8,0,0,28,0,0,50,0,48,16,0,63,14.0,57.0,0.0,0.0,21.0
2018-08-31,65,0,5,10,0,0,33,31,0,53,0,21,0,0,80,0.0,62.0,0.0,0.0,0.0
2018-09-01,58,0,0,11,0,0,27,0,0,28,0,22,0,0,47,0.0,60.0,0.0,0.0,15.0
2018-09-02,57,0,3,8,0,0,21,0,21,44,0,24,0,0,47,0.0,40.0,0.0,0.0,16.0
2018-09-03,63,0,4,11,0,0,29,22,0,51,0,21,0,0,80,0.0,49.0,0.0,0.0,0.0
2018-09-04,62,0,4,8,0,0,37,24,0,43,0,29,0,0,48,0.0,47.0,0.0,0.0,0.0
2018-09-05,72,0,4,10,0,0,35,0,0,52,0,34,31,0,68,0.0,61.0,0.0,0.0,11.0
2018-09-06,66,0,4,10,0,0,41,0,0,51,0,22,0,0,60,0.0,51.0,0.0,0.0,0.0
2018-09-07,59,0,4,7,0,0,23,0,0,50,17,18,0,0,68,11.0,50.0,0.0,0.0,0.0
2018-09-08,55,0,3,8,0,0,28,0,0,35,0,17,0,0,63,0.0,43.0,0.0,0.0,0.0
2018-09-09,57,0,5,8,0,0,26,0,0,61,0,20,0,0,48,0.0,48.0,0.0,0.0,0.0
2018-09-10,64,0,0,9,0,0,29,20,0,50,0,0,0,0,50,0.0,62.0,0.0,0.0,0.0
2018-09-11,58,0,4,12,0,0,28,0,0,59,20,31,0,0,98,0.0,46.0,0.0,0.0,0.0
2018-09-12,75,0,4,11,0,0,0,0,0,58,0,26,0,0,74,0.0,66.0,0.0,0.0,0.0
2018-09-13,69,0,3,9,0,0,45,0,0,58,0,26,21,0,62,0.0,57.0,0.0,11.0,14.0
2018-09-14,75,0,5,9,0,0,36,0,0,62,0,23,0,0,41,0.0,44.0,0.0,0.0,0.0
2018-09-15,63,0,3,10,0,0,28,0,0,41,0,22,0,0,66,14.0,54.0,0.0,0.0,0.0
2018-09-16,73,0,4,11,0,0,32,26,22,50,0,27,0,0,66,0.0,54.0,0.0,0.0,0.0
2018-09-17,70,0,5,11,0,0,28,0,0,54,0,22,0,0,55,0.0,70.0,0.0,0.0,17.0
2018-09-18,65,0,4,9,0,0,35,0,0,87,0,21,15,0,72,0.0,70.0,0.0,0.0,0.0
2018-09-19,70,0,3,11,0,0,20,0,18,51,0,25,14,0,60,13.0,52.0,0.0,0.0,10.0
2018-09-20,69,0,3,10,0,0,25,0,0,63,0,28,22,0,88,0.0,54.0,0.0,0.0,0.0
2018-09-21,67,0,5,8,0,0,30,0,0,64,0,29,0,0,54,0.0,43.0,0.0,0.0,0.0
2018-09-22,71,0,5,9,0,0,0,0,0,58,0,21,0,0,65,0.0,40.0,0.0,0.0,0.0
2018-09-23,64,0,4,13,0,0,0,0,0,52,0,26,0,0,68,0.0,52.0,0.0,0.0,14.0
2018-09-24,64,0,5,10,0,0,27,29,0,57,0,14,0,0,74,0.0,55.0,0.0,0.0,0.0
2018-09-25,77,0,3,9,0,0,35,0,0,66,0,22,0,0,68,13.0,60.0,0.0,0.0,15.0
2018-09-26,78,0,3,10,0,0,25,28,0,54,0,21,0,0,51,0.0,49.0,0.0,0.0,13.0
2018-09-27,73,0,5,6,0,0,32,0,0,45,0,21,0,0,82,0.0,55.0,0.0,0.0,15.0
2018-09-28,76,0,0,10,0,0,34,0,0,44,0,34,17,0,68,0.0,53.0,0.0,0.0,12.0
2018-09-29,61,0,5,8,0,0,34,0,0,0,0,29,0,0,64,0.0,43.0,0.0,0.0,15.0
2018-09-30,63,0,4,10,0,0,0,0,0,50,0,0,0,0,56,12.0,51.0,0.0,0.0,0.0
2018-10-01,62,0,4,11,0,0,0,19,0,45,0,21,0,0,62,0.0,55.0,0.0,0.0,13.0
2018-10-02,65,0,3,10,0,0,21,0,0,45,0,21,20,0,76,0.0,65.0,0.0,0.0,0.0
2018-10-03,65,0,3,13,0,0,29,0,0,36,0,0,0,0,70,12.0,45.0,0.0,0.0,0.0
2018-10-04,69,0,3,10,0,0,34,19,0,28,0,20,0,0,66,0.0,48.0,0.0,0.0,11.0
2018-10-05,64,0,4,10,0,0,32,0,0,42,0,0,19,0,69,14.0,56.0,0.0,0.0,0.0
2018-10-06,62,0,3,10,0,0,35,0,0,37,0,0,0,0,56,13.0,55.0,0.0,0.0,0.0
2018-10-07,63,0,4,10,0,0,0,0,0,47,0,18,0,0,66,12.0,54.0,0.0,0.0,11.0
2018-10-08,71,0,4,12,0,0,32,26,0,65,0,29,18,0,93,0.0,66.0,0.0,0.0,0.0
2018-10-09,67,0,2,8,0,0,24,16,0,60,0,26,19,0,66,13.0,51.0,0.0,0.0,0.0
2018-10-10,64,0,0,8,0,0,34,22,0,100,0,18,0,0,83,0.0,60.0,0.0,0.0,18.0
2018-10-11,65,0,4,14,0,0,40,0,0,70,0,19,0,0,87,0.0,57.0,0.0,0.0,0.0
2018-10-12,66,0,4,10,0,0,39,0,0,42,0,16,0,0,83,0.0,65.0,0.0,0.0,11.0
2018-10-13,67,0,0,6,0,0,42,27,0,60,17,17,0,0,79,0.0,37.0,0.0,0.0,0.0
2018-10-14,67,0,0,15,0,0,27,0,0,45,17,17,0,18,37,13.0,47.0,0.0,0.0,12.0
2018-10-15,77,0,4,11,0,0,32,0,0,87,0,38,0,0,75,16.0,57.0,0.0,0.0,12.0
2018-10-16,75,0,3,12,0,0,38,30,0,79,0,33,0,0,76,0.0,66.0,0.0,0.0,0.0
2018-10-17,81,0,4,14,0,0,36,27,26,94,0,40,22,0,78,13.0,69.0,0.0,0.0,12.0
2018-10-18,77,0,4,12,0,0,36,0,0,75,0,23,0,0,78,15.0,63.0,0.0,0.0,20.0
2018-10-19,69,0,4,11,0,0,33,0,0,65,0,33,0,0,97,0.0,77.0,0.0,0.0,0.0
2018-10-20,59,0,4,11,0,0,32,0,0,71,0,20,0,0,61,0.0,37.0,0.0,0.0,0.0
2018-10-21,57,0,5,10,0,0,20,0,0,76,0,25,0,0,67,0.0,43.0,0.0,0.0,0.0
2018-10-22,70,0,3,10,0,0,0,23,0,83,0,34,0,0,66,0.0,65.0,0.0,0.0,11.0
2018-10-23,72,0,3,9,0,0,22,0,0,63,0,35,18,0,68,0.0,72.0,0.0,0.0,13.0
2018-10-24,73,0,4,12,0,0,25,0,0,58,15,39,0,0,94,0.0,65.0,0.0,0.0,16.0
2018-10-25,76,0,6,10,0,0,17,0,0,81,0,42,0,0,82,0.0,60.0,0.0,0.0,0.0
2018-10-26,70,0,4,8,0,0,35,28,0,51,0,33,16,0,54,0.0,66.0,0.0,0.0,12.0
2018-10-27,59,0,5,11,0,0,20,0,0,35,0,17,0,0,77,0.0,47.0,0.0,0.0,11.0
2018-10-28,70,0,4,10,0,0,35,0,0,63,0,34,0,0,69,0.0,62.0,0.0,0.0,0.0
2018-10-29,64,0,7,13,0,0,19,16,17,79,0,38,0,0,58,0.0,62.0,0.0,0.0,0.0
2018-10-30,67,0,3,8,0,0,24,0,0,67,0,36,0,0,73,12.0,54.0,0.0,0.0,14.0
2018-10-31,76,0,6,11,0,0,19,0,0,70,0,38,0,0,69,0.0,69.0,0.0,0.0,0.0
2018-11-01,72,0,6,13,0,0,31,0,0,74,0,28,0,0,82,0.0,56.0,0.0,0.0,11.0
2018-11-02,64,3,6,11,0,0,29,0,0,42,0,29,0,0,82,11.0,62.0,0.0,0.0,14.0
2018-11-03,58,0,5,13,0,0,43,22,0,58,0,18,0,0,56,0.0,45.0,0.0,0.0,0.0
2018-11-04,68,0,4,12,0,0,28,0,0,74,0,37,0,0,62,0.0,49.0,0.0,0.0,21.0
2018-11-05,84,0,5,13,0,0,49,22,0,75,0,36,15,0,76,15.0,55.0,0.0,0.0,10.0
2018-11-06,74,0,6,9,0,0,28,0,32,93,0,30,0,0,67,0.0,49.0,0.0,0.0,0.0
2018-11-07,78,0,6,14,0,0,31,21,0,74,0,50,0,16,83,12.0,69.0,0.0,0.0,15.0
2018-11-08,74,0,6,9,0,0,22,23,0,72,0,32,0,0,94,0.0,61.0,0.0,0.0,0.0
2018-11-09,61,0,7,9,0,0,28,0,0,64,0,28,0,0,83,0.0,66.0,0.0,0.0,19.0
2018-11-10,72,0,7,9,0,0,41,0,0,37,0,29,17,0,64,0.0,58.0,0.0,0.0,0.0
2018-11-11,66,0,4,9,0,0,33,26,0,50,0,32,0,0,57,12.0,47.0,0.0,0.0,14.0
2018-11-12,83,0,7,11,0,0,36,0,0,66,0,40,16,15,79,14.0,58.0,0.0,0.0,12.0
2018-11-13,85,0,5,12,0,0,38,24,0,81,0,43,18,0,100,14.0,68.0,0.0,0.0,13.0
2018-11-14,100,0,7,13,0,0,31,0,0,70,0,46,19,0,60,0.0,72.0,0.0,0.0,18.0
2018-11-15,82,0,6,10,0,0,33,0,0,90,0,45,21,0,82,12.0,65.0,0.0,0.0,13.0
2018-11-16,82,0,7,14,0,0,37,0,0,58,0,35,0,0,74,0.0,83.0,0.0,0.0,23.0
2018-11-17,71,0,3,10,0,0,38,0,0,43,0,17,17,0,66,0.0,49.0,0.0,0.0,12.0
2018-11-18,67,0,4,13,0,0,22,0,0,43,0,36,0,0,35,0.0,47.0,0.0,0.0,0.0
2018-11-19,75,0,6,13,0,0,32,0,0,51,0,27,21,0,65,17.0,57.0,0.0,12.0,20.0
2018-11-20,77,0,6,13,0,0,39,0,0,56,0,28,0,0,68,0.0,51.0,0.0,0.0,13.0
2018-11-21,83,0,3,12,0,0,33,0,22,72,0,28,0,0,84,16.0,73.0,0.0,0.0,13.0
2018-11-22,83,0,5,11,0,0,26,21,0,74,16,28,16,0,80,14.0,61.0,0.0,12.0,14.0
2018-11-23,87,0,6,14,0,0,43,0,0,60,0,31,0,0,68,0.0,78.0,0.0,0.0,0.0
2018-11-24,73,0,5,11,0,0,33,0,0,64,0,25,0,0,90,0.0,47.0,0.0,0.0,12.0
2018-11-25,73,0,5,12,0,0,38,0,0,53,0,18,0,0,68,0.0,55.0,0.0,0.0,0.0
2018-11-26,76,0,4,11,0,0,69,33,0,75,0,43,0,0,81,0.0,69.0,0.0,0.0,15.0
2018-11-27,81,0,4,9,0,0,33,26,0,88,0,42,0,0,80,0.0,52.0,0.0,0.0,13.0
2018-11-28,74,0,4,12,0,0,44,0,0,75,0,45,0,0,86,0.0,78.0,0.0,12.0,16.0
2018-11-29,71,0,5,10,0,0,35,0,0,85,0,28,0,0,81,12.0,56.0,0.0,0.0,14.0
2018-11-30,75,0,5,11,0,0,42,23,0,65,0,35,0,0,83,12.0,61.0,0.0,0.0,15.0
2018-12-01,61,0,5,8,0,0,34,0,0,58,0,22,26,0,67,0.0,59.0,0.0,0.0,12.0
2018-12-02,64,0,7,9,0,0,26,0,0,67,0,29,0,0,64,0.0,56.0,0.0,0.0,12.0
2018-12-03,74,0,4,10,0,0,31,0,0,68,0,37,0,0,75,0.0,52.0,0.0,0.0,0.0
2018-12-04,76,0,4,11,0,0,43,0,0,65,0,26,16,0,81,0.0,51.0,0.0,0.0,11.0
2018-12-05,83,0,4,13,0,0,34,0,0,61,0,24,0,0,75,14.0,80.0,0.0,0.0,15.0
2018-12-06,76,0,8,11,0,0,43,0,0,57,0,44,0,0,90,0.0,71.0,0.0,0.0,0.0
2018-12-07,69,0,5,16,0,0,30,34,0,66,0,29,0,0,83,0.0,100.0,0.0,0.0,13.0
2018-12-08,69,0,4,16,0,0,27,0,0,37,0,0,0,0,88,0.0,50.0,0.0,0.0,17.0
2018-12-09,71,0,4,13,0,0,35,0,0,70,0,26,0,0,59,17.0,48.0,0.0,0.0,13.0
2018-12-10,73,0,5,12,0,0,0,0,0,78,0,21,0,0,75,0.0,79.0,0.0,0.0,19.0
2018-12-11,75,0,5,13,0,0,30,21,22,58,0,26,0,0,81,0.0,63.0,0.0,12.0,0.0
2018-12-12,70,0,7,13,3,0,32,0,0,73,0,24,0,0,80,0.0,70.0,0.0,0.0,0.0
2018-12-13,77,0,3,10,0,0,28,0,0,62,0,31,16,0,71,0.0,62.0,0.0,0.0,16.0
2018-12-14,75,0,5,9,0,0,25,23,0,60,0,28,18,0,65,0.0,52.0,0.0,0.0,17.0
2018-12-15,66,0,4,10,0,0,0,0,0,39,0,27,0,0,62,0.0,54.0,0.0,0.0,0.0
2018-12-16,63,0,3,12,0,0,0,0,0,46,0,38,0,0,81,0.0,41.0,0.0,0.0,0.0
2018-12-17,75,0,6,13,0,0,46,20,0,61,0,19,14,0,77,0.0,62.0,0.0,0.0,21.0
2018-12-18,76,0,5,15,0,0,36,0,0,42,0,36,0,0,88,13.0,57.0,0.0,0.0,13.0
2018-12-19,78,0,5,14,0,0,0,21,0,67,25,21,0,0,67,15.0,65.0,0.0,0.0,0.0
2018-12-20,73,0,5,16,0,0,28,33,0,69,0,29,0,0,58,0.0,53.0,0.0,0.0,15.0
2018-12-21,65,0,3,10,0,0,33,0,0,70,0,0,18,0,71,0.0,54.0,0.0,0.0,0.0
2018-12-22,57,0,5,11,0,0,38,0,0,40,0,17,0,0,50,14.0,58.0,0.0,0.0,0.0
2018-12-23,52,0,5,7,0,0,37,34,0,43,0,21,0,0,70,0.0,32.0,0.0,0.0,13.0
2018-12-24,63,0,6,7,0,0,0,0,0,30,0,18,0,0,56,0.0,44.0,0.0,0.0,0.0
2018-12-25,60,0,8,12,0,0,24,0,0,41,0,22,0,0,53,16.0,45.0,0.0,0.0,13.0
2018-12-26,63,0,4,11,0,0,35,0,0,66,0,21,0,0,55,0.0,53.0,0.0,0.0,0.0
2018-12-27,63,0,6,11,0,0,34,0,0,45,0,27,0,0,66,0.0,50.0,0.0,0.0,0.0
2018-12-28,67,0,7,11,0,0,30,0,0,57,0,0,17,0,69,0.0,55.0,0.0,0.0,17.0
2018-12-29,62,0,5,13,0,0,28,0,0,36,0,26,0,0,64,26.0,72.0,0.0,0.0,0.0
2018-12-30,60,0,7,12,0,0,38,0,0,40,0,26,0,0,58,0.0,46.0,0.0,0.0,14.0
2018-12-31,50,0,3,9,0,0,25,0,0,24,0,0,0,0,54,0.0,44.0,0.0,0.0,17.0
2019-01-01,74,0,7,12,0,0,11,6,0,7,0,0,0,0,40,0.0,30.0,0.0,0.0,0.0
2019-01-02,75,0,5,11,0,0,0,0,0,9,0,23,13,0,50,0.0,36.0,0.0,0.0,0.0
2019-01-03,70,0,4,11,0,0,6,0,0,9,0,21,22,0,61,0.0,35.0,0.0,0.0,0.0
2019-01-04,73,0,8,12,0,0,6,0,0,10,0,21,0,0,55,9.0,39.0,0.0,0.0,0.0
2019-01-05,73,0,3,14,0,0,9,0,0,11,0,25,0,0,39,8.0,41.0,0.0,0.0,8.0
2019-01-06,68,0,5,16,0,0,6,0,0,11,0,17,0,0,50,0.0,32.0,0.0,0.0,8.0
2019-01-07,73,0,7,16,0,0,8,5,0,19,0,23,0,0,77,0.0,42.0,0.0,0.0,0.0
2019-01-08,76,0,5,18,0,0,5,4,0,41,0,25,0,0,65,0.0,41.0,0.0,0.0,0.0
2019-01-09,81,0,6,13,0,0,0,0,0,38,0,13,0,13,58,0.0,41.0,0.0,0.0,0.0
2019-01-10,82,0,5,15,0,0,6,4,0,39,0,21,0,0,62,8.0,37.0,0.0,0.0,0.0
2019-01-11,76,0,8,14,0,0,5,0,0,76,0,17,0,0,54,0.0,43.0,0.0,0.0,11.0
2019-01-12,73,0,4,14,0,0,0,5,0,81,0,22,0,0,37,8.0,39.0,0.0,0.0,10.0
2019-01-13,66,0,6,13,0,0,6,0,0,57,0,19,0,0,59,0.0,38.0,0.0,0.0,0.0
2019-01-14,82,0,6,12,0,0,6,4,0,53,0,28,0,0,59,0.0,52.0,0.0,0.0,7.0
2019-01-15,81,0,7,15,0,0,6,4,0,46,0,25,0,0,53,0.0,48.0,0.0,0.0,0.0
2019-01-16,79,0,6,14,0,0,4,0,0,36,0,31,0,0,63,8.0,39.0,0.0,0.0,0.0
2019-01-17,74,0,6,13,0,0,7,5,0,31,0,13,0,0,59,9.0,47.0,0.0,0.0,8.0
2019-01-18,73,0,6,13,0,0,6,0,0,21,0,19,0,0,68,0.0,46.0,0.0,0.0,0.0
2019-01-19,80,0,7,12,0,0,7,0,0,23,0,15,0,0,78,0.0,36.0,0.0,0.0,8.0
2019-01-20,72,0,7,14,0,0,7,0,0,21,0,27,19,0,73,0.0,47.0,0.0,10.0,0.0
2019-01-21,85,0,7,15,0,0,4,4,0,23,0,24,12,0,67,11.0,44.0,0.0,0.0,0.0
2019-01-22,75,0,10,10,0,0,6,5,0,21,0,31,0,0,83,7.0,51.0,0.0,0.0,0.0
2019-01-23,78,0,5,12,0,0,5,5,0,20,19,32,0,0,71,10.0,53.0,0.0,0.0,8.0
2019-01-24,79,0,6,14,0,0,6,0,0,22,0,21,13,0,67,0.0,63.0,0.0,0.0,0.0
2019-01-25,74,0,7,13,0,0,4,4,0,20,0,35,0,0,57,0.0,52.0,0.0,0.0,7.0
2019-01-26,75,0,8,14,0,0,7,0,0,16,0,23,0,0,53,0.0,40.0,0.0,0.0,0.0
2019-01-27,75,0,6,13,0,0,6,4,0,18,0,16,0,0,55,12.0,36.0,0.0,0.0,0.0
2019-01-28,79,0,9,14,0,0,4,0,0,13,0,31,0,0,72,9.0,49.0,0.0,0.0,10.0
2019-01-29,79,0,8,18,0,0,7,0,0,15,0,40,0,0,63,8.0,46.0,0.0,0.0,9.0
2019-01-30,83,0,6,14,0,0,6,6,0,13,0,33,0,0,60,8.0,51.0,0.0,0.0,0.0
2019-01-31,89,0,6,21,3,0,5,3,0,16,0,33,14,0,76,8.0,62.0,0.0,0.0,8.0
2019-02-01,76,0,6,14,0,0,5,4,0,12,0,29,0,0,66,10.0,43.0,0.0,0.0,9.0
2019-02-02,68,0,6,15,0,0,7,4,0,8,0,27,0,0,46,0.0,29.0,0.0,0.0,0.0
2019-02-03,67,0,5,13,0,0,7,0,0,11,0,26,0,0,44,11.0,26.0,0.0,0.0,0.0
2019-02-04,78,0,6,13,0,0,7,4,0,8,0,18,0,0,55,0.0,41.0,0.0,0.0,8.0
2019-02-05,75,0,4,14,0,0,8,0,0,10,0,18,0,0,50,0.0,39.0,0.0,0.0,0.0
2019-02-06,86,0,6,16,0,0,4,0,0,11,0,30,0,0,61,8.0,54.0,0.0,0.0,0.0
2019-02-07,79,0,9,17,0,0,7,4,0,12,0,24,19,0,92,7.0,49.0,0.0,7.0,0.0
2019-02-08,85,0,8,20,0,0,6,0,0,11,0,35,0,0,73,11.0,50.0,0.0,0.0,10.0
2019-02-09,74,0,7,17,0,0,6,5,0,8,0,0,0,0,49,7.0,43.0,0.0,0.0,8.0
2019-02-10,79,3,6,18,0,0,7,0,0,11,0,28,0,0,61,0.0,45.0,0.0,0.0,11.0
2019-02-11,79,0,6,13,0,0,6,0,0,13,13,31,13,0,82,0.0,65.0,0.0,0.0,0.0
2019-02-12,85,0,8,19,0,0,6,0,3,12,0,27,0,0,75,9.0,64.0,0.0,0.0,10.0
2019-02-13,81,0,6,14,0,0,7,4,4,12,14,27,12,0,70,7.0,54.0,0.0,0.0,10.0
2019-02-14,85,0,7,21,0,0,7,0,0,10,0,21,14,0,83,7.0,61.0,0.0,0.0,12.0
2019-02-15,85,0,7,15,0,0,8,4,4,11,0,32,0,0,73,8.0,66.0,0.0,0.0,0.0
2019-02-16,72,0,5,20,0,0,6,0,0,6,0,22,13,0,56,11.0,28.0,0.0,0.0,0.0
2019-02-17,79,0,9,10,0,0,7,0,0,7,0,15,0,0,66,0.0,40.0,0.0,0.0,0.0
2019-02-18,86,0,7,15,0,0,7,4,0,12,0,22,13,0,73,0.0,49.0,0.0,0.0,8.0
2019-02-19,90,0,7,16,0,0,7,4,0,13,0,34,0,0,78,8.0,64.0,0.0,0.0,9.0
2019-02-20,90,0,7,18,0,0,8,0,0,11,0,17,11,0,95,9.0,62.0,0.0,0.0,13.0
2019-02-21,85,0,6,15,0,0,6,0,0,10,0,27,0,0,71,0.0,76.0,0.0,0.0,0.0
2019-02-22,80,0,8,10,0,0,6,0,0,12,0,20,0,0,61,0.0,48.0,0.0,0.0,9.0
2019-02-23,70,0,6,15,0,0,8,5,0,9,0,19,0,0,70,0.0,43.0,0.0,0.0,17.0
2019-02-24,76,0,7,20,0,0,6,0,0,6,0,24,0,0,68,9.0,42.0,0.0,0.0,0.0
2019-02-25,90,0,5,14,0,0,8,0,0,10,0,19,0,0,81,0.0,76.0,0.0,0.0,10.0
2019-02-26,86,0,7,16,0,0,6,3,0,13,0,20,0,0,80,0.0,71.0,0.0,0.0,7.0
2019-02-27,86,0,6,15,0,0,7,3,0,8,0,21,0,0,82,0.0,70.0,0.0,0.0,0.0
2019-02-28,84,0,5,20,0,0,5,0,0,15,0,27,0,0,96,11.0,72.0,0.0,7.0,0.0
2019-03-01,84,0,5,15,0,0,4,0,0,10,0,25,0,0,63,8.0,58.0,0.0,0.0,8.0
2019-03-02,63,0,6,15,0,0,6,0,0,100,0,19,0,0,58,0.0,47.0,0.0,0.0,10.0
2019-03-03,71,0,8,13,0,0,7,0,0,64,0,20,0,0,61,0.0,48.0,0.0,0.0,0.0
2019-03-04,86,0,7,15,0,0,6,4,0,51,0,23,0,0,57,0.0,69.0,0.0,0.0,8.0
2019-03-05,85,0,6,12,0,0,6,0,0,26,13,26,16,0,68,0.0,100.0,0.0,0.0,0.0
2019-03-06,83,0,7,12,0,0,4,0,0,16,0,26,0,0,57,0.0,68.0,0.0,0.0,0.0
2019-03-07,77,0,8,14,0,0,6,0,0,12,0,23,0,0,75,8.0,52.0,0.0,0.0,0.0
2019-03-08,79,0,7,14,0,0,8,4,0,24,0,21,0,0,57,10.0,68.0,0.0,0.0,0.0
2019-03-09,73,0,8,16,0,0,8,0,0,10,0,13,0,0,66,0.0,37.0,0.0,0.0,0.0
2019-03-10,70,0,6,13,0,0,6,0,0,8,0,20,0,0,58,0.0,45.0,0.0,0.0,0.0
2019-03-11,77,0,5,14,0,0,5,0,0,15,0,17,15,0,69,0.0,55.0,0.0,10.0,8.0
2019-03-12,97,0,6,14,0,0,5,3,3,15,0,22,0,0,69,0.0,69.0,0.0,0.0,9.0
2019-03-13,86,0,9,14,0,0,6,0,0,15,12,16,0,0,85,0.0,98.0,0.0,0.0,11.0
2019-03-14,81,0,10,14,0,0,7,3,0,10,0,23,0,0,65,9.0,93.0,0.0,0.0,13.0
2019-03-15,84,0,8,16,0,0,5,0,0,13,0,0,14,0,56,8.0,66.0,0.0,0.0,0.0
2019-03-16,75,0,8,13,0,0,6,5,0,11,0,25,16,0,54,8.0,96.0,0.0,0.0,0.0
2019-03-17,73,0,8,15,0,0,6,0,0,12,0,21,0,0,57,0.0,63.0,0.0,0.0,18.0
2019-03-18,100,0,11,13,0,0,7,4,0,14,0,21,0,0,74,7.0,92.0,0.0,0.0,9.0
2019-03-19,92,0,11,15,0,0,6,0,0,19,0,16,21,0,80,7.0,84.0,0.0,0.0,8.0
2019-03-20,94,0,6,14,0,0,7,3,0,14,0,26,12,0,65,0.0,71.0,0.0,0.0,0.0
2019-03-21,85,0,8,14,0,0,5,3,0,17,0,17,0,0,67,0.0,70.0,0.0,0.0,14.0
2019-03-22,90,0,6,13,0,0,6,0,0,16,0,22,0,0,69,9.0,71.0,0.0,0.0,0.0
2019-03-23,76,0,6,15,0,0,8,4,0,11,0,21,14,0,52,0.0,90.0,0.0,0.0,12.0
2019-03-24,84,0,8,17,0,0,8,0,5,14,0,17,14,0,71,10.0,43.0,0.0,0.0,8.0
2019-03-25,93,0,6,14,0,0,4,3,3,14,0,19,17,0,66,0.0,65.0,0.0,0.0,0.0
2019-03-26,87,0,10,12,0,0,5,0,0,21,0,35,14,0,77,0.0,66.0,0.0,0.0,0.0
2019-03-27,87,0,9,14,0,0,7,0,0,16,0,0,0,0,78,0.0,75.0,0.0,0.0,12.0
2019-03-28,82,0,10,16,0,0,6,4,0,15,0,24,13,0,83,9.0,57.0,0.0,0.0,12.0
2019-03-29,77,0,6,14,0,0,0,0,0,11,0,14,0,0,83,0.0,45.0,0.0,0.0,9.0
2019-03-30,73,0,4,14,0,0,6,0,0,9,0,26,17,0,47,0.0,34.0,0.0,0.0,0.0
2019-03-31,72,0,4,13,0,0,4,0,0,10,0,18,0,0,52,8.0,45.0,0.0,0.0,9.0
2019-04-01,76,0,6,16,0,0,6,4,0,10,0,23,0,0,59,0.0,48.0,0.0,0.0,9.0
2019-04-02,75,0,6,13,0,0,9,0,4,13,0,23,17,0,78,8.0,39.0,0.0,0.0,8.0
2019-04-03,74,0,3,20,0,0,7,0,0,8,0,30,0,0,67,0.0,37.0,0.0,0.0,8.0
2019-04-04,87,0,5,17,0,0,4,0,0,9,0,38,22,0,53,0.0,46.0,0.0,0.0,12.0
2019-04-05,86,0,6,16,0,0,5,0,0,10,0,21,0,0,65,13.0,42.0,0.0,0.0,0.0
2019-04-06,63,0,5,12,0,0,6,0,0,11,0,24,0,0,67,0.0,33.0,0.0,0.0,0.0
2019-04-07,76,0,8,17,0,0,5,0,0,9,0,23,0,0,54,0.0,43.0,0.0,0.0,0.0
2019-04-08,86,0,5,17,0,0,7,4,0,10,0,24,20,0,78,10.0,92.0,0.0,0.0,9.0
2019-04-09,81,0,7,13,0,0,8,4,0,13,0,17,0,0,73,10.0,47.0,0.0,0.0,0.0
2019-04-10,83,0,5,15,0,0,7,0,0,8,0,17,0,0,77,0.0,55.0,0.0,0.0,0.0
2019-04-11,90,0,5,17,0,0,6,4,0,12,0,28,15,0,71,0.0,45.0,0.0,7.0,10.0
2019-04-12,75,0,5,11,0,0,0,0,0,10,0,17,13,0,60,11.0,35.0,0.0,0.0,0.0
2019-04-13,66,0,5,15,0,0,6,0,0,9,0,17,0,0,56,0.0,42.0,0.0,0.0,8.0
2019-04-14,75,0,6,13,0,0,6,0,0,7,0,21,0,0,51,0.0,39.0,0.0,0.0,0.0
2019-04-15,83,0,5,14,0,0,5,4,0,12,0,19,0,0,56,0.0,47.0,0.0,0.0,0.0
2019-04-16,64,0,5,13,0,0,0,0,0,11,0,14,0,0,56,0.0,43.0,0.0,0.0,0.0
2019-04-17,55,0,5,8,0,0,4,0,0,7,0,25,0,0,28,8.0,31.0,0.0,0.0,0.0
2019-04-18,63,0,4,18,0,0,8,0,0,8,0,17,0,0,46,0.0,35.0,0.0,0.0,0.0
2019-04-19,62,0,7,16,0,0,0,0,0,8,0,32,15,0,59,0.0,30.0,0.0,0.0,0.0
2019-04-20,69,0,6,15,0,0,5,5,0,7,0,15,0,0,50,0.0,28.0,0.0,0.0,0.0
2019-04-21,64,0,6,13,0,0,7,0,0,12,0,14,0,0,47,0.0,28.0,0.0,0.0,9.0
2019-04-22,79,0,4,15,0,0,4,0,0,9,0,24,0,0,74,9.0,41.0,0.0,0.0,9.0
2019-04-23,80,0,7,13,0,0,6,0,0,11,0,25,22,0,69,0.0,46.0,0.0,0.0,9.0
2019-04-24,86,0,5,11,0,0,5,3,0,13,0,17,0,0,55,0.0,39.0,0.0,9.0,8.0
2019-04-25,91,0,8,11,0,0,17,4,0,12,0,30,0,0,66,9.0,42.0,0.0,0.0,0.0
2019-04-26,74,0,9,14,0,0,7,0,0,11,0,24,17,0,54,0.0,33.0,0.0,0.0,12.0
2019-04-27,67,0,5,11,0,0,6,0,0,7,0,25,0,0,53,14.0,32.0,0.0,0.0,11.0
2019-04-28,72,0,6,8,0,0,8,4,0,11,0,0,0,0,55,0.0,34.0,0.0,0.0,9.0
2019-04-29,74,0,8,13,0,0,6,0,0,13,0,13,0,0,64,8.0,40.0,0.0,8.0,10.0
2019-04-30,73,0,6,13,0,0,5,0,0,10,0,26,0,0,56,12.0,35.0,0.0,7.0,0.0
2019-05-01,76,0,8,11,0,0,5,0,4,7,0,30,0,0,53,0.0,36.0,0.0,0.0,0.0
2019-05-02,80,0,6,13,0,0,7,0,0,9,15,17,14,0,73,0.0,39.0,0.0,0.0,8.0
2019-05-03,72,0,6,11,0,0,9,0,0,9,0,20,17,0,51,0.0,37.0,0.0,0.0,0.0
2019-05-04,78,0,5,15,0,0,8,0,0,8,14,15,0,0,65,0.0,30.0,0.0,0.0,13.0
2019-05-05,61,0,5,12,0,0,6,4,0,0,0,21,13,0,45,0.0,31.0,0.0,0.0,0.0
2019-05-06,89,0,8,12,0,0,6,0,0,9,14,26,14,0,72,8.0,30.0,0.0,0.0,8.0
2019-05-07,79,0,6,13,0,0,5,0,0,7,0,26,13,0,65,8.0,34.0,0.0,0.0,7.0
2019-05-08,75,0,6,11,0,0,7,0,0,11,14,26,0,0,64,8.0,27.0,0.0,0.0,11.0
2019-05-09,79,0,3,13,0,0,8,0,0,14,0,32,13,0,73,0.0,45.0,0.0,0.0,0.0
2019-05-10,79,0,7,12,0,0,6,0,0,10,15,26,0,0,73,0.0,46.0,0.0,0.0,0.0
2019-05-11,72,0,6,13,0,0,5,0,0,5,0,28,0,0,68,11.0,47.0,0.0,0.0,0.0
2019-05-12,71,0,8,9,0,0,5,0,0,6,0,18,0,0,61,9.0,33.0,0.0,0.0,9.0
2019-05-13,86,0,5,13,0,0,6,0,0,11,15,20,0,0,82,0.0,45.0,0.0,0.0,0.0
2019-05-14,82,0,5,11,0,0,8,0,0,11,0,16,0,0,100,11.0,46.0,0.0,7.0,8.0
2019-05-15,81,0,7,9,0,0,6,3,0,14,13,28,0,0,83,7.0,41.0,0.0,0.0,0.0
2019-05-16,81,0,7,13,0,0,9,5,0,13,0,21,0,0,63,8.0,43.0,8.0,0.0,0.0
2019-05-17,74,0,8,9,0,0,4,0,0,7,15,19,0,0,69,0.0,41.0,0.0,0.0,0.0
2019-05-18,63,0,4,9,0,0,7,4,0,8,0,0,0,0,61,0.0,42.0,0.0,0.0,0.0
2019-05-19,66,0,6,14,0,0,0,4,5,9,0,27,0,0,64,0.0,32.0,0.0,0.0,0.0
2019-05-20,73,0,5,11,0,0,6,4,0,6,0,26,0,0,64,0.0,43.0,0.0,0.0,9.0
2019-05-21,72,0,6,11,0,0,4,0,0,14,0,15,15,0,64,0.0,38.0,0.0,0.0,7.0
2019-05-22,70,0,6,9,0,0,5,4,0,9,0,18,14,0,81,0.0,35.0,0.0,0.0,8.0
2019-05-23,71,0,5,12,0,0,6,0,0,10,0,17,15,0,63,0.0,35.0,0.0,10.0,7.0
2019-05-24,66,0,4,8,0,0,5,4,0,6,0,16,0,0,58,0.0,33.0,0.0,8.0,0.0
2019-05-25,59,0,6,10,0,0,4,0,0,7,0,23,0,0,62,0.0,35.0,0.0,0.0,0.0
2019-05-26,62,0,4,13,0,0,4,0,0,7,0,19,0,0,68,0.0,32.0,0.0,0.0,0.0
2019-05-27,75,0,6,8,0,0,6,0,4,9,0,19,0,0,53,9.0,39.0,0.0,0.0,9.0
2019-05-28,66,0,5,9,0,0,4,0,0,6,0,0,12,0,59,0.0,29.0,0.0,0.0,8.0
2019-05-29,53,0,4,9,0,0,6,0,0,4,0,0,0,0,46,0.0,26.0,0.0,0.0,0.0
2019-05-30,52,0,7,8,0,0,0,6,0,4,0,24,0,0,48,0.0,24.0,0.0,0.0,0.0
2019-05-31,61,0,5,9,0,0,5,0,0,5,0,18,0,0,43,0.0,36.0,0.0,0.0,0.0
2019-06-01,54,0,6,9,0,0,6,0,0,0,0,0,0,0,31,0.0,24.0,0.0,0.0,8.0
2019-06-02,56,0,6,8,0,0,0,0,0,0,0,22,0,0,31,0.0,35.0,0.0,0.0,11.0
2019-06-03,55,0,7,7,0,0,5,0,0,5,0,0,0,0,29,0.0,18.0,0.0,0.0,0.0
2019-06-04,45,0,4,8,0,0,0,0,0,4,0,0,0,0,25,0.0,20.0,0.0,0.0,0.0
2019-06-05,65,0,6,10,0,0,0,0,0,0,0,0,0,0,48,0.0,26.0,0.0,0.0,0.0
2019-06-06,63,0,5,9,0,0,4,0,0,6,0,16,0,0,51,0.0,35.0,0.0,0.0,0.0
2019-06-07,66,0,6,12,0,0,6,4,0,5,0,19,0,0,36,0.0,28.0,0.0,0.0,0.0
2019-06-08,70,0,9,8,0,0,5,0,0,6,0,20,0,0,41,0.0,19.0,0.0,0.0,12.0
2019-06-09,70,0,7,10,0,0,6,0,0,8,0,0,0,0,57,10.0,25.0,0.0,0.0,10.0
2019-06-10,79,0,8,11,0,0,7,4,0,5,0,24,0,0,61,0.0,35.0,0.0,0.0,9.0
2019-06-11,77,0,9,11,0,0,0,0,0,9,0,13,0,0,51,9.0,33.0,0.0,0.0,10.0
2019-06-12,72,0,9,9,0,0,4,5,0,9,0,12,0,0,46,13.0,39.0,0.0,0.0,13.0
2019-06-13,72,0,7,10,0,0,5,4,0,11,0,14,0,0,58,11.0,36.0,0.0,0.0,0.0
2019-06-14,74,0,11,12,0,0,6,0,0,6,0,13,0,0,62,10.0,40.0,0.0,0.0,8.0
2019-06-15,73,0,7,11,0,0,8,5,0,6,0,15,0,0,38,0.0,34.0,0.0,0.0,0.0
2019-06-16,64,0,10,12,0,0,7,5,0,9,0,17,0,0,57,0.0,24.0,0.0,0.0,11.0
2019-06-17,85,0,10,8,0,0,9,0,0,8,0,13,0,0,67,0.0,26.0,0.0,0.0,8.0
2019-06-18,77,0,8,12,0,0,6,0,0,10,0,20,12,0,62,0.0,36.0,0.0,7.0,7.0
2019-06-19,74,0,12,10,0,0,6,4,0,9,0,17,0,0,64,0.0,35.0,0.0,0.0,12.0
2019-06-20,76,0,9,7,0,0,6,5,0,9,0,0,0,0,63,0.0,40.0,0.0,0.0,8.0
2019-06-21,76,0,9,10,0,0,6,5,0,9,0,20,0,0,54,11.0,26.0,0.0,0.0,0.0
2019-06-22,68,0,8,11,0,0,4,0,4,5,0,19,0,0,51,8.0,35.0,0.0,0.0,0.0
2019-06-23,70,0,8,12,0,0,5,0,0,8,0,15,0,0,55,13.0,29.0,0.0,0.0,9.0
2019-06-24,75,0,5,8,0,0,5,0,0,11,0,13,0,0,54,9.0,40.0,0.0,0.0,9.0
2019-06-25,77,4,5,13,0,0,7,4,0,5,0,22,0,0,57,9.0,37.0,0.0,7.0,0.0
2019-06-26,75,0,9,9,0,0,9,0,0,9,0,17,0,0,50,0.0,35.0,0.0,0.0,0.0
2019-06-27,73,0,7,9,0,0,6,4,0,11,0,0,15,0,63,0.0,36.0,0.0,0.0,8.0
2019-06-28,80,0,9,10,0,0,6,0,0,10,0,23,0,0,60,9.0,36.0,0.0,0.0,10.0
2019-06-29,69,0,6,11,0,0,6,0,0,6,0,18,0,0,54,0.0,33.0,0.0,0.0,9.0
2019-06-30,76,0,6,8,0,0,5,0,0,11,0,13,0,0,51,11.0,35.0,0.0,0.0,0.0
2019-07-01,73,0,6,7,0,0,6,3,0,11,0,28,17,0,67,17.0,67.0,0.0,0.0,12.0
2019-07-02,71,0,8,10,0,0,5,0,0,13,0,16,0,19,73,0.0,72.0,0.0,0.0,0.0
2019-07-03,70,0,7,11,0,0,5,3,0,17,0,16,0,0,82,16.0,66.0,0.0,0.0,18.0
2019-07-04,69,0,7,8,0,0,5,4,0,23,0,31,0,0,59,21.0,50.0,0.0,0.0,0.0
2019-07-05,67,0,6,9,0,0,7,0,0,12,0,21,0,0,61,13.0,49.0,0.0,0.0,15.0
2019-07-06,64,0,9,10,0,0,5,4,0,8,0,0,0,0,54,0.0,48.0,0.0,0.0,0.0
2019-07-07,62,0,5,9,0,0,7,6,0,7,0,26,0,21,69,0.0,63.0,0.0,0.0,14.0
2019-07-08,73,0,6,9,2,0,5,4,0,9,0,14,0,0,70,11.0,69.0,0.0,0.0,14.0
2019-07-09,63,0,6,10,0,0,4,5,0,8,0,16,0,19,69,13.0,68.0,0.0,0.0,0.0
2019-07-10,64,0,7,8,0,0,7,0,0,9,0,19,0,0,74,0.0,75.0,0.0,12.0,0.0
2019-07-11,71,0,6,9,0,0,5,4,0,7,0,0,15,0,71,0.0,72.0,0.0,0.0,16.0
2019-07-12,70,0,6,8,0,0,5,3,0,6,0,18,0,0,46,0.0,62.0,0.0,0.0,13.0
2019-07-13,65,0,3,8,0,0,4,0,0,8,0,18,0,0,67,17.0,51.0,0.0,0.0,18.0
2019-07-14,66,0,7,7,0,0,3,0,0,7,0,0,0,0,60,14.0,47.0,0.0,0.0,17.0
2019-07-15,73,0,8,9,0,0,5,3,0,6,17,43,16,0,76,12.0,57.0,0.0,0.0,0.0
2019-07-16,68,0,7,10,0,0,6,4,0,9,27,32,0,0,58,0.0,74.0,0.0,0.0,0.0
2019-07-17,67,0,5,7,0,0,8,5,0,10,0,23,0,0,56,0.0,72.0,0.0,0.0,13.0
2019-07-18,71,0,5,9,0,0,5,4,0,9,0,24,0,0,68,0.0,67.0,0.0,0.0,0.0
2019-07-19,68,0,7,9,0,0,3,8,0,9,0,20,0,0,60,15.0,58.0,0.0,0.0,17.0
2019-07-20,61,0,6,10,0,0,4,0,0,10,0,24,0,0,65,0.0,50.0,0.0,0.0,14.0
2019-07-21,66,0,6,10,0,0,0,0,0,6,0,20,0,0,52,0.0,55.0,0.0,0.0,0.0
2019-07-22,75,0,0,8,0,0,5,0,0,8,0,22,0,0,72,0.0,64.0,0.0,0.0,0.0
2019-07-23,68,0,9,8,0,0,4,0,0,11,0,28,0,0,74,20.0,74.0,0.0,0.0,15.0
2019-07-24,69,0,7,9,0,0,6,0,0,8,0,23,17,0,62,22.0,65.0,0.0,0.0,0.0
2019-07-25,65,0,7,10,0,0,4,3,0,7,0,22,0,0,63,0.0,55.0,0.0,0.0,22.0
2019-07-26,65,0,6,11,0,0,5,0,0,7,0,26,0,0,50,0.0,59.0,0.0,0.0,15.0
2019-07-27,63,0,5,9,0,0,6,4,0,8,0,22,0,0,53,0.0,59.0,0.0,0.0,15.0
2019-07-28,60,0,9,10,0,0,5,0,0,7,25,23,0,0,47,0.0,45.0,0.0,0.0,0.0
2019-07-29,67,0,5,10,0,0,5,3,0,8,0,20,14,0,42,14.0,65.0,0.0,0.0,0.0
2019-07-30,72,0,4,7,0,0,7,0,0,8,0,30,0,0,58,0.0,73.0,0.0,11.0,13.0
2019-07-31,65,0,7,8,0,0,7,3,0,8,16,30,0,0,57,0.0,60.0,0.0,12.0,14.0
2019-08-01,65,0,6,10,0,0,7,4,0,7,15,15,0,0,67,0.0,52.0,0.0,0.0,17.0
2019-08-02,57,0,4,11,0,0,5,0,0,7,0,0,19,0,51,0.0,50.0,0.0,0.0,0.0
2019-08-03,66,0,5,9,0,0,8,5,0,7,0,35,0,0,57,0.0,47.0,0.0,0.0,14.0
2019-08-04,54,0,3,12,0,0,4,0,0,6,0,30,0,0,41,0.0,48.0,0.0,0.0,0.0
2019-08-05,68,0,6,8,0,0,5,4,0,4,0,33,17,0,57,0.0,49.0,0.0,0.0,0.0
2019-08-06,64,0,5,10,0,0,7,0,0,9,0,16,18,0,57,15.0,50.0,0.0,0.0,13.0
2019-08-07,58,0,6,8,0,0,6,0,0,7,0,23,14,0,63,11.0,59.0,0.0,0.0,0.0
2019-08-08,65,0,5,7,0,0,7,5,0,7,0,25,0,0,55,23.0,55.0,0.0,0.0,17.0
2019-08-09,59,0,5,9,0,0,8,0,0,8,18,25,0,0,51,0.0,56.0,0.0,0.0,12.0
2019-08-10,60,0,4,8,0,0,7,0,0,7,0,19,0,0,42,0.0,47.0,0.0,0.0,0.0
2019-08-11,60,0,5,13,0,0,6,0,0,4,0,32,0,0,43,0.0,40.0,0.0,0.0,13.0
2019-08-12,68,0,6,11,0,0,7,0,0,6,0,24,14,0,70,19.0,56.0,0.0,0.0,0.0
2019-08-13,66,0,3,10,0,0,0,0,0,7,0,18,15,0,57,0.0,68.0,0.0,0.0,0.0
2019-08-14,60,0,4,8,0,0,6,4,0,6,0,30,18,0,55,14.0,35.0,0.0,0.0,0.0
2019-08-15,70,0,6,11,0,0,4,3,0,8,0,0,18,0,78,13.0,64.0,0.0,19.0,12.0
2019-08-16,63,0,5,7,0,0,4,0,0,0,0,0,0,0,55,0.0,45.0,0.0,0.0,14.0
2019-08-17,55,0,5,13,0,0,4,0,0,7,0,19,0,0,40,14.0,35.0,0.0,0.0,0.0
2019-08-18,60,0,4,11,0,0,4,0,0,8,0,31,0,0,55,17.0,45.0,0.0,0.0,13.0
2019-08-19,64,0,6,13,0,0,3,4,0,6,0,27,15,0,69,0.0,44.0,0.0,0.0,14.0
2019-08-20,71,0,5,10,0,0,9,3,0,6,0,20,0,0,50,0.0,67.0,0.0,0.0,20.0
2019-08-21,70,0,5,10,0,0,6,3,0,8,0,23,19,0,65,14.0,66.0,0.0,0.0,18.0
2019-08-22,72,0,4,10,0,0,8,4,0,7,0,36,14,0,64,22.0,59.0,0.0,0.0,0.0
2019-08-23,62,0,7,10,0,3,7,0,0,5,0,35,0,0,59,0.0,49.0,0.0,0.0,17.0
2019-08-24,63,0,4,11,0,0,7,0,0,7,0,0,19,0,67,0.0,58.0,0.0,0.0,18.0
2019-08-25,59,0,6,9,0,0,5,3,0,5,0,20,0,0,59,0.0,55.0,0.0,0.0,0.0
2019-08-26,63,0,6,10,0,0,5,0,0,8,0,21,16,0,53,0.0,63.0,0.0,0.0,18.0
2019-08-27,66,0,7,10,0,0,6,0,0,7,14,30,0,0,61,0.0,65.0,0.0,0.0,15.0
2019-08-28,72,0,6,10,0,0,5,0,0,8,0,28,0,0,68,0.0,58.0,0.0,0.0,0.0
2019-08-29,67,0,7,11,0,0,5,4,0,10,0,23,16,0,52,0.0,58.0,0.0,0.0,0.0
2019-08-30,66,0,6,10,0,0,5,4,0,7,0,25,0,0,67,0.0,53.0,0.0,0.0,14.0
2019-08-31,57,0,6,8,0,0,4,0,0,5,15,24,0,0,51,0.0,42.0,0.0,0.0,0.0
2019-09-01,59,0,5,6,0,0,7,0,0,6,0,31,0,0,64,0.0,47.0,0.0,0.0,0.0
2019-09-02,65,0,6,9,0,0,6,6,0,8,14,25,0,0,71,15.0,58.0,0.0,0.0,16.0
2019-09-03,65,0,6,12,0,0,5,3,0,8,0,25,17,0,74,0.0,58.0,0.0,0.0,12.0
2019-09-04,71,0,6,8,0,0,7,5,0,9,0,29,13,0,69,12.0,70.0,0.0,0.0,18.0
2019-09-05,67,0,5,10,0,0,7,3,0,11,0,23,0,0,61,16.0,65.0,0.0,0.0,19.0
2019-09-06,77,0,6,11,0,0,6,3,0,5,30,28,0,0,58,0.0,60.0,0.0,0.0,16.0
2019-09-07,66,0,5,10,0,0,6,0,0,8,0,23,0,0,68,14.0,56.0,0.0,0.0,17.0
2019-09-08,67,0,6,11,0,0,7,4,0,8,16,23,0,0,58,16.0,49.0,0.0,0.0,0.0
2019-09-09,82,0,6,11,0,0,6,4,0,7,0,29,0,0,51,12.0,67.0,0.0,0.0,14.0
2019-09-10,71,0,5,10,0,0,5,0,0,9,0,29,0,0,73,0.0,69.0,0.0,0.0,0.0
2019-09-11,73,0,5,9,0,0,9,4,0,12,22,29,13,0,80,11.0,57.0,0.0,0.0,13.0
2019-09-12,66,0,7,9,0,0,5,5,0,12,0,24,16,0,74,15.0,67.0,0.0,0.0,18.0
2019-09-13,73,0,4,10,0,0,5,0,3,6,0,0,14,0,69,0.0,55.0,0.0,0.0,13.0
2019-09-14,67,0,4,11,0,0,6,3,0,6,0,21,15,0,70,0.0,52.0,0.0,0.0,18.0
2019-09-15,77,0,7,9,0,0,6,4,0,7,0,30,0,0,62,0.0,60.0,0.0,0.0,15.0
2019-09-16,68,0,5,10,0,0,5,3,3,10,0,34,15,0,56,0.0,54.0,11.0,0.0,0.0
2019-09-17,81,0,6,13,0,0,9,4,0,11,16,26,0,0,60,0.0,70.0,0.0,0.0,16.0
2019-09-18,72,0,5,11,0,0,7,6,0,10,0,20,19,0,76,10.0,76.0,0.0,12.0,0.0
2019-09-19,74,0,6,13,0,0,5,4,0,11,0,16,22,0,61,10.0,88.0,11.0,0.0,20.0
2019-09-20,69,0,7,11,0,0,8,0,0,9,0,28,17,0,60,0.0,65.0,0.0,13.0,16.0
2019-09-21,73,0,4,9,0,0,7,0,0,4,0,22,0,0,68,0.0,50.0,0.0,0.0,0.0
2019-09-22,63,0,5,11,0,0,6,4,0,8,0,18,0,0,63,16.0,58.0,0.0,0.0,0.0
2019-09-23,71,0,7,12,0,0,6,3,0,12,0,19,0,0,67,0.0,50.0,0.0,0.0,10.0
2019-09-24,69,0,4,12,0,0,5,3,0,6,18,26,0,0,70,16.0,80.0,0.0,0.0,16.0
2019-09-25,68,0,7,9,0,0,4,3,0,8,15,34,12,0,70,12.0,72.0,0.0,0.0,0.0
2019-09-26,71,0,5,11,0,0,5,3,0,8,0,22,0,0,75,0.0,68.0,0.0,0.0,0.0
2019-09-27,68,0,5,12,0,0,6,3,0,9,0,22,15,0,58,0.0,66.0,0.0,0.0,0.0
2019-09-28,70,0,4,9,0,0,8,0,0,7,0,17,0,0,68,16.0,52.0,0.0,0.0,24.0
2019-09-29,67,0,6,9,0,0,6,5,0,48,0,31,0,0,57,0.0,70.0,0.0,0.0,0.0
2019-09-30,73,0,6,11,0,0,5,4,0,100,0,0,0,21,84,14.0,66.0,0.0,0.0,14.0
2019-10-01,74,0,6,12,0,0,5,6,0,39,0,29,15,0,62,13.0,64.0,0.0,0.0,17.0
2019-10-02,76,0,5,12,0,0,5,5,3,29,0,30,0,0,79,0.0,63.0,0.0,0.0,15.0
2019-10-03,72,0,6,11,0,0,5,0,0,24,0,25,24,0,68,14.0,69.0,0.0,0.0,15.0
2019-10-04,68,0,3,11,0,0,4,0,0,16,20,37,21,0,76,24.0,48.0,0.0,0.0,17.0
2019-10-05,68,0,5,9,0,0,5,0,0,13,0,24,14,0,68,0.0,50.0,0.0,0.0,12.0
2019-10-06,71,0,5,11,0,0,8,4,0,12,0,17,0,0,67,12.0,50.0,0.0,14.0,0.0
2019-10-07,75,0,5,12,0,0,8,4,0,13,0,32,0,0,80,0.0,68.0,0.0,17.0,17.0
2019-10-08,80,0,5,13,0,0,5,4,0,16,0,39,21,0,90,13.0,76.0,0.0,0.0,13.0
2019-10-09,79,0,5,11,0,0,8,0,0,12,0,28,13,0,84,0.0,77.0,0.0,0.0,14.0
2019-10-10,75,0,7,9,0,0,5,4,0,12,20,31,0,0,66,0.0,69.0,0.0,0.0,25.0
2019-10-11,80,0,6,13,0,0,6,4,0,13,0,25,17,0,71,19.0,72.0,0.0,0.0,0.0
2019-10-12,67,0,5,11,0,0,5,7,0,8,22,20,0,0,59,13.0,44.0,0.0,0.0,23.0
2019-10-13,65,0,5,11,0,0,5,6,0,11,20,17,0,0,72,17.0,50.0,0.0,0.0,15.0
2019-10-14,78,0,6,13,0,0,8,3,3,14,0,25,16,0,60,0.0,73.0,0.0,0.0,10.0
2019-10-15,77,0,6,13,0,0,5,3,0,13,0,34,13,0,77,0.0,64.0,0.0,0.0,19.0
2019-10-16,78,0,6,11,0,0,6,4,3,12,14,32,16,0,88,0.0,76.0,0.0,0.0,14.0
2019-10-17,85,0,5,13,0,0,10,4,0,13,24,25,0,0,87,0.0,75.0,0.0,0.0,0.0
2019-10-18,75,0,4,13,0,0,8,3,0,9,0,26,0,0,70,0.0,71.0,0.0,0.0,24.0
2019-10-19,72,0,5,12,0,0,7,0,4,9,0,17,0,0,57,16.0,54.0,0.0,0.0,28.0
2019-10-20,73,0,6,13,0,0,6,3,0,8,20,39,0,0,84,0.0,61.0,0.0,0.0,16.0
2019-10-21,77,0,6,14,0,0,7,3,0,9,18,35,19,0,71,0.0,72.0,0.0,12.0,0.0
2019-10-22,80,2,5,10,0,0,6,4,0,12,15,37,13,0,76,18.0,71.0,0.0,13.0,16.0
2019-10-23,72,0,4,12,0,0,5,0,0,11,0,36,0,0,77,0.0,65.0,0.0,0.0,14.0
2019-10-24,83,0,7,13,0,0,5,3,0,11,0,23,20,0,77,20.0,82.0,0.0,0.0,16.0
2019-10-25,74,0,4,13,0,0,4,3,0,11,0,28,14,0,60,0.0,73.0,0.0,0.0,13.0
2019-10-26,75,0,5,10,0,0,6,0,0,6,0,0,0,0,66,0.0,74.0,0.0,0.0,17.0
2019-10-27,87,0,7,14,0,0,6,5,0,11,0,31,0,0,69,15.0,58.0,0.0,0.0,0.0
2019-10-28,76,0,6,14,0,0,8,4,0,9,13,39,0,0,72,11.0,67.0,0.0,0.0,0.0
2019-10-29,80,0,6,15,0,0,9,5,0,11,16,40,19,0,91,0.0,76.0,0.0,0.0,0.0
2019-10-30,81,0,6,13,0,0,7,0,0,15,0,39,0,0,84,18.0,64.0,0.0,0.0,17.0
2019-10-31,80,0,5,16,0,0,5,5,0,13,17,31,16,0,80,0.0,78.0,0.0,0.0,0.0
2019-11-01,70,0,5,12,0,0,5,4,0,11,0,26,0,0,66,0.0,48.0,0.0,0.0,0.0
2019-11-02,70,0,7,9,0,0,6,3,0,10,0,15,0,0,52,12.0,63.0,0.0,0.0,15.0
2019-11-03,69,0,9,11,0,0,4,0,0,12,0,59,0,0,63,0.0,64.0,0.0,0.0,13.0
2019-11-04,80,0,6,15,0,0,6,4,0,15,19,40,15,0,88,0.0,77.0,0.0,0.0,21.0
2019-11-05,83,0,4,13,0,0,7,3,0,13,15,38,0,0,73,0.0,75.0,0.0,0.0,0.0
2019-11-06,81,0,7,11,0,0,6,4,0,14,26,39,16,0,61,15.0,77.0,0.0,0.0,14.0
2019-11-07,84,0,5,10,0,0,5,3,0,11,0,39,0,0,72,15.0,100.0,0.0,14.0,18.0
2019-11-08,81,0,5,11,0,0,9,3,0,8,0,23,0,0,54,13.0,77.0,0.0,0.0,16.0
2019-11-09,70,0,5,9,0,0,5,5,0,8,0,19,0,0,71,12.0,56.0,0.0,0.0,23.0
2019-11-10,67,0,5,13,0,0,6,0,3,10,16,40,0,0,53,0.0,52.0,0.0,0.0,14.0
2019-11-11,87,0,4,14,0,0,9,4,0,13,19,55,17,0,67,14.0,74.0,0.0,0.0,22.0
2019-11-12,80,0,6,15,0,0,8,3,0,14,13,49,0,0,69,0.0,92.0,0.0,0.0,15.0
2019-11-13,88,0,3,14,0,0,6,5,0,12,14,48,24,0,80,0.0,74.0,0.0,17.0,18.0
2019-11-14,99,0,6,13,0,0,10,0,0,12,0,45,14,0,84,14.0,100.0,0.0,11.0,21.0
2019-11-15,80,0,6,11,0,0,7,5,0,7,0,29,13,0,81,15.0,70.0,0.0,0.0,22.0
2019-11-16,80,0,5,13,0,0,7,0,0,7,0,35,0,0,56,13.0,77.0,0.0,0.0,12.0
2019-11-17,77,0,4,16,0,0,8,4,0,10,21,46,14,0,69,22.0,68.0,0.0,0.0,27.0
2019-11-18,85,0,5,16,0,0,9,3,0,13,20,51,12,0,85,15.0,97.0,0.0,0.0,16.0
2019-11-19,93,0,5,14,0,0,7,3,0,15,20,53,20,0,70,18.0,86.0,0.0,0.0,0.0
2019-11-20,100,0,4,13,0,0,8,0,3,13,24,45,0,0,60,0.0,74.0,0.0,0.0,15.0
2019-11-21,89,0,7,13,0,0,8,0,0,11,16,39,25,0,85,18.0,81.0,0.0,11.0,17.0
2019-11-22,80,0,5,10,0,0,6,4,0,9,0,31,0,0,66,15.0,69.0,0.0,11.0,16.0
2019-11-23,72,0,4,11,0,0,8,3,0,6,0,22,0,0,83,0.0,60.0,0.0,0.0,13.0
2019-11-24,68,0,6,12,0,0,5,3,0,7,14,51,0,0,50,17.0,76.0,12.0,0.0,20.0
2019-11-25,85,0,5,15,0,0,7,6,0,12,16,54,25,0,76,11.0,75.0,0.0,0.0,11.0
2019-11-26,81,0,6,14,0,0,7,6,0,12,0,42,0,0,89,12.0,86.0,0.0,0.0,0.0
2019-11-27,80,0,5,15,0,0,6,0,0,10,16,41,20,0,77,11.0,98.0,11.0,15.0,10.0
2019-11-28,79,0,6,12,0,0,7,4,4,12,14,41,13,0,82,17.0,76.0,0.0,0.0,12.0
2019-11-29,81,0,5,13,0,0,7,4,0,11,16,40,20,0,75,19.0,73.0,0.0,12.0,17.0
2019-11-30,74,0,4,8,0,0,8,7,0,6,0,37,0,0,56,0.0,55.0,0.0,0.0,12.0
2019-12-01,71,0,6,12,0,0,6,4,0,7,0,23,0,0,61,13.0,64.0,0.0,0.0,15.0
2019-12-02,70,0,7,16,0,0,8,4,0,11,17,33,16,0,73,11.0,83.0,0.0,0.0,17.0
2019-12-03,80,0,7,14,0,0,5,4,0,11,18,37,14,0,78,0.0,69.0,0.0,0.0,15.0
2019-12-04,80,0,5,14,0,0,8,0,4,13,18,40,0,0,100,11.0,93.0,0.0,0.0,10.0
2019-12-05,77,0,6,13,0,0,6,0,0,10,14,37,19,0,71,10.0,76.0,0.0,0.0,20.0
2019-12-06,70,0,7,12,0,0,5,3,0,6,0,23,0,0,79,0.0,71.0,0.0,0.0,14.0
2019-12-07,67,0,7,10,0,0,8,4,0,6,0,24,14,0,60,0.0,59.0,0.0,0.0,19.0
2019-12-08,69,0,11,11,0,0,6,3,0,10,0,31,0,0,51,15.0,53.0,0.0,0.0,16.0
2019-12-09,74,0,5,14,0,0,5,3,0,10,14,28,17,0,66,18.0,68.0,0.0,11.0,15.0
2019-12-10,71,0,6,11,0,0,5,6,0,9,0,25,13,0,89,0.0,75.0,0.0,0.0,14.0
2019-12-11,78,0,9,12,0,0,7,0,0,10,12,31,0,0,84,0.0,76.0,0.0,0.0,14.0
2019-12-12,75,0,10,11,0,0,5,0,0,10,0,15,21,0,78,0.0,94.0,0.0,0.0,25.0
2019-12-13,72,0,7,9,0,0,3,0,0,10,0,27,24,0,65,0.0,57.0,0.0,0.0,19.0
2019-12-14,67,0,9,13,0,0,7,0,0,6,0,28,0,0,51,11.0,55.0,0.0,13.0,0.0
2019-12-15,62,0,6,13,0,0,5,0,0,7,0,26,0,0,59,0.0,41.0,0.0,0.0,13.0
2019-12-16,75,0,8,12,0,0,6,3,0,10,16,14,16,0,61,20.0,71.0,0.0,0.0,13.0
2019-12-17,71,0,7,11,0,0,6,0,0,9,0,16,0,0,83,15.0,61.0,0.0,0.0,16.0
2019-12-18,79,0,8,12,0,0,7,0,0,8,23,20,14,0,84,18.0,75.0,0.0,0.0,11.0
2019-12-19,76,0,6,13,0,0,7,0,0,7,14,19,0,0,95,0.0,67.0,0.0,15.0,13.0
2019-12-20,69,0,5,13,0,0,5,3,0,10,0,0,17,0,63,0.0,81.0,0.0,0.0,15.0
2019-12-21,66,0,7,13,0,0,6,4,0,5,0,17,0,0,42,0.0,67.0,0.0,0.0,16.0
2019-12-22,68,0,6,10,0,0,6,0,0,4,0,23,0,0,56,0.0,52.0,0.0,0.0,15.0
2019-12-23,72,0,7,11,0,0,7,0,0,8,0,26,17,0,47,0.0,47.0,0.0,0.0,14.0
2019-12-24,68,0,6,10,0,0,7,0,0,5,0,16,0,0,74,14.0,59.0,0.0,0.0,13.0
2019-12-25,67,0,7,12,0,0,7,0,0,8,0,23,0,0,54,0.0,57.0,0.0,0.0,18.0
2019-12-26,62,0,7,17,0,0,4,5,0,9,0,21,0,0,43,11.0,51.0,0.0,0.0,0.0
2019-12-27,64,0,7,10,0,0,4,3,0,10,0,26,14,0,70,0.0,72.0,0.0,0.0,0.0
2019-12-28,67,2,8,11,0,0,6,3,0,5,0,24,0,0,57,0.0,59.0,0.0,0.0,12.0
2019-12-29,72,0,4,14,0,0,9,0,0,4,0,26,0,0,55,0.0,54.0,0.0,0.0,17.0
2019-12-30,69,0,5,13,0,0,3,4,0,7,0,23,0,0,81,12.0,60.0,0.0,0.0,0.0
2019-12-31,57,0,4,8,3,0,7,0,0,6,0,22,0,0,54,0.0,50.0,0.0,0.0,13.0
2020-01-01,59,0,8,7,0,0,0,0,0,32,0,21,0,0,37,12.0,25.0,0.0,0.0,0.0
2020-01-02,60,0,7,13,0,0,24,16,0,39,0,16,0,0,39,10.0,35.0,0.0,0.0,8.0
2020-01-03,64,0,8,13,0,0,23,0,0,37,0,16,17,0,39,0.0,34.0,8.0,0.0,11.0
2020-01-04,63,0,6,10,0,0,24,19,0,24,0,0,0,0,40,0.0,42.0,0.0,9.0,12.0
2020-01-05,69,0,8,11,0,0,33,0,0,35,0,14,0,0,40,8.0,36.0,0.0,0.0,11.0
2020-01-06,64,0,6,12,0,0,27,13,0,34,0,13,12,0,40,0.0,54.0,0.0,0.0,8.0
2020-01-07,75,0,8,10,0,0,32,18,0,33,0,22,0,0,56,8.0,53.0,10.0,0.0,13.0
2020-01-08,69,0,8,11,0,0,16,0,0,49,0,17,0,0,42,10.0,45.0,0.0,0.0,9.0
2020-01-09,70,0,8,10,0,0,41,0,0,38,0,17,10,0,57,0.0,48.0,0.0,0.0,0.0
2020-01-10,67,0,6,9,0,0,41,16,0,37,0,17,9,0,43,8.0,37.0,0.0,0.0,9.0
2020-01-11,65,0,7,12,0,0,30,17,0,31,0,17,0,0,46,8.0,41.0,0.0,7.0,15.0
2020-01-12,72,0,5,9,0,0,25,14,0,40,0,20,0,0,42,0.0,41.0,0.0,0.0,13.0
2020-01-13,71,0,6,12,0,0,28,13,0,39,8,19,10,0,50,8.0,53.0,0.0,0.0,9.0
2020-01-14,71,0,8,13,0,0,23,9,0,38,0,26,0,0,57,8.0,55.0,0.0,0.0,6.0
2020-01-15,78,0,6,14,0,0,32,12,0,55,0,16,9,0,52,11.0,59.0,0.0,6.0,9.0
2020-01-16,78,0,7,13,0,0,25,18,0,44,0,19,9,0,44,8.0,55.0,0.0,7.0,15.0
2020-01-17,75,0,6,13,0,0,24,0,0,28,0,23,0,0,53,0.0,51.0,0.0,0.0,13.0
2020-01-18,72,0,6,15,0,0,26,0,0,38,0,15,0,0,43,11.0,42.0,0.0,0.0,12.0
2020-01-19,65,0,5,14,0,0,29,0,0,31,0,18,0,0,43,8.0,55.0,0.0,0.0,12.0
2020-01-20,78,0,6,16,0,0,40,0,0,37,0,20,9,0,43,16.0,56.0,0.0,0.0,8.0
2020-01-21,75,0,7,13,0,0,28,12,0,49,9,15,0,0,50,11.0,66.0,0.0,0.0,9.0
2020-01-22,78,0,7,13,0,0,22,23,12,73,8,17,16,0,50,10.0,60.0,0.0,0.0,7.0
2020-01-23,79,0,7,12,2,0,32,29,0,100,8,24,0,0,52,8.0,64.0,0.0,0.0,0.0
2020-01-24,70,3,7,15,0,0,35,18,0,81,9,11,0,0,45,8.0,53.0,0.0,0.0,13.0
2020-01-25,65,0,6,11,0,0,22,0,13,66,0,16,0,0,31,8.0,42.0,0.0,0.0,10.0
2020-01-26,60,0,9,14,0,0,20,14,0,47,0,19,0,0,51,0.0,44.0,0.0,0.0,9.0
2020-01-27,67,0,4,14,0,0,21,0,0,49,0,21,14,0,43,9.0,64.0,0.0,0.0,13.0
2020-01-28,77,0,7,15,0,0,23,22,0,46,0,16,16,0,51,0.0,61.0,0.0,0.0,8.0
2020-01-29,79,0,6,15,0,0,26,17,14,56,8,19,0,0,43,7.0,72.0,0.0,0.0,0.0
2020-01-30,78,0,7,13,0,0,34,12,0,38,9,22,10,0,62,9.0,77.0,0.0,0.0,0.0
2020-01-31,69,0,10,11,0,0,28,13,0,36,0,17,10,0,44,0.0,59.0,0.0,0.0,9.0
2020-02-01,67,0,6,10,0,0,24,13,0,48,9,20,0,0,46,0.0,44.0,0.0,0.0,11.0
2020-02-02,69,0,6,14,0,0,22,0,0,46,0,21,0,0,49,8.0,48.0,0.0,0.0,11.0
2020-02-03,75,0,9,11,0,0,23,11,0,62,0,18,10,0,57,0.0,68.0,0.0,0.0,12.0
2020-02-04,77,0,9,13,0,0,22,15,0,43,0,25,13,0,45,0.0,71.0,0.0,7.0,10.0
2020-02-05,77,0,8,12,0,0,25,14,0,33,15,17,0,0,100,9.0,72.0,0.0,0.0,11.0
2020-02-06,75,0,7,14,0,0,21,15,0,45,9,18,13,0,77,7.0,74.0,0.0,8.0,10.0
2020-02-07,72,0,9,12,0,0,24,20,0,44,0,17,0,0,55,9.0,59.0,0.0,0.0,12.0
2020-02-08,71,0,6,12,0,0,36,0,0,28,0,14,0,0,58,8.0,42.0,0.0,0.0,16.0
2020-02-09,71,0,9,10,0,0,30,15,0,43,0,19,0,0,51,0.0,49.0,0.0,0.0,0.0
2020-02-10,76,0,7,14,0,0,33,14,0,45,8,22,13,0,54,12.0,80.0,0.0,0.0,10.0
2020-02-11,82,0,9,13,0,0,24,15,0,36,11,22,0,0,59,8.0,78.0,0.0,0.0,12.0
2020-02-12,83,0,9,13,0,0,40,18,0,43,0,20,0,0,56,8.0,73.0,0.0,0.0,0.0
2020-02-13,82,0,12,14,0,0,32,14,0,43,8,18,8,0,58,8.0,74.0,0.0,0.0,8.0
2020-02-14,76,0,9,14,0,0,32,15,0,40,0,22,16,0,65,0.0,60.0,0.0,8.0,0.0
2020-02-15,70,0,6,11,0,0,20,22,0,24,0,20,12,0,55,13.0,49.0,0.0,0.0,10.0
2020-02-16,76,0,8,9,0,0,31,0,0,31,0,15,0,0,68,8.0,50.0,0.0,0.0,0.0
2020-02-17,76,0,8,11,0,0,21,17,0,44,0,17,13,0,58,10.0,69.0,0.0,0.0,15.0
2020-02-18,79,0,11,13,0,0,25,0,0,54,0,21,8,0,67,12.0,83.0,0.0,0.0,10.0
2020-02-19,79,2,10,11,0,0,29,22,0,60,0,22,8,0,53,8.0,82.0,0.0,0.0,8.0
2020-02-20,76,0,11,12,0,0,15,14,0,39,0,19,10,0,60,8.0,84.0,0.0,0.0,11.0
2020-02-21,82,0,8,14,0,0,34,13,0,29,9,20,0,0,49,9.0,61.0,0.0,0.0,10.0
2020-02-22,67,0,6,12,0,12,31,15,0,31,0,20,0,0,51,0.0,49.0,0.0,0.0,14.0
2020-02-23,80,0,11,16,0,0,25,17,0,46,11,17,0,0,55,11.0,44.0,0.0,0.0,0.0
2020-02-24,81,0,8,13,0,0,27,13,0,36,0,20,9,0,57,8.0,58.0,0.0,0.0,0.0
2020-02-25,100,0,12,11,0,0,28,15,0,43,11,20,0,0,53,0.0,100.0,0.0,0.0,12.0
2020-02-26,86,0,9,12,2,0,34,14,0,44,0,22,11,0,59,9.0,65.0,0.0,0.0,12.0
2020-02-27,77,0,7,14,0,0,28,0,0,32,0,17,0,0,73,10.0,72.0,0.0,0.0,10.0
2020-02-28,76,0,7,14,0,0,24,12,11,33,0,20,14,0,45,9.0,66.0,0.0,0.0,14.0
2020-02-29,70,0,7,11,0,0,0,0,0,39,0,16,0,0,46,8.0,39.0,0.0,0.0,10.0
2020-03-01,69,0,6,12,0,0,27,14,0,32,0,19,0,0,46,10.0,43.0,0.0,0.0,0.0
2020-03-02,79,0,9,14,0,0,22,17,0,40,13,11,11,0,66,8.0,54.0,0.0,7.0,11.0
2020-03-03,78,0,8,16,0,0,27,11,0,45,0,29,15,0,57,8.0,64.0,0.0,0.0,9.0
2020-03-04,85,0,8,15,0,0,31,16,14,45,0,16,12,0,58,0.0,72.0,0.0,0.0,10.0
2020-03-05,75,0,9,10,0,0,29,12,0,43,0,20,9,0,48,11.0,76.0,0.0,7.0,10.0
2020-03-06,77,0,10,15,0,0,36,19,0,32,0,20,9,0,55,14.0,56.0,0.0,0.0,10.0
2020-03-07,67,0,8,14,0,0,21,0,0,31,0,17,0,0,40,9.0,39.0,0.0,0.0,14.0
2020-03-08,74,0,6,13,0,0,35,17,0,36,0,16,0,0,44,0.0,60.0,0.0,0.0,12.0
2020-03-09,80,0,5,15,0,0,27,17,0,47,0,23,8,0,53,8.0,74.0,0.0,0.0,14.0
2020-03-10,81,0,8,14,0,0,35,17,11,34,0,15,13,0,58,15.0,72.0,0.0,0.0,9.0
2020-03-11,83,0,5,16,0,0,31,16,0,57,9,18,11,0,66,13.0,82.0,0.0,9.0,8.0
2020-03-12,79,0,9,14,0,0,32,15,0,44,9,22,10,0,61,9.0,99.0,0.0,0.0,11.0
2020-03-13,80,0,7,11,0,0,32,0,0,39,0,20,0,0,47,0.0,61.0,0.0,0.0,12.0
2020-03-14,68,0,7,17,0,0,22,0,0,23,0,13,9,0,26,0.0,44.0,0.0,0.0,11.0
2020-03-15,63,0,7,17,0,0,26,0,0,23,0,13,0,0,49,0.0,50.0,0.0,0.0,0.0
2020-03-16,67,0,6,14,0,0,34,13,0,36,0,14,10,0,51,0.0,46.0,0.0,0.0,0.0
2020-03-17,76,0,9,16,0,0,20,10,11,54,10,28,0,0,52,7.0,68.0,0.0,0.0,7.0
2020-03-18,75,0,7,16,0,11,23,0,0,40,7,26,12,0,43,0.0,74.0,0.0,0.0,12.0
2020-03-19,76,0,8,17,0,0,19,10,0,48,9,30,0,0,59,7.0,73.0,0.0,0.0,9.0
2020-03-20,69,0,9,15,2,0,21,0,0,41,9,27,8,0,49,11.0,64.0,0.0,6.0,8.0
2020-03-21,64,0,8,18,0,0,38,11,0,38,12,21,0,0,42,0.0,55.0,0.0,0.0,11.0
2020-03-22,67,0,9,16,0,0,21,0,0,24,0,22,0,0,34,0.0,34.0,0.0,0.0,0.0
2020-03-23,67,2,8,17,0,0,18,0,0,34,8,28,10,0,54,7.0,63.0,0.0,0.0,5.0
2020-03-24,72,0,9,18,0,0,16,0,10,43,7,31,0,0,48,0.0,56.0,0.0,6.0,6.0
2020-03-25,62,0,7,23,0,0,24,0,0,33,12,26,0,0,44,0.0,41.0,0.0,0.0,0.0
2020-03-26,64,0,6,18,0,0,23,11,0,36,9,26,10,0,54,0.0,60.0,0.0,0.0,9.0
2020-03-27,61,0,6,17,0,0,20,0,0,39,0,24,0,0,39,7.0,54.0,0.0,0.0,0.0
2020-03-28,55,0,5,19,0,0,26,10,0,29,10,23,0,0,42,8.0,32.0,0.0,0.0,0.0
2020-03-29,59,0,7,13,0,0,12,0,0,43,0,26,0,0,37,7.0,41.0,0.0,0.0,0.0
2020-03-30,58,0,6,14,0,0,24,10,0,45,8,25,0,0,37,0.0,48.0,0.0,0.0,6.0
2020-03-31,56,0,7,16,0,0,15,10,0,46,13,27,10,0,43,7.0,51.0,0.0,0.0,0.0
2020-04-01,62,2,7,12,0,0,21,0,0,36,9,26,0,0,49,0.0,57.0,0.0,0.0,10.0
2020-04-02,66,0,6,12,0,0,23,0,0,36,0,29,9,0,48,10.0,65.0,0.0,0.0,7.0
2020-04-03,59,0,6,12,0,0,22,0,0,48,8,23,0,0,42,0.0,54.0,0.0,0.0,7.0
2020-04-04,58,0,7,12,0,0,0,0,0,29,0,25,0,0,41,10.0,41.0,0.0,0.0,8.0
2020-04-05,55,0,7,15,0,0,25,0,0,30,0,30,0,0,42,8.0,32.0,0.0,0.0,6.0
2020-04-06,66,0,6,9,0,0,24,0,0,46,9,33,7,0,42,0.0,55.0,0.0,0.0,6.0
2020-04-07,68,0,9,12,0,0,22,11,11,39,11,34,6,0,51,11.0,56.0,0.0,0.0,0.0
2020-04-08,57,0,8,11,0,0,22,0,0,38,9,27,9,0,39,0.0,54.0,0.0,0.0,6.0
2020-04-09,63,0,8,12,0,0,21,12,0,39,12,30,11,0,47,0.0,56.0,0.0,0.0,0.0
2020-04-10,61,0,6,12,0,0,24,14,0,37,11,30,0,0,38,9.0,36.0,0.0,0.0,0.0
2020-04-11,60,0,6,11,0,0,26,0,0,30,0,31,8,0,36,7.0,56.0,0.0,0.0,11.0
2020-04-12,56,0,5,15,0,0,0,0,0,44,10,28,9,0,32,11.0,28.0,0.0,0.0,0.0
2020-04-13,65,0,9,13,2,0,26,0,0,39,11,34,7,0,37,7.0,52.0,0.0,0.0,0.0
2020-04-14,66,0,8,13,0,0,22,0,0,46,8,30,0,0,43,10.0,51.0,0.0,0.0,12.0
2020-04-15,63,0,9,14,0,0,19,11,0,38,14,33,8,0,37,0.0,56.0,0.0,0.0,6.0
2020-04-16,68,0,8,12,0,0,23,15,0,32,8,41,0,0,42,8.0,55.0,0.0,0.0,0.0
2020-04-17,63,0,6,12,0,0,21,12,0,42,15,41,0,0,43,10.0,38.0,0.0,0.0,0.0
2020-04-18,64,0,7,16,0,0,21,0,0,37,12,27,0,0,45,8.0,42.0,0.0,0.0,0.0
2020-04-19,65,0,8,14,0,0,19,16,0,38,0,23,10,0,37,0.0,30.0,0.0,0.0,9.0
2020-04-20,63,0,7,12,2,0,13,11,0,35,13,33,0,0,45,9.0,40.0,0.0,0.0,9.0
2020-04-21,60,0,6,11,0,0,23,0,0,38,7,33,12,0,38,6.0,50.0,0.0,0.0,7.0
2020-04-22,68,0,5,13,0,0,0,12,0,35,12,30,0,0,44,11.0,57.0,0.0,0.0,9.0
2020-04-23,58,0,5,11,0,0,27,0,0,35,7,20,0,0,38,9.0,40.0,0.0,0.0,8.0
2020-04-24,69,0,8,13,0,0,29,14,0,27,15,34,12,0,46,8.0,37.0,0.0,0.0,0.0
2020-04-25,68,0,6,13,0,0,27,0,0,19,9,38,0,0,38,11.0,24.0,0.0,0.0,0.0
2020-04-26,71,0,6,14,0,0,31,15,0,32,16,38,0,0,35,8.0,30.0,0.0,0.0,8.0
2020-04-27,65,0,9,12,0,0,24,17,0,43,12,35,0,0,37,0.0,46.0,0.0,0.0,7.0
2020-04-28,63,0,9,12,0,0,20,10,0,43,0,30,12,0,45,8.0,44.0,0.0,0.0,0.0
2020-04-29,66,0,9,10,0,0,21,0,0,35,12,38,0,0,54,7.0,44.0,0.0,9.0,8.0
2020-04-30,63,0,8,13,0,0,19,11,0,41,13,38,0,0,35,7.0,42.0,0.0,0.0,8.0
2020-05-01,67,0,7,12,0,0,31,12,0,15,0,31,9,0,38,0.0,29.0,0.0,0.0,7.0
2020-05-02,64,0,9,12,0,0,20,0,0,34,11,25,0,0,42,7.0,34.0,0.0,0.0,11.0
2020-05-03,68,0,9,11,0,0,34,0,0,43,13,28,14,0,33,9.0,22.0,0.0,0.0,8.0
2020-05-04,66,0,7,11,0,0,22,14,12,38,0,20,0,0,33,7.0,44.0,0.0,0.0,0.0
2020-05-05,60,0,7,14,0,0,14,13,0,43,14,34,9,0,42,10.0,45.0,0.0,0.0,12.0
2020-05-06,66,0,6,11,0,0,23,10,0,48,15,36,11,0,51,11.0,53.0,0.0,0.0,0.0
2020-05-07,59,0,7,12,0,0,16,19,0,37,0,25,11,0,40,8.0,40.0,0.0,0.0,0.0
2020-05-08,71,0,8,11,0,0,28,11,0,27,11,27,16,0,36,9.0,40.0,0.0,0.0,9.0
2020-05-09,61,0,6,13,0,0,20,0,0,26,13,31,0,0,44,0.0,37.0,0.0,0.0,0.0
2020-05-10,63,0,10,13,0,0,19,0,0,43,8,18,0,0,35,11.0,32.0,0.0,0.0,10.0
2020-05-11,67,0,5,12,0,0,18,0,0,55,12,28,10,0,49,9.0,53.0,0.0,0.0,12.0
2020-05-12,68,0,6,11,0,0,20,0,0,65,15,37,12,0,60,9.0,47.0,0.0,8.0,0.0
2020-05-13,66,0,6,10,0,0,21,11,0,33,14,34,11,0,69,0.0,42.0,0.0,0.0,9.0
2020-05-14,65,0,7,11,0,0,15,0,0,36,16,20,10,0,41,10.0,62.0,0.0,7.0,10.0
2020-05-15,63,0,6,10,0,0,16,10,0,40,0,19,8,0,39,0.0,39.0,0.0,0.0,11.0
2020-05-16,58,0,8,13,0,0,20,0,0,30,15,21,15,0,50,8.0,40.0,0.0,0.0,0.0
2020-05-17,56,0,6,12,0,0,22,0,0,29,9,24,9,0,31,14.0,31.0,0.0,0.0,0.0
2020-05-18,62,0,6,10,0,0,13,11,0,26,8,24,9,0,34,11.0,37.0,0.0,0.0,0.0
2020-05-19,60,0,5,12,0,0,14,0,0,38,0,17,0,0,38,9.0,39.0,0.0,0.0,0.0
2020-05-20,55,0,6,10,0,0,13,0,0,32,14,22,0,0,37,0.0,39.0,0.0,0.0,0.0
2020-05-21,55,0,8,10,0,0,18,0,0,22,0,21,9,0,28,0.0,29.0,0.0,0.0,0.0
2020-05-22,48,0,7,11,0,0,16,0,0,23,10,20,0,0,22,9.0,27.0,0.0,0.0,0.0
2020-05-23,38,0,0,9,0,0,0,0,0,17,0,20,0,0,24,0.0,19.0,0.0,0.0,0.0
2020-05-24,54,0,7,9,0,0,26,0,0,22,0,13,0,0,24,12.0,29.0,0.0,0.0,10.0
2020-05-25,65,0,6,12,0,0,22,0,0,24,0,19,0,0,27,9.0,25.0,0.0,0.0,0.0
2020-05-26,68,0,6,16,0,0,20,12,0,47,0,25,0,0,50,8.0,39.0,0.0,0.0,12.0
2020-05-27,65,0,9,13,0,0,31,11,0,35,0,12,10,0,35,0.0,33.0,0.0,0.0,8.0
2020-05-28,70,0,9,13,0,0,23,17,0,24,0,23,9,0,33,8.0,35.0,0.0,8.0,0.0
2020-05-29,63,0,10,11,0,0,25,16,0,37,0,20,11,0,37,11.0,27.0,0.0,0.0,10.0
2020-05-30,63,0,10,14,0,0,29,14,0,32,0,12,9,0,35,12.0,37.0,0.0,0.0,12.0
2020-05-31,58,0,11,13,0,0,31,24,0,22,9,17,10,0,36,0.0,27.0,0.0,0.0,0.0
2020-06-01,66,0,11,12,0,0,19,21,0,29,9,21,9,0,34,8.0,34.0,0.0,0.0,0.0
2020-06-02,72,0,11,10,0,0,22,25,0,47,12,26,7,0,36,8.0,42.0,0.0,7.0,10.0
2020-06-03,69,0,10,11,0,0,29,11,0,39,13,28,12,0,43,0.0,52.0,0.0,0.0,7.0
2020-06-04,75,2,9,11,0,0,20,12,0,37,13,36,0,0,52,6.0,47.0,0.0,0.0,10.0
2020-06-05,84,2,10,10,0,0,27,18,0,47,16,31,7,0,47,8.0,74.0,0.0,0.0,10.0
2020-06-06,76,0,12,12,0,0,31,19,0,38,15,31,0,0,66,7.0,60.0,0.0,0.0,12.0
2020-06-07,76,0,11,11,3,0,22,0,0,37,15,23,10,0,39,11.0,39.0,0.0,0.0,8.0
2020-06-08,74,3,10,8,0,0,34,14,0,40,11,38,11,0,58,9.0,56.0,0.0,0.0,10.0
2020-06-09,82,2,9,9,2,0,25,10,0,47,14,39,10,0,52,10.0,53.0,0.0,0.0,11.0
2020-06-10,75,0,9,13,0,0,32,15,0,60,11,38,13,10,44,8.0,61.0,0.0,0.0,11.0
2020-06-11,83,0,11,10,0,0,27,14,0,60,18,36,14,0,52,12.0,64.0,0.0,0.0,10.0
2020-06-12,70,0,6,10,0,0,31,18,0,48,15,35,13,0,40,6.0,51.0,0.0,0.0,7.0
2020-06-13,70,0,8,11,0,0,17,0,0,37,0,29,8,0,48,8.0,47.0,0.0,0.0,0.0
2020-06-14,74,0,8,12,0,0,17,19,0,30,10,21,9,0,35,7.0,34.0,0.0,0.0,7.0
2020-06-15,70,0,8,9,0,0,40,14,0,43,0,28,0,0,35,9.0,55.0,0.0,6.0,10.0
2020-06-16,69,0,9,11,0,0,29,16,0,32,13,27,9,0,44,9.0,56.0,0.0,0.0,10.0
2020-06-17,72,0,8,12,0,0,30,18,0,41,8,22,9,0,39,10.0,43.0,0.0,0.0,10.0
2020-06-18,67,0,8,12,0,0,28,12,0,37,8,29,8,0,40,11.0,48.0,0.0,0.0,7.0
2020-06-19,70,0,7,12,0,0,17,11,0,34,9,27,9,0,33,10.0,31.0,0.0,0.0,10.0
2020-06-20,60,0,6,12,0,0,27,22,0,32,0,18,11,0,35,9.0,37.0,0.0,0.0,0.0
2020-06-21,61,0,9,14,0,0,24,18,25,19,0,18,0,0,29,10.0,36.0,0.0,0.0,9.0
2020-06-22,60,0,7,11,0,0,25,14,11,36,0,25,13,0,43,0.0,40.0,0.0,0.0,10.0
2020-06-23,65,0,9,14,0,0,19,16,0,37,0,26,8,0,35,0.0,36.0,0.0,0.0,10.0
2020-06-24,67,0,9,9,0,0,22,13,0,29,0,22,9,0,39,12.0,41.0,0.0,0.0,8.0
2020-06-25,60,0,10,11,0,0,22,11,0,34,0,20,8,0,39,11.0,38.0,0.0,0.0,7.0
2020-06-26,63,0,8,11,0,0,32,16,0,34,0,22,0,0,39,9.0,47.0,0.0,0.0,9.0
2020-06-27,62,0,7,10,0,0,28,12,12,23,0,16,0,0,39,0.0,39.0,0.0,0.0,0.0
2020-06-28,66,0,9,13,0,0,23,0,18,22,0,24,10,0,33,16.0,29.0,0.0,0.0,11.0
2020-06-29,66,0,8,14,0,0,26,11,12,28,0,24,10,0,45,11.0,36.0,0.0,0.0,13.0
2020-06-30,75,0,6,12,0,0,25,17,0,21,0,21,0,0,44,9.0,42.0,0.0,0.0,10.0
2020-07-01,75,0,8,12,0,0,29,0,0,54,0,18,0,0,23,11.0,49.0,0.0,0.0,11.0
2020-07-02,73,0,9,13,0,0,28,26,0,35,0,15,6,0,27,17.0,63.0,0.0,0.0,13.0
2020-07-03,69,0,10,13,0,0,38,16,0,55,0,15,0,0,28,0.0,70.0,0.0,0.0,0.0
2020-07-04,70,0,10,12,0,0,47,23,0,41,0,19,0,0,29,13.0,58.0,0.0,0.0,11.0
2020-07-05,71,0,8,14,0,0,38,17,0,52,0,17,0,0,30,17.0,56.0,0.0,0.0,0.0
2020-07-06,72,0,9,12,0,0,24,18,0,41,0,21,0,0,33,14.0,63.0,0.0,0.0,11.0
2020-07-07,71,0,11,9,0,0,43,16,0,40,0,17,0,0,30,12.0,69.0,0.0,0.0,0.0
2020-07-08,71,0,7,13,0,0,45,16,0,48,0,16,0,0,30,14.0,57.0,0.0,0.0,0.0
2020-07-09,71,0,10,11,0,0,35,22,0,41,0,13,7,0,22,0.0,60.0,0.0,0.0,15.0
2020-07-10,72,0,7,12,0,0,37,21,0,33,0,14,0,0,22,15.0,66.0,0.0,0.0,15.0
2020-07-11,77,0,7,16,0,0,29,20,0,25,0,13,0,0,21,13.0,66.0,0.0,0.0,12.0
2020-07-12,71,0,8,14,0,0,0,29,0,41,0,17,0,0,20,0.0,69.0,0.0,0.0,16.0
2020-07-13,71,0,7,11,0,0,31,19,0,32,0,17,6,0,23,21.0,58.0,0.0,12.0,10.0
2020-07-14,64,0,6,14,0,0,28,15,15,41,0,12,9,0,29,18.0,56.0,0.0,0.0,19.0
2020-07-15,67,0,8,10,0,0,33,17,0,40,0,19,7,0,27,15.0,66.0,0.0,0.0,11.0
2020-07-16,63,0,8,9,0,0,28,0,23,33,0,13,7,0,30,12.0,48.0,0.0,0.0,14.0
2020-07-17,76,0,9,13,0,0,46,19,0,23,0,14,11,0,30,12.0,56.0,0.0,10.0,0.0
2020-07-18,73,0,8,12,0,0,28,21,0,41,0,11,0,0,23,16.0,68.0,0.0,0.0,0.0
2020-07-19,72,0,7,15,0,0,40,0,0,37,0,11,0,0,27,17.0,53.0,0.0,0.0,19.0
2020-07-20,60,0,5,11,0,0,38,17,13,34,0,18,0,0,27,0.0,61.0,0.0,0.0,13.0
2020-07-21,61,0,7,10,0,0,31,0,0,25,6,13,0,0,24,29.0,67.0,0.0,0.0,12.0
2020-07-22,58,0,7,9,0,0,32,15,0,44,0,19,8,0,28,9.0,48.0,0.0,0.0,0.0
2020-07-23,64,0,5,10,0,0,41,22,0,53,7,18,9,0,20,11.0,47.0,0.0,0.0,0.0
2020-07-24,61,0,6,11,0,0,34,20,0,26,6,11,0,0,21,11.0,58.0,0.0,0.0,11.0
2020-07-25,69,0,5,13,0,0,29,0,0,36,0,18,0,0,21,20.0,69.0,0.0,10.0,19.0
2020-07-26,67,0,9,12,0,0,34,0,0,34,0,15,0,0,21,13.0,64.0,0.0,0.0,0.0
2020-07-27,63,0,5,10,0,0,37,0,0,42,6,17,6,0,30,11.0,60.0,0.0,0.0,9.0
2020-07-28,62,0,6,10,0,0,22,0,0,26,7,16,5,0,30,0.0,60.0,0.0,0.0,16.0
2020-07-29,59,0,6,8,0,0,38,16,0,24,10,20,6,0,22,12.0,50.0,0.0,0.0,16.0
2020-07-30,53,0,6,9,0,0,23,0,0,39,0,12,0,0,27,0.0,49.0,0.0,0.0,11.0
2020-07-31,63,0,6,13,0,0,53,0,0,23,0,9,0,0,27,15.0,48.0,0.0,0.0,16.0
2020-08-01,66,0,6,11,0,0,44,0,0,52,0,13,0,0,25,17.0,51.0,0.0,0.0,0.0
2020-08-02,61,0,6,11,0,0,32,0,0,39,0,16,9,0,30,25.0,52.0,0.0,0.0,0.0
2020-08-03,59,0,6,12,0,0,27,0,0,36,7,20,5,0,24,14.0,56.0,0.0,0.0,14.0
2020-08-04,62,0,5,12,0,0,34,21,0,30,6,22,8,0,25,12.0,67.0,0.0,0.0,11.0
2020-08-05,59,0,5,12,0,0,35,0,0,44,8,18,5,0,30,9.0,59.0,0.0,0.0,11.0
2020-08-06,65,0,4,11,0,0,41,13,0,40,0,18,10,0,27,19.0,55.0,0.0,0.0,11.0
2020-08-07,67,0,5,10,0,0,34,18,0,43,0,16,7,0,25,14.0,60.0,0.0,0.0,0.0
2020-08-08,59,0,6,11,0,0,26,0,0,26,6,14,0,0,24,0.0,63.0,0.0,0.0,20.0
2020-08-09,67,0,6,13,0,0,26,18,0,65,0,15,9,0,26,14.0,65.0,0.0,0.0,14.0
2020-08-10,57,0,5,12,0,0,41,16,0,40,10,15,5,0,23,0.0,54.0,0.0,0.0,12.0
2020-08-11,60,0,7,12,0,0,38,19,0,49,8,20,0,0,18,0.0,57.0,0.0,0.0,0.0
2020-08-12,61,0,5,9,0,0,37,0,0,43,0,16,0,0,28,12.0,62.0,0.0,10.0,11.0
2020-08-13,62,0,6,10,0,0,37,18,0,49,0,21,6,0,26,0.0,47.0,0.0,0.0,12.0
2020-08-14,57,0,5,11,0,0,33,0,0,36,0,15,7,0,22,14.0,55.0,0.0,0.0,0.0
2020-08-15,62,0,7,11,0,0,44,17,0,36,0,22,0,0,21,22.0,34.0,0.0,0.0,11.0
2020-08-16,64,0,5,13,0,0,41,0,0,40,7,13,0,0,18,16.0,49.0,0.0,0.0,11.0
2020-08-17,64,0,6,14,0,0,40,22,0,35,7,10,7,0,20,13.0,45.0,0.0,0.0,0.0
2020-08-18,72,0,7,11,0,0,49,26,0,43,7,21,6,6,23,13.0,64.0,0.0,0.0,12.0
2020-08-19,67,0,4,11,0,0,30,24,0,44,6,18,10,6,24,0.0,67.0,0.0,0.0,9.0
2020-08-20,72,0,8,14,0,0,48,0,0,46,8,16,6,0,24,17.0,36.0,0.0,0.0,11.0
2020-08-21,77,0,6,13,0,0,38,17,0,42,6,20,9,0,25,15.0,51.0,0.0,0.0,12.0
2020-08-22,72,0,5,12,0,0,24,0,0,40,0,18,9,0,25,11.0,67.0,0.0,0.0,0.0
2020-08-23,70,0,6,11,0,0,32,26,0,38,0,12,0,0,24,0.0,49.0,0.0,0.0,11.0
2020-08-24,64,0,5,11,0,0,36,14,0,36,0,18,5,0,21,11.0,60.0,0.0,0.0,15.0
2020-08-25,64,0,7,11,0,0,35,15,0,31,8,17,0,0,23,9.0,53.0,0.0,0.0,20.0
2020-08-26,69,0,6,12,0,0,43,20,0,47,0,17,9,0,26,20.0,59.0,0.0,0.0,10.0
2020-08-27,60,0,5,11,0,0,39,0,0,53,8,22,7,0,29,10.0,57.0,0.0,0.0,12.0
2020-08-28,64,0,6,11,0,0,45,0,0,47,8,12,8,0,32,9.0,58.0,0.0,0.0,15.0
2020-08-29,63,0,4,13,0,0,22,22,0,38,0,17,0,0,26,11.0,59.0,0.0,0.0,0.0
2020-08-30,66,0,7,11,0,0,50,25,0,35,0,14,0,0,34,13.0,43.0,0.0,0.0,0.0
2020-08-31,61,0,5,14,0,0,41,14,0,33,10,17,5,0,21,0.0,51.0,0.0,0.0,8.0
2020-09-01,69,0,7,12,0,0,45,20,0,57,6,17,7,0,38,10.0,58.0,0.0,0.0,12.0
2020-09-02,71,0,5,13,0,0,34,23,0,39,0,24,5,0,29,18.0,85.0,0.0,0.0,13.0
2020-09-03,72,0,6,13,0,0,34,17,0,29,7,18,9,0,33,16.0,87.0,0.0,0.0,0.0
2020-09-04,69,0,6,14,0,0,42,16,0,34,6,20,13,0,29,21.0,76.0,0.0,0.0,12.0
2020-09-05,70,0,7,13,0,0,35,25,0,30,6,24,6,0,22,10.0,90.0,0.0,0.0,14.0
2020-09-06,79,0,7,15,0,0,44,21,0,37,0,16,0,0,28,17.0,52.0,0.0,11.0,19.0
2020-09-07,68,0,6,14,0,0,34,20,0,38,5,24,5,0,25,21.0,63.0,0.0,0.0,16.0
2020-09-08,70,0,7,15,0,0,37,15,0,53,0,23,0,0,29,17.0,77.0,0.0,0.0,14.0
2020-09-09,68,0,5,14,0,0,44,15,18,48,12,24,7,0,32,9.0,66.0,0.0,0.0,12.0
2020-09-10,67,0,6,12,0,0,44,15,0,39,0,21,0,0,34,15.0,71.0,0.0,0.0,18.0
2020-09-11,64,0,7,15,0,0,38,19,0,50,7,19,9,0,32,10.0,53.0,0.0,0.0,11.0
2020-09-12,73,2,6,15,0,0,48,19,0,36,0,14,0,0,27,11.0,68.0,0.0,0.0,23.0
2020-09-13,69,0,7,13,0,0,43,19,0,34,0,19,8,0,29,20.0,57.0,0.0,0.0,0.0
2020-09-14,63,0,6,12,0,0,36,17,0,62,7,26,5,0,26,12.0,71.0,0.0,0.0,11.0
2020-09-15,72,0,7,11,2,0,41,22,0,41,0,20,6,0,28,0.0,77.0,0.0,0.0,13.0
2020-09-16,66,0,6,14,0,0,34,19,0,41,8,21,5,0,29,13.0,69.0,0.0,0.0,9.0
2020-09-17,67,0,6,13,0,0,30,16,0,49,7,26,5,0,23,9.0,59.0,0.0,0.0,0.0
2020-09-18,73,0,7,13,0,0,46,19,0,43,10,28,7,0,28,11.0,78.0,0.0,0.0,15.0
2020-09-19,69,0,5,10,0,0,37,17,0,32,0,22,7,0,32,14.0,61.0,0.0,0.0,11.0
2020-09-20,74,0,8,15,0,0,48,37,0,38,0,15,0,0,25,19.0,58.0,0.0,0.0,0.0
2020-09-21,66,0,4,12,0,0,41,14,13,57,11,24,6,0,31,12.0,50.0,0.0,0.0,9.0
2020-09-22,64,2,6,11,0,0,35,25,14,45,13,30,5,0,33,14.0,64.0,0.0,0.0,0.0
2020-09-23,64,0,6,14,0,0,34,12,0,42,10,24,9,0,30,13.0,68.0,0.0,0.0,14.0
2020-09-24,74,0,7,12,0,0,39,12,0,48,8,27,7,0,30,8.0,72.0,0.0,0.0,15.0
2020-09-25,66,0,5,12,0,0,33,13,0,31,16,32,0,0,29,0.0,63.0,0.0,0.0,9.0
2020-09-26,72,3,7,17,0,0,57,26,0,53,6,19,7,0,28,13.0,64.0,0.0,0.0,10.0
2020-09-27,66,0,9,13,0,0,38,21,0,47,0,21,0,0,24,20.0,48.0,0.0,0.0,17.0
2020-09-28,68,0,7,10,0,0,30,15,0,57,7,22,0,0,29,12.0,58.0,0.0,0.0,10.0
2020-09-29,64,0,6,16,0,0,46,16,0,49,8,23,7,0,28,17.0,62.0,0.0,0.0,12.0
2020-09-30,72,0,7,15,0,0,50,23,0,57,7,27,6,0,28,13.0,84.0,0.0,0.0,13.0
2020-10-01,69,0,5,14,0,0,47,20,13,41,8,24,5,0,31,10.0,71.0,0.0,0.0,15.0
2020-10-02,74,0,6,13,0,0,35,14,0,55,10,23,7,0,28,12.0,77.0,0.0,9.0,15.0
2020-10-03,75,0,8,14,0,0,35,23,0,41,7,20,8,0,41,15.0,67.0,0.0,0.0,18.0
2020-10-04,80,0,8,13,0,0,26,29,0,49,0,24,10,0,42,17.0,66.0,0.0,0.0,13.0
2020-10-05,71,0,7,13,0,0,40,31,0,63,12,22,8,0,35,0.0,70.0,0.0,0.0,20.0
2020-10-06,76,2,7,11,0,0,36,28,0,43,7,28,0,0,30,10.0,72.0,0.0,10.0,16.0
2020-10-07,70,0,8,13,0,0,40,13,0,60,10,31,0,0,28,9.0,76.0,0.0,0.0,11.0
2020-10-08,67,0,6,13,0,0,35,13,0,51,10,24,6,0,29,11.0,58.0,0.0,0.0,16.0
2020-10-09,68,0,7,14,0,0,52,21,0,42,9,23,0,0,32,0.0,59.0,0.0,0.0,11.0
2020-10-10,69,0,6,14,0,0,47,21,0,25,7,22,0,0,22,0.0,58.0,0.0,0.0,21.0
2020-10-11,73,0,8,13,0,0,32,20,0,47,7,13,0,0,28,15.0,64.0,0.0,0.0,13.0
2020-10-12,72,0,8,11,0,0,42,17,0,52,10,17,7,0,29,11.0,70.0,0.0,0.0,15.0
2020-10-13,73,0,6,15,0,0,36,24,0,56,9,22,0,0,28,12.0,67.0,0.0,0.0,0.0
2020-10-14,76,0,6,16,0,0,53,25,0,65,9,24,10,0,35,14.0,54.0,0.0,0.0,12.0
2020-10-15,73,0,8,17,0,0,36,14,0,67,0,20,0,0,41,16.0,70.0,0.0,0.0,9.0
2020-10-16,74,0,7,14,0,0,45,19,0,48,6,26,0,0,31,0.0,43.0,0.0,0.0,0.0
2020-10-17,74,0,7,15,0,0,41,21,0,40,0,21,0,0,25,0.0,93.0,0.0,0.0,18.0
2020-10-18,79,0,8,15,0,0,38,0,0,55,0,18,0,0,29,23.0,49.0,0.0,0.0,15.0
2020-10-19,77,0,8,11,0,0,43,22,0,60,8,25,0,0,29,12.0,73.0,0.0,0.0,0.0
2020-10-20,70,0,7,13,0,0,37,21,14,64,13,31,0,0,33,12.0,63.0,0.0,0.0,22.0
2020-10-21,74,0,7,13,0,0,46,14,12,49,10,36,9,0,30,12.0,68.0,0.0,0.0,20.0
2020-10-22,70,0,7,11,0,0,48,26,0,76,8,33,5,0,29,12.0,70.0,0.0,0.0,21.0
2020-10-23,75,0,6,15,0,0,44,17,0,51,11,27,0,0,24,15.0,78.0,0.0,0.0,18.0
2020-10-24,73,0,6,12,0,0,46,19,0,41,0,22,6,0,32,0.0,66.0,0.0,0.0,16.0
2020-10-25,77,0,7,14,0,0,34,0,0,37,0,12,11,0,36,12.0,53.0,0.0,0.0,0.0
2020-10-26,74,0,6,12,0,0,41,0,0,63,9,23,7,0,24,9.0,73.0,0.0,0.0,0.0
2020-10-27,74,0,7,10,0,0,37,18,0,51,7,31,0,0,30,10.0,74.0,0.0,0.0,9.0
2020-10-28,76,0,9,13,0,0,27,0,0,51,6,17,6,0,25,10.0,56.0,0.0,13.0,12.0
2020-10-29,76,0,9,16,0,0,53,0,0,39,0,20,0,0,31,22.0,58.0,0.0,0.0,0.0
2020-10-30,81,0,6,16,0,0,0,19,0,41,7,20,0,0,23,0.0,59.0,0.0,0.0,12.0
2020-10-31,67,0,7,11,0,0,52,16,0,49,8,19,9,0,26,13.0,64.0,0.0,0.0,20.0
2020-11-01,76,0,10,15,0,0,28,23,0,44,0,19,8,0,28,11.0,45.0,0.0,0.0,17.0
2020-11-02,70,0,7,10,0,0,34,27,0,79,13,31,7,0,31,0.0,63.0,10.0,0.0,26.0
2020-11-03,74,0,10,15,0,0,54,17,13,59,12,36,5,0,33,17.0,62.0,0.0,8.0,11.0
2020-11-04,78,0,8,15,0,0,46,21,0,65,7,31,9,0,33,14.0,82.0,0.0,0.0,14.0
2020-11-05,82,0,8,11,0,0,49,17,0,77,10,30,0,0,30,15.0,80.0,0.0,0.0,13.0
2020-11-06,78,0,8,17,0,0,44,29,0,60,0,26,0,0,33,14.0,69.0,0.0,0.0,16.0
2020-11-07,70,0,5,13,0,0,40,20,0,54,0,18,0,0,27,13.0,65.0,0.0,13.0,17.0
2020-11-08,72,0,8,19,0,0,59,0,17,48,6,26,0,0,26,18.0,63.0,0.0,0.0,10.0
2020-11-09,73,0,9,16,0,0,57,14,13,69,13,33,8,0,29,0.0,68.0,0.0,0.0,22.0
2020-11-10,77,0,8,13,0,0,58,26,0,76,13,37,6,0,32,9.0,74.0,0.0,0.0,19.0
2020-11-11,78,0,6,17,0,0,42,13,13,64,11,38,7,0,33,15.0,70.0,0.0,0.0,14.0
2020-11-12,88,0,7,17,0,0,43,20,15,77,17,42,6,0,32,13.0,70.0,0.0,0.0,14.0
2020-11-13,83,0,7,17,0,0,48,20,14,76,13,35,9,0,32,12.0,79.0,0.0,0.0,16.0
2020-11-14,100,0,7,17,0,0,58,36,22,67,9,23,0,0,36,15.0,98.0,0.0,0.0,19.0
2020-11-15,95,0,7,14,0,0,55,26,0,54,10,18,8,0,23,13.0,80.0,0.0,0.0,17.0
2020-11-16,92,0,7,14,0,0,51,26,0,69,15,45,9,0,31,12.0,94.0,0.0,0.0,14.0
2020-11-17,90,0,7,16,0,0,54,27,0,77,17,39,0,0,37,9.0,100.0,0.0,11.0,17.0
2020-11-18,82,0,7,17,0,0,40,20,0,68,17,36,7,0,28,0.0,88.0,0.0,0.0,14.0
2020-11-19,86,0,6,15,0,0,52,0,0,66,17,45,6,0,33,17.0,83.0,0.0,9.0,9.0
2020-11-20,81,0,6,19,0,0,56,18,0,58,15,43,6,0,35,13.0,89.0,0.0,0.0,13.0
2020-11-21,80,0,6,15,0,0,43,0,18,47,6,26,0,0,28,15.0,85.0,0.0,0.0,13.0
2020-11-22,87,0,8,15,0,0,48,21,18,34,8,26,0,0,26,17.0,83.0,0.0,0.0,25.0
2020-11-23,85,0,9,18,0,0,54,15,0,54,16,49,6,0,29,12.0,96.0,0.0,0.0,19.0
2020-11-24,79,0,9,15,0,0,46,25,0,64,14,42,0,0,31,15.0,84.0,0.0,0.0,13.0
2020-11-25,81,0,8,15,0,0,49,13,0,63,16,46,10,0,33,15.0,85.0,0.0,0.0,17.0
2020-11-26,81,0,10,17,0,0,45,17,0,62,40,44,0,0,37,11.0,87.0,0.0,0.0,19.0
2020-11-27,85,0,9,15,0,0,49,26,0,64,16,39,6,0,22,17.0,74.0,0.0,0.0,12.0
2020-11-28,77,0,8,14,0,0,43,19,0,52,8,31,0,0,23,12.0,67.0,0.0,0.0,15.0
2020-11-29,75,0,7,16,0,0,55,18,0,37,0,22,0,0,24,0.0,60.0,0.0,0.0,14.0
2020-11-30,75,0,11,12,0,0,44,28,0,66,17,46,5,0,28,0.0,70.0,0.0,0.0,16.0
2020-12-01,76,2,10,14,0,0,55,26,0,72,17,62,8,0,28,12.0,87.0,0.0,0.0,8.0
2020-12-02,74,0,9,15,0,0,59,25,0,97,18,72,5,0,30,13.0,90.0,0.0,0.0,13.0
2020-12-03,80,0,10,15,2,0,75,16,0,100,27,100,0,0,34,17.0,92.0,0.0,0.0,20.0
2020-12-04,88,0,12,16,2,0,42,16,0,80,16,71,8,0,30,21.0,65.0,0.0,0.0,10.0
2020-12-05,75,0,10,16,0,0,74,19,0,52,13,41,0,0,31,14.0,68.0,0.0,0.0,16.0
2020-12-06,78,0,10,15,0,0,34,19,0,68,8,29,0,0,28,0.0,50.0,0.0,0.0,15.0
2020-12-07,72,0,6,15,0,0,49,17,0,64,20,54,8,0,25,12.0,61.0,0.0,8.0,15.0
2020-12-08,75,0,8,13,0,0,56,0,0,60,14,53,9,0,27,14.0,71.0,0.0,8.0,22.0
2020-12-09,72,0,8,17,0,0,47,14,0,38,6,35,7,0,30,12.0,51.0,0.0,0.0,16.0
2020-12-10,78,0,8,20,0,0,63,13,0,66,14,67,6,0,33,15.0,65.0,0.0,0.0,19.0
2020-12-11,73,0,8,18,0,0,52,16,0,57,12,42,0,0,28,18.0,76.0,0.0,15.0,16.0
2020-12-12,80,0,7,17,0,0,37,18,0,36,7,31,0,0,25,11.0,57.0,0.0,0.0,18.0
2020-12-13,80,0,8,20,0,0,21,24,0,44,0,22,0,0,23,12.0,73.0,0.0,0.0,19.0
2020-12-14,77,0,7,16,0,0,41,15,0,54,8,34,7,0,31,15.0,68.0,0.0,0.0,13.0
2020-12-15,79,0,10,18,0,0,42,25,0,49,0,22,7,0,23,12.0,80.0,0.0,0.0,0.0
2020-12-16,73,0,8,15,0,0,47,16,0,52,0,21,0,0,39,14.0,86.0,0.0,0.0,12.0
2020-12-17,76,0,7,16,0,0,46,14,0,51,0,19,0,0,27,10.0,84.0,0.0,0.0,15.0
2020-12-18,75,0,10,17,0,0,29,30,18,46,0,15,8,0,30,0.0,70.0,0.0,0.0,18.0
2020-12-19,79,0,10,15,0,0,51,18,0,32,9,18,0,0,28,17.0,82.0,0.0,0.0,11.0
2020-12-20,78,0,11,19,0,0,48,22,0,39,0,17,0,0,28,21.0,52.0,0.0,0.0,25.0
2020-12-21,80,0,9,20,0,0,37,19,0,35,0,14,7,0,32,11.0,76.0,0.0,0.0,25.0
2020-12-22,71,0,10,19,0,0,49,22,0,75,0,15,9,0,31,13.0,62.0,0.0,0.0,16.0
2020-12-23,75,0,9,17,0,0,39,20,0,31,7,13,9,0,33,14.0,67.0,0.0,0.0,20.0
2020-12-24,72,0,6,22,0,0,45,17,0,52,0,14,7,0,26,0.0,57.0,0.0,0.0,20.0
2020-12-25,85,0,8,19,0,0,51,18,0,31,0,10,0,0,31,13.0,51.0,0.0,0.0,0.0
2020-12-26,78,0,9,19,0,0,61,0,0,32,0,14,0,0,26,16.0,62.0,0.0,0.0,16.0
2020-12-27,78,0,9,21,0,0,50,23,0,37,0,13,0,0,26,18.0,61.0,0.0,0.0,15.0
2020-12-28,81,0,10,19,0,0,43,28,0,45,0,11,7,0,31,12.0,75.0,0.0,0.0,19.0
2020-12-29,74,0,9,18,0,0,42,29,0,46,13,11,7,0,27,18.0,62.0,0.0,0.0,20.0
2020-12-30,73,0,9,20,0,0,54,18,0,35,0,21,0,0,25,16.0,68.0,0.0,0.0,13.0
2020-12-31,67,2,8,15,0,0,39,19,0,21,0,7,0,0,26,12.0,44.0,0.0,0.0,0.0
2021-01-01,64,0,8,14,0,0,23,20,0,21,0,40,18,0,62,0.0,18.0,0.0,0.0,0.0
2021-01-02,63,0,6,20,0,0,39,18,0,20,0,21,0,0,47,5.0,20.0,0.0,0.0,7.0
2021-01-03,64,0,8,16,0,0,31,22,0,26,0,27,15,0,61,7.0,19.0,0.0,0.0,8.0
2021-01-04,68,0,7,17,0,0,39,21,9,36,0,34,20,0,52,6.0,27.0,0.0,0.0,7.0
2021-01-05,66,0,7,14,0,0,27,17,0,34,0,34,13,0,64,6.0,28.0,0.0,4.0,7.0
2021-01-06,60,0,7,16,0,0,30,15,0,36,0,26,12,0,56,6.0,29.0,0.0,0.0,5.0
2021-01-07,63,0,11,12,0,0,35,18,0,29,0,23,0,0,88,5.0,27.0,0.0,0.0,6.0
2021-01-08,62,0,9,20,0,0,30,17,0,33,0,23,14,0,43,4.0,29.0,0.0,6.0,4.0
2021-01-09,63,0,6,17,0,0,28,12,0,25,0,25,0,0,52,6.0,29.0,0.0,0.0,8.0
2021-01-10,72,0,5,15,0,0,32,14,0,14,0,30,0,0,65,6.0,25.0,0.0,0.0,7.0
2021-01-11,66,0,8,13,0,0,29,14,0,38,0,33,12,0,63,5.0,24.0,0.0,0.0,8.0
2021-01-12,56,0,7,14,0,0,30,14,9,31,0,37,0,0,60,6.0,30.0,0.0,0.0,7.0
2021-01-13,63,0,7,16,0,0,22,22,0,42,0,33,15,0,56,5.0,27.0,0.0,4.0,7.0
2021-01-14,65,2,8,14,0,0,27,0,0,29,0,26,15,0,64,4.0,31.0,0.0,0.0,8.0
2021-01-15,65,0,6,17,0,0,30,17,0,31,17,46,0,0,58,4.0,30.0,0.0,5.0,6.0
2021-01-16,61,0,7,14,0,0,41,15,0,28,0,31,0,0,60,5.0,22.0,0.0,0.0,6.0
2021-01-17,64,0,6,16,0,0,28,16,0,23,15,40,0,0,49,6.0,28.0,0.0,0.0,7.0
2021-01-18,65,0,7,10,0,0,30,15,0,35,14,33,0,0,65,7.0,34.0,0.0,0.0,5.0
2021-01-19,68,0,9,14,0,0,32,22,0,24,12,30,19,0,58,0.0,32.0,0.0,0.0,9.0
2021-01-20,68,0,8,13,0,0,37,11,0,42,0,45,0,0,61,6.0,41.0,0.0,0.0,7.0
2021-01-21,68,0,7,13,0,0,37,11,0,29,0,47,0,0,74,4.0,36.0,0.0,4.0,5.0
2021-01-22,72,0,8,14,0,0,36,18,0,28,0,30,14,0,68,4.0,30.0,0.0,0.0,5.0
2021-01-23,64,0,6,16,0,0,35,13,0,30,0,35,16,0,43,8.0,34.0,0.0,0.0,7.0
2021-01-24,61,0,8,16,0,0,25,16,0,20,0,32,17,0,37,6.0,31.0,0.0,0.0,5.0
2021-01-25,62,2,8,11,0,0,32,19,0,24,18,35,12,0,70,7.0,41.0,0.0,0.0,9.0
2021-01-26,63,0,8,11,0,0,27,11,0,35,17,39,0,0,73,4.0,40.0,0.0,0.0,7.0
2021-01-27,59,0,7,13,0,0,31,18,0,23,17,44,0,0,56,4.0,42.0,0.0,0.0,6.0
2021-01-28,62,0,8,13,0,0,30,13,0,35,19,45,0,0,75,5.0,42.0,0.0,0.0,6.0
2021-01-29,68,0,9,12,0,0,36,29,0,31,13,45,17,0,55,4.0,38.0,0.0,0.0,7.0
2021-01-30,63,0,10,9,0,0,21,22,0,29,0,25,17,0,65,0.0,32.0,0.0,0.0,7.0
2021-01-31,71,0,8,13,0,0,21,15,0,27,0,39,0,0,64,7.0,27.0,0.0,0.0,6.0
2021-02-01,60,0,8,12,0,0,24,15,11,30,0,39,0,0,65,4.0,48.0,0.0,4.0,5.0
2021-02-02,64,0,9,14,0,0,23,13,9,34,0,44,0,0,80,6.0,43.0,0.0,5.0,6.0
2021-02-03,67,0,6,10,0,0,19,16,0,42,0,38,14,0,66,5.0,40.0,0.0,0.0,5.0
2021-02-04,70,0,10,9,0,0,27,13,9,32,14,38,16,0,83,4.0,57.0,0.0,0.0,7.0
2021-02-05,67,0,7,13,0,0,32,14,0,34,0,43,13,0,66,10.0,39.0,0.0,0.0,0.0
2021-02-06,70,0,7,14,0,0,37,15,0,16,0,36,0,0,65,6.0,36.0,0.0,0.0,6.0
2021-02-07,61,0,6,12,0,0,33,14,0,24,0,32,0,0,46,6.0,36.0,0.0,0.0,6.0
2021-02-08,65,0,8,12,0,0,27,15,0,32,0,40,11,0,61,0.0,48.0,0.0,0.0,7.0
2021-02-09,65,0,6,11,0,0,36,16,0,32,0,44,0,0,77,5.0,54.0,0.0,0.0,8.0
2021-02-10,69,0,9,12,0,0,35,17,0,28,0,46,0,0,77,8.0,56.0,0.0,0.0,8.0
2021-02-11,68,0,9,12,0,0,32,14,0,31,16,38,0,0,84,5.0,61.0,0.0,0.0,6.0
2021-02-12,68,0,8,17,0,0,29,16,0,30,0,35,0,0,78,8.0,32.0,0.0,0.0,8.0
2021-02-13,72,0,8,15,0,0,17,16,0,20,0,37,16,0,64,0.0,38.0,0.0,0.0,11.0
2021-02-14,65,0,7,15,0,0,24,15,0,26,0,35,0,0,70,0.0,33.0,0.0,0.0,0.0
2021-02-15,69,0,7,13,0,0,41,13,0,38,0,42,12,0,82,6.0,58.0,0.0,0.0,7.0
2021-02-16,73,0,8,13,0,0,30,16,0,33,0,50,0,0,81,7.0,54.0,0.0,0.0,6.0
2021-02-17,70,0,11,13,0,0,29,13,0,43,0,41,0,0,66,5.0,53.0,0.0,0.0,7.0
2021-02-18,71,0,7,12,0,0,38,15,0,33,12,52,16,0,94,4.0,57.0,0.0,0.0,10.0
2021-02-19,68,0,9,12,0,0,24,15,0,34,15,58,0,0,61,0.0,49.0,0.0,0.0,8.0
2021-02-20,66,0,9,11,0,0,30,16,0,20,0,42,0,0,59,5.0,39.0,0.0,0.0,5.0
2021-02-21,62,0,8,14,0,0,39,0,0,22,0,21,0,0,57,6.0,35.0,0.0,0.0,0.0
2021-02-22,68,2,8,11,0,0,36,15,0,38,0,41,12,0,74,6.0,56.0,0.0,0.0,5.0
2021-02-23,72,0,11,12,0,0,26,17,0,32,12,50,15,0,73,5.0,56.0,0.0,4.0,6.0
2021-02-24,73,0,9,13,0,0,24,13,0,27,0,41,15,0,81,5.0,60.0,0.0,0.0,7.0
2021-02-25,81,0,9,10,0,0,28,14,9,34,14,49,16,0,80,6.0,76.0,0.0,0.0,8.0
2021-02-26,68,0,9,14,0,0,46,21,0,31,0,34,13,0,62,5.0,51.0,0.0,0.0,9.0
2021-02-27,65,0,6,13,0,0,37,0,0,24,0,41,19,0,46,4.0,37.0,0.0,0.0,8.0
2021-02-28,67,0,8,15,0,0,30,16,0,17,15,34,0,0,55,4.0,34.0,0.0,0.0,7.0
2021-03-01,74,2,6,16,0,0,26,12,0,51,22,49,17,0,62,5.0,49.0,0.0,4.0,7.0
2021-03-02,72,0,7,12,0,0,33,19,10,32,0,54,23,0,93,6.0,69.0,0.0,0.0,6.0
2021-03-03,75,0,8,10,0,0,36,17,0,41,21,55,0,0,92,3.0,73.0,0.0,0.0,6.0
2021-03-04,78,0,7,12,0,0,38,17,0,48,16,56,0,0,77,4.0,100.0,0.0,6.0,7.0
2021-03-05,76,0,8,16,0,0,31,13,0,44,0,42,0,0,63,6.0,62.0,0.0,0.0,8.0
2021-03-06,71,0,7,12,0,0,33,20,0,36,22,36,14,0,59,4.0,48.0,0.0,0.0,5.0
2021-03-07,64,0,8,14,0,0,26,22,0,49,16,35,0,0,65,9.0,43.0,0.0,0.0,7.0
2021-03-08,74,0,9,12,0,0,31,18,0,45,0,56,18,0,81,6.0,66.0,0.0,0.0,6.0
2021-03-09,70,0,7,14,0,0,33,9,10,45,0,50,0,0,82,6.0,72.0,0.0,0.0,7.0
2021-03-10,73,0,7,11,0,0,32,17,14,38,13,55,14,0,71,4.0,82.0,0.0,0.0,7.0
2021-03-11,72,0,7,13,0,0,32,15,10,35,14,36,0,0,69,7.0,41.0,0.0,0.0,5.0
2021-03-12,81,0,10,15,0,0,33,10,0,42,0,46,11,0,77,8.0,79.0,0.0,0.0,8.0
2021-03-13,72,0,6,13,0,0,44,11,0,36,0,46,13,0,57,6.0,41.0,0.0,0.0,9.0
2021-03-14,70,0,8,15,0,0,33,15,0,34,0,39,0,0,59,8.0,33.0,0.0,0.0,6.0
2021-03-15,77,3,8,14,0,0,28,13,7,34,20,49,14,0,77,6.0,61.0,0.0,0.0,6.0
2021-03-16,80,2,10,12,0,0,32,11,11,51,21,72,12,0,100,7.0,83.0,0.0,3.0,8.0
2021-03-17,72,0,10,15,0,0,42,14,0,48,22,52,22,11,84,6.0,76.0,0.0,4.0,8.0
2021-03-18,84,2,9,15,0,0,38,12,11,49,15,58,0,0,87,7.0,90.0,0.0,5.0,8.0
2021-03-19,74,2,9,11,0,0,34,12,10,41,15,43,14,0,80,6.0,69.0,0.0,0.0,9.0
2021-03-20,74,0,7,11,0,0,39,18,0,27,19,49,16,0,63,6.0,50.0,0.0,0.0,7.0
2021-03-21,69,0,7,19,0,0,32,17,0,21,15,38,0,0,66,6.0,36.0,0.0,0.0,7.0
2021-03-22,73,2,8,14,0,0,34,20,0,31,20,48,13,0,68,5.0,55.0,0.0,0.0,9.0
2021-03-23,70,0,8,13,0,0,35,19,0,42,12,53,15,0,75,4.0,59.0,0.0,0.0,9.0
2021-03-24,75,0,8,15,0,0,37,13,0,50,11,44,10,0,73,6.0,55.0,0.0,0.0,9.0
2021-03-25,85,0,6,16,0,0,29,19,0,42,11,53,12,0,84,5.0,58.0,0.0,0.0,10.0
2021-03-26,73,0,10,14,0,0,31,14,9,44,20,60,0,0,78,10.0,48.0,0.0,0.0,6.0
2021-03-27,67,0,6,16,0,0,35,20,0,30,13,47,0,0,83,7.0,38.0,0.0,0.0,7.0
2021-03-28,63,0,6,12,0,0,38,13,0,41,15,30,0,0,51,7.0,27.0,0.0,0.0,6.0
2021-03-29,74,0,7,13,0,0,29,0,9,44,20,42,0,0,85,7.0,44.0,0.0,0.0,6.0
2021-03-30,74,0,7,13,0,0,35,0,13,46,12,29,12,0,80,6.0,47.0,0.0,0.0,9.0
2021-03-31,71,2,7,12,0,0,36,15,0,46,14,48,13,0,75,6.0,45.0,0.0,0.0,8.0
2021-04-01,67,2,9,12,0,0,27,16,9,32,13,44,17,0,68,4.0,47.0,0.0,0.0,7.0
2021-04-02,65,0,6,13,0,0,33,13,0,37,0,31,0,0,62,6.0,29.0,0.0,0.0,0.0
2021-04-03,63,0,8,15,0,0,25,11,0,30,0,36,0,0,57,9.0,35.0,0.0,0.0,8.0
2021-04-04,62,0,7,14,0,0,29,0,0,32,28,34,0,0,48,0.0,29.0,0.0,0.0,7.0
2021-04-05,68,0,7,14,0,0,36,16,0,43,22,51,0,0,67,5.0,39.0,0.0,0.0,9.0
2021-04-06,72,2,8,13,0,0,36,17,0,50,16,45,0,0,83,4.0,54.0,0.0,0.0,6.0
2021-04-07,70,2,10,15,0,0,45,19,0,55,20,71,0,0,72,7.0,52.0,0.0,0.0,6.0
2021-04-08,76,2,10,9,0,0,37,15,0,42,27,81,18,0,69,7.0,65.0,0.0,0.0,8.0
2021-04-09,68,0,9,13,0,0,37,16,0,34,21,40,17,0,66,0.0,50.0,0.0,4.0,7.0
2021-04-10,60,2,7,14,0,0,34,19,0,39,13,33,15,0,61,4.0,28.0,0.0,0.0,6.0
2021-04-11,72,0,7,13,0,0,26,0,0,33,0,23,0,0,51,4.0,28.0,0.0,0.0,6.0
2021-04-12,60,2,6,12,0,0,23,11,0,21,18,26,0,0,56,5.0,25.0,0.0,0.0,5.0
2021-04-13,71,0,7,16,0,0,22,15,10,30,15,52,13,0,57,8.0,36.0,0.0,0.0,5.0
2021-04-14,76,0,9,15,0,0,33,11,0,29,14,35,14,0,68,6.0,38.0,0.0,4.0,9.0
2021-04-15,71,0,6,13,0,0,30,18,0,31,14,51,13,0,59,5.0,42.0,0.0,4.0,5.0
2021-04-16,70,0,8,15,0,0,25,17,0,31,20,36,16,0,88,6.0,38.0,0.0,0.0,11.0
2021-04-17,67,0,5,14,0,0,30,19,0,39,16,30,16,0,50,5.0,30.0,0.0,0.0,6.0
2021-04-18,63,0,6,14,0,0,18,17,0,23,21,27,17,0,61,6.0,23.0,0.0,0.0,4.0
2021-04-19,69,0,7,14,0,0,43,17,0,41,23,40,0,0,72,6.0,36.0,0.0,4.0,10.0
2021-04-20,70,0,7,13,0,0,25,14,0,41,15,55,14,0,63,6.0,39.0,0.0,0.0,9.0
2021-04-21,74,0,6,14,2,0,24,15,0,38,20,58,17,0,65,0.0,43.0,0.0,0.0,10.0
2021-04-22,70,0,7,14,0,0,32,14,0,46,18,64,17,0,80,4.0,39.0,0.0,0.0,6.0
2021-04-23,68,2,6,14,0,0,36,14,0,39,23,41,0,0,63,0.0,36.0,0.0,0.0,6.0
2021-04-24,63,0,5,14,0,0,33,16,0,33,13,32,0,0,51,0.0,23.0,0.0,0.0,6.0
2021-04-25,65,0,5,13,0,0,25,21,0,36,21,32,14,0,62,6.0,24.0,0.0,0.0,8.0
2021-04-26,67,0,6,12,0,0,27,16,0,49,22,26,16,0,66,10.0,33.0,0.0,4.0,5.0
2021-04-27,58,0,4,14,0,0,31,18,0,43,13,42,0,0,65,8.0,36.0,0.0,0.0,4.0
2021-04-28,69,0,6,14,0,0,27,14,0,42,12,47,19,0,66,7.0,47.0,0.0,0.0,5.0
2021-04-29,65,0,7,13,2,0,25,12,0,40,28,35,17,0,73,4.0,41.0,0.0,5.0,4.0
2021-04-30,57,0,6,12,0,0,37,13,0,44,21,41,0,0,57,5.0,26.0,0.0,5.0,7.0
2021-05-01,56,0,7,11,0,0,27,14,0,21,15,33,19,0,63,5.0,25.0,0.0,0.0,8.0
2021-05-02,59,0,6,15,0,0,22,16,0,23,0,29,0,0,60,0.0,25.0,0.0,0.0,8.0
2021-05-03,60,2,5,12,0,0,26,9,0,31,19,25,0,0,66,6.0,33.0,0.0,0.0,7.0
2021-05-04,55,0,4,12,0,0,28,13,0,45,22,40,15,0,66,4.0,38.0,0.0,4.0,5.0
2021-05-05,64,2,5,11,0,0,27,13,0,33,19,44,0,0,64,7.0,32.0,0.0,4.0,6.0
2021-05-06,61,0,5,14,0,0,32,16,0,33,21,43,15,0,70,5.0,30.0,0.0,0.0,10.0
2021-05-07,56,0,7,14,0,0,48,18,0,35,0,23,0,0,51,5.0,26.0,0.0,0.0,11.0
2021-05-08,54,0,5,10,0,0,34,0,0,30,14,36,0,0,49,4.0,20.0,0.0,4.0,8.0
2021-05-09,54,0,6,16,0,0,34,17,0,23,0,31,15,0,36,6.0,12.0,0.0,5.0,8.0
2021-05-10,67,0,7,14,0,0,100,21,0,26,0,17,0,0,54,7.0,24.0,0.0,0.0,13.0
2021-05-11,70,2,5,10,0,0,87,21,0,22,0,0,14,0,39,7.0,22.0,0.0,0.0,15.0
2021-05-12,54,0,4,11,0,0,37,20,0,18,0,21,0,0,36,7.0,15.0,0.0,0.0,8.0
2021-05-13,62,0,6,10,0,0,41,16,0,16,0,22,0,0,47,7.0,19.0,0.0,0.0,10.0
2021-05-14,73,0,5,12,0,0,59,15,0,25,17,32,0,0,56,6.0,27.0,0.0,0.0,8.0
2021-05-15,70,3,8,14,0,0,40,13,0,23,0,15,16,0,45,8.0,30.0,0.0,0.0,10.0
2021-05-16,67,0,5,12,0,0,41,13,0,24,0,23,0,0,56,5.0,23.0,0.0,0.0,5.0
2021-05-17,69,0,7,13,0,0,40,21,0,38,0,22,14,0,65,4.0,28.0,0.0,0.0,9.0
2021-05-18,71,0,9,15,0,0,47,17,0,44,15,22,17,0,53,9.0,28.0,0.0,0.0,11.0
2021-05-19,73,0,10,17,0,0,35,21,0,34,15,0,0,0,42,8.0,35.0,0.0,0.0,11.0
2021-05-20,76,0,9,16,0,0,34,21,15,28,13,38,0,0,72,7.0,27.0,0.0,0.0,13.0
2021-05-21,72,0,11,13,0,0,36,12,0,27,0,27,0,0,60,7.0,25.0,0.0,0.0,7.0
2021-05-22,71,0,9,14,0,0,46,16,0,33,14,24,24,0,48,0.0,28.0,0.0,0.0,8.0
2021-05-23,70,0,7,17,0,0,37,20,0,30,14,27,17,0,63,6.0,25.0,0.0,0.0,6.0
2021-05-24,70,0,9,15,0,0,43,16,10,24,22,38,16,0,57,5.0,31.0,0.0,0.0,8.0
2021-05-25,67,0,8,15,0,0,42,21,0,37,15,48,0,0,57,5.0,38.0,0.0,0.0,13.0
2021-05-26,68,0,8,14,0,0,27,19,0,32,16,28,15,0,69,12.0,30.0,0.0,0.0,10.0
2021-05-27,77,0,9,12,0,0,30,22,0,38,15,43,15,0,70,6.0,38.0,0.0,0.0,6.0
2021-05-28,78,2,10,13,0,0,36,22,0,45,31,41,14,0,81,8.0,41.0,0.0,0.0,10.0
2021-05-29,69,0,8,12,0,0,38,16,0,23,18,37,0,0,58,5.0,31.0,0.0,0.0,10.0
2021-05-30,64,0,7,15,0,0,33,21,0,42,20,27,0,0,65,7.0,30.0,0.0,0.0,10.0
2021-05-31,71,0,7,12,0,0,32,21,9,34,23,52,15,0,71,5.0,37.0,0.0,0.0,6.0
2021-06-01,71,0,8,18,0,0,34,14,0,34,24,51,16,0,48,8.0,32.0,0.0,0.0,8.0
2021-06-02,75,3,8,15,0,0,34,12,0,43,27,47,16,0,78,10.0,40.0,0.0,0.0,8.0
2021-06-03,81,0,8,14,0,0,37,10,0,42,26,53,10,0,70,6.0,47.0,0.0,0.0,9.0
2021-06-04,73,3,10,15,2,0,39,16,0,57,30,63,0,0,74,8.0,41.0,0.0,0.0,9.0
2021-06-05,80,0,10,17,0,0,44,19,0,40,20,52,18,0,91,7.0,34.0,0.0,0.0,8.0
2021-06-06,70,0,6,16,0,0,30,18,0,45,18,34,15,0,68,8.0,31.0,0.0,0.0,9.0
2021-06-07,70,2,10,18,2,0,41,17,0,34,30,69,13,0,71,6.0,35.0,0.0,0.0,7.0
2021-06-08,86,3,10,15,2,10,45,23,0,48,29,74,0,0,96,6.0,40.0,0.0,5.0,7.0
2021-06-09,87,2,12,15,0,0,46,20,0,54,34,78,16,0,84,10.0,42.0,0.0,0.0,10.0
2021-06-10,100,0,10,17,0,0,56,19,0,48,41,63,17,0,99,7.0,48.0,0.0,4.0,10.0
2021-06-11,76,2,9,16,2,0,43,20,0,54,17,64,14,0,69,7.0,37.0,0.0,0.0,8.0
2021-06-12,71,2,8,17,0,0,49,15,0,31,17,51,16,0,75,6.0,34.0,0.0,0.0,9.0
2021-06-13,71,0,10,21,0,0,33,16,0,29,13,20,0,0,51,7.0,27.0,0.0,0.0,5.0
2021-06-14,67,0,7,16,0,0,32,15,10,27,11,40,11,0,39,4.0,31.0,0.0,0.0,9.0
2021-06-15,65,0,8,19,0,0,32,18,0,35,22,31,0,0,58,6.0,32.0,0.0,0.0,11.0
2021-06-16,67,0,9,18,0,0,41,9,0,34,16,32,25,0,64,5.0,27.0,0.0,0.0,9.0
2021-06-17,71,0,9,17,0,0,35,19,0,31,16,20,12,0,41,7.0,27.0,0.0,0.0,9.0
2021-06-18,67,0,10,22,0,0,36,14,0,26,13,31,0,0,68,7.0,32.0,0.0,0.0,8.0
2021-06-19,67,0,8,16,0,0,30,23,0,29,0,29,14,0,53,6.0,24.0,0.0,0.0,9.0
2021-06-20,68,0,12,20,0,0,32,18,0,26,0,35,15,0,59,0.0,23.0,0.0,0.0,9.0
2021-06-21,70,0,10,18,0,0,46,21,0,29,0,25,0,0,51,4.0,26.0,0.0,0.0,8.0
2021-06-22,68,0,8,21,0,0,44,20,0,31,0,27,0,0,43,0.0,33.0,0.0,0.0,9.0
2021-06-23,72,0,9,22,0,0,42,16,0,23,0,26,15,0,54,5.0,29.0,0.0,0.0,13.0
2021-06-24,68,0,10,21,0,0,32,17,0,27,0,26,0,0,55,5.0,26.0,0.0,0.0,8.0
2021-06-25,67,0,7,23,0,0,43,13,0,30,0,35,0,0,66,5.0,26.0,0.0,0.0,8.0
2021-06-26,74,0,9,25,0,0,37,17,0,31,13,26,0,0,57,0.0,31.0,0.0,0.0,9.0
2021-06-27,71,0,8,28,0,0,39,17,0,19,0,30,0,0,61,5.0,27.0,0.0,0.0,9.0
2021-06-28,78,0,7,25,0,0,41,23,0,25,0,30,0,0,59,5.0,28.0,0.0,0.0,8.0
2021-06-29,76,0,10,29,0,0,37,23,0,28,17,36,17,0,49,6.0,25.0,0.0,0.0,8.0
2021-06-30,78,0,8,32,0,0,44,18,0,30,0,31,0,0,62,6.0,28.0,0.0,0.0,8.0
2021-07-01,91,0,9,33,0,0,70,38,0,49,13,21,15,0,52,24.0,79.0,0.0,0.0,26.0
2021-07-02,88,0,10,36,0,0,66,25,0,37,0,32,0,0,52,11.0,67.0,0.0,0.0,26.0
2021-07-03,94,0,10,35,0,0,75,34,0,26,0,22,14,0,47,0.0,70.0,0.0,0.0,0.0
2021-07-04,100,0,11,42,0,0,60,0,0,34,0,28,13,0,43,17.0,68.0,0.0,0.0,21.0
2021-07-05,95,0,8,44,0,0,61,37,0,45,0,28,20,0,58,17.0,72.0,0.0,0.0,22.0
2021-07-06,92,0,9,37,0,0,60,32,0,44,14,25,17,0,48,0.0,90.0,0.0,0.0,24.0
2021-07-07,84,0,10,34,0,0,62,24,0,52,12,31,19,0,52,0.0,74.0,0.0,0.0,22.0
2021-07-08,94,0,10,39,0,0,71,41,0,40,15,29,11,0,54,11.0,84.0,0.0,0.0,21.0
2021-07-09,96,0,8,44,0,0,56,34,0,39,0,31,0,0,44,23.0,66.0,0.0,0.0,17.0
2021-07-10,96,0,11,43,0,0,60,47,0,46,12,36,0,0,43,14.0,78.0,0.0,0.0,27.0
2021-07-11,90,0,10,40,0,0,52,24,0,61,0,21,13,0,55,20.0,81.0,0.0,0.0,21.0
2021-07-12,90,0,7,40,0,0,70,22,0,36,0,34,0,0,52,16.0,89.0,0.0,0.0,22.0
2021-07-13,91,0,10,34,0,0,50,33,0,45,17,27,0,0,57,12.0,77.0,0.0,0.0,32.0
2021-07-14,85,0,10,34,0,0,63,31,0,56,0,37,12,0,53,14.0,77.0,0.0,0.0,26.0
2021-07-15,92,0,8,34,0,0,50,28,0,46,17,29,0,0,49,0.0,67.0,0.0,0.0,26.0
2021-07-16,87,0,9,32,0,0,64,47,0,49,0,12,14,0,48,15.0,79.0,0.0,0.0,24.0
2021-07-17,92,0,11,37,0,0,64,25,0,41,0,42,0,0,53,20.0,84.0,0.0,0.0,27.0
2021-07-18,93,0,9,40,0,0,64,42,0,43,0,16,13,0,44,18.0,68.0,0.0,0.0,22.0
2021-07-19,74,0,5,30,0,0,49,34,0,49,12,33,0,0,50,11.0,57.0,0.0,0.0,16.0
2021-07-20,93,0,5,37,0,0,73,29,0,42,0,26,0,0,37,24.0,86.0,0.0,0.0,29.0
2021-07-21,87,0,5,36,0,0,53,36,0,31,0,24,13,0,56,16.0,75.0,0.0,0.0,34.0
2021-07-22,93,0,8,31,0,0,79,34,0,48,0,36,0,0,46,12.0,86.0,0.0,0.0,25.0
2021-07-23,89,0,7,29,0,0,63,33,0,45,15,31,0,0,47,13.0,73.0,0.0,0.0,30.0
2021-07-24,97,0,7,35,0,0,71,28,0,43,0,26,13,0,35,14.0,66.0,0.0,0.0,23.0
2021-07-25,90,0,10,36,0,0,60,40,0,41,0,24,0,0,66,14.0,66.0,0.0,0.0,19.0
2021-07-26,88,2,8,27,0,0,63,26,0,68,0,26,12,0,45,20.0,97.0,0.0,0.0,27.0
2021-07-27,88,0,7,26,0,0,63,31,0,46,0,34,0,0,45,16.0,81.0,0.0,0.0,15.0
2021-07-28,88,0,8,24,0,0,62,28,0,54,0,26,0,0,47,13.0,68.0,0.0,0.0,26.0
2021-07-29,84,0,7,27,2,0,59,27,0,64,0,23,0,16,35,14.0,76.0,0.0,0.0,22.0
2021-07-30,85,0,8,28,0,0,55,19,16,32,0,25,17,0,53,17.0,72.0,0.0,0.0,20.0
2021-07-31,92,0,11,29,0,0,60,26,0,27,0,25,13,0,44,14.0,64.0,0.0,0.0,21.0
2021-08-01,93,0,8,28,0,0,100,37,0,0,0,22,0,0,48,17.0,64.0,0.0,0.0,32.0
2021-08-02,69,0,7,25,0,0,58,20,16,37,16,24,10,0,39,15.0,79.0,0.0,10.0,32.0
2021-08-03,79,0,7,24,0,0,64,25,0,52,12,30,10,0,43,10.0,76.0,0.0,0.0,24.0
2021-08-04,84,0,8,27,0,0,50,29,0,61,0,40,0,0,54,16.0,74.0,0.0,0.0,22.0
2021-08-05,85,0,9,24,0,0,71,41,0,38,0,37,0,0,45,15.0,74.0,0.0,0.0,0.0
2021-08-06,88,0,9,24,0,0,48,30,0,34,11,29,15,0,46,19.0,79.0,0.0,0.0,23.0
2021-08-07,97,2,8,22,0,0,69,29,0,39,0,34,0,0,52,0.0,76.0,0.0,0.0,22.0
2021-08-08,90,0,9,30,0,0,68,24,0,30,12,27,0,0,52,25.0,69.0,0.0,0.0,20.0
2021-08-09,81,0,5,21,0,0,51,24,0,44,15,35,14,0,46,13.0,68.0,0.0,0.0,21.0
2021-08-10,80,0,10,22,0,0,66,43,0,57,16,27,0,0,51,0.0,83.0,0.0,0.0,15.0
2021-08-11,85,0,11,25,0,0,57,38,0,42,0,19,11,0,54,15.0,83.0,0.0,0.0,21.0
2021-08-12,84,0,9,21,0,0,45,44,0,43,13,32,0,0,49,14.0,81.0,0.0,0.0,29.0
2021-08-13,79,2,9,19,0,0,66,44,0,61,0,37,0,0,49,19.0,61.0,0.0,0.0,12.0
2021-08-14,90,0,11,23,0,0,61,26,0,53,12,25,0,0,37,16.0,82.0,0.0,0.0,28.0
2021-08-15,91,0,11,23,0,0,67,33,0,46,0,28,0,0,44,17.0,52.0,0.0,0.0,22.0
2021-08-16,80,0,9,17,0,0,50,30,0,38,15,31,11,0,43,10.0,58.0,0.0,0.0,19.0
2021-08-17,83,0,7,19,0,0,49,29,0,36,0,30,0,0,38,0.0,78.0,0.0,0.0,13.0
2021-08-18,73,0,9,18,0,0,61,22,0,39,0,34,16,0,47,21.0,72.0,0.0,0.0,14.0
2021-08-19,80,0,8,18,0,0,59,26,0,41,20,33,10,0,44,11.0,73.0,0.0,0.0,20.0
2021-08-20,72,0,7,17,0,0,49,20,0,42,13,35,13,0,68,19.0,70.0,13.0,0.0,21.0
2021-08-21,81,0,7,17,0,0,63,29,0,31,18,31,13,0,52,12.0,74.0,0.0,0.0,14.0
2021-08-22,80,0,10,17,0,0,56,28,0,40,0,20,0,0,34,16.0,76.0,0.0,0.0,13.0
2021-08-23,75,0,8,18,0,0,53,35,0,27,14,26,16,0,57,23.0,81.0,0.0,0.0,16.0
2021-08-24,83,0,9,12,0,0,74,37,0,44,0,0,21,0,54,0.0,90.0,0.0,0.0,22.0
2021-08-25,75,0,8,15,0,0,49,26,0,37,14,29,11,0,45,18.0,66.0,0.0,0.0,18.0
2021-08-26,72,0,10,14,0,0,68,15,0,56,18,34,12,0,44,11.0,95.0,0.0,0.0,21.0
2021-08-27,81,0,9,15,0,0,52,25,0,46,20,28,12,0,42,13.0,78.0,0.0,0.0,21.0
2021-08-28,83,0,6,19,0,0,47,23,0,40,0,33,13,0,54,14.0,71.0,0.0,0.0,18.0
2021-08-29,85,0,9,18,0,0,51,27,0,38,0,21,16,0,67,0.0,70.0,0.0,0.0,20.0
2021-08-30,78,0,8,16,0,0,50,26,0,42,13,38,10,12,35,10.0,61.0,0.0,0.0,15.0
2021-08-31,75,0,8,20,0,0,60,0,0,60,16,35,11,0,45,0.0,84.0,0.0,0.0,22.0
2021-09-01,73,4,11,17,0,0,62,23,0,51,0,28,17,0,49,12.0,71.0,0.0,0.0,27.0
2021-09-02,72,0,8,13,0,0,50,30,0,47,13,37,12,0,40,14.0,73.0,0.0,0.0,29.0
2021-09-03,74,0,10,15,0,0,43,22,0,44,20,33,0,0,45,12.0,84.0,0.0,0.0,23.0
2021-09-04,81,0,8,16,0,0,51,22,0,51,19,29,13,0,45,0.0,57.0,0.0,0.0,13.0
2021-09-05,82,0,9,17,0,0,73,0,0,21,0,41,23,0,44,0.0,45.0,0.0,0.0,0.0
2021-09-06,79,0,5,18,0,0,53,25,0,48,0,44,0,11,52,10.0,61.0,0.0,0.0,15.0
2021-09-07,82,0,9,17,0,0,54,22,0,47,12,58,0,0,35,13.0,72.0,0.0,0.0,11.0
2021-09-08,74,0,8,14,0,0,43,20,0,40,0,39,0,0,48,0.0,96.0,0.0,0.0,21.0
2021-09-09,80,0,9,13,0,0,46,32,0,43,12,27,14,0,39,14.0,80.0,0.0,0.0,24.0
2021-09-10,76,0,8,13,0,0,48,19,0,47,0,41,13,0,48,16.0,71.0,0.0,0.0,12.0
2021-09-11,73,0,7,15,0,0,58,22,0,38,19,42,0,0,48,15.0,52.0,0.0,0.0,23.0
2021-09-12,78,0,8,16,0,0,46,0,0,35,0,22,15,0,35,14.0,60.0,0.0,0.0,16.0
2021-09-13,75,0,8,14,0,0,55,22,0,35,12,34,0,0,40,17.0,76.0,0.0,0.0,18.0
2021-09-14,70,0,9,12,0,0,42,22,15,57,10,38,0,0,37,0.0,56.0,0.0,0.0,15.0
2021-09-15,71,0,9,15,0,0,59,15,0,41,10,30,17,0,51,18.0,77.0,0.0,0.0,17.0
2021-09-16,74,2,9,20,0,0,39,30,0,52,22,40,15,0,49,14.0,75.0,0.0,0.0,16.0
2021-09-17,78,0,8,15,0,0,54,18,0,61,0,33,14,0,48,0.0,71.0,0.0,0.0,25.0
2021-09-18,82,0,8,17,0,0,52,34,0,39,0,33,17,0,58,20.0,62.0,0.0,0.0,20.0
2021-09-19,71,0,9,16,0,0,43,0,0,38,14,42,0,14,45,0.0,64.0,0.0,0.0,18.0
2021-09-20,75,0,7,15,0,0,53,26,0,57,0,45,13,0,50,14.0,71.0,0.0,0.0,18.0
2021-09-21,78,0,9,18,0,0,69,27,0,63,18,50,16,0,52,14.0,78.0,0.0,0.0,22.0
2021-09-22,76,0,9,13,0,0,49,27,0,51,11,39,18,12,46,12.0,70.0,0.0,0.0,21.0
2021-09-23,73,0,11,15,0,0,51,17,0,63,0,31,23,0,43,16.0,78.0,0.0,0.0,15.0
2021-09-24,83,0,8,16,0,0,43,17,0,51,23,53,15,0,33,17.0,68.0,0.0,0.0,17.0
2021-09-25,77,0,8,14,0,0,48,25,0,32,15,35,14,0,58,13.0,70.0,0.0,0.0,18.0
2021-09-26,67,0,7,19,0,0,44,18,0,42,0,41,27,0,43,14.0,60.0,0.0,0.0,0.0
2021-09-27,73,0,9,17,0,0,46,0,0,63,14,48,0,0,54,13.0,61.0,0.0,0.0,12.0
2021-09-28,80,0,10,14,0,0,52,31,0,39,15,44,0,12,45,20.0,71.0,0.0,0.0,17.0
2021-09-29,80,0,8,13,0,0,47,19,0,52,12,41,17,0,45,13.0,65.0,0.0,0.0,14.0
2021-09-30,74,0,9,18,0,0,52,30,0,57,19,43,11,0,63,13.0,77.0,0.0,0.0,26.0
2021-10-01,75,0,10,16,0,0,54,24,0,56,15,35,18,0,48,0.0,75.0,0.0,0.0,18.0
2021-10-02,79,0,8,17,0,0,52,16,0,53,0,41,14,0,51,22.0,64.0,0.0,0.0,20.0
2021-10-03,76,0,7,16,0,0,47,32,0,35,0,46,14,0,48,0.0,58.0,0.0,0.0,19.0
2021-10-04,77,0,9,13,0,0,54,19,0,34,11,25,12,0,53,14.0,81.0,0.0,0.0,15.0
2021-10-05,76,0,11,15,0,0,51,15,0,60,0,48,13,0,50,12.0,82.0,0.0,0.0,15.0
2021-10-06,84,0,10,18,0,0,61,20,0,53,12,36,16,0,52,19.0,73.0,0.0,0.0,18.0
2021-10-07,87,0,7,17,0,0,53,23,0,37,0,43,21,0,55,0.0,80.0,0.0,0.0,18.0
2021-10-08,77,0,9,16,0,0,55,20,0,40,20,47,16,0,40,11.0,74.0,0.0,0.0,17.0
2021-10-09,81,0,8,16,0,0,47,18,0,39,15,29,0,0,43,15.0,61.0,0.0,0.0,18.0
2021-10-10,83,0,7,16,0,0,45,0,0,42,0,38,0,0,61,17.0,55.0,0.0,0.0,21.0
2021-10-11,86,0,9,21,0,0,51,26,0,94,28,45,18,0,59,19.0,76.0,0.0,0.0,18.0
2021-10-12,87,0,10,19,0,0,45,30,0,56,12,47,18,0,62,18.0,89.0,0.0,0.0,15.0
2021-10-13,82,0,7,20,0,0,44,16,0,60,17,46,12,0,54,11.0,75.0,0.0,0.0,14.0
2021-10-14,88,0,6,17,0,0,58,24,0,60,24,44,17,0,53,0.0,100.0,0.0,0.0,12.0
2021-10-15,80,0,11,18,0,0,59,29,0,71,15,45,13,0,60,15.0,68.0,0.0,0.0,17.0
2021-10-16,82,0,8,18,0,0,48,23,0,43,13,51,0,0,48,27.0,68.0,0.0,0.0,15.0
2021-10-17,75,0,10,21,0,0,60,30,0,47,17,30,0,0,59,18.0,53.0,0.0,0.0,13.0
2021-10-18,79,0,6,12,0,0,70,0,0,62,13,48,0,0,52,0.0,69.0,0.0,0.0,18.0
2021-10-19,75,0,8,15,0,0,43,27,0,74,13,42,14,13,56,0.0,69.0,0.0,0.0,17.0
2021-10-20,80,0,11,16,0,0,42,18,0,55,0,32,0,0,52,17.0,68.0,0.0,0.0,0.0
2021-10-21,81,0,8,16,0,0,41,22,0,74,0,54,13,0,48,19.0,80.0,0.0,0.0,14.0
2021-10-22,78,0,10,16,0,0,56,24,0,74,14,55,0,0,48,13.0,56.0,0.0,0.0,0.0
2021-10-23,72,0,9,15,0,0,62,26,0,59,14,34,0,0,59,0.0,58.0,0.0,0.0,21.0
2021-10-24,66,0,6,16,0,0,39,18,0,30,0,21,0,0,43,0.0,74.0,0.0,0.0,0.0
2021-10-25,77,0,8,13,0,0,45,35,0,75,12,51,12,0,52,0.0,67.0,0.0,0.0,16.0
2021-10-26,82,0,7,14,0,0,62,20,16,64,14,45,12,11,45,11.0,70.0,0.0,0.0,15.0
2021-10-27,78,0,10,16,0,0,47,20,16,76,0,41,17,0,63,20.0,96.0,0.0,0.0,0.0
2021-10-28,83,0,8,12,0,0,51,20,0,55,12,47,15,0,50,11.0,91.0,0.0,0.0,20.0
2021-10-29,78,0,9,15,0,0,61,32,0,66,14,43,13,0,64,11.0,75.0,0.0,10.0,12.0
2021-10-30,71,0,8,13,0,0,36,21,0,59,0,31,0,0,61,14.0,56.0,0.0,0.0,15.0
2021-10-31,71,0,12,14,0,0,33,0,0,45,0,42,13,0,50,0.0,51.0,15.0,0.0,16.0
2021-11-01,79,0,9,14,0,0,34,0,0,75,20,56,20,0,63,13.0,86.0,0.0,0.0,15.0
2021-11-02,88,0,11,14,0,0,46,20,0,84,21,58,13,0,52,13.0,77.0,0.0,0.0,17.0
2021-11-03,82,0,9,18,0,0,55,22,16,57,20,57,15,0,80,11.0,76.0,0.0,0.0,18.0
2021-11-04,71,0,11,16,0,0,41,22,0,65,14,49,0,0,68,13.0,74.0,0.0,0.0,11.0
2021-11-05,81,0,9,12,0,0,44,16,0,76,20,44,0,0,65,26.0,85.0,0.0,0.0,0.0
2021-11-06,76,0,9,19,0,0,49,19,23,54,12,49,0,0,49,16.0,66.0,0.0,0.0,12.0
2021-11-07,74,0,7,19,0,0,35,0,0,49,14,32,28,0,57,15.0,60.0,0.0,0.0,13.0
2021-11-08,82,0,11,19,0,0,67,18,16,62,22,70,13,0,61,0.0,74.0,0.0,0.0,26.0
2021-11-09,86,0,7,18,0,0,38,17,0,66,17,60,0,0,60,15.0,86.0,0.0,0.0,0.0
2021-11-10,77,0,10,15,0,0,53,25,0,66,32,68,16,0,48,0.0,77.0,0.0,0.0,12.0
2021-11-11,78,0,11,12,0,0,45,18,0,50,28,69,18,0,57,13.0,81.0,0.0,0.0,13.0
2021-11-12,87,0,9,15,0,0,43,0,20,59,23,66,12,0,49,11.0,77.0,0.0,0.0,12.0
2021-11-13,84,0,9,14,4,0,45,41,0,65,15,38,0,0,44,12.0,71.0,0.0,0.0,22.0
2021-11-14,88,0,8,15,0,0,55,24,0,43,0,41,0,0,40,0.0,75.0,0.0,14.0,18.0
2021-11-15,75,0,9,15,0,0,55,28,0,67,21,67,20,0,63,10.0,65.0,0.0,0.0,12.0
2021-11-16,81,0,7,17,0,0,57,20,0,72,18,61,18,0,62,14.0,96.0,0.0,11.0,15.0
2021-11-17,83,0,9,14,0,0,34,18,0,61,17,67,13,0,72,16.0,80.0,0.0,0.0,23.0
2021-11-18,84,0,10,16,0,0,56,19,15,60,23,66,14,0,47,11.0,87.0,0.0,0.0,17.0
2021-11-19,80,0,8,16,0,0,47,0,0,48,14,65,0,0,53,18.0,72.0,0.0,0.0,18.0
2021-11-20,72,0,11,15,0,0,48,33,0,49,14,40,0,0,61,0.0,69.0,0.0,0.0,29.0
2021-11-21,82,0,11,19,0,0,42,17,0,46,16,52,15,0,40,19.0,61.0,0.0,0.0,16.0
2021-11-22,83,0,9,19,0,0,44,0,0,62,22,62,0,0,59,0.0,79.0,0.0,0.0,14.0
2021-11-23,81,0,7,19,0,0,51,0,0,79,26,80,0,0,64,14.0,82.0,0.0,11.0,15.0
2021-11-24,75,0,11,20,0,0,46,17,0,70,16,69,0,0,49,0.0,84.0,0.0,0.0,20.0
2021-11-25,78,0,9,19,0,0,55,17,17,59,17,44,18,11,37,16.0,90.0,0.0,0.0,20.0
2021-11-26,82,0,8,12,0,0,58,25,0,61,24,57,18,0,43,25.0,86.0,0.0,0.0,13.0
2021-11-27,73,0,11,15,0,0,46,20,0,49,13,68,0,0,53,13.0,75.0,0.0,0.0,23.0
2021-11-28,73,0,11,15,0,0,44,0,18,45,0,38,0,0,40,0.0,71.0,0.0,0.0,13.0
2021-11-29,78,0,8,15,0,0,49,21,18,63,22,58,0,0,50,0.0,63.0,12.0,0.0,15.0
2021-11-30,79,0,10,19,0,0,50,25,0,75,26,74,13,0,60,16.0,92.0,0.0,0.0,21.0
2021-12-01,75,0,8,16,0,0,39,0,17,80,23,76,16,0,72,13.0,94.0,0.0,0.0,14.0
2021-12-02,75,0,9,16,0,0,46,0,0,82,30,100,12,0,54,16.0,83.0,0.0,0.0,14.0
2021-12-03,79,0,9,19,0,0,52,21,0,49,26,67,0,0,48,14.0,90.0,0.0,0.0,18.0
2021-12-04,74,0,5,14,0,0,55,16,0,51,0,48,14,0,46,16.0,70.0,0.0,0.0,17.0
2021-12-05,72,0,12,19,0,0,52,18,0,54,0,47,15,0,48,15.0,74.0,0.0,0.0,21.0
2021-12-06,82,0,10,18,0,0,40,26,0,52,26,71,12,0,64,0.0,65.0,0.0,0.0,16.0
2021-12-07,82,0,11,17,0,0,59,18,0,59,22,90,13,0,59,18.0,88.0,0.0,0.0,17.0
2021-12-08,71,0,12,19,0,0,65,21,0,74,25,90,0,0,65,0.0,76.0,0.0,12.0,22.0
2021-12-09,83,0,9,20,0,0,59,34,0,71,18,94,16,0,62,13.0,73.0,0.0,0.0,16.0
2021-12-10,73,0,11,19,0,0,54,0,0,61,17,62,0,0,46,14.0,90.0,0.0,0.0,20.0
2021-12-11,76,0,10,19,0,0,61,22,0,66,0,41,15,0,45,16.0,78.0,0.0,0.0,15.0
2021-12-12,69,0,8,16,0,0,44,0,0,48,0,24,18,0,42,22.0,60.0,0.0,0.0,23.0
2021-12-13,83,0,8,18,0,0,50,27,0,62,14,52,15,0,61,19.0,84.0,12.0,12.0,0.0
2021-12-14,83,0,7,15,0,0,58,17,0,67,0,59,0,0,65,11.0,74.0,0.0,11.0,0.0
2021-12-15,78,0,10,16,0,0,61,22,0,57,17,47,21,0,56,16.0,73.0,0.0,0.0,12.0
2021-12-16,83,0,10,20,0,0,47,34,0,34,0,52,14,0,76,18.0,79.0,0.0,12.0,16.0
2021-12-17,74,4,7,23,0,0,54,23,0,34,15,39,15,0,77,0.0,70.0,0.0,0.0,16.0
2021-12-18,74,0,9,17,0,0,48,20,0,51,0,27,19,0,57,13.0,66.0,0.0,0.0,15.0
2021-12-19,76,0,8,19,0,0,42,0,0,31,0,26,0,0,50,14.0,47.0,0.0,0.0,0.0
2021-12-20,81,0,10,19,0,0,59,29,0,45,16,35,23,0,56,0.0,58.0,0.0,0.0,15.0
2021-12-21,78,0,12,19,0,0,52,17,0,54,0,33,0,0,58,0.0,76.0,0.0,12.0,23.0
2021-12-22,70,0,10,17,0,0,45,0,0,43,0,16,21,0,59,12.0,65.0,0.0,0.0,15.0
2021-12-23,86,0,11,22,0,0,65,0,0,54,0,48,13,0,49,18.0,92.0,0.0,0.0,0.0
2021-12-24,81,0,11,20,0,0,34,0,0,38,0,26,17,0,57,0.0,73.0,0.0,0.0,15.0
2021-12-25,71,0,9,18,0,0,50,22,0,38,0,26,0,0,36,0.0,48.0,0.0,0.0,17.0
2021-12-26,70,0,10,20,0,0,51,34,0,36,0,34,0,0,42,20.0,73.0,0.0,0.0,0.0
2021-12-27,74,0,11,21,0,0,61,22,20,49,13,25,14,0,41,0.0,81.0,12.0,0.0,17.0
2021-12-28,75,0,11,20,0,0,59,0,0,33,0,27,0,0,56,14.0,68.0,0.0,0.0,0.0
2021-12-29,66,0,9,20,0,0,52,30,0,33,0,23,12,0,53,12.0,86.0,0.0,0.0,0.0
2021-12-30,74,0,11,16,0,0,43,26,0,41,0,29,0,0,59,14.0,57.0,0.0,0.0,15.0
2021-12-31,60,0,7,14,0,0,32,0,0,23,0,22,13,0,45,24.0,58.0,0.0,0.0,22.0
2022-01-01,56,0,7,18,0,0,44,0,0,29,0,32,13,0,54,7.0,22.0,0.0,0.0,4.0
2022-01-02,70,0,7,13,0,0,43,0,0,27,0,27,0,0,53,5.0,26.0,0.0,0.0,8.0
2022-01-03,74,0,8,19,0,0,39,0,0,42,0,21,17,0,66,6.0,29.0,0.0,0.0,8.0
2022-01-04,67,0,8,15,0,0,60,0,0,80,0,31,18,0,61,6.0,32.0,0.0,0.0,5.0
2022-01-05,72,0,7,14,0,0,44,28,0,40,0,24,0,0,54,5.0,27.0,0.0,0.0,8.0
2022-01-06,65,0,5,13,0,0,44,18,0,48,0,33,0,0,42,7.0,31.0,0.0,4.0,7.0
2022-01-07,65,0,8,14,0,0,52,24,0,52,10,18,0,0,52,4.0,27.0,0.0,0.0,6.0
2022-01-08,68,0,6,15,0,0,44,18,0,45,0,27,12,0,47,7.0,27.0,0.0,0.0,5.0
2022-01-09,69,0,8,12,0,0,38,30,0,43,13,33,0,0,55,7.0,21.0,0.0,0.0,7.0
2022-01-10,71,0,7,15,0,0,49,18,0,48,0,21,14,0,52,6.0,29.0,0.0,0.0,7.0
2022-01-11,73,0,9,14,0,0,55,16,0,56,11,30,10,0,60,6.0,32.0,0.0,0.0,5.0
2022-01-12,64,0,7,12,0,0,45,25,0,61,0,26,0,0,46,4.0,29.0,0.0,0.0,8.0
2022-01-13,68,0,8,14,0,0,44,25,0,44,0,23,25,0,57,7.0,35.0,0.0,0.0,5.0
2022-01-14,62,0,7,15,0,0,50,19,0,49,0,31,0,0,52,4.0,24.0,0.0,0.0,6.0
2022-01-15,71,0,6,12,0,0,48,19,0,41,0,31,0,0,55,0.0,27.0,0.0,0.0,8.0
2022-01-16,64,0,8,14,0,0,60,23,0,49,0,28,15,0,49,6.0,24.0,0.0,0.0,0.0
2022-01-17,63,0,6,15,0,0,40,24,0,53,14,29,11,0,64,4.0,31.0,0.0,0.0,5.0
2022-01-18,67,0,7,11,0,0,39,16,0,52,0,33,0,0,44,5.0,34.0,0.0,0.0,5.0
2022-01-19,65,0,6,10,0,0,40,21,0,43,0,37,0,0,53,0.0,32.0,0.0,0.0,6.0
2022-01-20,68,0,8,11,0,0,44,20,0,43,0,26,13,0,58,7.0,32.0,0.0,0.0,6.0
2022-01-21,64,0,9,12,0,0,47,21,0,60,12,29,11,0,52,4.0,27.0,0.0,4.0,7.0
2022-01-22,68,0,10,14,0,0,42,28,0,41,0,32,0,0,45,5.0,27.0,0.0,0.0,7.0
2022-01-23,78,0,8,15,0,0,42,21,0,51,10,35,12,0,52,6.0,30.0,0.0,0.0,10.0
2022-01-24,91,0,5,16,0,0,44,26,0,63,15,49,11,0,61,6.0,48.0,0.0,4.0,8.0
2022-01-25,99,0,6,15,0,0,47,21,0,95,10,27,13,0,61,4.0,47.0,0.0,4.0,6.0
2022-01-26,79,0,7,18,0,0,51,30,0,55,12,37,9,0,53,4.0,40.0,0.0,3.0,6.0
2022-01-27,72,0,8,13,0,0,44,30,0,51,10,39,14,0,40,6.0,34.0,0.0,6.0,6.0
2022-01-28,85,0,9,17,0,0,43,31,0,66,0,25,0,0,48,5.0,42.0,0.0,0.0,9.0
2022-01-29,74,0,6,17,0,0,54,15,0,54,0,33,0,0,49,7.0,31.0,0.0,0.0,7.0
2022-01-30,75,0,8,17,0,0,47,23,0,46,14,31,0,0,59,6.0,30.0,0.0,4.0,7.0
2022-01-31,75,0,7,17,0,0,50,30,0,48,11,26,0,0,46,7.0,35.0,0.0,0.0,9.0
2022-02-01,73,0,7,18,0,0,35,21,0,52,12,27,11,0,49,4.0,31.0,0.0,0.0,8.0
2022-02-02,74,0,8,15,0,0,36,15,0,59,10,28,0,0,70,5.0,49.0,0.0,6.0,6.0
2022-02-03,75,0,7,17,0,0,52,22,0,49,15,37,19,0,72,5.0,47.0,0.0,0.0,7.0
2022-02-04,67,0,9,18,0,0,52,18,0,48,10,41,20,0,69,3.0,42.0,0.0,0.0,4.0
2022-02-05,70,0,9,19,0,0,42,17,0,36,14,26,11,0,57,5.0,26.0,0.0,0.0,9.0
2022-02-06,69,0,9,19,0,0,45,20,0,34,11,39,13,0,52,6.0,30.0,0.0,0.0,5.0
2022-02-07,73,0,9,17,0,0,53,29,0,53,0,28,17,0,55,6.0,50.0,0.0,0.0,6.0
2022-02-08,73,0,7,18,0,0,43,24,0,66,13,36,14,0,76,4.0,57.0,0.0,4.0,7.0
2022-02-09,77,0,9,20,0,0,37,23,0,60,14,42,0,0,73,4.0,67.0,0.0,4.0,5.0
2022-02-10,63,0,11,17,0,0,48,13,0,46,0,35,15,0,64,0.0,50.0,0.0,0.0,8.0
2022-02-11,66,0,10,21,0,0,49,18,0,54,0,30,13,0,59,6.0,51.0,0.0,0.0,4.0
2022-02-12,69,0,10,24,0,0,59,18,0,36,13,33,0,0,65,6.0,33.0,0.0,4.0,6.0
2022-02-13,73,0,11,23,0,0,45,22,0,66,14,38,9,0,67,5.0,37.0,0.0,0.0,7.0
2022-02-14,79,0,11,18,0,0,52,24,0,49,0,45,11,0,78,4.0,62.0,0.0,0.0,6.0
2022-02-15,83,0,11,21,0,0,44,20,8,86,10,39,14,0,70,5.0,74.0,0.0,3.0,6.0
2022-02-16,90,2,11,25,0,0,46,22,0,63,12,32,15,0,86,7.0,66.0,0.0,3.0,6.0
2022-02-17,78,2,10,20,0,0,47,22,8,58,12,41,8,0,72,6.0,66.0,0.0,3.0,7.0
2022-02-18,89,0,9,22,0,0,49,25,0,61,17,54,15,0,73,5.0,65.0,0.0,3.0,8.0
2022-02-19,78,0,8,21,0,0,50,21,0,42,14,29,10,0,52,7.0,50.0,0.0,0.0,8.0
2022-02-20,79,0,10,21,0,0,49,17,0,55,0,30,0,0,65,4.0,36.0,0.0,0.0,6.0
2022-02-21,92,2,11,22,0,0,42,21,0,56,10,47,11,0,69,3.0,65.0,0.0,4.0,4.0
2022-02-22,83,0,10,23,0,0,53,15,0,59,10,50,16,0,84,8.0,76.0,0.0,3.0,7.0
2022-02-23,89,0,8,19,0,0,49,24,0,65,12,40,13,0,89,6.0,78.0,0.0,0.0,5.0
2022-02-24,87,1,9,18,0,0,48,17,0,61,14,40,9,0,82,0.0,91.0,0.0,0.0,7.0
2022-02-25,83,0,10,18,0,0,57,26,0,51,13,44,13,0,74,5.0,60.0,0.0,3.0,8.0
2022-02-26,72,0,10,20,0,0,53,21,9,42,7,26,12,0,56,4.0,45.0,0.0,3.0,3.0
2022-02-27,66,0,7,19,0,0,40,0,0,41,0,31,17,0,50,4.0,32.0,0.0,4.0,6.0
2022-02-28,79,0,11,21,2,0,36,17,0,51,9,24,10,0,71,7.0,43.0,0.0,4.0,4.0
2022-03-01,83,1,9,20,0,0,50,18,0,72,13,39,8,0,56,6.0,69.0,0.0,0.0,3.0
2022-03-02,83,2,8,20,0,0,52,18,0,63,15,33,11,0,63,4.0,64.0,0.0,3.0,5.0
2022-03-03,70,0,9,20,0,0,46,22,0,45,0,28,12,0,69,4.0,40.0,0.0,0.0,5.0
2022-03-04,85,0,10,19,0,0,40,22,0,69,8,30,13,0,71,5.0,67.0,0.0,4.0,6.0
2022-03-05,74,0,8,17,0,0,48,16,0,56,13,29,8,0,62,6.0,51.0,0.0,3.0,5.0
2022-03-06,70,0,8,18,0,0,31,20,0,68,0,32,13,0,61,5.0,38.0,0.0,3.0,5.0
2022-03-07,94,2,11,14,0,0,51,13,0,79,13,54,16,0,98,7.0,79.0,0.0,3.0,6.0
2022-03-08,83,0,9,17,0,0,49,20,0,75,18,46,12,0,76,6.0,74.0,0.0,4.0,5.0
2022-03-09,84,0,8,13,0,0,49,20,0,75,10,49,13,0,90,6.0,73.0,0.0,3.0,7.0
2022-03-10,100,2,10,15,0,9,56,17,14,68,8,45,16,0,100,6.0,100.0,0.0,5.0,4.0
2022-03-11,81,0,10,14,0,0,57,14,0,70,12,39,13,0,81,3.0,65.0,0.0,5.0,7.0
2022-03-12,79,2,7,16,0,0,42,28,0,59,14,42,14,0,73,5.0,49.0,0.0,0.0,6.0
2022-03-13,69,1,6,15,0,0,48,14,0,62,10,31,11,0,76,5.0,41.0,0.0,3.0,4.0
2022-03-14,92,0,12,14,0,0,42,16,0,72,10,46,11,8,81,5.0,75.0,0.0,6.0,7.0
2022-03-15,80,1,8,11,0,0,49,17,0,76,15,31,9,0,74,5.0,65.0,0.0,4.0,5.0
2022-03-16,84,1,9,15,0,0,43,20,0,77,9,49,12,7,81,5.0,68.0,0.0,7.0,7.0
2022-03-17,95,2,11,13,0,0,42,20,8,97,10,45,15,0,77,6.0,94.0,0.0,5.0,5.0
2022-03-18,89,0,19,16,0,0,59,25,0,71,16,55,10,0,81,5.0,65.0,0.0,2.0,8.0
2022-03-19,79,1,9,14,0,0,59,11,10,64,0,30,18,0,72,4.0,51.0,0.0,0.0,8.0
2022-03-20,69,0,8,13,0,0,54,17,0,73,9,34,13,0,63,4.0,36.0,0.0,3.0,5.0
2022-03-21,86,2,9,13,0,0,49,19,0,84,14,49,14,0,84,6.0,67.0,0.0,4.0,4.0
2022-03-22,86,2,9,14,0,0,58,16,8,82,13,41,13,0,70,4.0,65.0,0.0,5.0,6.0
2022-03-23,84,0,10,15,0,0,50,18,0,82,10,34,12,0,79,3.0,51.0,0.0,3.0,7.0
2022-03-24,84,0,11,13,0,0,49,26,0,70,11,39,16,0,66,6.0,57.0,0.0,3.0,6.0
2022-03-25,84,0,7,13,0,0,47,18,0,64,10,53,15,0,70,6.0,44.0,0.0,3.0,7.0
2022-03-26,79,1,9,13,0,0,48,20,0,55,12,40,8,0,70,5.0,43.0,0.0,3.0,7.0
2022-03-27,79,0,9,17,0,0,52,23,0,55,0,31,17,0,66,5.0,36.0,0.0,4.0,6.0
2022-03-28,83,0,10,13,0,0,53,17,0,66,9,33,15,0,75,5.0,54.0,0.0,2.0,9.0
2022-03-29,89,0,9,13,0,0,52,13,0,72,11,45,13,6,77,6.0,48.0,0.0,4.0,6.0
2022-03-30,92,2,9,11,0,0,55,23,0,77,9,41,14,0,65,6.0,51.0,0.0,4.0,7.0
2022-03-31,78,2,9,10,0,0,47,22,0,70,12,39,14,0,72,3.0,41.0,0.0,3.0,6.0
2022-04-01,70,0,7,12,0,0,30,28,0,53,9,27,12,0,62,4.0,31.0,0.0,3.0,4.0
2022-04-02,71,0,7,13,0,0,40,18,0,40,9,22,10,0,50,5.0,28.0,0.0,0.0,6.0
2022-04-03,76,0,10,17,0,0,49,25,0,50,8,41,13,0,60,7.0,25.0,0.0,0.0,6.0
2022-04-04,79,0,8,16,0,0,41,12,9,47,13,37,11,0,64,5.0,35.0,0.0,3.0,5.0
2022-04-05,82,0,8,12,0,0,45,22,0,68,11,28,11,0,66,8.0,38.0,0.0,4.0,8.0
2022-04-06,76,0,7,12,0,0,47,17,0,55,16,34,16,7,73,6.0,34.0,0.0,3.0,7.0
2022-04-07,79,0,7,14,0,0,56,20,0,70,13,38,11,0,60,8.0,43.0,0.0,3.0,6.0
2022-04-08,78,0,7,16,0,0,53,24,0,67,12,36,16,11,60,5.0,45.0,0.0,3.0,6.0
2022-04-09,76,2,6,12,0,0,46,20,12,46,11,30,16,0,60,6.0,36.0,0.0,0.0,8.0
2022-04-10,73,0,8,14,0,0,42,20,0,52,10,30,13,0,51,4.0,30.0,0.0,0.0,5.0
2022-04-11,75,0,6,12,0,0,39,24,0,64,12,32,11,0,54,6.0,41.0,0.0,0.0,7.0
2022-04-12,77,0,6,14,0,0,53,15,11,59,11,33,13,0,61,5.0,36.0,0.0,0.0,6.0
2022-04-13,75,0,8,11,0,0,53,26,0,56,8,35,14,0,59,5.0,36.0,0.0,4.0,8.0
2022-04-14,73,0,9,11,0,0,43,23,0,49,8,30,0,0,50,5.0,42.0,0.0,0.0,5.0
2022-04-15,68,0,8,15,0,0,40,19,0,49,18,31,13,0,61,7.0,26.0,0.0,0.0,6.0
2022-04-16,70,0,8,13,0,0,36,21,0,47,13,27,12,7,43,6.0,28.0,0.0,3.0,6.0
2022-04-17,73,0,7,13,0,0,42,29,0,49,12,36,12,0,56,7.0,26.0,0.0,0.0,7.0
2022-04-18,75,0,6,13,0,0,43,17,0,73,14,35,12,0,68,4.0,38.0,0.0,2.0,4.0
2022-04-19,70,0,7,13,0,0,46,18,0,100,12,30,12,6,59,5.0,32.0,0.0,3.0,4.0
2022-04-20,70,0,7,11,0,0,35,19,0,67,12,31,14,0,62,5.0,35.0,0.0,4.0,4.0
2022-04-21,72,1,10,11,0,0,37,13,0,61,16,38,13,0,61,5.0,36.0,0.0,4.0,4.0
2022-04-22,69,0,8,14,0,0,49,13,0,68,16,31,11,0,69,5.0,32.0,0.0,5.0,5.0
2022-04-23,61,0,8,14,0,0,46,23,0,40,10,30,19,0,57,7.0,27.0,0.0,3.0,5.0
2022-04-24,57,0,7,12,0,0,34,22,0,43,15,25,10,0,45,4.0,21.0,0.0,0.0,5.0
2022-04-25,63,0,6,11,0,0,33,18,0,60,0,24,16,0,53,6.0,27.0,0.0,0.0,4.0
2022-04-26,57,0,4,12,0,0,33,23,0,42,14,26,9,0,50,4.0,28.0,0.0,5.0,0.0
2022-04-27,69,0,7,12,0,0,37,13,0,47,10,25,9,0,50,4.0,26.0,0.0,0.0,4.0
2022-04-28,56,0,4,10,0,0,31,9,0,40,7,25,15,0,42,6.0,22.0,0.0,3.0,4.0
2022-04-29,53,0,5,11,0,0,37,15,13,35,0,24,8,0,45,5.0,17.0,0.0,3.0,3.0
2022-04-30,50,0,6,11,2,0,29,0,0,21,9,25,12,0,41,5.0,15.0,0.0,3.0,3.0
2022-05-01,40,0,3,11,0,0,26,0,0,13,0,14,0,0,27,4.0,12.0,0.0,0.0,5.0
2022-05-02,50,0,7,8,0,0,38,19,0,23,0,16,0,0,31,4.0,23.0,0.0,0.0,4.0
2022-05-03,54,2,6,12,0,0,39,10,0,22,0,20,0,0,32,7.0,15.0,0.0,0.0,5.0
2022-05-04,59,0,6,11,0,0,28,16,0,39,0,19,10,0,43,5.0,17.0,0.0,0.0,4.0
2022-05-05,57,0,7,11,0,0,44,22,0,38,0,22,8,0,46,3.0,19.0,0.0,0.0,5.0
2022-05-06,59,0,7,12,0,0,44,16,0,31,0,16,12,0,45,7.0,23.0,0.0,0.0,4.0
2022-05-07,62,0,9,13,0,0,47,18,0,39,11,27,9,0,42,4.0,22.0,4.0,0.0,4.0
2022-05-08,66,0,9,15,0,0,44,19,0,43,11,21,0,0,43,6.0,20.0,0.0,3.0,4.0
2022-05-09,73,0,8,15,0,0,49,21,0,45,10,22,17,0,48,4.0,30.0,0.0,4.0,5.0
2022-05-10,71,0,8,14,1,0,43,22,0,56,10,23,17,0,60,5.0,34.0,0.0,3.0,4.0
2022-05-11,91,0,10,14,1,0,47,20,13,65,19,34,13,6,63,6.0,36.0,0.0,4.0,7.0
2022-05-12,75,1,8,14,0,0,51,20,0,53,15,21,12,0,54,7.0,27.0,0.0,4.0,6.0
2022-05-13,65,0,8,16,0,0,42,24,0,49,10,26,10,0,49,6.0,29.0,0.0,0.0,7.0
2022-05-14,68,0,8,14,0,0,45,23,0,56,12,30,9,0,49,6.0,25.0,0.0,0.0,6.0
2022-05-15,61,0,8,14,0,0,42,24,0,57,8,22,0,0,52,4.0,25.0,0.0,0.0,6.0
2022-05-16,65,0,8,12,0,0,49,24,13,47,11,36,9,0,46,3.0,28.0,0.0,0.0,4.0
2022-05-17,73,2,8,15,0,0,45,19,0,57,22,28,12,0,73,6.0,33.0,0.0,3.0,7.0
2022-05-18,81,0,9,13,0,0,59,22,0,70,17,31,15,0,80,5.0,32.0,0.0,3.0,6.0
2022-05-19,78,0,10,15,2,0,53,31,0,75,16,38,7,0,63,6.0,34.0,0.0,3.0,8.0
2022-05-20,68,0,9,14,0,0,51,26,0,46,14,37,15,0,56,6.0,29.0,0.0,3.0,8.0
2022-05-21,65,0,9,15,2,0,51,21,0,45,9,30,9,0,53,4.0,29.0,0.0,0.0,7.0
2022-05-22,65,0,11,12,0,0,48,18,0,48,18,32,10,0,53,5.0,21.0,0.0,0.0,0.0
2022-05-23,79,2,10,15,2,0,54,28,0,62,12,34,11,0,63,7.0,35.0,0.0,3.0,8.0
2022-05-24,80,0,10,15,1,0,46,25,13,64,13,31,10,7,69,7.0,35.0,0.0,0.0,8.0
2022-05-25,74,0,10,13,0,0,57,37,0,58,12,34,16,0,58,6.0,34.0,0.0,3.0,5.0
2022-05-26,70,0,13,15,0,0,47,17,0,52,24,28,12,0,42,6.0,28.0,0.0,5.0,4.0
2022-05-27,70,0,12,15,2,0,55,25,0,51,19,32,14,0,60,5.0,31.0,0.0,4.0,6.0
2022-05-28,64,0,10,14,0,0,42,24,0,39,13,27,10,0,45,7.0,26.0,0.0,0.0,5.0
2022-05-29,71,0,12,13,2,0,50,16,0,46,9,29,0,0,61,6.0,31.0,0.0,0.0,6.0
2022-05-30,74,0,9,12,0,0,55,21,0,70,16,29,11,0,66,6.0,29.0,0.0,3.0,7.0
2022-05-31,72,0,10,15,0,0,63,28,0,61,0,33,11,0,57,7.0,28.0,0.0,4.0,8.0
2022-06-01,65,0,10,15,0,0,42,17,0,42,20,39,13,0,55,5.0,28.0,0.0,0.0,8.0
2022-06-02,82,2,11,13,3,0,55,23,0,54,17,41,17,8,68,7.0,34.0,0.0,3.0,8.0
2022-06-03,76,0,10,16,0,0,46,22,0,54,14,30,10,0,58,5.0,31.0,0.0,0.0,5.0
2022-06-04,64,0,8,15,0,0,53,21,0,56,13,35,8,0,67,5.0,29.0,0.0,0.0,6.0
2022-06-05,64,0,9,15,0,0,42,17,0,55,12,29,8,0,68,5.0,27.0,0.0,0.0,6.0
2022-06-06,75,1,10,13,1,0,46,20,10,55,17,39,14,0,87,5.0,35.0,0.0,3.0,6.0
2022-06-07,80,2,10,12,0,0,52,25,0,68,19,36,16,0,63,6.0,38.0,0.0,5.0,7.0
2022-06-08,81,1,11,12,0,0,61,20,0,78,20,43,11,0,75,6.0,40.0,0.0,3.0,6.0
2022-06-09,88,2,14,13,0,0,61,25,14,62,15,40,12,0,72,7.0,37.0,0.0,3.0,8.0
2022-06-10,79,0,10,15,2,0,49,23,0,66,12,34,11,0,66,7.0,32.0,0.0,3.0,7.0
2022-06-11,65,0,9,13,0,0,50,19,0,48,0,28,10,0,54,6.0,23.0,0.0,0.0,5.0
2022-06-12,68,0,11,14,0,0,39,19,0,38,0,32,0,0,46,7.0,23.0,0.0,3.0,5.0
2022-06-13,66,0,10,15,0,0,48,24,0,56,11,31,15,0,52,7.0,27.0,0.0,0.0,7.0
2022-06-14,74,0,9,13,0,0,55,25,0,48,10,25,0,0,61,7.0,32.0,0.0,0.0,6.0
2022-06-15,70,0,10,12,0,0,51,24,16,44,13,25,8,0,67,7.0,31.0,0.0,3.0,6.0
2022-06-16,78,0,9,15,0,0,59,21,9,54,12,26,11,0,76,6.0,30.0,0.0,4.0,8.0
2022-06-17,82,0,11,12,0,0,29,27,14,44,0,28,17,0,62,4.0,32.0,0.0,0.0,5.0
2022-06-18,65,0,12,14,0,0,40,26,0,26,10,29,12,0,51,4.0,26.0,0.0,0.0,6.0
2022-06-19,70,0,11,14,0,0,43,27,0,56,9,22,11,0,55,5.0,23.0,0.0,0.0,7.0
2022-06-20,66,0,6,14,0,0,62,17,0,46,0,29,15,0,66,6.0,30.0,0.0,4.0,5.0
2022-06-21,75,0,10,15,0,0,58,23,0,39,9,22,0,0,62,6.0,26.0,0.0,0.0,6.0
2022-06-22,71,0,10,17,0,0,49,24,0,45,0,18,13,0,52,7.0,26.0,0.0,4.0,6.0
2022-06-23,66,0,7,15,0,0,59,19,0,45,10,27,15,0,47,6.0,28.0,0.0,0.0,6.0
2022-06-24,60,0,9,13,0,0,52,18,0,52,0,28,14,0,55,4.0,24.0,0.0,0.0,5.0
2022-06-25,62,0,9,13,0,0,52,16,0,37,0,29,15,0,53,5.0,24.0,0.0,5.0,6.0
2022-06-26,60,0,11,14,0,0,50,17,0,45,0,25,11,0,48,4.0,28.0,0.0,0.0,6.0
2022-06-27,61,0,9,15,0,0,46,23,0,44,0,24,23,0,43,3.0,26.0,0.0,3.0,5.0
2022-06-28,64,0,9,14,0,0,40,17,0,54,12,32,17,0,65,6.0,27.0,0.0,3.0,6.0
2022-06-29,66,0,8,16,0,0,43,24,0,46,10,26,12,0,54,6.0,23.0,0.0,3.0,5.0
2022-06-30,62,0,8,15,0,0,36,18,0,33,0,32,12,0,46,4.0,25.0,0.0,3.0,5.0
2022-07-01,63,0,10,14,0,0,47,23,0,41,0,1,0,0,2,12.0,66.0,0.0,0.0,18.0
2022-07-02,60,0,8,15,0,0,40,17,0,46,0,1,1,0,2,13.0,53.0,0.0,0.0,0.0
2022-07-03,63,0,8,17,0,0,56,21,12,38,0,1,1,0,2,12.0,56.0,0.0,0.0,12.0
2022-07-04,67,0,6,19,0,0,53,28,0,47,0,1,0,0,2,9.0,64.0,0.0,7.0,13.0
2022-07-05,67,0,6,15,0,0,61,23,0,61,0,1,1,0,3,15.0,75.0,0.0,0.0,19.0
2022-07-06,67,0,8,14,0,0,51,29,17,43,0,2,0,0,2,13.0,60.0,0.0,0.0,13.0
2022-07-07,68,0,8,13,0,0,55,27,0,44,0,1,1,0,2,11.0,58.0,0.0,0.0,16.0
2022-07-08,62,0,6,13,2,0,64,21,0,38,0,1,0,0,2,10.0,50.0,0.0,9.0,19.0
2022-07-09,58,0,7,15,0,0,41,13,0,32,0,1,0,0,1,10.0,42.0,0.0,0.0,14.0
2022-07-10,56,0,7,14,0,0,45,16,0,44,0,1,0,0,2,12.0,52.0,0.0,0.0,12.0
2022-07-11,72,0,9,16,0,0,57,29,0,43,1,1,1,0,2,11.0,57.0,0.0,0.0,16.0
2022-07-12,66,0,8,15,0,0,50,27,0,48,1,2,1,0,2,10.0,75.0,0.0,0.0,15.0
2022-07-13,67,0,7,16,0,0,57,17,12,43,1,1,1,0,2,15.0,68.0,0.0,0.0,15.0
2022-07-14,62,0,8,15,0,0,62,30,0,41,1,1,1,0,2,12.0,73.0,0.0,0.0,15.0
2022-07-15,71,0,8,16,0,0,53,23,0,43,1,1,1,0,2,11.0,55.0,0.0,9.0,16.0
2022-07-16,68,0,9,15,0,0,50,0,0,53,1,1,0,0,2,14.0,60.0,0.0,0.0,13.0
2022-07-17,66,0,8,15,0,0,57,22,0,30,1,1,1,0,1,15.0,52.0,0.0,0.0,14.0
2022-07-18,71,0,8,18,2,0,55,29,0,53,1,2,1,0,2,13.0,56.0,0.0,0.0,26.0
2022-07-19,62,0,8,16,0,0,59,21,0,49,1,1,0,0,2,9.0,61.0,0.0,8.0,15.0
2022-07-20,67,0,9,14,0,0,59,29,0,60,0,1,0,0,2,15.0,60.0,0.0,7.0,21.0
2022-07-21,69,1,8,17,0,0,55,27,0,49,1,1,1,0,2,10.0,71.0,0.0,8.0,19.0
2022-07-22,69,0,8,16,0,0,60,21,0,46,0,1,1,0,2,16.0,70.0,0.0,0.0,19.0
2022-07-23,66,0,10,18,0,0,54,13,0,39,0,1,0,0,2,21.0,77.0,0.0,8.0,18.0
2022-07-24,61,0,8,13,0,0,43,16,0,53,1,1,0,0,2,15.0,60.0,0.0,0.0,11.0
2022-07-25,61,0,8,17,0,0,54,25,0,56,0,1,0,0,2,14.0,61.0,0.0,0.0,17.0
2022-07-26,67,0,9,15,0,0,48,31,0,51,0,1,1,0,2,12.0,66.0,0.0,8.0,16.0
2022-07-27,72,0,9,15,0,0,56,20,0,58,0,1,0,0,2,14.0,60.0,0.0,9.0,12.0
2022-07-28,69,0,9,16,0,0,50,23,0,58,0,2,1,0,2,12.0,64.0,0.0,0.0,14.0
2022-07-29,62,0,6,16,0,0,57,23,0,37,0,1,0,0,2,11.0,61.0,0.0,0.0,16.0
2022-07-30,65,0,8,16,0,0,57,28,0,31,0,1,0,0,1,17.0,57.0,0.0,0.0,17.0
2022-07-31,62,0,6,16,0,0,48,19,0,48,0,1,0,0,2,0.0,48.0,0.0,0.0,12.0
2022-08-01,61,0,7,15,0,0,45,22,0,52,1,1,0,0,3,11.0,81.0,0.0,8.0,14.0
2022-08-02,68,0,8,18,0,0,52,21,0,51,1,2,0,0,3,11.0,65.0,0.0,0.0,14.0
2022-08-03,69,0,8,17,0,0,44,27,0,54,0,1,0,0,2,13.0,69.0,0.0,6.0,12.0
2022-08-04,66,0,8,17,0,0,50,23,0,49,0,1,0,0,3,10.0,81.0,0.0,0.0,13.0
2022-08-05,62,0,8,13,0,0,42,23,0,45,0,1,0,0,2,9.0,80.0,0.0,0.0,16.0
2022-08-06,66,0,6,15,0,0,48,26,0,28,0,1,0,0,2,0.0,66.0,0.0,0.0,18.0
2022-08-07,69,0,7,17,0,0,51,15,0,43,0,1,0,0,2,17.0,93.0,0.0,0.0,12.0
2022-08-08,64,0,7,17,0,0,41,26,0,47,0,1,1,0,2,11.0,83.0,0.0,9.0,13.0
2022-08-09,66,0,7,15,0,0,44,17,0,52,0,1,0,0,2,10.0,76.0,0.0,7.0,13.0
2022-08-10,64,0,8,19,0,0,50,25,0,52,0,2,1,0,3,15.0,76.0,0.0,0.0,13.0
2022-08-11,68,0,6,17,0,0,56,27,0,65,1,1,1,0,2,18.0,69.0,0.0,9.0,11.0
2022-08-12,69,0,6,19,0,0,45,18,10,42,0,1,0,0,3,14.0,68.0,0.0,7.0,14.0
2022-08-13,64,0,7,17,0,0,39,22,0,36,0,1,0,0,2,14.0,87.0,0.0,0.0,21.0
2022-08-14,65,0,9,16,0,0,53,22,0,40,0,1,0,1,2,14.0,83.0,0.0,8.0,7.0
2022-08-15,62,0,7,15,0,0,40,28,0,59,0,1,1,0,3,8.0,78.0,0.0,8.0,20.0
2022-08-16,61,0,6,18,0,0,45,16,0,37,0,1,1,0,2,19.0,68.0,0.0,7.0,13.0
2022-08-17,63,0,10,16,0,0,39,18,0,53,0,1,0,0,2,13.0,56.0,0.0,0.0,10.0
2022-08-18,65,0,7,16,0,0,54,31,14,47,1,1,1,0,2,12.0,72.0,0.0,8.0,13.0
2022-08-19,65,0,6,15,0,0,51,20,0,39,0,1,1,0,2,9.0,76.0,0.0,7.0,14.0
2022-08-20,66,0,7,17,0,0,49,27,0,38,0,1,0,0,2,13.0,73.0,0.0,0.0,10.0
2022-08-21,63,0,9,17,0,0,48,21,0,57,0,1,0,0,3,11.0,71.0,0.0,8.0,16.0
2022-08-22,66,0,7,20,0,0,59,22,0,54,0,1,0,0,2,16.0,81.0,0.0,8.0,19.0
2022-08-23,67,0,8,19,0,0,44,30,0,55,1,2,0,0,2,13.0,75.0,0.0,10.0,19.0
2022-08-24,66,2,8,17,0,0,58,19,0,57,1,2,0,0,2,13.0,73.0,0.0,10.0,14.0
2022-08-25,67,0,8,18,0,0,48,25,0,56,0,2,1,0,2,13.0,94.0,0.0,10.0,12.0
2022-08-26,69,0,8,20,0,0,58,33,12,56,0,1,0,0,2,15.0,88.0,0.0,0.0,12.0
2022-08-27,71,0,9,16,0,0,47,28,0,34,0,1,0,0,2,17.0,57.0,0.0,0.0,15.0
2022-08-28,63,0,8,15,0,0,43,24,0,50,0,2,1,0,2,13.0,60.0,0.0,10.0,15.0
2022-08-29,66,0,8,14,0,0,49,20,0,45,1,2,1,0,2,12.0,75.0,0.0,7.0,16.0
2022-08-30,67,0,8,18,0,0,73,28,11,58,1,1,1,0,3,12.0,75.0,0.0,9.0,18.0
2022-08-31,67,0,8,18,0,0,44,24,10,65,1,1,0,0,2,9.0,70.0,0.0,0.0,18.0
2022-09-01,65,0,8,19,0,0,51,22,0,52,1,1,0,0,2,8.0,69.0,0.0,11.0,15.0
2022-09-02,69,0,8,17,0,0,59,23,0,33,0,1,0,0,2,14.0,64.0,0.0,9.0,12.0
2022-09-03,62,0,6,18,0,0,47,27,0,40,0,1,0,0,2,11.0,55.0,0.0,0.0,16.0
2022-09-04,62,0,7,18,0,0,56,17,0,40,0,1,1,0,2,17.0,62.0,0.0,0.0,20.0
2022-09-05,76,0,9,17,0,0,64,24,0,60,0,1,0,0,2,10.0,78.0,0.0,10.0,17.0
2022-09-06,63,0,9,19,0,0,60,25,0,49,1,1,0,0,2,9.0,75.0,0.0,0.0,15.0
2022-09-07,67,0,8,16,0,0,54,15,0,63,0,2,1,0,2,11.0,79.0,0.0,7.0,18.0
2022-09-08,67,0,9,14,0,0,52,30,0,52,1,2,1,0,2,10.0,76.0,0.0,8.0,15.0
2022-09-09,64,2,9,16,0,0,57,31,11,45,0,2,1,0,3,16.0,62.0,0.0,0.0,13.0
2022-09-10,65,0,10,15,0,0,52,16,0,44,0,1,0,0,3,16.0,70.0,0.0,9.0,17.0
2022-09-11,62,0,9,17,0,0,50,30,0,47,0,2,0,0,3,13.0,62.0,0.0,0.0,18.0
2022-09-12,69,0,9,16,0,0,58,20,0,56,0,1,0,0,2,10.0,75.0,0.0,9.0,13.0
2022-09-13,61,0,9,18,0,0,58,25,0,63,0,1,1,0,2,0.0,70.0,0.0,6.0,20.0
2022-09-14,59,0,8,16,0,0,54,25,0,52,0,2,0,0,2,12.0,70.0,0.0,9.0,21.0
2022-09-15,65,0,7,16,0,0,60,20,0,53,0,2,0,0,3,12.0,76.0,0.0,7.0,15.0
2022-09-16,66,0,7,18,2,0,68,20,0,56,0,2,0,0,3,10.0,77.0,0.0,0.0,13.0
2022-09-17,69,0,8,21,0,0,57,32,11,36,0,1,1,0,2,14.0,65.0,0.0,0.0,14.0
2022-09-18,67,0,7,20,0,0,54,17,0,51,0,1,0,0,2,16.0,53.0,0.0,0.0,7.0
2022-09-19,77,0,10,18,0,0,55,30,0,54,0,2,1,0,3,11.0,78.0,0.0,8.0,23.0
2022-09-20,78,0,8,18,0,0,62,25,0,58,1,2,1,0,2,14.0,75.0,0.0,6.0,21.0
2022-09-21,78,2,8,19,0,0,57,13,0,66,1,2,0,0,2,16.0,79.0,0.0,6.0,16.0
2022-09-22,77,0,8,20,0,0,55,19,10,58,0,1,0,0,3,13.0,75.0,0.0,11.0,15.0
2022-09-23,67,0,8,21,0,0,50,26,0,66,1,2,1,0,3,16.0,71.0,0.0,9.0,20.0
2022-09-24,77,0,7,18,0,0,56,28,0,44,1,2,0,0,2,10.0,69.0,0.0,0.0,21.0
2022-09-25,86,0,7,22,0,0,60,21,0,59,1,2,0,0,2,14.0,67.0,0.0,0.0,25.0
2022-09-26,78,0,6,18,0,0,48,29,0,61,0,2,1,0,2,14.0,84.0,0.0,7.0,16.0
2022-09-27,83,0,7,22,0,0,73,37,0,59,1,2,1,0,2,17.0,75.0,0.0,0.0,20.0
2022-09-28,82,0,8,21,0,0,66,29,0,61,1,2,1,0,2,16.0,95.0,0.0,9.0,22.0
2022-09-29,81,0,7,18,0,0,53,25,0,61,1,2,0,0,3,12.0,82.0,0.0,7.0,22.0
2022-09-30,66,0,7,16,0,0,50,20,13,51,1,2,1,0,2,9.0,67.0,0.0,8.0,19.0
2022-10-01,66,0,8,20,0,0,52,21,0,47,1,1,0,0,2,12.0,70.0,0.0,0.0,19.0
2022-10-02,63,0,9,23,0,0,46,21,0,37,1,1,1,0,2,0.0,56.0,0.0,0.0,14.0
2022-10-03,67,0,8,18,0,0,54,20,0,57,0,2,1,0,2,11.0,73.0,0.0,7.0,16.0
2022-10-04,79,0,7,16,0,0,58,25,0,62,1,1,1,0,3,13.0,70.0,0.0,8.0,17.0
2022-10-05,75,0,8,15,0,0,46,31,0,69,1,2,1,0,2,10.0,79.0,0.0,7.0,10.0
2022-10-06,81,0,8,15,0,0,61,24,0,63,0,2,1,0,2,15.0,70.0,0.0,10.0,23.0
2022-10-07,73,0,10,14,0,0,59,13,11,59,1,2,0,0,2,11.0,75.0,0.0,0.0,14.0
2022-10-08,65,0,9,18,0,0,43,0,0,39,0,2,0,0,2,9.0,63.0,0.0,0.0,12.0
2022-10-09,69,0,9,19,0,0,40,21,0,44,1,1,0,0,2,12.0,54.0,0.0,0.0,15.0
2022-10-10,79,0,7,18,0,0,68,19,0,66,1,2,1,0,3,13.0,74.0,0.0,9.0,21.0
2022-10-11,76,0,9,18,0,0,54,23,0,87,1,2,1,0,4,10.0,73.0,0.0,6.0,17.0
2022-10-12,75,0,10,16,0,0,56,24,16,64,1,2,0,0,7,9.0,82.0,0.0,9.0,20.0
2022-10-13,83,0,8,18,0,0,63,30,10,79,1,2,1,0,8,12.0,82.0,8.0,11.0,18.0
2022-10-14,81,0,9,18,0,0,68,24,0,68,1,1,0,0,9,19.0,82.0,0.0,7.0,18.0
2022-10-15,74,0,8,16,0,0,58,25,0,54,0,2,1,0,9,15.0,55.0,0.0,12.0,11.0
2022-10-16,67,0,8,19,0,0,60,20,0,52,0,2,0,0,10,11.0,59.0,0.0,0.0,18.0
2022-10-17,78,2,7,20,0,0,62,21,0,86,1,2,0,0,10,15.0,75.0,0.0,0.0,16.0
2022-10-18,80,0,9,19,0,0,68,21,10,78,0,2,1,0,20,9.0,86.0,0.0,9.0,21.0
2022-10-19,74,0,10,20,0,0,57,21,9,78,1,2,1,0,67,17.0,74.0,0.0,9.0,24.0
2022-10-20,76,0,11,18,0,0,61,28,0,93,1,2,0,0,100,14.0,79.0,0.0,0.0,26.0
2022-10-21,70,0,10,18,2,0,59,29,0,56,0,2,0,0,75,13.0,69.0,0.0,0.0,24.0
2022-10-22,68,0,9,21,0,0,54,21,0,58,0,2,0,0,63,18.0,63.0,0.0,0.0,19.0
2022-10-23,77,0,9,22,0,0,44,23,0,61,0,2,0,0,48,16.0,73.0,0.0,0.0,17.0
2022-10-24,83,0,8,18,0,0,51,35,0,78,1,2,1,0,37,12.0,81.0,0.0,6.0,22.0
2022-10-25,81,2,10,19,0,0,57,24,11,83,0,2,1,0,29,14.0,85.0,6.0,0.0,20.0
2022-10-26,78,0,8,18,0,0,55,23,0,82,0,3,0,0,24,11.0,76.0,0.0,10.0,16.0
2022-10-27,81,0,13,17,0,0,68,24,0,79,1,4,1,0,20,17.0,86.0,0.0,8.0,20.0
2022-10-28,81,0,10,19,0,0,50,26,0,63,1,3,0,0,20,18.0,93.0,0.0,0.0,20.0
2022-10-29,77,0,10,18,0,0,58,21,0,57,0,3,1,0,16,13.0,70.0,0.0,0.0,13.0
2022-10-30,79,0,8,23,0,0,64,15,0,61,1,3,0,0,14,9.0,72.0,0.0,0.0,20.0
2022-10-31,80,1,8,21,0,0,60,23,0,89,1,2,0,0,14,23.0,72.0,0.0,8.0,14.0
2022-11-01,82,0,8,19,0,0,64,30,0,93,1,3,0,0,13,17.0,89.0,0.0,0.0,21.0
2022-11-02,81,0,6,19,0,0,54,20,10,92,1,3,1,0,12,13.0,81.0,0.0,8.0,15.0
2022-11-03,85,0,8,20,0,0,71,25,10,81,1,2,1,0,12,15.0,75.0,0.0,8.0,17.0
2022-11-04,81,0,9,20,0,0,70,26,0,64,1,2,1,0,11,13.0,84.0,0.0,12.0,18.0
2022-11-05,68,0,7,19,0,0,52,27,0,71,1,2,1,0,12,18.0,77.0,0.0,8.0,12.0
2022-11-06,71,0,9,19,0,0,53,23,0,73,1,2,0,0,10,12.0,72.0,0.0,0.0,16.0
2022-11-07,81,0,8,21,0,0,65,32,11,92,1,3,0,0,9,9.0,76.0,0.0,0.0,15.0
2022-11-08,78,0,9,18,0,0,52,30,0,96,1,3,1,0,8,10.0,83.0,0.0,8.0,20.0
2022-11-09,83,0,9,16,0,0,76,32,0,85,1,3,1,0,8,16.0,76.0,0.0,0.0,17.0
2022-11-10,80,0,8,16,0,0,54,30,0,78,1,3,0,0,7,16.0,88.0,0.0,9.0,17.0
2022-11-11,79,0,9,17,0,0,59,28,0,72,1,3,0,0,7,13.0,74.0,0.0,9.0,19.0
2022-11-12,75,0,8,17,0,0,53,36,12,53,0,3,1,0,6,15.0,91.0,0.0,0.0,18.0
2022-11-13,84,0,11,20,0,0,65,27,12,53,1,3,0,0,6,12.0,63.0,0.0,10.0,17.0
2022-11-14,100,0,10,18,0,0,45,26,0,100,1,3,1,0,6,14.0,93.0,0.0,0.0,18.0
2022-11-15,88,0,9,17,0,0,64,17,0,88,1,4,1,0,6,16.0,94.0,0.0,7.0,14.0
2022-11-16,86,0,10,18,0,0,56,29,0,90,1,4,1,0,6,7.0,100.0,0.0,6.0,19.0
2022-11-17,81,0,9,16,2,0,60,0,0,84,1,3,1,0,6,16.0,91.0,0.0,13.0,16.0
2022-11-18,73,0,11,18,0,0,58,22,12,78,1,3,0,0,6,14.0,82.0,0.0,7.0,20.0
2022-11-19,77,0,12,20,0,0,70,21,0,55,1,3,0,0,6,18.0,74.0,0.0,0.0,14.0
2022-11-20,73,0,9,21,0,0,45,33,0,61,1,3,0,0,5,24.0,76.0,0.0,0.0,18.0
2022-11-21,74,0,8,17,0,0,59,26,0,71,1,3,1,1,5,11.0,80.0,0.0,14.0,22.0
2022-11-22,74,1,7,18,0,0,61,36,0,74,1,3,1,0,5,14.0,79.0,0.0,7.0,19.0
2022-11-23,75,0,7,18,0,0,60,29,0,69,1,3,1,0,4,12.0,86.0,0.0,10.0,22.0
2022-11-24,72,1,7,14,0,0,53,43,0,60,1,2,1,0,4,15.0,86.0,0.0,7.0,21.0
2022-11-25,73,0,8,14,0,0,39,34,0,62,1,2,0,0,5,15.0,72.0,0.0,0.0,19.0
2022-11-26,65,0,8,15,0,0,46,24,0,56,1,1,0,0,4,9.0,53.0,0.0,0.0,18.0
2022-11-27,60,0,8,15,0,0,55,28,0,48,0,2,0,0,4,9.0,63.0,0.0,8.0,15.0
2022-11-28,69,0,6,16,0,0,40,27,0,72,1,3,0,0,4,8.0,65.0,0.0,7.0,20.0
2022-11-29,75,2,8,18,0,0,58,40,0,75,1,3,1,0,4,13.0,98.0,0.0,11.0,22.0
2022-11-30,70,0,9,13,0,0,53,28,11,72,1,3,1,0,4,14.0,72.0,0.0,7.0,16.0
2022-12-01,69,1,8,16,0,0,52,14,0,74,1,4,0,0,4,10.0,84.0,0.0,0.0,18.0
2022-12-02,62,0,8,14,0,0,50,26,0,50,1,3,0,0,4,14.0,76.0,0.0,6.0,15.0
2022-12-03,62,0,7,13,0,0,46,23,0,50,1,2,0,0,3,13.0,59.0,0.0,8.0,13.0
2022-12-04,62,0,7,17,0,0,51,21,10,54,1,2,0,0,4,18.0,63.0,0.0,11.0,15.0
2022-12-05,68,0,7,16,0,0,59,21,0,75,1,2,0,0,4,9.0,66.0,0.0,10.0,17.0
2022-12-06,69,1,7,17,0,0,53,31,0,75,1,3,1,0,4,17.0,78.0,0.0,7.0,13.0
2022-12-07,74,0,9,14,0,0,60,21,0,90,1,4,1,0,4,8.0,83.0,0.0,10.0,20.0
2022-12-08,73,0,8,17,0,0,63,20,0,79,1,4,1,0,4,11.0,86.0,0.0,8.0,17.0
2022-12-09,63,0,7,13,0,0,55,16,0,64,1,2,0,0,4,13.0,67.0,0.0,0.0,13.0
2022-12-10,59,0,9,15,0,0,55,20,0,48,0,1,0,0,4,9.0,58.0,0.0,0.0,16.0
2022-12-11,64,0,8,18,0,0,53,17,0,46,0,1,0,0,4,11.0,63.0,0.0,7.0,15.0
2022-12-12,69,0,7,18,0,0,53,16,0,57,1,2,1,0,4,18.0,78.0,0.0,11.0,19.0
2022-12-13,69,0,7,14,0,0,51,20,13,54,0,1,0,0,4,16.0,69.0,0.0,10.0,18.0
2022-12-14,72,0,9,19,0,0,66,27,10,48,0,1,1,0,3,14.0,80.0,0.0,9.0,0.0
2022-12-15,76,0,8,17,0,0,61,37,11,61,1,1,1,0,4,13.0,86.0,0.0,9.0,18.0
2022-12-16,65,0,8,19,0,0,57,31,0,61,0,2,0,0,3,14.0,62.0,0.0,0.0,16.0
2022-12-17,68,0,8,17,0,0,54,28,12,53,0,1,1,0,3,15.0,54.0,0.0,10.0,16.0
2022-12-18,56,0,7,16,0,0,49,21,0,46,1,1,0,0,2,14.0,57.0,0.0,0.0,13.0
2022-12-19,64,0,7,18,0,0,62,30,0,38,0,1,0,0,4,12.0,76.0,0.0,9.0,27.0
2022-12-20,70,0,8,16,0,0,64,44,0,59,1,2,1,0,4,12.0,73.0,0.0,0.0,17.0
2022-12-21,76,0,7,15,0,0,61,34,0,57,0,1,0,0,3,14.0,60.0,0.0,0.0,23.0
2022-12-22,69,0,7,16,0,0,58,42,0,41,0,1,1,0,3,13.0,75.0,0.0,0.0,26.0
2022-12-23,69,0,8,13,2,0,66,33,0,38,0,1,0,0,3,18.0,61.0,0.0,9.0,21.0
2022-12-24,64,2,9,16,2,0,54,27,0,41,0,1,0,0,3,17.0,58.0,0.0,0.0,13.0
2022-12-25,63,0,11,17,0,0,61,24,0,41,0,1,0,0,3,16.0,46.0,0.0,0.0,14.0
2022-12-26,65,0,11,14,0,0,54,36,0,52,0,1,1,0,3,12.0,59.0,0.0,8.0,20.0
2022-12-27,77,0,12,17,0,0,57,42,0,42,0,2,0,0,7,14.0,72.0,0.0,9.0,25.0
2022-12-28,71,0,10,14,0,0,56,32,0,45,0,1,1,0,3,14.0,78.0,0.0,0.0,25.0
2022-12-29,66,0,9,14,0,0,54,40,0,45,0,1,0,0,3,15.0,63.0,0.0,0.0,16.0
2022-12-30,69,0,8,14,0,0,57,25,0,42,0,1,1,0,3,14.0,67.0,0.0,7.0,20.0
2022-12-31,55,0,7,10,0,0,42,23,11,36,0,1,0,0,2,10.0,45.0,0.0,0.0,13.0
2023-01-01,66,0,9,15,0,0,5,3,0,8,0,17,0,0,33,9.0,32.0,0.0,0.0,8.0
2023-01-02,71,0,10,17,0,0,6,3,0,6,5,21,8,0,31,9.0,34.0,0.0,0.0,12.0
2023-01-03,77,2,8,15,0,0,7,4,0,7,6,22,5,0,46,6.0,41.0,0.0,5.0,9.0
2023-01-04,81,2,9,15,0,0,7,2,0,7,7,25,6,0,44,6.0,43.0,0.0,0.0,9.0
2023-01-05,76,0,9,15,0,0,6,3,0,7,0,18,5,0,41,8.0,38.0,0.0,3.0,8.0
2023-01-06,68,0,8,17,0,0,6,3,0,5,0,17,5,0,42,5.0,37.0,0.0,4.0,6.0
2023-01-07,73,0,9,17,0,0,6,3,0,6,7,20,7,6,42,7.0,30.0,0.0,0.0,8.0
2023-01-08,70,0,8,20,0,0,6,3,0,5,8,24,0,0,50,8.0,31.0,0.0,0.0,8.0
2023-01-09,77,0,9,18,0,0,6,3,1,6,4,19,7,0,43,8.0,41.0,0.0,5.0,9.0
2023-01-10,81,0,8,17,0,0,7,3,1,6,5,20,6,0,44,8.0,43.0,0.0,5.0,8.0
2023-01-11,80,0,9,19,0,0,7,3,0,7,8,25,9,0,36,7.0,45.0,0.0,5.0,10.0
2023-01-12,83,0,9,18,0,0,8,4,0,7,8,20,10,0,52,6.0,54.0,0.0,5.0,12.0
2023-01-13,79,2,7,18,0,0,8,3,1,5,5,17,6,0,48,7.0,41.0,0.0,3.0,11.0
2023-01-14,77,0,8,19,0,0,6,2,0,6,6,17,7,0,39,10.0,36.0,0.0,0.0,7.0
2023-01-15,74,0,7,16,0,0,7,3,0,5,8,16,0,0,40,10.0,37.0,0.0,4.0,7.0
2023-01-16,78,2,8,16,0,0,7,3,0,6,7,23,11,5,45,8.0,49.0,0.0,0.0,11.0
2023-01-17,83,0,9,15,0,0,7,4,1,6,10,26,10,5,48,8.0,55.0,0.0,4.0,11.0
2023-01-18,81,0,10,17,0,0,8,4,0,7,8,27,8,0,46,7.0,48.0,0.0,0.0,9.0
2023-01-19,73,0,9,17,0,0,7,2,0,5,13,26,10,0,55,7.0,46.0,5.0,3.0,11.0
2023-01-20,82,0,10,14,0,0,6,3,1,7,0,18,10,0,44,6.0,50.0,0.0,5.0,10.0
2023-01-21,72,0,9,15,0,0,8,3,0,5,0,18,8,0,40,6.0,34.0,0.0,0.0,7.0
2023-01-22,71,0,9,18,0,0,6,2,0,4,6,16,6,0,36,7.0,32.0,0.0,0.0,8.0
2023-01-23,73,0,9,19,0,0,6,3,1,6,11,25,8,0,42,7.0,37.0,0.0,0.0,9.0
2023-01-24,81,0,10,17,0,0,7,2,1,7,8,29,8,0,66,8.0,56.0,0.0,7.0,10.0
2023-01-25,75,0,11,16,0,0,7,2,0,7,4,22,12,0,48,6.0,57.0,0.0,0.0,7.0
2023-01-26,77,0,11,14,2,0,6,4,0,6,6,21,7,0,46,6.0,55.0,0.0,6.0,12.0
2023-01-27,73,0,10,15,0,0,6,5,1,6,11,22,6,0,48,8.0,53.0,0.0,0.0,9.0
2023-01-28,70,0,12,13,0,0,8,4,0,4,0,21,10,0,43,6.0,36.0,0.0,0.0,11.0
2023-01-29,70,0,10,18,0,0,6,4,0,5,9,24,5,0,48,9.0,39.0,0.0,0.0,6.0
2023-01-30,75,0,9,13,0,0,8,6,0,7,7,26,9,0,51,8.0,57.0,0.0,0.0,16.0
2023-01-31,80,0,11,15,0,0,7,4,0,6,9,19,5,0,49,7.0,66.0,0.0,5.0,13.0
2023-02-01,81,0,8,16,0,0,7,3,1,8,7,26,8,0,48,6.0,71.0,0.0,5.0,12.0
2023-02-02,80,0,10,15,0,0,6,2,1,6,8,27,8,0,44,7.0,68.0,0.0,4.0,9.0
2023-02-03,88,0,10,14,0,0,6,4,0,6,11,23,8,0,37,6.0,61.0,0.0,3.0,11.0
2023-02-04,75,0,8,15,0,0,6,4,0,4,0,17,0,0,46,10.0,42.0,0.0,0.0,10.0
2023-02-05,81,0,10,17,0,0,6,3,0,5,7,23,0,0,47,7.0,45.0,0.0,0.0,6.0
2023-02-06,84,0,9,19,0,0,7,3,0,8,11,27,6,0,91,6.0,77.0,0.0,0.0,10.0
2023-02-07,90,0,8,16,0,0,6,3,1,5,7,26,9,0,100,8.0,79.0,0.0,4.0,11.0
2023-02-08,91,0,11,15,0,0,7,3,0,6,5,25,8,0,88,6.0,82.0,0.0,5.0,11.0
2023-02-09,92,0,8,14,0,0,8,3,0,7,10,26,8,0,68,7.0,74.0,4.0,0.0,12.0
2023-02-10,87,0,9,15,0,0,7,3,0,6,9,23,9,0,65,8.0,60.0,0.0,5.0,12.0
2023-02-11,81,0,9,12,0,0,7,3,0,4,5,19,6,0,54,6.0,41.0,0.0,0.0,7.0
2023-02-12,86,0,11,15,0,0,7,2,0,5,5,19,0,0,54,5.0,46.0,0.0,0.0,10.0
2023-02-13,85,0,11,15,0,0,6,3,0,7,5,24,6,0,55,7.0,67.0,0.0,6.0,11.0
2023-02-14,91,0,11,15,0,0,6,3,0,5,5,27,9,0,61,9.0,76.0,0.0,5.0,9.0
2023-02-15,93,0,10,15,0,0,6,3,0,6,10,24,10,4,59,9.0,81.0,0.0,6.0,10.0
2023-02-16,90,0,10,14,0,0,5,2,0,7,7,18,5,0,62,5.0,71.0,0.0,3.0,7.0
2023-02-17,86,0,9,15,0,0,7,0,0,7,9,23,9,0,50,7.0,53.0,0.0,0.0,11.0
2023-02-18,74,0,10,17,0,0,6,2,0,6,7,19,8,0,39,7.0,36.0,0.0,0.0,9.0
2023-02-19,82,0,10,16,0,0,6,2,0,6,8,27,0,0,53,8.0,45.0,0.0,0.0,9.0
2023-02-20,99,0,11,18,0,0,6,3,1,7,6,24,10,6,63,9.0,78.0,0.0,5.0,13.0
2023-02-21,98,0,11,15,0,0,6,2,0,8,10,32,8,4,58,7.0,81.0,0.0,0.0,9.0
2023-02-22,91,2,11,15,0,0,6,2,0,13,8,21,7,0,58,8.0,82.0,0.0,5.0,8.0
2023-02-23,83,0,11,16,0,0,6,2,0,15,10,20,10,0,54,7.0,82.0,3.0,5.0,11.0
2023-02-24,81,0,12,17,0,0,7,2,1,11,5,23,8,0,45,8.0,65.0,0.0,0.0,9.0
2023-02-25,85,0,11,15,0,0,7,3,0,9,0,22,10,0,55,6.0,45.0,0.0,4.0,12.0
2023-02-26,83,0,9,16,0,0,7,2,0,6,11,24,9,0,44,9.0,45.0,0.0,0.0,7.0
2023-02-27,91,1,11,15,0,0,6,3,0,8,8,27,8,0,63,8.0,81.0,0.0,0.0,10.0
2023-02-28,87,0,11,15,0,0,6,2,1,8,12,25,6,0,53,5.0,84.0,0.0,6.0,9.0
2023-03-01,89,2,11,13,0,0,6,2,1,10,8,27,8,0,57,5.0,89.0,3.0,6.0,10.0
2023-03-02,92,0,10,13,0,0,6,3,0,8,8,26,5,0,51,9.0,80.0,0.0,4.0,9.0
2023-03-03,87,2,9,16,0,0,7,4,0,7,8,28,6,0,47,8.0,61.0,4.0,5.0,7.0
2023-03-04,73,0,9,17,0,0,7,2,1,7,7,18,6,0,48,7.0,43.0,0.0,4.0,9.0
2023-03-05,74,0,8,18,0,0,6,2,0,6,8,22,9,0,48,9.0,47.0,0.0,0.0,11.0
2023-03-06,85,2,11,18,0,0,7,3,1,9,10,23,10,0,50,10.0,85.0,0.0,4.0,7.0
2023-03-07,87,0,10,16,0,0,6,2,0,8,7,25,6,0,50,7.0,79.0,0.0,3.0,6.0
2023-03-08,100,0,10,18,0,0,7,3,1,9,8,25,8,0,57,10.0,90.0,6.0,3.0,12.0
2023-03-09,94,2,11,17,0,0,7,2,0,9,9,29,8,0,66,8.0,100.0,0.0,4.0,8.0
2023-03-10,84,0,10,18,0,0,6,3,0,8,10,27,9,0,48,8.0,61.0,0.0,0.0,9.0
2023-03-11,75,0,8,19,0,0,7,3,1,6,5,22,14,0,41,9.0,40.0,0.0,0.0,9.0
2023-03-12,87,0,8,18,0,0,7,2,1,6,8,23,7,0,45,10.0,42.0,0.0,4.0,12.0
2023-03-13,88,0,9,19,0,0,5,3,0,7,6,29,12,0,58,7.0,77.0,0.0,5.0,10.0
2023-03-14,98,0,10,16,0,0,7,2,0,8,8,29,12,0,48,8.0,83.0,0.0,5.0,13.0
2023-03-15,98,2,10,19,0,0,7,2,0,9,6,28,8,0,52,10.0,77.0,0.0,3.0,7.0
2023-03-16,90,2,10,17,0,0,8,2,0,8,7,26,8,0,51,8.0,80.0,0.0,3.0,12.0
2023-03-17,89,0,12,17,0,0,6,3,0,7,8,24,8,0,43,9.0,61.0,0.0,0.0,11.0
2023-03-18,82,0,7,17,0,0,6,3,1,5,13,20,6,0,43,11.0,42.0,0.0,0.0,12.0
2023-03-19,82,0,7,20,0,0,7,2,0,7,7,22,11,0,46,7.0,44.0,0.0,0.0,9.0
2023-03-20,84,0,9,16,0,0,7,4,0,8,9,24,9,0,52,7.0,57.0,0.0,4.0,7.0
2023-03-21,70,2,8,16,0,0,8,2,1,6,10,23,9,0,40,6.0,44.0,0.0,4.0,10.0
2023-03-22,69,0,6,19,0,0,6,3,1,5,7,18,9,0,39,6.0,26.0,0.0,4.0,4.0
2023-03-23,86,0,10,21,0,0,6,4,1,6,9,27,8,0,49,10.0,42.0,0.0,5.0,9.0
2023-03-24,77,0,7,22,0,0,7,3,0,6,6,21,16,0,50,6.0,35.0,0.0,4.0,7.0
2023-03-25,75,0,7,22,0,0,6,3,0,8,6,19,9,0,47,11.0,38.0,0.0,0.0,9.0
2023-03-26,75,0,9,22,0,0,6,2,0,6,10,26,12,0,43,12.0,38.0,0.0,0.0,6.0
2023-03-27,85,0,8,18,2,0,7,2,0,8,10,28,9,0,54,8.0,53.0,0.0,5.0,10.0
2023-03-28,86,0,11,17,0,0,5,3,1,9,10,24,9,0,51,8.0,62.0,0.0,0.0,8.0
2023-03-29,87,0,10,16,0,0,6,2,0,8,9,21,9,0,55,11.0,60.0,0.0,5.0,10.0
2023-03-30,84,0,9,17,0,0,6,2,0,8,8,28,6,0,48,7.0,59.0,0.0,6.0,9.0
2023-03-31,77,0,8,14,0,0,5,2,0,7,8,23,7,0,48,6.0,49.0,0.0,5.0,7.0
2023-04-01,65,0,7,15,0,0,5,2,0,7,6,23,7,0,41,5.0,35.0,0.0,6.0,4.0
2023-04-02,73,0,9,21,0,0,6,2,0,7,7,21,8,0,42,9.0,36.0,0.0,0.0,5.0
2023-04-03,80,0,8,15,0,0,6,3,1,6,8,24,9,0,42,8.0,53.0,3.0,3.0,9.0
2023-04-04,81,0,7,15,0,0,6,2,1,8,9,24,9,0,48,9.0,53.0,0.0,0.0,5.0
2023-04-05,75,0,9,15,0,0,5,2,0,6,6,27,9,0,37,4.0,56.0,0.0,6.0,6.0
2023-04-06,68,0,8,17,0,0,6,2,0,6,5,15,9,0,48,5.0,41.0,0.0,4.0,8.0
2023-04-07,66,0,6,17,0,0,6,2,0,5,7,27,9,0,33,6.0,32.0,0.0,0.0,5.0
2023-04-08,65,0,7,13,0,0,6,3,0,5,8,15,5,6,36,7.0,32.0,0.0,0.0,8.0
2023-04-09,67,0,8,17,0,0,6,2,0,5,7,19,8,0,38,8.0,39.0,0.0,0.0,7.0
2023-04-10,75,0,6,15,1,0,6,2,0,7,9,21,10,0,42,9.0,53.0,0.0,5.0,7.0
2023-04-11,77,0,7,16,0,0,4,2,1,7,8,24,12,0,38,5.0,48.0,0.0,5.0,9.0
2023-04-12,73,2,6,16,0,0,5,2,1,7,6,22,10,0,41,7.0,51.0,0.0,4.0,7.0
2023-04-13,73,0,9,16,0,0,5,2,0,7,7,21,9,0,43,8.0,44.0,0.0,6.0,6.0
2023-04-14,65,0,7,13,0,0,5,2,0,5,9,28,11,0,39,9.0,31.0,0.0,4.0,5.0
2023-04-15,57,0,6,15,0,0,5,2,1,3,5,22,5,0,31,8.0,30.0,0.0,0.0,7.0
2023-04-16,60,0,6,15,0,0,6,2,0,4,0,17,0,0,33,6.0,27.0,0.0,0.0,7.0
2023-04-17,65,0,6,18,0,0,5,2,1,6,5,14,10,0,34,5.0,37.0,0.0,4.0,6.0
2023-04-18,57,0,5,16,0,0,6,2,0,5,9,17,9,0,31,7.0,31.0,0.0,0.0,6.0
2023-04-19,56,0,6,16,0,0,5,2,0,2,0,16,6,0,23,4.0,25.0,0.0,0.0,7.0
2023-04-20,45,0,4,15,0,0,4,2,0,4,0,11,0,5,29,5.0,21.0,0.0,0.0,5.0
2023-04-21,44,0,4,19,0,0,4,2,0,2,0,18,6,0,23,6.0,20.0,0.0,0.0,5.0
2023-04-22,55,0,4,14,0,0,5,2,0,2,7,12,0,0,29,6.0,24.0,0.0,0.0,8.0
2023-04-23,62,0,5,15,0,0,4,2,0,3,0,12,0,0,27,6.0,31.0,0.0,0.0,8.0
2023-04-24,66,0,9,17,0,0,6,3,0,3,11,22,0,0,37,7.0,29.0,0.0,0.0,7.0
2023-04-25,65,0,8,18,0,0,6,2,0,4,6,18,5,0,36,7.0,35.0,0.0,0.0,7.0
2023-04-26,71,0,10,21,0,0,7,2,0,5,7,17,9,0,35,9.0,49.0,0.0,0.0,8.0
2023-04-27,78,0,9,17,0,0,6,3,0,4,5,19,9,0,31,10.0,41.0,0.0,4.0,9.0
2023-04-28,67,0,10,21,0,0,6,3,0,5,0,17,0,0,30,7.0,35.0,0.0,4.0,10.0
2023-04-29,65,0,12,22,0,0,6,2,0,4,5,18,5,0,33,6.0,37.0,0.0,0.0,7.0
2023-04-30,68,0,11,22,0,0,8,1,0,6,0,17,0,0,32,7.0,35.0,0.0,0.0,9.0
2023-05-01,71,0,10,22,0,0,6,3,0,5,9,20,7,0,40,6.0,33.0,0.0,4.0,9.0
2023-05-02,77,0,9,21,0,0,7,3,0,5,5,18,7,0,44,9.0,41.0,0.0,0.0,9.0
2023-05-03,87,0,10,20,0,0,8,3,0,7,10,20,15,0,40,10.0,45.0,3.0,3.0,10.0
2023-05-04,78,1,11,21,0,0,7,3,0,8,11,24,8,0,42,7.0,48.0,0.0,7.0,9.0
2023-05-05,76,0,9,19,0,0,7,3,0,6,11,26,5,0,43,10.0,48.0,0.0,4.0,7.0
2023-05-06,68,0,8,18,0,0,6,3,0,5,9,18,8,0,34,5.0,34.0,0.0,0.0,10.0
2023-05-07,69,2,9,20,0,0,6,3,0,6,0,19,5,0,37,3.0,34.0,0.0,0.0,8.0
2023-05-08,83,0,10,17,0,0,7,3,0,8,14,23,7,0,42,8.0,51.0,0.0,4.0,10.0
2023-05-09,83,1,11,18,1,0,7,2,1,10,15,30,9,0,46,8.0,59.0,0.0,5.0,6.0
2023-05-10,88,0,9,20,0,0,6,3,2,8,14,28,8,0,46,6.0,66.0,0.0,3.0,9.0
2023-05-11,90,0,9,17,0,0,7,3,0,11,10,34,6,0,48,11.0,57.0,0.0,8.0,10.0
2023-05-12,85,0,11,20,0,0,6,2,0,8,10,25,11,4,46,8.0,44.0,0.0,6.0,9.0
2023-05-13,81,0,9,18,0,0,8,3,0,6,7,22,11,0,36,7.0,33.0,4.0,0.0,11.0
2023-05-14,78,2,10,16,2,0,7,2,0,6,8,19,9,0,43,7.0,47.0,0.0,5.0,8.0
2023-05-15,88,0,9,19,2,0,7,3,0,7,15,22,12,0,47,8.0,45.0,0.0,5.0,8.0
2023-05-16,80,0,8,19,2,0,6,3,0,6,13,19,10,0,45,8.0,45.0,0.0,4.0,12.0
2023-05-17,79,1,10,19,0,0,6,2,1,7,10,20,7,0,48,6.0,46.0,0.0,3.0,10.0
2023-05-18,78,2,9,18,0,0,6,3,0,5,10,20,11,0,43,7.0,43.0,0.0,5.0,7.0
2023-05-19,79,0,10,20,0,0,7,3,1,6,11,21,8,0,46,8.0,43.0,0.0,6.0,8.0
2023-05-20,78,2,9,17,0,0,8,3,1,5,11,19,10,0,42,9.0,41.0,0.0,4.0,7.0
2023-05-21,74,0,9,20,0,0,6,2,0,6,15,22,10,0,49,8.0,38.0,0.0,0.0,8.0
2023-05-22,85,0,6,20,0,0,6,3,1,9,11,23,11,0,50,13.0,53.0,0.0,6.0,8.0
2023-05-23,89,2,11,18,2,0,8,4,0,6,13,20,11,0,48,8.0,53.0,0.0,4.0,10.0
2023-05-24,93,0,10,19,0,0,8,3,1,8,12,25,8,0,51,10.0,51.0,0.0,3.0,10.0
2023-05-25,88,0,11,16,2,0,7,4,0,8,12,21,9,0,52,7.0,55.0,0.0,5.0,10.0
2023-05-26,86,2,10,19,2,0,7,2,0,6,11,18,11,0,46,10.0,49.0,0.0,5.0,10.0
2023-05-27,77,2,9,15,0,0,7,3,1,4,8,20,8,0,39,8.0,36.0,0.0,5.0,9.0
2023-05-28,85,0,10,18,2,0,7,3,0,7,10,19,6,0,40,8.0,38.0,4.0,5.0,7.0
2023-05-29,94,0,9,18,2,0,8,3,2,8,8,23,11,0,44,9.0,56.0,0.0,5.0,9.0
2023-05-30,96,0,9,19,2,0,8,3,1,9,11,26,9,0,50,10.0,58.0,0.0,5.0,5.0
2023-05-31,85,1,10,17,1,0,6,2,0,6,7,21,10,0,45,9.0,46.0,0.0,6.0,9.0
2023-06-01,84,0,7,20,0,0,6,2,0,5,10,17,12,0,34,9.0,34.0,0.0,4.0,11.0
2023-06-02,81,0,9,19,0,0,6,3,0,6,10,18,7,0,49,7.0,32.0,0.0,6.0,5.0
2023-06-03,80,0,9,21,0,0,6,3,0,5,6,13,8,0,47,8.0,41.0,0.0,0.0,7.0
2023-06-04,82,2,9,19,0,0,7,2,0,5,7,20,8,0,42,9.0,46.0,0.0,4.0,7.0
2023-06-05,93,2,10,18,0,0,6,3,0,8,9,20,12,0,57,7.0,57.0,0.0,5.0,9.0
2023-06-06,100,1,11,17,0,0,8,3,1,9,9,27,11,0,47,7.0,57.0,0.0,5.0,7.0
2023-06-07,99,0,11,17,1,0,7,3,0,8,9,27,9,0,58,8.0,62.0,0.0,6.0,8.0
2023-06-08,95,2,10,16,0,0,8,3,1,12,10,28,9,0,47,7.0,51.0,0.0,4.0,11.0
2023-06-09,81,0,11,16,0,0,8,3,0,17,8,28,10,4,46,7.0,51.0,0.0,0.0,10.0
2023-06-10,77,0,10,15,0,0,7,3,0,29,6,19,7,0,47,6.0,36.0,0.0,0.0,11.0
2023-06-11,81,0,8,20,0,0,6,3,0,20,8,16,10,0,40,8.0,38.0,0.0,0.0,10.0
2023-06-12,87,0,10,19,0,0,7,3,1,20,7,23,10,4,48,7.0,47.0,0.0,4.0,8.0
2023-06-13,85,0,10,22,0,0,6,3,1,13,6,17,8,0,50,8.0,39.0,0.0,4.0,12.0
2023-06-14,83,0,10,19,0,0,8,3,1,10,7,15,11,0,42,7.0,44.0,0.0,5.0,11.0
2023-06-15,79,0,9,18,0,0,7,3,0,12,7,22,9,0,42,11.0,45.0,0.0,6.0,11.0
2023-06-16,82,0,10,18,0,0,7,3,0,9,0,19,8,0,39,6.0,38.0,0.0,0.0,12.0
2023-06-17,73,0,12,19,0,0,6,2,0,8,6,22,9,0,42,8.0,37.0,0.0,4.0,9.0
2023-06-18,81,2,11,21,0,0,8,3,0,8,6,14,8,0,50,10.0,38.0,0.0,5.0,11.0
2023-06-19,78,1,9,16,0,0,6,3,0,7,6,17,8,0,37,8.0,33.0,0.0,6.0,9.0
2023-06-20,83,0,9,18,0,0,8,1,0,7,0,12,10,0,40,7.0,34.0,0.0,4.0,8.0
2023-06-21,80,2,8,21,0,0,7,3,1,7,6,19,10,0,40,8.0,39.0,0.0,6.0,14.0
2023-06-22,82,0,8,17,0,0,6,4,0,93,0,19,11,5,47,8.0,46.0,0.0,3.0,11.0
2023-06-23,82,0,10,16,0,0,6,3,1,100,5,15,10,0,42,6.0,43.0,0.0,4.0,10.0
2023-06-24,70,0,8,19,0,0,7,3,0,45,0,16,12,0,27,5.0,37.0,0.0,0.0,7.0
2023-06-25,74,0,7,19,0,0,7,3,0,18,8,18,7,0,36,7.0,30.0,0.0,0.0,6.0
2023-06-26,74,0,10,14,0,0,6,3,1,12,6,15,8,0,42,7.0,38.0,3.0,3.0,9.0
2023-06-27,73,0,8,17,0,0,7,3,0,11,5,19,9,0,37,8.0,32.0,0.0,5.0,9.0
2023-06-28,63,0,9,16,0,0,5,2,0,8,0,13,6,0,36,7.0,29.0,5.0,0.0,8.0
2023-06-29,70,0,9,17,0,0,6,3,0,8,7,12,5,0,34,7.0,27.0,0.0,0.0,8.0
2023-06-30,68,0,7,20,0,0,6,3,0,8,8,15,12,0,32,12.0,30.0,0.0,4.0,10.0
2023-07-01,64,0,8,19,0,0,39,17,0,43,0,39,15,0,60,9.0,63.0,0.0,10.0,19.0
2023-07-02,66,0,10,19,0,0,43,20,0,54,0,36,14,0,60,17.0,60.0,0.0,7.0,16.0
2023-07-03,71,0,9,18,0,0,52,23,0,71,0,34,15,0,67,12.0,98.0,0.0,7.0,20.0
2023-07-04,74,0,9,18,0,0,57,22,14,57,12,33,18,0,68,23.0,89.0,0.0,11.0,21.0
2023-07-05,78,0,8,18,0,0,52,22,0,63,12,33,17,0,50,19.0,79.0,0.0,0.0,21.0
2023-07-06,68,0,8,17,0,0,54,23,0,85,8,39,16,0,54,13.0,97.0,0.0,10.0,20.0
2023-07-07,72,0,10,15,0,0,55,25,0,61,0,23,18,0,62,14.0,76.0,0.0,7.0,18.0
2023-07-08,65,0,11,17,0,0,57,27,0,58,0,27,16,0,52,14.0,73.0,0.0,0.0,12.0
2023-07-09,60,0,7,16,0,0,46,19,0,31,10,26,11,0,51,11.0,68.0,0.0,0.0,16.0
2023-07-10,64,0,8,15,0,0,45,18,0,51,8,27,16,0,58,17.0,75.0,0.0,12.0,18.0
2023-07-11,66,0,7,19,0,0,46,18,0,58,10,27,19,0,70,15.0,77.0,0.0,8.0,21.0
2023-07-12,64,0,5,14,0,0,47,21,0,62,12,28,20,0,59,13.0,68.0,0.0,12.0,20.0
2023-07-13,71,2,9,15,0,0,48,11,0,46,10,27,15,0,62,17.0,70.0,0.0,12.0,22.0
2023-07-14,65,0,8,18,0,0,37,22,0,39,17,29,19,0,70,15.0,76.0,0.0,0.0,16.0
2023-07-15,62,0,9,17,0,0,43,18,0,44,21,30,10,0,60,18.0,64.0,0.0,8.0,19.0
2023-07-16,64,0,7,19,0,0,31,22,11,33,14,31,13,0,57,14.0,54.0,0.0,0.0,9.0
2023-07-17,62,0,8,15,0,0,36,25,0,42,17,37,11,0,63,15.0,76.0,0.0,0.0,19.0
2023-07-18,62,0,9,14,0,0,32,15,0,46,0,32,15,0,52,20.0,70.0,0.0,0.0,22.0
2023-07-19,58,0,8,18,0,0,43,15,10,47,12,29,10,0,66,16.0,70.0,0.0,8.0,12.0
2023-07-20,62,2,9,15,0,0,46,24,0,51,12,23,19,0,60,17.0,75.0,0.0,10.0,18.0
2023-07-21,64,0,8,17,0,0,43,21,0,51,13,27,10,0,64,16.0,71.0,0.0,10.0,20.0
2023-07-22,65,0,9,15,0,0,37,21,0,35,0,24,13,0,55,18.0,72.0,0.0,0.0,20.0
2023-07-23,64,0,7,19,0,0,35,18,12,37,9,29,14,0,61,15.0,56.0,0.0,15.0,15.0
2023-07-24,66,0,8,15,0,0,45,16,0,38,8,33,12,0,62,14.0,72.0,0.0,0.0,12.0
2023-07-25,61,0,7,15,0,0,36,11,0,47,8,25,18,0,64,10.0,65.0,0.0,7.0,25.0
2023-07-26,63,0,10,17,0,0,44,15,0,36,11,35,16,0,77,15.0,73.0,0.0,0.0,17.0
2023-07-27,63,0,7,14,0,0,35,22,0,45,11,41,19,0,55,13.0,66.0,0.0,9.0,19.0
2023-07-28,56,0,8,14,0,0,42,15,0,37,0,31,13,0,66,13.0,69.0,0.0,0.0,17.0
2023-07-29,65,0,8,14,0,0,44,18,10,43,11,23,0,0,56,20.0,66.0,0.0,0.0,21.0
2023-07-30,56,0,9,17,0,0,31,13,0,39,0,29,15,0,47,16.0,49.0,0.0,0.0,16.0
2023-07-31,58,0,7,15,0,0,32,15,0,38,16,34,10,9,59,17.0,53.0,0.0,0.0,15.0
2023-08-01,58,0,8,15,0,0,39,16,0,35,13,29,16,0,63,17.0,69.0,0.0,0.0,16.0
2023-08-02,59,0,7,14,0,0,37,16,0,42,8,36,15,0,67,17.0,65.0,0.0,0.0,7.0
2023-08-03,60,0,8,14,0,0,41,19,0,41,13,30,16,0,58,12.0,64.0,0.0,8.0,16.0
2023-08-04,60,0,6,17,0,0,35,20,0,40,13,24,21,0,70,13.0,69.0,0.0,0.0,20.0
2023-08-05,64,0,4,13,0,0,37,17,0,31,0,27,0,0,57,14.0,66.0,0.0,0.0,17.0
2023-08-06,63,0,7,19,0,0,40,19,0,29,12,35,11,0,65,19.0,56.0,0.0,0.0,10.0
2023-08-07,62,0,9,17,0,0,41,23,0,40,13,38,18,0,69,16.0,70.0,0.0,7.0,17.0
2023-08-08,71,0,6,16,0,0,52,25,0,37,10,39,12,0,66,13.0,70.0,0.0,0.0,23.0
2023-08-09,75,0,7,17,0,0,35,23,0,37,9,35,15,0,61,16.0,71.0,0.0,10.0,22.0
2023-08-10,68,0,7,13,0,0,38,13,0,38,12,43,20,0,62,11.0,69.0,0.0,0.0,21.0
2023-08-11,72,0,6,18,0,0,48,24,0,38,11,28,12,0,66,10.0,65.0,0.0,0.0,21.0
2023-08-12,71,0,9,14,0,0,37,15,0,36,9,30,11,0,54,0.0,72.0,0.0,0.0,18.0
2023-08-13,65,0,9,17,0,0,43,21,0,31,12,24,17,0,52,14.0,58.0,0.0,0.0,19.0
2023-08-14,71,0,7,17,0,0,43,14,0,33,11,27,14,8,66,14.0,80.0,0.0,0.0,19.0
2023-08-15,71,0,7,15,0,0,46,22,0,49,12,33,16,0,66,16.0,77.0,0.0,0.0,18.0
2023-08-16,61,0,8,16,0,0,51,25,0,37,0,23,21,0,55,16.0,69.0,0.0,0.0,13.0
2023-08-17,64,0,6,15,0,0,41,20,0,28,0,35,12,0,46,14.0,62.0,0.0,10.0,15.0
2023-08-18,62,0,8,18,0,0,47,29,0,26,16,30,17,0,55,19.0,64.0,0.0,9.0,19.0
2023-08-19,67,0,7,18,0,0,47,18,0,31,11,27,11,0,53,8.0,71.0,0.0,0.0,13.0
2023-08-20,64,0,9,18,0,0,50,23,0,38,13,31,11,0,53,15.0,64.0,0.0,0.0,18.0
2023-08-21,66,0,9,19,0,0,52,18,0,47,8,36,13,0,67,16.0,69.0,0.0,9.0,24.0
2023-08-22,66,0,7,19,0,0,41,22,0,54,15,39,12,0,54,10.0,71.0,0.0,10.0,15.0
2023-08-23,69,0,9,18,0,0,39,14,0,41,16,39,23,0,77,17.0,82.0,0.0,10.0,19.0
2023-08-24,67,0,8,16,0,0,46,15,0,48,11,33,12,0,58,14.0,78.0,0.0,9.0,12.0
2023-08-25,63,0,7,14,0,0,44,15,0,34,15,30,14,0,53,12.0,69.0,0.0,0.0,23.0
2023-08-26,60,0,7,19,0,0,49,20,0,31,10,27,17,0,49,16.0,56.0,0.0,0.0,18.0
2023-08-27,67,0,7,18,0,0,39,19,0,32,12,33,0,0,60,15.0,62.0,0.0,0.0,16.0
2023-08-28,64,0,7,16,0,0,43,13,0,35,11,36,14,0,61,15.0,78.0,0.0,9.0,14.0
2023-08-29,69,0,7,16,0,0,41,21,0,49,13,42,13,0,57,18.0,81.0,0.0,12.0,18.0
2023-08-30,66,0,7,17,0,0,46,25,0,49,11,43,15,0,64,17.0,67.0,0.0,10.0,22.0
2023-08-31,64,0,8,15,0,0,43,20,0,35,13,37,15,9,68,17.0,69.0,0.0,0.0,13.0
2023-09-01,64,0,8,16,0,0,33,16,0,28,20,41,14,0,65,12.0,71.0,0.0,0.0,19.0
2023-09-02,62,0,4,17,0,0,44,19,0,34,9,22,10,0,58,12.0,56.0,0.0,0.0,23.0
2023-09-03,63,0,10,19,0,0,38,15,0,30,0,31,13,0,55,14.0,47.0,0.0,0.0,15.0
2023-09-04,69,0,6,16,0,0,40,19,0,44,10,44,19,0,62,15.0,72.0,0.0,7.0,18.0
2023-09-05,62,0,7,15,0,0,31,12,8,38,20,37,13,0,69,18.0,72.0,0.0,8.0,16.0
2023-09-06,71,0,6,15,0,0,40,19,0,37,9,42,15,0,59,10.0,91.0,0.0,17.0,13.0
2023-09-07,68,0,7,19,0,0,41,23,0,45,10,35,15,0,67,13.0,67.0,0.0,9.0,19.0
2023-09-08,65,0,6,14,0,0,42,21,0,37,8,31,14,0,61,14.0,76.0,0.0,0.0,20.0
2023-09-09,60,0,7,17,0,0,37,15,0,33,10,33,17,0,52,10.0,63.0,0.0,12.0,13.0
2023-09-10,67,0,8,17,0,0,44,13,0,28,15,37,12,0,50,10.0,61.0,0.0,9.0,14.0
2023-09-11,67,2,7,19,0,0,46,23,0,51,12,35,13,0,58,12.0,76.0,0.0,7.0,22.0
2023-09-12,72,0,7,15,0,0,44,16,0,39,12,33,8,0,61,16.0,81.0,0.0,7.0,15.0
2023-09-13,65,0,6,18,0,0,45,16,0,49,12,43,13,0,63,17.0,79.0,0.0,8.0,19.0
2023-09-14,65,0,7,16,0,0,39,17,0,47,13,35,12,8,79,14.0,80.0,0.0,8.0,15.0
2023-09-15,65,0,8,15,0,0,56,17,0,41,11,32,8,0,69,15.0,76.0,0.0,9.0,19.0
2023-09-16,67,0,7,16,0,0,44,22,0,39,9,27,16,0,62,17.0,66.0,0.0,0.0,9.0
2023-09-17,68,2,5,18,0,0,45,21,0,40,10,29,10,0,51,11.0,65.0,0.0,0.0,17.0
2023-09-18,72,0,7,18,0,0,48,25,0,47,8,32,13,8,62,12.0,79.0,0.0,9.0,16.0
2023-09-19,76,0,5,18,0,0,38,12,0,46,22,38,10,8,75,14.0,73.0,0.0,0.0,15.0
2023-09-20,73,2,8,17,0,0,43,25,0,54,13,45,19,0,64,8.0,82.0,0.0,10.0,16.0
2023-09-21,66,0,6,14,0,0,35,15,11,45,15,43,19,0,64,13.0,72.0,0.0,7.0,17.0
2023-09-22,66,0,8,17,0,0,42,17,0,33,15,38,15,0,57,16.0,76.0,0.0,10.0,19.0
2023-09-23,65,0,6,16,0,0,40,16,0,29,12,23,10,0,63,22.0,67.0,0.0,8.0,17.0
2023-09-24,69,0,7,18,0,0,38,15,0,36,13,36,13,0,66,19.0,65.0,0.0,0.0,11.0
2023-09-25,67,0,7,17,0,0,45,23,0,52,12,42,12,0,75,13.0,78.0,0.0,7.0,15.0
2023-09-26,68,1,6,17,0,0,43,17,8,49,12,43,15,0,100,15.0,77.0,0.0,8.0,17.0
2023-09-27,64,0,6,17,0,10,50,19,10,47,13,39,14,0,83,17.0,72.0,0.0,7.0,8.0
2023-09-28,69,0,5,17,0,0,46,16,0,31,17,30,8,0,90,15.0,63.0,0.0,9.0,12.0
2023-09-29,61,2,6,19,0,0,51,20,0,48,15,38,11,0,93,15.0,63.0,0.0,9.0,17.0
2023-09-30,64,0,6,19,0,0,43,21,0,32,18,33,19,0,89,15.0,59.0,0.0,0.0,18.0
2023-10-01,66,0,7,17,0,0,25,10,0,33,13,35,13,0,94,11.0,61.0,0.0,0.0,18.0
2023-10-02,67,0,7,18,0,0,50,15,8,38,0,38,18,8,81,12.0,61.0,0.0,11.0,15.0
2023-10-03,70,0,5,16,0,0,43,12,8,54,9,42,14,0,63,17.0,92.0,0.0,11.0,16.0
2023-10-04,73,0,6,17,0,0,42,18,0,59,14,36,15,0,74,16.0,83.0,0.0,10.0,10.0
2023-10-05,74,0,6,17,0,0,43,20,0,51,10,42,15,0,75,16.0,85.0,0.0,8.0,14.0
2023-10-06,64,0,6,20,0,0,42,17,8,42,0,32,21,0,68,7.0,65.0,0.0,10.0,14.0
2023-10-07,69,0,6,21,0,0,48,20,0,33,0,19,15,0,68,12.0,68.0,0.0,7.0,19.0
2023-10-08,64,0,4,22,2,0,36,15,0,47,11,31,20,0,66,13.0,64.0,0.0,0.0,17.0
2023-10-09,73,0,5,22,0,0,50,19,10,52,13,35,19,0,64,12.0,81.0,6.0,9.0,16.0
2023-10-10,76,0,6,19,0,0,46,14,0,50,13,44,10,0,67,18.0,81.0,0.0,11.0,17.0
2023-10-11,73,0,7,18,0,0,48,23,0,56,13,45,13,0,80,13.0,71.0,0.0,7.0,19.0
2023-10-12,76,0,5,20,0,0,38,11,0,59,13,40,16,0,71,14.0,82.0,0.0,7.0,20.0
2023-10-13,67,0,7,23,0,0,50,19,0,44,13,29,11,0,73,16.0,76.0,0.0,12.0,10.0
2023-10-14,69,0,4,20,0,0,47,24,0,34,13,29,20,0,65,15.0,61.0,0.0,0.0,22.0
2023-10-15,69,0,8,22,0,0,45,16,0,40,17,28,22,0,61,21.0,63.0,0.0,10.0,18.0
2023-10-16,75,0,8,20,0,0,41,24,9,42,16,44,21,0,72,20.0,81.0,0.0,9.0,19.0
2023-10-17,79,0,6,20,0,0,49,24,8,49,8,40,16,0,74,19.0,82.0,0.0,8.0,14.0
2023-10-18,79,2,5,19,0,0,44,18,0,50,12,41,16,0,72,11.0,82.0,0.0,0.0,15.0
2023-10-19,77,0,5,21,0,0,53,20,9,46,14,43,17,8,62,16.0,78.0,0.0,12.0,12.0
2023-10-20,69,0,8,18,0,0,46,24,9,40,11,39,14,0,66,13.0,77.0,0.0,9.0,22.0
2023-10-21,67,0,7,17,0,0,52,19,0,36,10,28,18,0,59,16.0,68.0,0.0,0.0,13.0
2023-10-22,71,0,7,20,0,0,48,26,0,39,10,30,13,0,59,17.0,65.0,0.0,0.0,14.0
2023-10-23,79,0,6,21,2,0,47,17,11,52,13,35,23,0,76,15.0,81.0,0.0,8.0,16.0
2023-10-24,73,0,8,19,0,0,47,23,0,64,12,33,16,12,70,11.0,88.0,0.0,10.0,15.0
2023-10-25,81,0,6,16,0,0,43,16,0,66,14,41,17,0,98,25.0,79.0,0.0,12.0,24.0
2023-10-26,75,0,5,19,0,0,53,15,0,43,15,40,13,11,89,19.0,86.0,0.0,9.0,16.0
2023-10-27,70,0,6,20,0,0,44,20,0,41,16,34,9,0,77,19.0,83.0,0.0,0.0,22.0
2023-10-28,63,0,6,19,0,0,41,19,0,38,10,34,12,0,66,21.0,61.0,0.0,0.0,18.0
2023-10-29,65,0,8,16,0,0,54,14,0,49,16,31,0,10,58,14.0,66.0,0.0,8.0,14.0
2023-10-30,76,0,6,20,0,0,58,10,0,46,16,40,16,0,61,16.0,86.0,0.0,11.0,13.0
2023-10-31,81,0,7,20,0,0,42,16,9,65,15,44,20,8,78,22.0,78.0,0.0,0.0,14.0
2023-11-01,75,0,8,20,0,0,47,21,0,57,20,35,14,0,67,15.0,96.0,0.0,12.0,20.0
2023-11-02,77,0,7,18,0,0,45,13,0,52,18,42,14,0,74,15.0,82.0,0.0,11.0,17.0
2023-11-03,68,0,5,20,0,0,38,18,12,57,13,44,20,0,68,19.0,75.0,0.0,11.0,14.0
2023-11-04,67,0,6,17,0,0,45,18,0,36,9,31,12,0,67,13.0,64.0,0.0,0.0,16.0
2023-11-05,67,2,6,17,0,0,49,14,0,37,14,46,9,0,54,12.0,68.0,0.0,10.0,15.0
2023-11-06,73,0,5,20,0,0,57,20,9,53,16,49,18,0,82,16.0,80.0,0.0,10.0,17.0
2023-11-07,79,0,7,19,0,0,47,20,11,58,15,44,17,0,71,12.0,75.0,0.0,7.0,20.0
2023-11-08,76,2,7,21,0,0,48,20,0,51,17,43,13,0,69,14.0,78.0,0.0,11.0,11.0
2023-11-09,84,0,7,21,0,0,49,13,0,59,14,39,22,0,66,13.0,72.0,0.0,11.0,26.0
2023-11-10,66,0,4,17,0,0,42,23,0,35,11,37,15,0,65,10.0,72.0,0.0,8.0,17.0
2023-11-11,65,0,6,18,0,0,40,17,0,39,0,31,11,0,62,13.0,66.0,0.0,0.0,13.0
2023-11-12,70,0,7,19,0,0,42,17,0,48,20,40,12,0,62,17.0,65.0,0.0,0.0,18.0
2023-11-13,82,0,6,21,0,0,53,22,0,52,14,42,11,0,75,16.0,88.0,0.0,10.0,9.0
2023-11-14,100,0,7,20,0,0,55,21,9,58,9,51,15,8,71,11.0,84.0,0.0,12.0,23.0
2023-11-15,85,2,8,20,0,0,50,20,0,49,13,40,11,0,57,15.0,90.0,0.0,15.0,19.0
2023-11-16,83,0,7,20,0,0,40,23,0,56,0,42,13,0,64,18.0,73.0,0.0,9.0,22.0
2023-11-17,84,0,9,19,0,0,37,22,10,47,12,36,11,0,74,23.0,89.0,0.0,13.0,19.0
2023-11-18,77,0,7,17,0,0,60,23,0,24,10,30,15,0,66,20.0,64.0,0.0,9.0,11.0
2023-11-19,75,0,7,19,0,0,53,11,0,42,12,32,11,0,58,16.0,72.0,0.0,11.0,17.0
2023-11-20,85,0,8,22,0,0,52,20,0,60,16,42,22,0,87,17.0,84.0,0.0,10.0,20.0
2023-11-21,83,0,8,20,0,0,51,21,0,51,15,52,11,0,85,18.0,85.0,8.0,10.0,17.0
2023-11-22,86,0,8,19,0,0,56,11,7,62,16,46,17,0,73,23.0,100.0,0.0,11.0,17.0
2023-11-23,83,0,8,20,0,0,51,14,0,51,15,41,12,0,79,18.0,77.0,0.0,15.0,21.0
2023-11-24,71,0,7,17,0,0,55,23,0,36,9,25,13,9,68,13.0,89.0,0.0,11.0,13.0
2023-11-25,70,0,9,16,0,0,52,13,0,36,0,29,17,0,66,16.0,65.0,0.0,0.0,21.0
2023-11-26,71,0,11,19,0,0,44,21,0,48,16,32,10,0,64,17.0,68.0,0.0,11.0,14.0
2023-11-27,81,0,10,19,0,0,51,13,0,65,13,48,0,0,83,20.0,97.0,0.0,0.0,14.0
2023-11-28,80,0,9,15,0,0,56,12,0,56,18,45,19,7,74,13.0,96.0,0.0,13.0,17.0
2023-11-29,80,0,8,18,2,0,53,16,0,58,20,58,9,0,71,17.0,94.0,10.0,9.0,19.0
2023-11-30,80,0,10,16,0,0,44,19,0,53,20,63,11,0,68,21.0,92.0,0.0,9.0,20.0
2023-12-01,76,0,8,15,0,0,44,22,0,44,15,44,14,0,62,23.0,71.0,0.0,10.0,16.0
2023-12-02,71,0,11,18,0,0,35,22,0,41,0,37,15,0,70,17.0,73.0,0.0,0.0,18.0
2023-12-03,70,0,10,18,0,0,39,18,0,39,12,33,8,0,72,14.0,59.0,0.0,10.0,20.0
2023-12-04,74,0,8,16,0,0,41,25,10,59,18,52,14,0,61,15.0,85.0,0.0,8.0,18.0
2023-12-05,77,0,8,19,0,0,42,17,0,63,0,56,16,0,69,16.0,84.0,0.0,10.0,24.0
2023-12-06,74,0,10,17,0,0,49,21,8,60,16,66,15,0,75,8.0,83.0,0.0,15.0,18.0
2023-12-07,77,0,9,18,0,0,45,20,0,57,19,65,14,0,77,14.0,77.0,0.0,13.0,19.0
2023-12-08,77,0,8,17,0,0,60,29,0,34,14,41,20,0,71,14.0,89.0,0.0,9.0,18.0
2023-12-09,77,0,8,20,0,0,55,32,0,37,21,47,12,0,78,16.0,74.0,0.0,0.0,23.0
2023-12-10,78,0,9,17,0,0,56,32,0,49,9,36,14,0,59,18.0,68.0,0.0,8.0,21.0
2023-12-11,83,0,7,22,0,0,65,60,0,44,12,57,13,0,60,23.0,89.0,0.0,13.0,40.0
2023-12-12,81,0,8,20,0,0,92,71,0,52,12,52,16,0,75,16.0,98.0,0.0,18.0,52.0
2023-12-13,86,0,8,20,0,0,100,76,10,46,12,48,19,0,81,14.0,91.0,0.0,14.0,63.0
2023-12-14,72,0,6,19,0,0,81,67,9,44,0,31,14,0,84,14.0,81.0,0.0,8.0,54.0
2023-12-15,73,0,7,20,0,0,81,57,0,37,15,33,14,0,60,18.0,98.0,0.0,11.0,58.0
2023-12-16,69,0,6,22,0,0,69,51,0,37,12,24,14,0,62,8.0,84.0,0.0,0.0,47.0
2023-12-17,69,0,6,20,0,0,62,34,0,22,0,31,0,0,68,15.0,67.0,0.0,8.0,21.0
2023-12-18,75,0,8,22,2,0,74,60,0,41,12,23,18,0,74,17.0,73.0,0.0,11.0,60.0
2023-12-19,88,0,7,20,0,0,73,66,0,45,11,29,19,0,73,15.0,68.0,0.0,10.0,51.0
2023-12-20,75,0,8,20,0,0,65,37,0,41,9,36,17,0,79,15.0,80.0,0.0,22.0,35.0
2023-12-21,72,2,7,18,0,0,51,35,0,42,0,26,11,0,53,18.0,60.0,0.0,0.0,23.0
2023-12-22,67,0,6,21,0,0,53,21,0,29,0,27,18,0,54,15.0,58.0,0.0,0.0,24.0
2023-12-23,65,0,8,23,0,0,57,18,0,27,14,22,10,0,52,15.0,65.0,0.0,10.0,24.0
2023-12-24,65,0,4,19,0,0,58,11,0,27,14,26,0,0,59,15.0,56.0,0.0,0.0,13.0
2023-12-25,67,0,7,22,0,0,39,16,0,11,11,30,0,0,58,24.0,59.0,0.0,0.0,13.0
2023-12-26,66,0,9,19,0,0,52,22,0,26,0,25,15,0,74,15.0,69.0,0.0,0.0,22.0
2023-12-27,71,0,9,22,0,0,46,17,0,32,14,28,17,0,61,0.0,73.0,0.0,11.0,18.0
2023-12-28,67,0,8,21,0,0,56,24,0,32,8,29,16,0,64,16.0,60.0,0.0,9.0,22.0
2023-12-29,70,0,8,22,0,0,47,18,0,28,10,23,16,0,69,17.0,75.0,0.0,0.0,18.0
2023-12-30,64,0,9,19,0,0,41,18,0,24,0,27,11,0,64,20.0,61.0,0.0,0.0,13.0
2023-12-31,58,0,6,15,0,0,38,13,0,23,16,25,10,0,43,15.0,37.0,0.0,0.0,18.0
2024-01-01,75,0,11,24,0,0,55,24,0,28,13,32,19,0,48,11.0,35.0,0.0,0.0,13.0
2024-01-02,84,0,11,26,0,0,65,24,0,51,13,26,18,0,72,11.0,45.0,0.0,0.0,8.0
2024-01-03,81,0,9,23,0,0,62,25,0,35,0,37,14,0,72,14.0,56.0,0.0,0.0,10.0
2024-01-04,80,0,12,23,0,0,69,38,0,49,10,40,17,0,67,11.0,49.0,0.0,7.0,11.0
2024-01-05,79,0,10,22,0,0,61,42,0,55,10,32,13,0,66,10.0,46.0,0.0,6.0,15.0
2024-01-06,82,0,12,21,0,0,72,23,0,35,0,33,0,0,51,10.0,41.0,0.0,0.0,11.0
2024-01-07,78,0,12,21,0,0,64,38,0,38,12,37,12,0,55,11.0,49.0,0.0,0.0,10.0
2024-01-08,86,0,9,19,0,0,75,33,0,58,12,22,15,0,65,12.0,44.0,0.0,7.0,13.0
2024-01-09,78,0,10,22,0,0,56,35,0,66,11,36,15,9,72,6.0,55.0,0.0,7.0,10.0
2024-01-10,88,0,9,19,0,0,70,27,0,47,14,31,20,0,71,9.0,59.0,0.0,7.0,9.0
2024-01-11,84,0,11,22,0,0,69,26,0,57,14,48,18,0,77,8.0,54.0,0.0,6.0,11.0
2024-01-12,80,0,12,21,0,0,67,30,12,51,14,42,0,0,77,5.0,55.0,0.0,0.0,11.0
2024-01-13,78,0,10,18,0,0,86,29,0,47,14,27,17,0,64,12.0,53.0,0.0,7.0,12.0
2024-01-14,84,0,11,27,0,0,85,34,0,42,10,49,17,0,64,8.0,43.0,0.0,5.0,11.0
2024-01-15,79,2,7,24,0,0,69,26,0,48,17,48,13,0,77,7.0,53.0,0.0,5.0,15.0
2024-01-16,95,0,7,25,0,0,80,29,0,57,13,48,26,0,76,15.0,65.0,0.0,6.0,13.0
2024-01-17,98,0,9,22,2,0,80,36,0,71,13,47,9,0,78,9.0,55.0,0.0,5.0,11.0
2024-01-18,91,0,11,20,0,0,73,29,0,57,20,51,12,0,73,9.0,58.0,0.0,6.0,10.0
2024-01-19,85,0,11,17,0,0,70,32,19,54,12,34,20,0,77,10.0,56.0,0.0,5.0,10.0
2024-01-20,81,0,9,24,0,0,69,23,0,37,12,39,14,0,78,7.0,43.0,0.0,0.0,10.0
2024-01-21,80,0,8,24,0,0,71,31,16,39,0,32,13,0,82,10.0,40.0,0.0,6.0,11.0
2024-01-22,94,0,8,26,0,0,69,30,0,56,0,44,21,0,78,11.0,60.0,0.0,5.0,10.0
2024-01-23,95,0,8,21,0,0,81,29,0,53,13,42,19,0,91,12.0,64.0,0.0,5.0,9.0
2024-01-24,79,0,9,19,0,0,80,27,0,68,9,34,11,0,78,9.0,64.0,0.0,4.0,11.0
2024-01-25,81,2,10,22,0,0,70,20,0,50,0,55,11,0,82,10.0,66.0,0.0,0.0,8.0
2024-01-26,83,0,8,20,0,0,63,20,0,63,10,28,22,0,76,8.0,56.0,0.0,0.0,10.0
2024-01-27,81,0,8,20,0,0,55,23,0,50,0,36,16,0,76,9.0,48.0,0.0,0.0,8.0
2024-01-28,73,2,10,16,0,0,67,22,0,39,0,36,0,0,76,0.0,46.0,0.0,0.0,10.0
2024-01-29,83,0,9,18,0,0,56,34,0,53,0,54,0,0,71,8.0,64.0,0.0,8.0,9.0
2024-01-30,82,0,7,16,0,0,56,21,0,71,17,39,10,0,83,10.0,77.0,0.0,5.0,10.0
2024-01-31,84,0,9,15,0,0,54,29,0,72,12,46,0,0,72,10.0,73.0,0.0,5.0,9.0
2024-02-01,83,0,10,19,0,0,70,31,0,52,11,45,12,0,68,10.0,71.0,0.0,9.0,12.0
2024-02-02,83,0,9,15,0,0,68,35,0,48,0,34,15,0,74,12.0,62.0,0.0,6.0,8.0
2024-02-03,80,0,8,18,0,0,57,30,0,36,0,34,14,0,84,7.0,50.0,0.0,6.0,10.0
2024-02-04,75,0,6,15,0,0,51,24,0,45,0,33,0,0,50,11.0,46.0,0.0,0.0,12.0
2024-02-05,80,0,9,19,0,0,66,22,0,72,0,33,24,0,73,5.0,65.0,0.0,7.0,9.0
2024-02-06,82,0,9,15,0,0,66,34,0,61,12,37,21,0,71,9.0,73.0,0.0,0.0,12.0
2024-02-07,84,0,8,16,0,0,60,31,0,77,0,31,21,0,54,7.0,65.0,0.0,0.0,13.0
2024-02-08,74,0,7,19,0,0,63,22,0,33,14,37,0,0,65,0.0,41.0,0.0,9.0,7.0
2024-02-09,76,0,8,17,0,0,52,34,0,43,0,31,16,0,67,6.0,40.0,0.0,0.0,11.0
2024-02-10,67,0,9,17,0,0,49,21,0,37,14,29,0,0,48,6.0,34.0,0.0,0.0,8.0
2024-02-11,83,0,9,16,0,0,59,18,0,44,14,35,13,0,57,13.0,48.0,8.0,0.0,8.0
2024-02-12,80,0,8,16,0,0,64,25,0,41,16,42,20,0,58,12.0,70.0,0.0,0.0,6.0
2024-02-13,71,0,7,15,0,0,57,20,0,44,13,42,18,0,60,9.0,60.0,0.0,6.0,7.0
2024-02-14,55,0,5,14,0,0,37,0,0,44,0,21,0,0,48,6.0,41.0,0.0,6.0,0.0
2024-02-15,73,0,8,16,0,0,46,26,0,59,15,36,23,0,48,6.0,79.0,0.0,6.0,10.0
2024-02-16,85,0,5,20,0,0,62,22,0,59,18,31,12,0,73,0.0,68.0,0.0,8.0,12.0
2024-02-17,72,0,6,15,0,0,52,18,0,43,0,29,22,0,53,8.0,40.0,0.0,6.0,0.0
2024-02-18,79,0,8,20,0,0,38,30,0,53,11,43,14,0,71,8.0,62.0,0.0,7.0,10.0
2024-02-19,84,0,5,16,0,0,56,25,0,56,14,40,27,0,71,9.0,83.0,0.0,0.0,10.0
2024-02-20,79,0,6,19,0,0,61,25,0,58,14,39,20,0,73,10.0,81.0,0.0,6.0,9.0
2024-02-21,83,0,6,18,0,0,76,31,0,74,19,44,18,0,67,11.0,97.0,0.0,7.0,7.0
2024-02-22,87,0,7,18,0,0,52,31,0,66,18,37,23,0,70,7.0,89.0,0.0,5.0,8.0
2024-02-23,80,0,5,21,0,0,59,17,0,64,20,30,0,0,84,7.0,65.0,0.0,6.0,8.0
2024-02-24,70,0,7,20,0,0,56,23,0,49,15,29,0,0,72,7.0,46.0,0.0,6.0,18.0
2024-02-25,83,0,6,19,0,0,57,0,0,57,16,36,12,0,94,8.0,52.0,0.0,0.0,7.0
2024-02-26,85,0,8,19,0,0,49,36,0,55,17,34,0,0,93,6.0,83.0,0.0,7.0,11.0
2024-02-27,83,0,10,17,0,0,65,22,0,72,13,38,16,0,82,10.0,72.0,0.0,9.0,12.0
2024-02-28,87,0,10,20,0,0,63,20,0,82,11,31,16,0,81,11.0,84.0,0.0,6.0,8.0
2024-02-29,78,0,8,17,0,0,55,14,0,79,0,44,21,0,84,6.0,89.0,0.0,7.0,7.0
2024-03-01,79,0,9,18,0,0,61,27,15,38,15,37,17,0,74,10.0,71.0,0.0,8.0,13.0
2024-03-02,76,0,6,17,0,0,50,24,0,37,0,28,20,0,64,9.0,46.0,0.0,8.0,12.0
2024-03-03,72,0,7,18,0,0,46,22,0,71,0,29,0,0,61,0.0,46.0,0.0,0.0,10.0
2024-03-04,87,0,7,20,0,0,57,22,0,84,27,29,18,0,89,9.0,84.0,0.0,6.0,9.0
2024-03-05,87,0,9,17,0,0,47,38,0,81,0,28,17,0,94,8.0,94.0,0.0,7.0,11.0
2024-03-06,90,0,6,16,0,0,43,18,0,87,22,39,17,0,90,8.0,97.0,0.0,5.0,7.0
2024-03-07,89,0,8,19,0,0,65,18,0,69,15,39,19,0,83,9.0,100.0,0.0,6.0,9.0
2024-03-08,85,0,6,16,0,0,61,0,0,75,20,27,19,0,62,8.0,69.0,0.0,8.0,11.0
2024-03-09,68,0,9,14,0,0,61,36,0,43,0,25,14,0,58,13.0,51.0,0.0,0.0,6.0
2024-03-10,62,0,10,15,0,0,47,24,0,43,0,15,0,0,47,7.0,35.0,0.0,0.0,10.0
2024-03-11,67,0,9,16,0,0,48,23,0,36,13,36,10,0,62,8.0,37.0,0.0,0.0,6.0
2024-03-12,81,0,8,20,0,0,44,0,0,59,17,47,18,0,56,6.0,50.0,0.0,8.0,13.0
2024-03-13,87,0,9,20,0,0,62,34,15,68,17,46,12,0,71,6.0,73.0,0.0,0.0,7.0
2024-03-14,84,0,9,18,0,0,56,36,0,76,17,40,17,0,82,0.0,78.0,0.0,7.0,15.0
2024-03-15,79,0,8,20,0,0,59,18,0,59,12,47,18,0,81,7.0,66.0,0.0,9.0,8.0
2024-03-16,76,0,5,20,0,0,41,24,0,66,0,27,13,0,87,11.0,51.0,0.0,0.0,7.0
2024-03-17,80,0,8,22,0,0,42,0,0,60,0,27,22,0,72,10.0,53.0,0.0,0.0,7.0
2024-03-18,83,0,8,17,0,0,55,28,0,70,13,32,18,0,83,6.0,77.0,0.0,0.0,12.0
2024-03-19,83,0,7,17,0,0,48,27,0,91,12,40,15,0,96,9.0,79.0,0.0,10.0,6.0
2024-03-20,89,0,6,20,0,0,65,30,0,74,23,43,13,0,82,13.0,82.0,0.0,6.0,9.0
2024-03-21,87,0,5,21,0,0,43,14,0,74,15,42,14,0,81,13.0,93.0,0.0,8.0,9.0
2024-03-22,76,0,5,20,0,0,53,32,0,72,15,50,0,0,68,10.0,61.0,0.0,0.0,0.0
2024-03-23,78,0,5,20,0,0,41,24,0,62,13,31,20,0,78,9.0,57.0,0.0,0.0,9.0
2024-03-24,78,0,6,24,0,0,51,27,0,63,13,32,16,0,70,7.0,54.0,0.0,0.0,0.0
2024-03-25,84,0,4,17,0,0,60,25,0,70,21,45,18,0,87,7.0,79.0,0.0,8.0,9.0
2024-03-26,76,0,5,19,0,0,54,16,15,74,17,40,12,0,67,10.0,67.0,0.0,7.0,0.0
2024-03-27,80,0,5,17,0,0,38,19,0,57,16,33,19,0,83,7.0,64.0,0.0,7.0,8.0
2024-03-28,66,0,7,14,0,0,42,22,0,64,12,28,17,0,68,8.0,62.0,0.0,7.0,10.0
2024-03-29,69,0,6,20,0,0,37,27,0,48,0,37,0,0,64,13.0,32.0,0.0,0.0,0.0
2024-03-30,67,0,5,20,0,0,54,20,0,43,14,24,17,0,61,0.0,35.0,0.0,0.0,8.0
2024-03-31,68,0,6,19,0,0,40,21,0,53,22,33,14,0,59,0.0,44.0,0.0,6.0,7.0
2024-04-01,74,0,6,13,0,0,55,22,0,80,12,32,25,0,72,8.0,53.0,0.0,0.0,7.0
2024-04-02,76,0,5,13,3,0,28,20,0,69,0,29,16,0,63,10.0,56.0,0.0,7.0,8.0
2024-04-03,73,0,4,18,0,0,39,24,0,59,0,34,17,0,77,0.0,47.0,0.0,0.0,0.0
2024-04-04,76,0,5,17,0,0,36,29,0,66,16,21,12,0,76,0.0,50.0,0.0,7.0,8.0
2024-04-05,67,0,3,18,0,0,42,23,0,43,0,15,15,0,73,8.0,36.0,0.0,0.0,7.0
2024-04-06,56,0,3,15,0,0,41,26,0,33,0,25,13,0,55,0.0,31.0,0.0,0.0,0.0
2024-04-07,50,0,5,15,0,0,37,0,0,21,0,22,0,0,51,0.0,23.0,0.0,0.0,0.0
2024-04-08,52,0,4,16,0,0,33,0,0,29,13,31,0,12,53,0.0,23.0,0.0,0.0,0.0
2024-04-09,41,0,0,16,0,0,34,0,0,23,0,24,0,0,39,0.0,23.0,0.0,0.0,7.0
2024-04-10,54,0,3,15,3,0,33,19,0,30,0,21,0,0,53,0.0,28.0,0.0,0.0,9.0
2024-04-11,63,0,7,16,0,0,48,0,0,27,0,19,0,0,58,13.0,34.0,0.0,7.0,12.0
2024-04-12,65,0,6,15,0,0,60,28,0,41,0,27,0,0,55,14.0,35.0,0.0,0.0,7.0
2024-04-13,62,0,7,21,0,0,71,20,0,39,0,27,0,0,42,0.0,30.0,0.0,0.0,0.0
2024-04-14,64,0,8,16,0,0,32,17,0,29,0,29,0,0,59,0.0,30.0,0.0,0.0,7.0
2024-04-15,68,0,8,22,3,0,54,26,0,29,11,19,16,0,56,9.0,40.0,0.0,0.0,9.0
2024-04-16,73,0,8,19,0,0,57,28,0,42,12,22,0,0,82,9.0,47.0,0.0,0.0,14.0
2024-04-17,71,0,6,17,0,0,51,25,0,40,0,34,21,0,79,7.0,55.0,0.0,7.0,8.0
2024-04-18,80,0,8,20,0,0,38,22,0,49,0,25,20,0,73,6.0,54.0,0.0,0.0,9.0
2024-04-19,77,0,7,22,0,0,58,25,0,36,12,34,13,0,60,9.0,50.0,0.0,6.0,6.0
2024-04-20,74,0,7,19,0,0,52,24,0,45,12,30,0,0,64,8.0,46.0,0.0,8.0,7.0
2024-04-21,72,0,9,17,0,0,43,33,0,54,12,31,11,0,72,11.0,42.0,0.0,0.0,8.0
2024-04-22,80,0,9,17,0,0,59,29,0,66,10,28,25,10,58,6.0,60.0,0.0,7.0,6.0
2024-04-23,82,0,7,16,0,0,53,23,0,82,15,38,14,0,79,7.0,61.0,0.0,7.0,13.0
2024-04-24,83,0,11,18,0,0,51,29,0,75,12,36,12,0,97,6.0,56.0,0.0,6.0,11.0
2024-04-25,83,0,7,16,0,0,50,29,15,76,11,31,14,0,74,12.0,60.0,0.0,8.0,10.0
2024-04-26,80,0,9,18,0,0,55,23,0,65,11,25,14,0,75,9.0,50.0,0.0,0.0,7.0
2024-04-27,70,0,6,17,0,0,48,25,0,47,0,24,20,0,59,8.0,38.0,0.0,6.0,10.0
2024-04-28,75,0,8,19,0,0,53,23,0,52,0,29,18,0,77,13.0,37.0,0.0,0.0,7.0
2024-04-29,74,0,7,16,0,0,61,33,0,77,18,33,12,0,65,5.0,56.0,0.0,0.0,6.0
2024-04-30,71,0,5,17,0,0,44,18,0,97,0,32,11,14,67,7.0,47.0,0.0,0.0,7.0
2024-05-01,87,0,7,22,0,0,59,30,0,67,13,31,0,0,92,9.0,52.0,5.0,0.0,9.0
2024-05-02,77,0,6,17,0,0,50,22,0,65,12,40,9,0,98,8.0,49.0,0.0,7.0,10.0
2024-05-03,80,0,4,16,0,0,48,34,0,63,14,31,20,0,89,8.0,61.0,0.0,0.0,12.0
2024-05-04,72,0,8,15,0,0,46,28,0,54,16,21,18,0,72,7.0,53.0,0.0,0.0,10.0
2024-05-05,82,0,7,20,0,0,56,32,0,62,0,28,19,0,78,11.0,44.0,0.0,0.0,8.0
2024-05-06,88,3,8,21,0,0,61,39,0,75,17,35,19,0,76,9.0,61.0,0.0,0.0,13.0
2024-05-07,89,0,8,19,0,0,66,23,0,63,12,34,20,0,89,12.0,53.0,0.0,8.0,11.0
2024-05-08,76,0,7,17,0,0,58,27,0,63,12,26,17,0,72,11.0,56.0,0.0,8.0,13.0
2024-05-09,71,0,7,19,0,0,55,25,0,66,0,24,16,0,79,8.0,41.0,5.0,6.0,7.0
2024-05-10,86,0,7,19,0,0,54,33,0,59,11,27,17,0,69,7.0,42.0,8.0,6.0,9.0
2024-05-11,73,0,7,19,0,0,53,33,0,61,0,26,14,0,53,8.0,50.0,0.0,7.0,11.0
2024-05-12,79,0,8,18,0,0,46,26,0,74,13,30,14,0,71,11.0,47.0,0.0,0.0,8.0
2024-05-13,81,0,5,19,0,0,52,23,0,84,0,22,24,0,83,7.0,65.0,0.0,6.0,9.0
2024-05-14,90,0,5,17,0,0,73,32,0,71,18,43,16,0,88,9.0,63.0,5.0,6.0,7.0
2024-05-15,92,0,9,17,0,0,77,29,0,73,11,34,14,0,87,5.0,73.0,0.0,0.0,19.0
2024-05-16,84,0,8,17,0,0,62,21,19,57,13,40,16,0,68,7.0,70.0,0.0,0.0,9.0
2024-05-17,81,0,7,19,0,0,51,31,0,77,15,37,16,0,66,9.0,64.0,0.0,0.0,14.0
2024-05-18,70,0,9,19,0,0,47,23,0,56,0,27,18,0,83,8.0,46.0,0.0,0.0,11.0
2024-05-19,80,0,7,15,0,0,60,27,0,60,0,34,0,0,75,6.0,47.0,0.0,0.0,11.0
2024-05-20,88,0,6,17,0,0,62,36,0,90,0,39,21,0,85,9.0,62.0,0.0,5.0,9.0
2024-05-21,82,0,7,17,0,0,62,44,0,100,15,33,20,0,81,8.0,67.0,0.0,8.0,10.0
2024-05-22,79,0,6,18,0,0,63,25,0,69,15,30,11,0,88,7.0,60.0,0.0,0.0,8.0
2024-05-23,73,0,6,18,0,0,48,24,0,54,12,36,0,0,70,10.0,44.0,0.0,0.0,8.0
2024-05-24,76,0,7,19,0,0,55,29,0,46,12,31,13,0,72,0.0,57.0,0.0,6.0,10.0
2024-05-25,73,0,6,17,0,0,52,19,0,38,0,29,13,0,66,7.0,46.0,0.0,6.0,9.0
2024-05-26,79,0,7,19,3,0,48,29,0,68,13,29,17,0,51,6.0,44.0,0.0,6.0,7.0
2024-05-27,91,0,10,17,0,0,47,32,0,96,15,43,19,0,82,11.0,68.0,0.0,9.0,12.0
2024-05-28,89,0,7,19,0,0,51,27,0,79,14,36,17,0,96,9.0,64.0,0.0,0.0,8.0
2024-05-29,90,0,8,19,0,0,52,23,0,94,20,40,21,0,100,0.0,65.0,0.0,8.0,9.0
2024-05-30,91,0,8,17,0,0,63,31,0,78,14,43,22,0,87,9.0,68.0,0.0,6.0,12.0
2024-05-31,79,0,7,19,0,0,61,25,0,53,0,27,14,0,72,11.0,54.0,0.0,5.0,10.0
2024-06-01,73,0,6,19,0,0,53,28,0,63,0,29,0,0,50,0.0,42.0,0.0,0.0,0.0
2024-06-02,75,0,8,16,0,0,54,0,0,69,11,34,25,0,77,0.0,58.0,0.0,8.0,7.0
2024-06-03,100,0,7,16,0,0,55,25,0,77,17,39,21,0,81,10.0,66.0,0.0,5.0,11.0
2024-06-04,88,0,8,14,0,0,61,30,0,82,15,48,11,0,86,10.0,66.0,0.0,7.0,6.0
2024-06-05,91,0,8,15,0,0,54,30,0,92,20,53,19,0,83,8.0,67.0,0.0,0.0,12.0
2024-06-06,90,0,8,13,0,0,62,28,0,72,16,45,13,0,81,9.0,55.0,0.0,8.0,7.0
2024-06-07,86,0,8,15,0,0,52,19,0,80,12,41,17,0,78,12.0,58.0,0.0,7.0,6.0
2024-06-08,84,0,7,15,0,0,66,16,0,57,12,39,0,0,64,12.0,46.0,0.0,0.0,7.0
2024-06-09,81,0,7,15,0,0,55,17,0,46,13,30,0,0,67,10.0,43.0,6.0,0.0,11.0
2024-06-10,79,0,5,17,0,0,56,33,0,85,14,37,25,0,73,9.0,60.0,0.0,6.0,9.0
2024-06-11,80,0,6,14,0,0,52,23,0,50,0,16,25,0,81,6.0,53.0,0.0,8.0,9.0
2024-06-12,87,0,7,15,0,0,55,25,0,76,11,34,13,0,83,6.0,53.0,0.0,8.0,13.0
2024-06-13,83,0,8,15,0,0,52,30,0,61,0,22,17,0,78,11.0,63.0,0.0,9.0,14.0
2024-06-14,79,0,8,13,0,0,74,42,0,43,11,34,26,0,55,8.0,43.0,0.0,7.0,7.0
2024-06-15,69,0,6,16,0,0,42,39,0,56,0,23,16,0,59,0.0,49.0,0.0,0.0,10.0
2024-06-16,65,0,7,17,0,0,42,20,0,22,0,15,0,0,44,8.0,32.0,0.0,0.0,12.0
2024-06-17,73,0,6,18,0,0,37,25,0,46,15,29,0,0,58,9.0,40.0,0.0,0.0,8.0
2024-06-18,76,0,7,17,0,0,43,40,0,58,0,30,18,0,55,6.0,38.0,0.0,8.0,7.0
2024-06-19,77,0,6,15,0,0,56,36,0,49,15,19,24,0,69,8.0,42.0,0.0,10.0,8.0
2024-06-20,76,0,5,16,0,0,62,27,0,58,15,27,18,0,60,12.0,50.0,0.0,7.0,12.0
2024-06-21,75,0,7,18,0,0,62,21,0,57,0,25,20,0,62,10.0,43.0,0.0,7.0,10.0
2024-06-22,71,0,8,12,0,0,50,23,0,41,0,30,17,0,61,11.0,45.0,0.0,0.0,6.0
2024-06-23,76,0,7,14,0,0,65,35,0,53,0,30,0,0,68,13.0,36.0,0.0,0.0,11.0
2024-06-24,87,0,8,14,0,0,59,22,0,72,0,22,24,0,58,11.0,42.0,0.0,5.0,9.0
2024-06-25,78,2,5,18,0,0,56,30,0,60,0,35,16,0,72,9.0,54.0,0.0,8.0,11.0
2024-06-26,79,0,7,13,0,0,39,36,0,60,0,30,21,0,64,6.0,51.0,7.0,6.0,9.0
2024-06-27,77,0,9,17,0,0,51,28,0,51,12,28,19,0,65,11.0,46.0,11.0,12.0,11.0
2024-06-28,82,0,5,15,0,0,48,25,0,53,0,21,17,0,81,12.0,49.0,0.0,0.0,12.0
2024-06-29,72,0,6,15,0,0,54,33,0,46,0,24,21,0,75,8.0,38.0,0.0,0.0,10.0
2024-06-30,74,0,3,15,0,0,59,16,0,48,13,26,15,0,90,10.0,35.0,0.0,0.0,8.0
2024-07-01,75,0,6,15,0,0,50,23,0,44,8,17,11,0,71,11.0,53.0,0.0,0.0,0.0
2024-07-02,74,0,7,15,0,0,61,28,0,58,7,13,11,0,44,11.0,66.0,0.0,9.0,17.0
2024-07-03,76,0,6,14,0,0,51,23,0,50,0,10,7,0,52,0.0,72.0,0.0,0.0,10.0
2024-07-04,78,0,9,11,0,0,40,28,0,55,0,15,11,0,43,18.0,59.0,0.0,0.0,20.0
2024-07-05,71,0,7,14,0,0,40,20,0,57,7,17,8,0,46,12.0,69.0,0.0,0.0,14.0
2024-07-06,64,0,8,12,0,0,41,26,0,39,0,18,7,0,41,14.0,60.0,0.0,0.0,10.0
2024-07-07,76,0,8,12,0,0,42,28,0,37,0,22,0,0,44,12.0,58.0,0.0,0.0,18.0
2024-07-08,78,0,8,14,0,0,49,19,0,50,0,15,10,0,37,10.0,66.0,0.0,0.0,9.0
2024-07-09,86,0,6,11,0,0,53,27,0,49,0,16,7,0,44,19.0,71.0,0.0,0.0,12.0
2024-07-10,82,0,8,12,0,0,32,27,0,60,9,20,6,0,53,19.0,70.0,0.0,0.0,12.0
2024-07-11,75,0,7,14,0,0,62,22,0,40,9,17,11,0,51,12.0,65.0,0.0,0.0,14.0
2024-07-12,79,0,6,13,0,0,48,21,0,45,9,20,7,0,52,11.0,65.0,0.0,12.0,0.0
2024-07-13,80,0,7,14,0,0,42,25,0,64,15,22,14,0,44,9.0,61.0,11.0,0.0,9.0
2024-07-14,78,0,7,17,0,0,30,19,0,39,0,15,7,0,45,17.0,46.0,0.0,0.0,14.0
2024-07-15,77,0,5,12,0,0,58,27,0,55,11,24,16,0,45,0.0,72.0,0.0,9.0,12.0
2024-07-16,82,0,6,13,0,0,42,35,0,54,11,28,13,0,49,15.0,74.0,0.0,8.0,10.0
2024-07-17,82,0,6,13,0,0,57,26,0,48,9,14,15,0,48,18.0,84.0,0.0,8.0,12.0
2024-07-18,89,0,11,16,0,0,42,23,0,41,9,14,9,0,57,12.0,97.0,0.0,10.0,12.0
2024-07-19,81,0,5,13,0,0,50,33,0,44,9,22,11,0,40,11.0,96.0,0.0,0.0,15.0
2024-07-20,84,0,5,14,0,0,33,22,0,43,0,19,9,0,44,14.0,96.0,0.0,0.0,17.0
2024-07-21,72,0,6,17,0,0,39,32,0,47,8,19,12,0,57,14.0,79.0,0.0,0.0,0.0
2024-07-22,77,0,5,14,0,0,46,20,0,67,11,20,11,0,57,14.0,87.0,0.0,9.0,15.0
2024-07-23,83,3,5,14,0,0,56,30,0,55,9,24,12,0,65,13.0,60.0,0.0,9.0,17.0
2024-07-24,82,0,8,16,0,0,59,21,14,51,7,22,14,0,78,12.0,83.0,10.0,8.0,16.0
2024-07-25,85,0,5,15,0,0,38,27,0,39,9,26,9,0,95,15.0,72.0,0.0,9.0,17.0
2024-07-26,91,0,7,12,2,0,52,29,0,42,11,22,10,0,84,20.0,63.0,0.0,0.0,9.0
2024-07-27,79,0,6,17,0,0,51,20,0,42,11,12,11,0,98,15.0,54.0,0.0,0.0,17.0
2024-07-28,91,0,6,19,0,0,50,18,0,43,8,24,15,0,78,21.0,53.0,0.0,0.0,0.0
2024-07-29,85,0,6,17,0,0,51,24,0,36,10,29,12,0,100,0.0,69.0,0.0,7.0,20.0
2024-07-30,81,0,5,14,0,0,46,26,0,56,10,19,10,0,72,11.0,65.0,0.0,9.0,11.0
2024-07-31,80,0,6,14,0,12,53,20,0,54,10,25,12,0,71,12.0,63.0,0.0,14.0,14.0
2024-08-01,87,0,7,14,0,0,46,20,0,47,9,32,9,0,79,20.0,52.0,0.0,8.0,11.0
2024-08-02,74,0,7,12,0,0,38,20,0,41,9,24,12,0,70,8.0,58.0,0.0,13.0,13.0
2024-08-03,77,0,6,13,0,0,59,33,0,44,12,19,8,0,69,15.0,57.0,0.0,0.0,14.0
2024-08-04,78,0,6,19,0,0,38,26,0,48,9,15,9,0,78,12.0,41.0,0.0,9.0,14.0
2024-08-05,86,0,5,14,0,0,44,25,0,48,10,26,12,0,75,10.0,64.0,0.0,0.0,14.0
2024-08-06,78,0,6,15,0,0,62,22,0,54,10,26,10,0,88,12.0,63.0,0.0,9.0,15.0
2024-08-07,85,0,9,15,0,0,63,28,0,57,7,29,11,0,82,11.0,78.0,0.0,0.0,17.0
2024-08-08,92,0,7,13,0,0,52,21,0,52,9,28,13,0,69,13.0,64.0,0.0,9.0,8.0
2024-08-09,78,0,6,14,0,0,49,27,0,38,9,23,13,0,63,9.0,65.0,0.0,8.0,13.0
2024-08-10,79,0,7,16,0,0,46,29,0,38,0,15,9,0,68,14.0,67.0,0.0,8.0,14.0
2024-08-11,75,0,6,17,0,0,46,22,0,46,10,25,0,0,55,10.0,66.0,0.0,0.0,15.0
2024-08-12,80,0,6,14,0,0,52,33,0,52,8,21,14,0,62,11.0,71.0,0.0,10.0,17.0
2024-08-13,73,0,7,13,0,0,39,38,0,45,9,21,10,0,48,0.0,65.0,0.0,8.0,16.0
2024-08-14,80,0,6,15,0,0,52,28,0,43,0,17,13,0,53,13.0,76.0,0.0,10.0,17.0
2024-08-15,84,0,6,12,0,0,49,31,0,49,14,25,14,0,54,17.0,76.0,0.0,0.0,13.0
2024-08-16,74,0,5,16,0,0,51,16,0,40,0,16,13,0,50,16.0,52.0,0.0,17.0,16.0
2024-08-17,74,3,4,14,0,0,39,18,0,46,0,8,12,0,47,0.0,42.0,0.0,0.0,0.0
2024-08-18,80,0,7,16,0,0,49,26,0,63,10,18,0,0,41,15.0,61.0,0.0,0.0,12.0
2024-08-19,74,0,5,15,0,0,40,25,0,56,15,17,11,8,44,15.0,68.0,0.0,13.0,10.0
2024-08-20,78,0,6,12,0,0,52,15,0,45,9,24,11,0,47,13.0,75.0,0.0,0.0,11.0
2024-08-21,83,0,6,12,0,0,50,24,0,53,0,24,10,0,55,12.0,69.0,0.0,8.0,13.0
2024-08-22,80,0,6,12,0,0,48,24,0,51,10,27,11,0,45,12.0,60.0,0.0,10.0,16.0
2024-08-23,71,0,7,13,0,0,39,30,0,37,8,21,0,0,40,9.0,54.0,0.0,0.0,11.0
2024-08-24,74,0,4,13,0,0,43,33,18,41,0,28,9,0,56,15.0,61.0,0.0,0.0,17.0
2024-08-25,68,0,6,14,0,0,50,0,0,46,0,27,0,0,45,9.0,51.0,0.0,0.0,0.0
2024-08-26,78,0,6,17,0,0,58,21,0,43,13,26,17,0,52,13.0,60.0,0.0,10.0,9.0
2024-08-27,77,0,6,11,0,0,51,28,0,67,7,25,10,8,50,15.0,71.0,0.0,8.0,7.0
2024-08-28,86,0,8,12,3,0,48,21,0,51,7,24,14,0,49,13.0,80.0,0.0,10.0,12.0
2024-08-29,81,0,7,16,0,0,46,28,0,48,9,31,13,0,45,19.0,67.0,0.0,8.0,9.0
2024-08-30,79,0,5,11,0,0,52,14,0,52,8,22,13,0,44,16.0,54.0,0.0,0.0,13.0
2024-08-31,76,0,5,13,0,0,48,16,0,44,12,23,8,0,56,0.0,58.0,0.0,0.0,10.0
2024-09-01,70,0,4,18,0,0,52,0,0,42,7,21,0,0,47,15.0,63.0,0.0,10.0,9.0
2024-09-02,74,0,7,16,0,0,58,27,0,47,10,22,10,0,40,13.0,60.0,0.0,7.0,12.0
2024-09-03,75,0,4,15,0,0,28,27,0,45,9,19,12,0,48,10.0,66.0,0.0,7.0,12.0
2024-09-04,79,0,6,14,0,0,53,30,0,61,9,29,13,0,43,10.0,61.0,8.0,7.0,17.0
2024-09-05,71,0,4,16,0,0,54,20,0,50,0,24,11,0,41,9.0,75.0,0.0,0.0,14.0
2024-09-06,78,0,5,12,0,0,42,25,0,58,9,20,7,0,42,11.0,58.0,0.0,9.0,19.0
2024-09-07,76,0,4,16,0,0,52,31,0,40,0,11,11,0,47,15.0,74.0,0.0,0.0,16.0
2024-09-08,80,0,3,17,0,0,49,28,0,52,9,19,9,0,44,13.0,65.0,0.0,9.0,0.0
2024-09-09,79,0,5,14,0,0,50,22,0,63,8,29,13,7,46,13.0,72.0,0.0,8.0,21.0
2024-09-10,76,0,5,13,0,0,44,17,14,52,8,23,0,0,49,15.0,78.0,7.0,0.0,9.0
2024-09-11,81,0,6,11,0,0,36,33,0,59,12,29,14,0,50,13.0,77.0,0.0,8.0,11.0
2024-09-12,84,0,5,16,0,0,47,13,0,74,9,26,12,0,45,13.0,87.0,0.0,8.0,15.0
2024-09-13,82,2,6,15,0,0,52,22,0,50,8,25,11,0,49,13.0,66.0,0.0,8.0,17.0
2024-09-14,78,0,4,12,0,0,37,26,0,49,0,21,0,0,46,16.0,59.0,0.0,0.0,0.0
2024-09-15,74,0,6,16,0,0,32,26,0,32,0,16,0,0,36,14.0,61.0,0.0,0.0,12.0
2024-09-16,77,0,6,18,0,0,50,23,0,49,11,20,8,0,36,23.0,59.0,0.0,0.0,12.0
2024-09-17,85,0,4,13,0,0,56,27,12,58,12,23,10,0,46,10.0,58.0,0.0,7.0,16.0
2024-09-18,77,0,7,14,2,0,52,44,0,64,11,19,8,0,46,10.0,76.0,0.0,10.0,14.0
2024-09-19,85,0,7,13,0,0,40,40,12,64,0,25,14,0,50,10.0,72.0,0.0,12.0,20.0
2024-09-20,75,0,6,18,0,0,57,37,0,49,9,34,9,0,48,8.0,71.0,9.0,0.0,14.0
2024-09-21,75,0,6,16,0,0,63,33,0,47,0,16,11,0,42,9.0,61.0,0.0,0.0,23.0
2024-09-22,76,0,5,15,0,0,58,38,0,49,7,23,0,0,50,9.0,52.0,0.0,0.0,10.0
2024-09-23,78,0,4,17,0,0,71,31,0,68,12,20,10,0,48,11.0,69.0,0.0,11.0,22.0
2024-09-24,84,0,7,16,0,0,51,38,0,92,7,32,10,0,58,15.0,76.0,0.0,11.0,29.0
2024-09-25,80,0,5,16,0,0,55,38,0,68,8,29,13,0,51,7.0,83.0,0.0,8.0,25.0
2024-09-26,81,0,7,13,0,0,75,31,0,53,10,30,10,0,45,13.0,70.0,0.0,9.0,22.0
2024-09-27,79,0,5,15,0,0,60,43,0,41,10,22,10,0,46,16.0,62.0,0.0,10.0,27.0
2024-09-28,76,0,4,17,0,0,55,29,0,41,7,24,15,0,49,0.0,53.0,0.0,11.0,19.0
2024-09-29,77,0,6,16,0,0,53,18,0,60,0,24,10,0,52,16.0,58.0,0.0,11.0,13.0
2024-09-30,87,0,6,13,0,0,45,34,0,54,0,22,10,0,45,14.0,75.0,0.0,9.0,17.0
2024-10-01,84,0,5,17,0,0,51,33,0,61,13,20,10,0,50,16.0,68.0,0.0,11.0,16.0
2024-10-02,79,0,6,15,0,0,34,20,0,78,8,30,12,6,49,0.0,72.0,0.0,0.0,14.0
2024-10-03,80,0,5,15,0,0,50,26,0,66,10,22,12,0,47,16.0,74.0,0.0,0.0,14.0
2024-10-04,73,0,3,18,0,0,39,31,0,64,9,27,8,8,46,10.0,72.0,0.0,10.0,16.0
2024-10-05,74,0,4,17,0,0,47,25,0,46,11,19,0,0,42,9.0,56.0,0.0,0.0,9.0
2024-10-06,78,0,5,19,0,0,60,30,0,69,8,14,0,0,43,14.0,69.0,0.0,0.0,15.0
2024-10-07,82,0,5,18,0,0,45,24,0,60,12,25,9,0,46,14.0,83.0,0.0,10.0,14.0
2024-10-08,79,0,5,19,0,0,54,33,0,73,8,21,9,0,53,12.0,81.0,0.0,10.0,16.0
2024-10-09,88,0,5,17,0,0,41,20,0,65,10,28,14,0,48,14.0,84.0,0.0,14.0,15.0
2024-10-10,78,0,5,13,0,0,53,26,0,46,9,21,0,7,46,12.0,72.0,0.0,0.0,13.0
2024-10-11,80,0,4,15,0,0,52,22,0,63,0,21,7,0,43,10.0,61.0,0.0,0.0,13.0
2024-10-12,81,0,4,15,0,0,41,18,0,46,11,15,13,0,46,11.0,62.0,0.0,13.0,14.0
2024-10-13,82,0,4,19,0,0,44,32,15,59,8,17,12,0,40,14.0,62.0,0.0,0.0,8.0
2024-10-14,85,0,6,16,2,0,53,27,0,60,10,29,13,0,49,14.0,80.0,0.0,9.0,15.0
2024-10-15,84,0,8,14,0,0,39,24,0,68,8,22,12,0,46,15.0,72.0,0.0,0.0,11.0
2024-10-16,86,0,7,17,0,0,55,23,0,62,13,25,12,0,51,13.0,69.0,0.0,10.0,20.0
2024-10-17,87,0,5,16,0,0,43,27,0,68,12,25,14,0,57,0.0,75.0,0.0,10.0,9.0
2024-10-18,78,0,5,15,0,0,43,20,0,63,8,20,6,0,46,13.0,68.0,12.0,0.0,17.0
2024-10-19,81,0,6,20,0,0,62,24,0,44,8,16,9,0,51,11.0,58.0,15.0,9.0,13.0
2024-10-20,87,0,6,17,0,0,42,0,0,48,9,26,8,0,49,12.0,60.0,0.0,0.0,14.0
2024-10-21,80,3,7,17,0,0,44,29,0,61,7,25,9,0,52,12.0,73.0,0.0,10.0,16.0
2024-10-22,93,0,7,20,0,0,49,25,0,70,0,22,14,0,60,0.0,69.0,0.0,0.0,13.0
2024-10-23,88,0,7,15,0,0,55,28,0,77,8,26,15,0,67,9.0,81.0,0.0,9.0,10.0
2024-10-24,88,0,6,16,0,0,49,17,0,69,11,15,13,0,55,11.0,75.0,0.0,12.0,20.0
2024-10-25,88,0,5,17,0,0,35,23,0,62,8,25,13,0,46,15.0,63.0,0.0,12.0,13.0
2024-10-26,87,0,4,20,0,0,51,27,0,38,0,22,8,0,39,13.0,47.0,0.0,11.0,13.0
2024-10-27,80,0,5,21,0,0,49,19,0,52,10,18,13,0,52,12.0,66.0,0.0,10.0,17.0
2024-10-28,94,0,7,20,0,0,49,22,0,72,9,21,13,0,52,14.0,75.0,0.0,10.0,16.0
2024-10-29,95,0,6,20,0,0,45,26,0,75,17,29,16,0,54,12.0,72.0,0.0,15.0,12.0
2024-10-30,98,0,4,19,0,0,50,20,0,69,15,24,11,0,61,16.0,70.0,0.0,12.0,11.0
2024-10-31,88,0,5,16,0,0,53,20,0,73,9,25,18,0,48,11.0,67.0,0.0,13.0,12.0
2024-11-01,84,0,7,18,0,0,51,19,0,55,16,27,11,0,50,14.0,68.0,8.0,10.0,9.0
2024-11-02,84,0,5,17,0,0,53,26,0,46,7,9,11,0,49,11.0,59.0,0.0,0.0,16.0
2024-11-03,76,0,7,16,0,0,53,28,0,58,12,18,11,0,47,12.0,57.0,0.0,0.0,9.0
2024-11-04,95,0,8,15,0,0,47,22,0,70,0,27,18,0,49,10.0,65.0,0.0,14.0,14.0
2024-11-05,89,0,8,18,0,0,53,26,0,66,9,25,8,0,53,13.0,72.0,0.0,8.0,17.0
2024-11-06,86,0,9,17,0,0,38,28,0,86,0,26,8,0,56,13.0,74.0,0.0,0.0,14.0
2024-11-07,87,0,8,15,0,0,45,17,0,78,6,20,15,0,51,8.0,80.0,0.0,0.0,16.0
2024-11-08,87,0,7,15,0,0,61,27,0,59,9,25,12,0,63,12.0,65.0,0.0,8.0,11.0
2024-11-09,88,0,6,18,0,0,38,27,0,41,0,18,13,0,47,0.0,68.0,0.0,13.0,15.0
2024-11-10,87,0,7,15,0,0,36,26,0,69,10,18,8,0,46,19.0,50.0,0.0,0.0,12.0
2024-11-11,84,0,6,17,0,0,48,31,0,79,8,20,15,0,50,8.0,77.0,0.0,15.0,17.0
2024-11-12,91,0,9,19,0,0,49,26,0,78,10,18,16,0,47,13.0,92.0,0.0,14.0,22.0
2024-11-13,100,0,8,15,0,0,47,25,0,81,12,31,18,0,45,12.0,73.0,0.0,9.0,10.0
2024-11-14,100,0,7,19,0,0,45,24,0,92,9,21,14,0,47,13.0,77.0,0.0,9.0,16.0
2024-11-15,86,0,8,17,0,0,59,28,0,34,9,27,10,0,38,18.0,77.0,0.0,11.0,18.0
2024-11-16,88,0,6,17,0,0,53,25,0,49,0,24,8,0,47,14.0,72.0,0.0,0.0,15.0
2024-11-17,94,0,9,22,0,0,43,28,0,54,8,24,0,0,49,14.0,57.0,0.0,0.0,10.0
2024-11-18,86,0,11,15,0,0,54,27,0,80,9,25,9,0,59,10.0,86.0,0.0,10.0,13.0
2024-11-19,79,0,7,16,0,0,48,26,0,73,13,25,10,0,47,12.0,77.0,10.0,8.0,10.0
2024-11-20,94,4,9,20,0,0,61,0,0,79,10,29,11,0,55,13.0,91.0,0.0,16.0,19.0
2024-11-21,82,0,8,23,0,0,50,19,18,61,10,28,13,0,53,12.0,85.0,0.0,11.0,14.0
2024-11-22,89,0,9,18,0,0,64,24,0,62,0,16,15,0,63,13.0,74.0,0.0,0.0,0.0
2024-11-23,91,0,8,19,0,0,55,21,0,40,10,14,18,0,50,15.0,66.0,0.0,10.0,12.0
2024-11-24,75,0,10,20,0,0,37,0,0,68,9,32,13,0,59,11.0,72.0,0.0,13.0,0.0
2024-11-25,86,0,8,17,0,0,48,30,0,80,13,20,10,0,59,12.0,84.0,0.0,9.0,9.0
2024-11-26,89,0,6,16,0,0,56,22,0,64,8,22,13,0,51,0.0,78.0,0.0,14.0,14.0
2024-11-27,66,0,7,14,0,0,44,28,0,52,7,24,0,0,35,0.0,45.0,0.0,0.0,10.0
2024-11-28,87,0,7,16,0,0,50,0,0,73,9,25,13,0,42,10.0,81.0,0.0,10.0,19.0
2024-11-29,91,0,8,16,0,0,46,29,0,54,11,24,11,0,46,18.0,78.0,0.0,0.0,0.0
2024-11-30,74,0,8,16,0,0,44,17,0,38,10,26,9,0,51,13.0,69.0,0.0,16.0,0.0
2024-12-01,81,0,9,20,0,0,49,19,0,66,0,26,10,0,43,9.0,60.0,0.0,0.0,15.0
2024-12-02,87,2,7,17,0,0,71,25,0,76,15,31,9,0,49,14.0,87.0,0.0,11.0,9.0
2024-12-03,84,0,7,13,0,0,65,26,0,83,12,44,12,0,51,12.0,99.0,8.0,12.0,21.0
2024-12-04,94,0,8,15,0,0,64,24,14,100,14,55,12,0,48,15.0,100.0,0.0,0.0,17.0
2024-12-05,89,0,9,17,0,0,75,18,0,73,13,48,10,0,43,12.0,88.0,0.0,10.0,0.0
2024-12-06,80,0,7,15,0,0,51,31,0,78,11,42,9,0,57,12.0,80.0,0.0,0.0,13.0
2024-12-07,83,0,9,17,0,0,49,26,0,51,10,35,9,0,42,15.0,69.0,0.0,0.0,13.0
2024-12-08,77,0,6,20,0,0,30,17,0,55,0,24,8,0,43,0.0,62.0,0.0,0.0,9.0
2024-12-09,82,0,8,16,0,0,52,19,0,63,0,32,14,0,44,9.0,85.0,0.0,0.0,11.0
2024-12-10,84,0,10,14,0,0,53,21,0,51,9,26,12,0,59,12.0,80.0,0.0,8.0,18.0
2024-12-11,89,0,8,18,0,0,52,27,0,75,0,27,13,0,50,15.0,76.0,0.0,10.0,8.0
2024-12-12,80,0,7,16,0,0,44,27,0,53,9,28,13,0,52,14.0,76.0,0.0,9.0,12.0
2024-12-13,76,3,7,18,0,0,45,24,0,56,12,22,9,0,58,9.0,77.0,0.0,13.0,16.0
2024-12-14,85,0,5,17,0,0,54,19,0,63,10,27,0,0,36,16.0,62.0,0.0,0.0,13.0
2024-12-15,78,0,7,15,0,0,55,26,0,42,0,26,17,0,33,11.0,53.0,0.0,0.0,0.0
2024-12-16,80,0,7,22,0,0,29,25,0,56,10,23,10,0,49,10.0,73.0,0.0,14.0,17.0
2024-12-17,79,0,8,14,0,0,52,38,0,75,8,20,19,0,64,13.0,66.0,0.0,12.0,0.0
2024-12-18,87,0,5,14,0,0,53,21,0,53,0,23,16,0,43,16.0,65.0,0.0,0.0,18.0
2024-12-19,77,0,7,16,0,0,49,26,0,48,9,25,0,0,50,0.0,58.0,0.0,10.0,12.0
2024-12-20,86,0,7,17,0,0,46,15,16,42,0,18,9,0,50,16.0,67.0,0.0,0.0,13.0
2024-12-21,77,0,4,16,0,0,53,18,0,38,0,22,12,0,42,0.0,59.0,0.0,0.0,0.0
2024-12-22,85,0,4,16,0,0,47,22,0,36,0,19,9,0,38,13.0,59.0,0.0,0.0,10.0
2024-12-23,85,0,9,16,0,0,55,26,0,34,0,11,18,0,38,13.0,53.0,0.0,0.0,14.0
2024-12-24,77,0,6,20,0,0,35,27,0,41,13,19,11,0,40,13.0,52.0,0.0,0.0,11.0
2024-12-25,75,0,10,20,0,0,44,22,0,34,0,21,10,0,42,13.0,59.0,0.0,0.0,0.0
2024-12-26,79,0,9,19,0,0,41,31,0,29,0,24,0,0,48,0.0,50.0,0.0,0.0,12.0
2024-12-27,80,0,7,20,0,0,51,25,0,31,0,17,13,0,37,12.0,57.0,0.0,0.0,15.0
2024-12-28,74,0,6,22,0,0,48,33,0,35,13,18,16,0,46,0.0,67.0,0.0,10.0,0.0
2024-12-29,76,0,9,17,0,0,39,20,0,46,0,17,10,0,44,14.0,68.0,0.0,0.0,0.0
2024-12-30,76,0,8,20,0,0,54,37,0,39,0,19,11,0,36,12.0,55.0,0.0,0.0,0.0
2024-12-31,63,0,5,17,0,0,45,0,0,43,0,12,11,0,32,11.0,46.0,0.0,0.0,9.0
2025-01-01,84,0,7,20,0,0,54,0,0,45,0,24,0,0,69,22.0,38.0,0.0,0.0,0.0
2025-01-02,88,0,6,25,0,0,56,47,0,57,14,24,19,0,64,10.0,55.0,0.0,13.0,9.0
2025-01-03,89,0,8,21,0,0,83,46,0,59,12,19,0,0,57,13.0,67.0,0.0,14.0,11.0
2025-01-04,85,0,9,26,0,0,81,40,0,51,0,19,0,0,69,15.0,53.0,0.0,0.0,0.0
2025-01-05,87,0,9,21,6,0,65,38,0,33,16,23,0,0,100,13.0,54.0,0.0,0.0,0.0
2025-01-06,95,0,10,21,0,0,60,36,0,93,0,32,19,0,89,10.0,63.0,0.0,9.0,14.0
2025-01-07,92,0,7,21,0,0,53,37,0,80,12,31,18,0,99,14.0,61.0,0.0,13.0,10.0
2025-01-08,100,0,5,20,0,0,65,23,0,65,0,26,0,0,81,13.0,59.0,0.0,9.0,0.0
2025-01-09,91,0,9,19,0,0,76,44,0,68,0,34,14,0,65,9.0,67.0,0.0,13.0,16.0
2025-01-10,96,0,9,20,0,0,57,23,0,74,14,35,15,0,69,16.0,65.0,0.0,0.0,10.0
2025-01-11,85,0,8,20,0,0,64,35,0,53,0,28,22,0,77,17.0,63.0,0.0,10.0,11.0
2025-01-12,93,0,12,18,0,0,53,36,0,54,13,32,0,0,80,0.0,49.0,0.0,8.0,12.0
2025-01-13,87,0,8,15,0,0,75,36,0,70,11,33,10,0,63,14.0,64.0,0.0,9.0,10.0
2025-01-14,88,0,9,20,0,0,52,32,20,84,21,38,18,0,77,14.0,61.0,8.0,11.0,15.0
2025-01-15,88,0,11,23,0,0,65,45,0,63,13,36,11,0,80,17.0,75.0,0.0,8.0,21.0
2025-01-16,91,0,10,16,0,0,81,40,0,72,14,26,14,0,72,10.0,65.0,0.0,9.0,11.0
2025-01-17,87,0,11,19,0,0,60,32,0,64,11,24,18,0,83,12.0,46.0,0.0,0.0,0.0
2025-01-18,86,0,11,19,0,0,69,60,0,28,16,19,13,0,75,9.0,58.0,0.0,9.0,18.0
2025-01-19,91,0,7,16,0,0,66,43,0,70,24,37,12,0,73,10.0,45.0,0.0,0.0,9.0
2025-01-20,98,0,6,15,0,0,79,33,0,66,10,33,15,0,63,16.0,75.0,0.0,9.0,11.0
2025-01-21,93,0,9,17,0,0,80,34,0,76,16,37,21,0,76,14.0,77.0,8.0,11.0,11.0
2025-01-22,92,0,11,16,0,0,68,23,0,82,20,35,15,0,76,13.0,50.0,0.0,9.0,17.0
2025-01-23,89,0,6,19,0,0,73,25,0,74,14,34,20,0,76,8.0,62.0,0.0,8.0,12.0
2025-01-24,87,0,9,17,0,0,60,25,0,67,12,41,17,0,79,8.0,54.0,0.0,0.0,10.0
2025-01-25,90,0,8,20,0,0,58,25,0,58,0,32,13,0,55,9.0,53.0,0.0,0.0,20.0
2025-01-26,77,0,8,20,0,0,59,26,0,44,0,29,0,0,64,10.0,41.0,0.0,10.0,0.0
2025-01-27,86,0,9,17,0,0,77,33,0,50,0,31,0,0,58,16.0,49.0,0.0,8.0,0.0
2025-01-28,92,0,11,21,0,0,59,24,0,71,0,29,0,0,68,15.0,44.0,9.0,0.0,9.0
2025-01-29,82,0,7,16,0,0,64,0,0,60,17,38,0,0,45,15.0,49.0,0.0,0.0,0.0
2025-01-30,87,0,11,13,0,0,69,33,0,76,13,32,19,0,70,12.0,58.0,0.0,11.0,12.0
2025-01-31,95,0,10,19,0,0,61,29,0,79,17,19,17,11,60,21.0,66.0,0.0,0.0,9.0
2025-02-01,76,0,7,19,0,0,76,0,0,37,0,35,19,0,68,8.0,45.0,0.0,0.0,13.0
2025-02-02,84,0,9,21,0,0,58,34,0,70,0,32,12,0,62,10.0,52.0,0.0,0.0,12.0
2025-02-03,94,0,7,21,0,0,87,41,0,86,16,32,0,0,73,10.0,76.0,0.0,0.0,12.0
2025-02-04,91,0,6,17,0,0,61,32,0,52,10,38,13,0,60,10.0,72.0,0.0,8.0,15.0
2025-02-05,95,0,8,19,0,0,65,43,0,79,10,32,18,0,67,11.0,69.0,0.0,0.0,11.0
2025-02-06,93,0,10,18,0,0,71,47,0,67,12,27,13,0,64,14.0,76.0,0.0,9.0,15.0
2025-02-07,86,0,7,17,0,0,68,36,0,61,14,32,13,0,62,10.0,78.0,0.0,7.0,14.0
2025-02-08,90,0,9,18,0,0,68,34,0,54,16,27,12,0,56,12.0,60.0,0.0,0.0,13.0
2025-02-09,89,0,7,22,0,0,87,31,0,72,13,28,11,0,54,14.0,51.0,0.0,0.0,0.0
2025-02-10,93,0,8,20,0,0,73,35,0,82,15,37,19,0,58,10.0,79.0,0.0,12.0,11.0
2025-02-11,88,0,5,20,0,0,83,0,0,93,18,45,11,0,69,10.0,77.0,0.0,14.0,13.0
2025-02-12,98,0,7,18,0,0,69,40,0,94,10,30,17,0,79,16.0,82.0,0.0,11.0,20.0
2025-02-13,87,0,8,14,0,0,84,34,0,72,13,46,18,0,68,9.0,72.0,0.0,9.0,8.0
2025-02-14,87,0,8,19,0,0,88,24,0,75,18,34,10,0,78,12.0,65.0,0.0,0.0,11.0
2025-02-15,84,0,5,18,0,0,89,39,0,46,0,43,15,0,70,14.0,57.0,0.0,0.0,13.0
2025-02-16,87,0,8,20,0,0,80,27,0,65,11,31,17,0,54,0.0,77.0,0.0,9.0,8.0
2025-02-17,94,0,8,16,0,0,60,26,0,73,0,28,23,0,60,8.0,75.0,0.0,8.0,10.0
2025-02-18,92,0,10,19,2,0,73,27,0,69,13,34,14,0,75,10.0,100.0,0.0,10.0,14.0
2025-02-19,90,0,8,18,0,0,73,23,0,89,10,30,15,12,79,11.0,88.0,0.0,8.0,7.0
2025-02-20,92,0,7,16,0,0,75,34,0,75,12,45,11,0,85,7.0,70.0,0.0,13.0,18.0
2025-02-21,91,0,9,19,0,0,77,24,0,82,0,27,21,0,77,11.0,68.0,0.0,8.0,14.0
2025-02-22,78,0,7,18,0,0,70,31,0,53,12,34,24,0,57,11.0,59.0,0.0,12.0,15.0
2025-02-23,86,0,9,17,0,0,71,33,0,65,14,38,12,0,49,9.0,69.0,0.0,9.0,9.0
2025-02-24,93,0,6,14,0,0,59,43,0,79,13,43,17,0,49,9.0,74.0,0.0,0.0,12.0
2025-02-25,93,0,6,15,0,0,67,28,0,100,0,27,14,0,69,9.0,84.0,0.0,0.0,0.0
2025-02-26,94,0,11,16,0,0,62,43,0,69,10,25,0,0,73,0.0,65.0,0.0,11.0,13.0
2025-02-27,86,0,8,20,0,0,62,35,0,67,10,31,21,0,70,13.0,63.0,0.0,0.0,11.0
2025-02-28,81,0,7,18,0,0,59,33,0,60,0,36,19,0,56,8.0,61.0,0.0,0.0,11.0
2025-03-01,88,0,7,19,0,0,54,42,0,50,19,30,0,0,52,12.0,46.0,0.0,8.0,10.0
2025-03-02,93,0,8,21,0,0,61,35,0,52,12,26,0,0,68,10.0,44.0,0.0,0.0,0.0
2025-03-03,95,0,7,18,0,0,67,33,0,46,14,32,20,0,71,9.0,62.0,0.0,0.0,15.0
2025-03-04,88,0,8,17,0,0,74,38,29,69,17,29,17,0,63,12.0,63.0,0.0,8.0,11.0
2025-03-05,87,0,6,15,0,0,52,32,0,72,11,32,12,0,55,14.0,64.0,0.0,9.0,11.0
2025-03-06,88,0,3,18,0,0,63,39,18,86,0,29,0,0,71,12.0,65.0,0.0,10.0,8.0
2025-03-07,89,0,7,17,0,0,44,39,0,61,14,36,12,0,60,11.0,66.0,8.0,0.0,13.0
2025-03-08,85,0,7,13,0,0,50,0,0,46,17,25,17,0,64,13.0,59.0,0.0,0.0,15.0
2025-03-09,91,0,7,17,0,0,78,20,0,73,15,30,16,0,61,9.0,64.0,0.0,0.0,0.0
2025-03-10,80,0,5,15,0,0,66,30,0,97,15,40,15,0,82,7.0,88.0,7.0,7.0,11.0
2025-03-11,96,2,8,16,0,0,57,28,0,79,19,36,31,0,62,14.0,80.0,0.0,10.0,11.0
2025-03-12,87,0,8,16,0,0,50,28,0,65,14,45,18,0,84,13.0,88.0,0.0,8.0,8.0
2025-03-13,87,0,6,12,0,0,45,22,0,61,14,28,17,0,72,11.0,84.0,0.0,7.0,10.0
2025-03-14,94,0,7,11,0,0,62,46,0,76,14,39,14,0,89,10.0,79.0,0.0,9.0,9.0
2025-03-15,90,0,6,17,0,0,44,47,0,60,13,27,15,0,70,12.0,74.0,0.0,11.0,10.0
2025-03-16,76,0,5,16,0,0,40,19,0,54,0,33,0,0,78,11.0,60.0,0.0,0.0,10.0
2025-03-17,89,0,7,13,3,0,56,45,0,64,0,41,19,0,84,9.0,76.0,0.0,0.0,10.0
2025-03-18,87,0,4,13,0,0,38,26,0,94,0,33,17,0,74,13.0,80.0,0.0,9.0,0.0
2025-03-19,84,0,7,13,0,0,59,0,0,63,0,27,21,0,63,9.0,81.0,0.0,10.0,9.0
2025-03-20,79,0,8,13,0,0,60,19,0,67,0,33,19,0,56,8.0,72.0,7.0,11.0,9.0
2025-03-21,76,0,3,15,0,0,57,23,0,52,17,30,16,0,49,18.0,59.0,0.0,12.0,0.0
2025-03-22,69,0,6,19,0,0,41,0,0,53,0,20,14,0,62,14.0,46.0,0.0,0.0,0.0
2025-03-23,78,0,8,17,0,0,38,0,0,46,17,17,0,0,58,11.0,36.0,0.0,0.0,0.0
2025-03-24,78,0,7,14,0,0,52,31,0,80,27,30,14,0,58,9.0,61.0,0.0,0.0,0.0
2025-03-25,67,0,6,14,0,0,37,26,0,55,0,20,11,0,59,10.0,48.0,0.0,0.0,7.0
2025-03-26,74,0,4,15,0,0,50,27,0,75,23,32,23,0,69,10.0,49.0,0.0,0.0,0.0
2025-03-27,65,0,5,11,0,0,46,34,0,50,0,36,0,0,52,10.0,45.0,0.0,0.0,0.0
2025-03-28,64,0,4,14,0,0,45,0,0,0,0,18,20,0,59,0.0,42.0,0.0,0.0,0.0
2025-03-29,61,0,6,11,0,0,43,22,0,26,0,0,13,0,65,10.0,29.0,0.0,0.0,0.0
2025-03-30,45,0,4,14,0,0,51,0,0,39,14,22,0,0,49,0.0,35.0,0.0,0.0,0.0
2025-03-31,58,0,0,12,0,0,44,0,0,26,0,0,0,0,49,0.0,44.0,0.0,0.0,14.0
2025-04-01,62,0,4,12,0,0,36,34,0,35,0,20,15,0,51,14.0,47.0,0.0,0.0,0.0
2025-04-02,66,0,8,12,0,0,53,21,0,37,0,13,12,0,50,12.0,42.0,0.0,0.0,0.0
2025-04-03,69,0,8,13,0,0,46,0,0,33,0,21,13,0,62,12.0,49.0,0.0,0.0,0.0
2025-04-04,71,0,8,15,0,0,48,38,0,30,0,25,11,0,60,9.0,35.0,0.0,0.0,0.0
2025-04-05,75,0,7,12,0,0,32,35,0,43,0,19,0,0,41,12.0,44.0,0.0,0.0,9.0
2025-04-06,67,0,6,17,0,0,57,29,0,54,0,12,0,0,61,17.0,42.0,0.0,10.0,9.0
2025-04-07,80,0,8,18,0,0,54,23,0,55,0,26,11,0,44,11.0,59.0,0.0,0.0,20.0
2025-04-08,89,0,8,15,0,0,53,24,0,61,10,16,13,0,62,16.0,63.0,0.0,10.0,12.0
2025-04-09,84,0,10,16,0,0,71,47,0,54,13,25,22,0,68,16.0,65.0,0.0,0.0,13.0
2025-04-10,91,0,8,16,0,0,57,28,0,59,0,24,14,9,60,14.0,85.0,0.0,8.0,12.0
2025-04-11,89,0,7,17,0,0,68,41,0,71,0,31,14,12,67,13.0,70.0,0.0,0.0,19.0
2025-04-12,81,0,8,17,0,0,59,36,0,48,0,19,16,0,69,17.0,73.0,0.0,0.0,14.0
2025-04-13,90,0,10,11,0,0,49,33,0,62,0,26,17,0,67,16.0,63.0,0.0,10.0,0.0
2025-04-14,89,0,8,18,0,0,62,33,0,87,18,24,13,0,67,10.0,79.0,0.0,10.0,0.0
2025-04-15,88,0,11,14,0,0,83,40,0,62,15,27,21,0,85,10.0,76.0,0.0,8.0,12.0
2025-04-16,93,0,7,21,0,0,71,24,0,74,10,28,14,0,73,12.0,100.0,0.0,8.0,10.0
2025-04-17,90,0,8,14,0,0,80,24,0,47,0,29,15,0,69,12.0,81.0,0.0,0.0,9.0
2025-04-18,85,0,7,18,0,0,53,36,0,59,12,31,14,0,75,11.0,63.0,0.0,13.0,10.0
2025-04-19,91,0,7,19,0,0,68,19,0,60,15,21,12,0,90,11.0,71.0,0.0,0.0,14.0
2025-04-20,85,0,7,18,0,0,57,23,20,87,0,38,0,0,70,10.0,47.0,0.0,0.0,0.0
2025-04-21,92,0,7,18,0,0,71,30,0,64,15,33,21,0,75,17.0,83.0,0.0,12.0,15.0
2025-04-22,91,0,8,16,0,0,65,25,0,80,9,31,16,0,71,15.0,79.0,0.0,11.0,14.0
2025-04-23,98,3,9,16,0,0,64,35,0,84,12,27,17,0,66,11.0,95.0,0.0,0.0,16.0
2025-04-24,95,0,9,16,0,0,72,36,0,65,16,32,18,0,68,12.0,94.0,0.0,0.0,10.0
2025-04-25,98,0,5,15,0,0,73,41,0,52,11,24,19,0,72,9.0,78.0,0.0,0.0,0.0
2025-04-26,88,0,6,11,0,0,55,39,0,64,11,28,19,0,67,12.0,66.0,0.0,0.0,11.0
2025-04-27,100,0,6,16,0,0,73,21,0,57,0,26,11,0,62,9.0,67.0,0.0,0.0,12.0
2025-04-28,94,0,7,18,0,0,45,30,0,68,0,36,15,0,65,10.0,72.0,0.0,0.0,13.0
2025-04-29,96,0,5,16,0,0,71,32,0,66,20,35,19,0,87,12.0,92.0,0.0,11.0,12.0
2025-04-30,91,3,7,15,0,0,47,28,16,62,11,31,10,0,73,13.0,72.0,0.0,8.0,0.0
2025-05-01,85,0,8,21,0,0,51,21,0,56,0,31,18,0,65,12.0,59.0,0.0,0.0,14.0
2025-05-02,91,3,6,15,0,0,66,36,0,65,13,23,14,0,72,13.0,78.0,0.0,12.0,0.0
2025-05-03,89,0,7,16,0,0,68,40,0,62,0,26,20,0,61,14.0,73.0,0.0,0.0,0.0
2025-05-04,91,0,8,16,0,0,67,39,0,55,14,25,0,0,67,14.0,60.0,0.0,11.0,10.0
2025-05-05,93,0,9,18,0,0,59,45,0,59,15,32,14,0,77,8.0,85.0,11.0,0.0,10.0
2025-05-06,94,0,5,16,0,0,69,18,0,76,13,25,11,0,70,16.0,83.0,0.0,8.0,15.0
2025-05-07,93,0,6,14,0,0,58,31,0,80,10,28,14,0,74,9.0,90.0,7.0,0.0,15.0
2025-05-08,92,0,7,14,0,0,60,33,0,68,17,24,14,0,69,13.0,90.0,0.0,8.0,18.0
2025-05-09,88,0,6,12,0,0,71,0,0,85,0,43,19,9,57,15.0,67.0,0.0,15.0,16.0
2025-05-10,88,0,5,17,0,0,64,26,0,63,0,23,22,0,65,18.0,65.0,0.0,0.0,14.0
2025-05-11,81,3,9,16,0,0,45,23,0,51,0,17,0,0,56,11.0,54.0,0.0,0.0,0.0
2025-05-12,85,0,8,15,0,0,54,20,0,63,0,16,14,0,62,14.0,52.0,0.0,11.0,0.0
2025-05-13,88,0,8,22,0,0,68,30,0,66,10,35,0,11,50,10.0,60.0,0.0,9.0,11.0
2025-05-14,95,0,8,17,0,0,67,38,0,69,0,36,0,0,67,12.0,91.0,0.0,13.0,14.0
2025-05-15,92,0,8,17,0,0,68,37,0,72,9,36,20,0,74,12.0,73.0,0.0,10.0,15.0
2025-05-16,93,0,8,18,0,0,81,27,0,86,11,32,18,0,59,14.0,76.0,0.0,0.0,9.0
2025-05-17,91,0,5,16,0,0,75,33,0,51,0,33,15,0,58,19.0,61.0,0.0,11.0,21.0
2025-05-18,87,0,10,16,0,0,61,27,0,59,0,34,16,0,71,0.0,55.0,0.0,0.0,18.0
2025-05-19,85,0,8,19,0,0,56,29,0,83,15,23,22,0,69,8.0,82.0,0.0,12.0,9.0
2025-05-20,92,0,9,16,0,0,65,42,0,76,13,41,23,0,66,9.0,79.0,0.0,10.0,10.0
2025-05-21,100,0,9,17,0,0,77,27,0,70,20,35,17,0,64,12.0,83.0,0.0,12.0,12.0
2025-05-22,93,3,10,16,0,0,58,23,0,76,12,26,16,0,76,12.0,88.0,0.0,8.0,0.0
2025-05-23,81,0,8,16,0,0,80,30,0,92,10,25,19,0,64,14.0,75.0,0.0,14.0,14.0
2025-05-24,86,0,10,15,0,0,48,30,0,75,12,23,15,0,71,10.0,67.0,0.0,0.0,14.0
2025-05-25,84,0,7,16,0,0,68,23,0,69,10,25,0,0,62,13.0,58.0,0.0,0.0,0.0
2025-05-26,92,0,7,20,0,0,55,25,0,85,20,31,14,10,61,0.0,84.0,0.0,16.0,12.0
2025-05-27,96,0,9,18,0,0,71,36,0,80,11,41,19,0,64,11.0,83.0,0.0,8.0,9.0
2025-05-28,82,0,7,15,0,0,73,29,0,67,0,25,21,0,57,14.0,63.0,0.0,0.0,11.0
2025-05-29,76,0,8,16,0,0,68,20,0,57,0,21,19,0,62,10.0,52.0,0.0,0.0,14.0
2025-05-30,75,0,5,14,0,0,58,17,0,55,0,28,11,0,62,0.0,68.0,0.0,9.0,9.0
2025-05-31,71,0,7,20,0,0,60,21,0,53,13,33,10,0,61,10.0,61.0,9.0,8.0,11.0
2025-06-01,80,0,9,21,0,0,58,23,0,61,0,28,14,0,56,10.0,58.0,0.0,0.0,0.0
2025-06-02,82,0,3,18,0,0,62,25,0,75,18,32,16,0,57,13.0,89.0,0.0,0.0,11.0
2025-06-03,87,0,7,17,0,0,60,24,0,58,17,38,17,0,54,17.0,85.0,0.0,10.0,12.0
2025-06-04,80,0,8,18,0,0,72,29,0,72,9,31,12,0,65,14.0,84.0,0.0,14.0,13.0
2025-06-05,65,0,5,10,0,0,48,30,0,53,12,23,14,0,54,11.0,58.0,0.0,10.0,9.0
2025-06-06,73,0,5,17,0,0,57,32,0,46,0,25,13,0,52,15.0,33.0,0.0,0.0,0.0
2025-06-07,75,0,3,15,0,0,73,22,0,51,12,19,0,0,56,13.0,55.0,0.0,9.0,0.0
2025-06-08,76,0,4,16,0,0,69,32,0,64,0,34,11,0,57,13.0,49.0,0.0,15.0,12.0
2025-06-09,82,0,9,15,0,0,54,30,0,63,10,29,12,0,58,13.0,72.0,0.0,10.0,0.0
2025-06-10,79,0,7,14,0,0,58,25,0,60,8,30,15,0,52,0.0,75.0,0.0,9.0,13.0
2025-06-11,78,0,5,18,0,0,63,21,0,75,22,22,12,0,69,17.0,85.0,0.0,0.0,11.0
2025-06-12,82,0,5,21,0,0,65,34,0,90,12,29,15,0,73,10.0,70.0,0.0,0.0,14.0
2025-06-13,82,0,6,15,0,0,61,30,0,66,10,20,13,0,57,10.0,61.0,0.0,12.0,10.0
2025-06-14,90,0,7,17,0,0,58,34,0,56,14,24,24,0,60,12.0,69.0,0.0,0.0,10.0
2025-06-15,80,0,6,20,0,0,77,31,0,57,0,24,0,0,51,14.0,47.0,0.0,0.0,9.0
2025-06-16,80,3,4,17,0,0,66,28,0,77,12,26,21,0,56,10.0,68.0,0.0,10.0,16.0
2025-06-17,86,0,6,15,0,0,76,24,0,82,11,19,18,0,58,12.0,77.0,0.0,0.0,18.0
2025-06-18,81,0,9,12,0,0,74,40,0,64,12,26,0,0,45,0.0,78.0,9.0,0.0,10.0
2025-06-19,87,0,8,15,0,0,78,17,0,72,0,29,20,0,70,0.0,78.0,0.0,13.0,10.0
2025-06-20,81,0,7,17,0,0,65,22,0,64,0,25,17,0,59,14.0,72.0,0.0,8.0,9.0
2025-06-21,84,0,8,15,0,0,69,24,0,57,0,29,12,0,54,13.0,62.0,0.0,12.0,12.0
2025-06-22,82,0,5,16,0,0,59,29,0,56,0,28,0,0,45,12.0,58.0,0.0,0.0,13.0
2025-06-23,94,0,7,17,0,0,86,25,0,87,10,25,23,0,63,16.0,61.0,0.0,8.0,10.0
2025-06-24,89,0,7,15,0,0,75,33,0,54,0,23,20,0,57,22.0,67.0,0.0,0.0,13.0
2025-06-25,90,0,8,15,0,0,73,25,0,53,0,18,13,0,67,18.0,67.0,0.0,10.0,18.0
2025-06-26,79,0,5,17,0,0,63,37,0,60,0,27,16,0,58,18.0,70.0,0.0,11.0,13.0
2025-06-27,86,0,5,19,0,0,48,31,0,58,0,18,11,0,61,27.0,51.0,0.0,0.0,9.0
2025-06-28,80,0,7,17,0,0,69,26,0,62,0,24,13,0,63,18.0,58.0,0.0,9.0,9.0
2025-06-29,92,0,9,16,0,0,66,38,0,76,11,28,17,0,54,13.0,57.0,0.0,0.0,13.0
2025-06-30,84,0,8,18,0,0,58,42,0,84,18,25,13,0,61,12.0,69.0,0.0,16.0,10.0
2025-07-01,82,0,5,18,0,0,39,31,0,65,0,22,12,0,66,11.0,69.0,0.0,0.0,11.0
2025-07-02,89,0,6,19,0,0,61,31,0,54,0,20,16,0,72,15.0,65.0,0.0,9.0,0.0
2025-07-03,90,0,7,16,0,0,51,26,0,53,9,34,20,0,61,14.0,64.0,0.0,15.0,9.0
2025-07-04,83,0,8,17,0,0,58,40,0,58,11,32,13,0,52,12.0,70.0,0.0,0.0,16.0
2025-07-05,76,0,10,14,0,0,76,26,0,57,13,21,0,0,60,13.0,54.0,0.0,0.0,0.0
2025-07-06,78,0,7,14,0,0,52,52,0,38,0,29,0,0,75,17.0,57.0,0.0,0.0,13.0
2025-07-07,82,0,6,13,0,0,62,26,0,54,11,27,17,0,69,18.0,61.0,0.0,18.0,15.0
2025-07-08,86,0,6,12,0,0,81,36,0,60,0,25,19,0,73,15.0,59.0,0.0,11.0,9.0
2025-07-09,88,0,8,15,0,0,67,33,0,58,9,24,11,0,55,13.0,73.0,0.0,10.0,13.0
2025-07-10,84,0,6,15,0,0,71,39,0,70,0,28,19,0,67,10.0,74.0,9.0,10.0,20.0
2025-07-11,86,0,8,15,0,0,67,31,0,54,0,19,11,0,64,15.0,59.0,0.0,0.0,14.0
2025-07-12,78,0,8,14,0,0,45,22,0,57,15,37,10,0,56,9.0,56.0,0.0,0.0,9.0
2025-07-13,78,0,5,14,0,0,79,32,0,45,20,25,0,0,55,10.0,46.0,0.0,0.0,11.0
2025-07-14,81,0,6,15,0,0,62,32,0,61,20,30,14,0,61,12.0,64.0,0.0,9.0,11.0
2025-07-15,90,0,6,15,0,0,77,37,0,52,17,29,25,0,59,18.0,66.0,0.0,13.0,15.0
2025-07-16,91,0,7,17,0,0,79,27,0,76,21,30,17,12,61,17.0,81.0,0.0,11.0,14.0
2025-07-17,84,0,6,18,0,0,68,29,0,59,14,24,15,0,49,16.0,61.0,0.0,0.0,12.0
2025-07-18,82,0,6,18,4,0,68,27,0,56,10,28,21,0,53,11.0,71.0,0.0,10.0,11.0
2025-07-19,78,0,6,13,0,0,82,21,0,36,0,29,19,0,69,15.0,50.0,0.0,13.0,9.0
2025-07-20,87,0,5,17,0,0,78,0,0,46,12,27,12,0,58,12.0,51.0,0.0,0.0,11.0
2025-07-21,82,0,5,16,0,0,65,31,0,51,12,34,15,0,61,10.0,72.0,0.0,10.0,14.0
2025-07-22,83,0,6,16,0,0,54,34,0,59,26,34,21,0,64,17.0,74.0,0.0,8.0,15.0
2025-07-23,84,0,5,17,0,0,71,37,17,63,0,37,10,0,58,13.0,70.0,0.0,9.0,0.0
2025-07-24,91,0,5,16,0,0,82,19,0,67,12,29,24,0,59,12.0,59.0,0.0,8.0,14.0
2025-07-25,77,0,5,14,0,0,63,34,0,52,20,29,21,0,46,8.0,61.0,0.0,12.0,0.0
2025-07-26,78,0,5,15,0,0,56,18,0,47,0,26,0,0,56,0.0,48.0,0.0,10.0,14.0
2025-07-27,85,0,7,16,0,0,55,37,0,46,17,28,0,0,46,19.0,58.0,0.0,11.0,13.0
2025-07-28,82,0,7,14,0,0,59,32,0,62,17,31,15,0,70,12.0,65.0,0.0,8.0,9.0
2025-07-29,76,0,6,16,0,0,64,42,0,59,15,33,15,0,54,11.0,65.0,0.0,10.0,8.0
2025-07-30,82,0,6,13,0,0,72,23,0,67,16,38,12,0,60,15.0,65.0,0.0,8.0,13.0
2025-07-31,81,0,7,14,0,0,56,27,0,79,12,33,18,0,58,8.0,63.0,0.0,8.0,10.0
2025-08-01,85,0,6,15,0,0,60,24,0,50,0,35,10,0,59,11.0,54.0,0.0,8.0,11.0
2025-08-02,74,0,6,17,0,0,67,35,0,39,0,35,0,0,64,14.0,54.0,0.0,0.0,0.0
2025-08-03,83,0,8,15,0,0,54,31,0,42,0,31,0,0,63,0.0,58.0,0.0,9.0,0.0
2025-08-04,83,0,6,14,0,0,59,32,0,69,14,37,16,0,61,15.0,65.0,0.0,9.0,12.0
2025-08-05,77,0,6,15,0,0,80,19,0,63,17,44,9,0,59,12.0,60.0,0.0,11.0,10.0
2025-08-06,89,0,5,16,0,0,77,19,0,67,15,33,12,0,56,15.0,70.0,0.0,10.0,8.0
2025-08-07,89,0,6,15,0,0,80,31,0,71,15,33,12,0,68,10.0,74.0,0.0,8.0,16.0
2025-08-08,86,0,7,10,0,0,71,27,0,74,14,25,10,0,61,19.0,67.0,0.0,0.0,12.0
2025-08-09,83,0,5,15,0,0,56,29,21,47,11,28,14,0,64,14.0,66.0,0.0,0.0,14.0
2025-08-10,76,0,6,14,0,0,71,25,0,53,11,35,0,0,54,0.0,58.0,0.0,10.0,15.0
2025-08-11,84,0,10,12,0,0,65,45,0,70,0,26,15,0,64,12.0,69.0,0.0,10.0,14.0
2025-08-12,84,0,9,12,0,0,74,30,0,57,13,34,14,0,62,9.0,70.0,0.0,0.0,15.0
2025-08-13,83,0,7,14,0,0,69,30,0,60,11,39,13,0,64,11.0,66.0,0.0,10.0,10.0
2025-08-14,82,0,8,16,0,0,58,32,0,57,0,36,17,0,64,11.0,58.0,0.0,10.0,11.0
2025-08-15,80,0,9,16,0,0,65,42,0,52,0,26,16,0,60,13.0,56.0,0.0,10.0,11.0
2025-08-16,78,0,4,13,0,0,50,32,0,54,0,25,14,0,57,14.0,47.0,0.0,0.0,9.0
2025-08-17,66,0,8,17,0,0,72,28,0,48,15,24,0,0,66,16.0,40.0,0.0,0.0,16.0
2025-08-18,82,0,7,18,0,0,54,27,0,44,0,31,0,0,58,10.0,62.0,0.0,11.0,12.0
2025-08-19,77,0,8,12,0,0,59,31,0,63,12,28,25,0,100,17.0,72.0,0.0,9.0,20.0
2025-08-20,80,0,7,16,0,0,76,43,0,59,22,31,14,0,72,12.0,60.0,11.0,0.0,15.0
2025-08-21,86,0,7,17,0,0,68,24,0,53,10,33,17,0,80,9.0,62.0,0.0,8.0,18.0
2025-08-22,84,0,10,19,0,0,94,23,0,49,16,30,11,0,77,11.0,74.0,0.0,9.0,10.0
2025-08-23,85,0,8,23,0,0,61,41,0,48,11,24,0,0,74,9.0,58.0,0.0,10.0,15.0
2025-08-24,76,0,8,22,0,0,72,19,0,75,0,32,0,0,66,11.0,64.0,0.0,0.0,0.0
2025-08-25,93,0,4,17,0,0,80,23,0,70,11,29,13,0,82,17.0,75.0,0.0,15.0,12.0
2025-08-26,90,0,7,17,0,0,78,47,0,66,9,36,10,0,80,19.0,66.0,0.0,11.0,11.0
2025-08-27,93,0,9,17,0,0,72,31,0,82,0,28,17,11,86,9.0,74.0,0.0,9.0,14.0
2025-08-28,81,0,5,16,0,0,77,40,0,100,14,25,27,0,75,12.0,71.0,0.0,10.0,14.0
2025-08-29,78,0,9,17,0,0,67,31,0,67,10,31,14,0,60,0.0,49.0,0.0,0.0,9.0
2025-08-30,76,0,7,17,0,21,57,23,0,37,0,27,12,0,70,0.0,52.0,0.0,9.0,0.0
2025-08-31,73,0,7,17,0,0,52,28,0,32,0,37,0,0,53,12.0,52.0,0.0,0.0,11.0
2025-09-01,81,0,4,15,0,0,51,26,0,81,22,37,18,10,70,14.0,69.0,0.0,0.0,13.0
2025-09-02,88,0,6,22,0,0,85,35,0,67,19,40,12,0,67,14.0,80.0,0.0,0.0,12.0
2025-09-03,86,0,5,21,0,0,82,36,0,85,12,38,11,0,88,10.0,77.0,0.0,16.0,14.0
2025-09-04,83,0,5,19,0,0,67,24,0,60,13,29,10,0,73,12.0,66.0,0.0,11.0,8.0
2025-09-05,76,0,6,17,0,0,61,27,0,48,13,21,10,0,74,9.0,50.0,0.0,8.0,8.0
2025-09-06,83,0,6,18,0,0,74,37,0,47,10,29,11,0,84,10.0,48.0,0.0,0.0,13.0
2025-09-07,83,0,6,19,0,0,50,31,0,61,11,33,0,0,75,11.0,60.0,0.0,0.0,9.0
2025-09-08,81,0,6,17,0,0,77,33,0,68,12,28,17,0,57,16.0,82.0,7.0,7.0,11.0
2025-09-09,88,0,7,16,0,18,63,44,0,70,18,36,14,0,58,13.0,76.0,0.0,10.0,0.0
2025-09-10,80,0,7,15,0,0,64,30,0,74,8,31,20,0,70,13.0,74.0,0.0,9.0,14.0
2025-09-11,83,0,7,17,0,0,87,30,0,82,14,32,14,0,65,12.0,66.0,0.0,0.0,9.0
2025-09-12,74,0,6,16,0,0,59,44,0,58,10,29,9,0,69,9.0,66.0,0.0,0.0,16.0
2025-09-13,80,0,5,17,0,0,62,31,0,63,18,27,11,0,79,12.0,45.0,0.0,0.0,15.0
2025-09-14,73,0,6,19,0,0,52,24,0,52,12,32,12,0,47,10.0,54.0,0.0,11.0,12.0
2025-09-15,91,0,7,18,0,0,80,37,0,65,11,36,14,0,72,9.0,72.0,0.0,7.0,8.0
2025-09-16,79,0,7,17,0,0,72,39,0,56,12,37,13,0,68,14.0,76.0,0.0,10.0,16.0
2025-09-17,87,0,7,19,0,0,69,28,0,57,18,38,10,0,64,12.0,73.0,0.0,10.0,12.0
2025-09-18,91,0,6,16,0,0,68,35,0,66,16,36,0,0,57,11.0,70.0,0.0,11.0,8.0
2025-09-19,85,0,7,18,0,0,77,25,0,75,13,29,15,0,72,13.0,56.0,0.0,0.0,18.0
2025-09-20,77,0,6,18,0,0,83,23,0,60,11,31,12,0,62,10.0,52.0,0.0,10.0,0.0
2025-09-21,83,0,5,20,0,0,50,0,0,62,10,20,0,0,73,11.0,45.0,0.0,0.0,12.0
2025-09-22,84,0,6,17,0,0,56,34,0,69,0,26,13,0,69,11.0,67.0,0.0,0.0,7.0
2025-09-23,89,0,7,19,0,0,75,32,0,72,16,47,16,0,73,16.0,73.0,0.0,0.0,14.0
2025-09-24,96,0,6,20,0,0,80,37,0,84,10,24,14,0,77,0.0,80.0,0.0,8.0,13.0
2025-09-25,95,0,4,18,0,0,78,46,0,75,15,33,16,0,71,14.0,79.0,0.0,11.0,14.0
2025-09-26,94,0,5,19,0,0,67,35,0,51,0,32,13,0,76,17.0,58.0,0.0,10.0,13.0
2025-09-27,75,0,6,18,0,0,70,0,0,49,12,29,9,0,59,10.0,56.0,0.0,0.0,11.0
2025-09-28,81,0,6,20,0,0,69,36,0,81,13,33,14,0,74,11.0,57.0,0.0,0.0,0.0
2025-09-29,89,0,6,18,0,0,79,41,0,63,10,34,12,0,74,14.0,76.0,0.0,13.0,18.0
2025-09-30,79,0,9,16,0,0,67,39,0,90,17,36,18,0,71,14.0,71.0,0.0,10.0,10.0
2025-10-01,77,0,6,15,0,0,63,34,0,83,10,31,15,0,51,12.0,59.0,0.0,8.0,12.0
2025-10-02,77,0,5,16,0,0,56,31,0,72,15,24,18,0,61,13.0,59.0,0.0,0.0,11.0
2025-10-03,85,0,4,16,0,0,83,27,0,65,0,32,10,0,78,10.0,60.0,0.0,8.0,0.0
2025-10-04,68,0,4,15,0,0,75,42,0,53,0,24,0,0,56,12.0,47.0,0.0,8.0,8.0
2025-10-05,71,0,4,18,0,0,65,0,0,54,0,38,10,0,57,11.0,46.0,0.0,0.0,0.0
2025-10-06,71,0,4,20,0,0,83,37,0,60,13,33,17,0,74,11.0,65.0,0.0,6.0,0.0
2025-10-07,85,0,5,17,0,0,81,25,0,75,14,26,20,0,69,8.0,63.0,0.0,0.0,11.0
2025-10-08,79,0,5,17,0,0,55,25,0,67,14,37,15,0,62,9.0,68.0,0.0,10.0,14.0
2025-10-09,84,0,6,22,0,0,69,33,0,57,0,30,19,0,67,7.0,71.0,0.0,13.0,13.0
2025-10-10,75,0,5,18,0,0,76,33,0,56,12,28,17,0,73,12.0,57.0,0.0,8.0,9.0
2025-10-11,78,3,4,21,0,0,64,28,0,51,0,23,15,0,64,12.0,45.0,0.0,0.0,12.0
2025-10-12,81,0,8,22,0,0,60,34,0,60,12,23,0,0,66,0.0,48.0,0.0,0.0,13.0
2025-10-13,81,0,4,21,0,0,69,37,0,83,0,29,14,0,75,10.0,55.0,0.0,0.0,11.0
2025-10-14,80,0,6,22,0,0,75,28,0,67,13,30,19,0,72,11.0,70.0,0.0,7.0,10.0
2025-10-15,81,0,5,20,0,0,66,43,0,77,0,36,11,0,70,11.0,67.0,7.0,8.0,16.0
2025-10-16,80,0,5,22,0,0,72,40,0,81,11,37,15,0,74,9.0,61.0,0.0,9.0,19.0
2025-10-17,89,0,4,16,0,0,80,46,0,68,13,26,0,0,73,14.0,60.0,0.0,0.0,8.0
2025-10-18,78,0,6,20,0,0,72,22,0,56,14,24,13,0,59,8.0,51.0,0.0,0.0,8.0
2025-10-19,78,0,4,20,0,0,69,24,0,57,18,35,0,0,66,11.0,56.0,0.0,10.0,7.0
2025-10-20,85,0,8,20,0,0,81,28,0,59,15,30,12,0,74,11.0,53.0,0.0,9.0,13.0
2025-10-21,82,0,6,19,0,0,81,28,0,64,10,22,16,0,67,0.0,72.0,0.0,11.0,8.0
2025-10-22,79,0,8,16,0,0,58,34,0,68,14,32,15,0,64,7.0,66.0,0.0,10.0,0.0
2025-10-23,81,0,7,19,0,0,75,37,0,80,9,25,17,0,63,10.0,59.0,0.0,9.0,10.0
2025-10-24,89,0,6,15,0,0,72,28,0,48,14,40,12,0,59,8.0,61.0,0.0,0.0,7.0
2025-10-25,74,0,8,17,0,0,80,33,0,48,11,24,0,0,60,8.0,57.0,0.0,9.0,8.0
2025-10-26,73,0,8,19,0,0,55,21,0,46,0,31,10,0,58,12.0,48.0,0.0,0.0,0.0
2025-10-27,87,0,8,19,0,0,66,39,0,65,14,29,20,0,67,9.0,58.0,0.0,0.0,9.0
2025-10-28,87,0,9,18,0,0,75,24,0,61,11,33,18,0,68,8.0,58.0,0.0,10.0,15.0
2025-10-29,87,0,10,19,0,0,74,40,0,64,9,32,13,0,71,7.0,66.0,7.0,9.0,11.0
2025-10-30,92,0,8,15,0,0,95,34,0,92,9,35,16,0,75,9.0,52.0,0.0,9.0,0.0
2025-10-31,81,0,5,18,0,0,81,44,0,63,9,32,13,0,57,14.0,63.0,0.0,0.0,9.0
2025-11-01,78,0,4,17,0,0,62,27,0,46,11,29,11,0,55,0.0,48.0,0.0,0.0,0.0
2025-11-02,80,0,5,17,0,0,71,24,0,35,13,31,11,0,60,9.0,55.0,0.0,0.0,9.0
2025-11-03,91,0,4,19,2,0,58,27,0,69,15,31,13,0,67,13.0,63.0,0.0,11.0,12.0
2025-11-04,90,0,8,18,0,0,76,20,0,79,15,21,15,0,62,15.0,77.0,0.0,12.0,9.0
2025-11-05,86,0,7,19,0,0,69,29,0,100,17,32,17,0,60,12.0,60.0,9.0,7.0,10.0
2025-11-06,83,0,6,16,0,0,69,34,0,51,9,34,17,8,56,10.0,74.0,0.0,13.0,10.0
2025-11-07,81,0,6,16,0,0,43,29,0,50,16,16,17,10,61,8.0,61.0,7.0,0.0,13.0
2025-11-08,82,0,7,14,0,0,59,23,0,63,0,22,9,0,63,14.0,50.0,0.0,0.0,8.0
2025-11-09,84,0,5,19,0,0,70,35,0,53,14,23,0,0,58,11.0,54.0,8.0,0.0,10.0
2025-11-10,90,0,7,18,0,0,81,26,0,80,14,35,14,0,57,15.0,76.0,0.0,8.0,12.0
2025-11-11,87,0,8,18,0,0,63,41,15,77,18,38,19,0,57,7.0,65.0,0.0,9.0,11.0
2025-11-12,94,0,7,13,0,0,81,33,0,87,16,42,18,0,55,11.0,73.0,0.0,0.0,14.0
2025-11-13,88,0,8,16,0,0,72,38,0,86,20,33,16,0,69,9.0,63.0,0.0,0.0,10.0
2025-11-14,90,0,7,18,0,0,75,44,0,70,15,40,17,0,60,7.0,64.0,0.0,11.0,0.0
2025-11-15,80,0,6,16,0,0,75,23,0,61,11,25,0,0,57,10.0,61.0,0.0,0.0,9.0
2025-11-16,85,0,6,17,0,0,60,22,0,78,16,23,10,0,64,13.0,49.0,0.0,0.0,13.0
2025-11-17,90,2,7,19,0,0,68,36,0,74,15,37,20,0,63,10.0,62.0,0.0,0.0,13.0
2025-11-18,87,0,7,16,0,0,78,30,0,53,0,38,13,0,53,0.0,59.0,0.0,0.0,7.0
2025-11-19,91,0,6,18,0,0,76,31,0,68,14,27,19,0,66,7.0,66.0,0.0,0.0,15.0
2025-11-20,84,0,6,15,0,0,60,23,0,99,13,38,9,0,60,9.0,66.0,0.0,0.0,9.0
2025-11-21,88,0,7,17,0,0,70,49,0,51,11,24,21,0,78,11.0,67.0,0.0,0.0,12.0
2025-11-22,90,0,7,17,0,0,68,19,0,59,16,28,15,0,60,8.0,47.0,0.0,0.0,9.0
2025-11-23,83,0,6,21,0,0,65,0,0,59,16,31,0,0,51,11.0,53.0,0.0,0.0,9.0
2025-11-24,85,0,9,19,0,0,71,31,0,72,15,35,18,10,62,11.0,68.0,0.0,7.0,10.0
2025-11-25,90,0,7,19,0,0,72,28,0,72,10,30,16,0,46,10.0,67.0,0.0,14.0,7.0
2025-11-26,89,0,5,19,0,0,61,33,0,83,20,34,11,0,63,0.0,85.0,9.0,0.0,9.0
2025-11-27,79,0,9,17,0,0,94,43,0,79,16,54,12,0,68,12.0,77.0,0.0,8.0,9.0
2025-11-28,76,0,5,17,0,0,66,21,0,60,13,35,13,0,56,13.0,69.0,0.0,9.0,10.0
2025-11-29,81,0,6,16,0,0,54,0,0,45,15,29,10,0,52,7.0,59.0,0.0,8.0,9.0
2025-11-30,77,0,5,17,0,0,54,30,0,67,11,33,18,0,58,11.0,54.0,0.0,0.0,8.0
2025-12-01,84,0,6,19,0,0,73,29,0,51,17,50,0,0,73,9.0,80.0,0.0,12.0,12.0
2025-12-02,88,0,7,18,0,0,89,28,0,79,17,36,12,0,64,12.0,79.0,0.0,7.0,0.0
2025-12-03,83,0,6,16,0,0,88,19,0,88,17,42,13,0,49,12.0,100.0,0.0,13.0,8.0
2025-12-04,86,0,8,15,0,0,62,28,0,76,12,44,22,0,49,14.0,86.0,0.0,14.0,14.0
2025-12-05,80,0,7,13,0,0,76,20,0,72,15,47,16,0,53,10.0,60.0,0.0,0.0,10.0
2025-12-06,79,0,7,15,0,0,69,18,0,49,13,25,15,0,35,17.0,53.0,0.0,8.0,12.0
2025-12-07,77,0,7,17,0,0,65,28,0,62,12,25,0,0,64,9.0,59.0,0.0,0.0,0.0
2025-12-08,86,2,7,17,0,0,60,23,0,70,18,34,15,0,58,9.0,73.0,0.0,10.0,0.0
2025-12-09,84,0,8,19,0,0,86,44,0,67,13,31,11,0,74,11.0,63.0,0.0,9.0,7.0
2025-12-10,81,2,7,17,0,0,70,42,0,58,0,32,13,0,60,16.0,75.0,0.0,0.0,10.0
2025-12-11,82,0,7,16,0,0,66,30,0,58,8,41,20,0,50,15.0,69.0,0.0,6.0,10.0
2025-12-12,77,0,6,19,0,0,74,33,0,54,10,28,19,0,65,9.0,57.0,0.0,0.0,10.0
2025-12-13,76,0,6,20,0,0,75,33,0,50,11,26,14,0,53,10.0,60.0,0.0,0.0,8.0
2025-12-14,79,0,5,16,3,0,64,0,0,40,0,17,10,0,54,10.0,57.0,0.0,0.0,11.0
2025-12-15,74,0,6,13,0,0,70,35,0,68,10,27,18,0,65,6.0,69.0,0.0,7.0,9.0
2025-12-16,88,0,6,18,0,0,65,31,0,50,10,21,17,9,60,15.0,67.0,0.0,10.0,8.0
2025-12-17,87,0,5,16,0,0,79,44,0,67,0,22,13,0,68,12.0,78.0,0.0,10.0,9.0
2025-12-18,84,0,4,15,0,0,53,36,0,74,12,30,16,0,54,10.0,57.0,0.0,9.0,9.0
2025-12-19,77,0,8,17,0,0,69,26,0,53,0,29,15,0,55,12.0,58.0,0.0,0.0,10.0
2025-12-20,69,0,7,15,0,0,85,22,0,31,0,21,10,0,69,12.0,49.0,0.0,0.0,8.0
2025-12-21,73,0,7,22,0,0,61,32,0,44,0,21,12,0,55,13.0,45.0,0.0,0.0,0.0
2025-12-22,77,0,7,20,0,0,45,47,0,56,0,25,11,0,56,11.0,59.0,0.0,0.0,7.0
2025-12-23,82,0,4,18,0,0,84,38,0,59,0,26,18,0,50,10.0,61.0,0.0,6.0,0.0
2025-12-24,78,0,7,21,0,0,65,27,0,36,10,17,10,0,57,10.0,57.0,0.0,0.0,0.0
2025-12-25,87,0,5,20,3,0,57,33,0,32,0,28,10,0,62,11.0,51.0,0.0,11.0,0.0
2025-12-26,82,0,6,20,0,0,69,30,0,39,12,29,16,0,54,13.0,44.0,0.0,0.0,0.0
2025-12-27,73,0,5,17,0,0,63,33,0,34,10,19,9,0,60,19.0,55.0,0.0,0.0,0.0
2025-12-28,83,0,6,20,0,0,64,31,0,44,0,21,0,0,57,14.0,43.0,0.0,0.0,0.0
2025-12-29,78,0,6,18,0,0,63,37,0,51,0,19,17,0,60,14.0,55.0,0.0,10.0,9.0
2025-12-30,81,0,6,18,0,0,63,21,0,44,10,25,17,0,64,10.0,59.0,7.0,0.0,0.0
2025-12-31,75,0,3,15,0,0,57,26,0,37,0,19,13,0,39,15.0,49.0,0.0,0.0,0.0
2026-01-01,82,0,9,17,0,0,55,22,0,41,0,14,0,0,53,14.0,48.0,0.0,0.0,0.0
2026-01-02,85,0,8,19,0,0,45,32,0,43,0,24,19,0,46,9.0,65.0,0.0,7.0,8.0
2026-01-03,80,0,6,16,0,0,62,27,0,47,12,22,0,0,44,12.0,55.0,0.0,0.0,7.0
2026-01-04,84,0,9,18,0,0,64,38,0,47,13,23,0,0,47,8.0,54.0,0.0,0.0,9.0
2026-01-05,86,2,6,19,0,0,80,48,0,32,9,20,13,0,62,15.0,66.0,0.0,10.0,9.0
2026-01-06,93,0,6,20,0,0,81,39,15,55,9,22,8,0,66,14.0,80.0,0.0,11.0,0.0
2026-01-07,88,0,6,20,0,0,91,31,0,67,13,28,14,0,65,19.0,67.0,0.0,0.0,12.0
2026-01-08,89,0,6,18,0,0,86,31,0,54,11,37,9,0,58,0.0,66.0,0.0,7.0,0.0
2026-01-09,86,0,7,18,0,0,70,19,0,55,9,28,15,0,70,11.0,64.0,0.0,0.0,7.0
2026-01-10,86,3,8,18,0,0,92,33,0,52,11,28,9,0,59,16.0,61.0,0.0,0.0,0.0
2026-01-11,84,0,9,16,0,0,84,26,0,34,11,25,13,0,57,11.0,62.0,0.0,0.0,7.0
2026-01-12,87,0,8,13,0,0,79,36,0,56,19,35,16,0,55,10.0,77.0,0.0,0.0,7.0
2026-01-13,90,0,10,17,0,0,69,36,0,59,11,26,16,0,58,12.0,76.0,0.0,0.0,9.0
2026-01-14,88,0,10,17,3,0,81,31,0,47,13,29,17,0,54,10.0,70.0,0.0,6.0,9.0
2026-01-15,84,0,7,15,0,0,71,20,0,62,16,33,10,0,56,7.0,61.0,0.0,0.0,0.0
2026-01-16,80,0,7,17,0,0,60,22,0,37,12,25,0,0,49,14.0,56.0,0.0,0.0,8.0
2026-01-17,85,0,6,20,0,0,66,36,0,30,14,27,13,0,53,9.0,61.0,0.0,8.0,9.0
2026-01-18,87,0,6,18,0,0,84,27,0,52,12,29,0,0,70,12.0,61.0,0.0,0.0,7.0
2026-01-19,91,0,9,17,0,0,81,37,0,53,17,22,13,0,66,13.0,70.0,0.0,0.0,8.0
2026-01-20,88,0,7,19,0,0,78,36,19,60,14,26,12,0,58,13.0,64.0,0.0,10.0,0.0
2026-01-21,91,0,8,15,0,0,70,46,0,47,14,33,22,0,68,9.0,76.0,0.0,8.0,6.0
2026-01-22,85,0,6,13,0,0,79,40,0,67,9,34,9,0,63,16.0,82.0,0.0,8.0,8.0
2026-01-23,82,0,8,13,0,0,66,23,0,51,12,29,15,0,62,0.0,66.0,0.0,9.0,11.0
2026-01-24,78,0,5,19,0,0,90,52,0,47,0,35,13,0,62,11.0,65.0,0.0,7.0,11.0
2026-01-25,87,0,5,19,0,0,68,36,0,51,11,27,0,0,61,8.0,59.0,0.0,0.0,0.0
2026-01-26,91,0,8,19,0,0,72,39,0,61,18,23,16,0,72,14.0,81.0,7.0,9.0,0.0
2026-01-27,95,0,9,18,0,0,82,41,0,61,18,28,9,0,71,15.0,74.0,9.0,0.0,14.0
2026-01-28,95,0,9,16,0,0,73,48,0,73,13,39,15,0,65,16.0,64.0,0.0,9.0,7.0
2026-01-29,87,0,8,18,0,0,71,48,0,63,11,42,18,0,70,9.0,72.0,11.0,8.0,8.0
2026-01-30,91,0,8,21,0,0,74,36,0,66,9,25,14,0,56,11.0,70.0,0.0,13.0,8.0
2026-01-31,80,0,6,22,0,0,67,36,0,40,0,31,11,0,54,7.0,51.0,0.0,0.0,8.0
2026-02-01,83,0,8,19,0,0,81,25,0,34,10,25,10,0,59,0.0,59.0,0.0,0.0,0.0
2026-02-02,77,0,8,16,0,0,63,34,0,57,14,30,9,0,51,11.0,70.0,0.0,7.0,11.0
2026-02-03,86,0,6,20,0,0,74,25,0,59,17,30,11,0,58,9.0,75.0,0.0,0.0,0.0
2026-02-04,88,0,7,18,0,0,86,43,0,69,11,38,13,0,68,11.0,75.0,0.0,8.0,11.0
2026-02-05,89,0,7,16,0,0,74,36,0,52,15,29,18,0,78,13.0,72.0,0.0,7.0,10.0
2026-02-06,82,0,6,17,0,0,66,32,0,67,10,28,13,0,78,10.0,66.0,0.0,9.0,9.0
2026-02-07,83,0,7,20,0,0,96,45,0,49,12,22,0,0,70,16.0,55.0,0.0,0.0,9.0
2026-02-08,87,0,8,18,0,0,64,35,17,47,11,33,0,0,78,12.0,51.0,0.0,0.0,8.0
2026-02-09,91,0,8,20,0,0,69,25,0,62,14,26,17,0,84,16.0,85.0,0.0,8.0,13.0
2026-02-10,89,0,7,19,0,0,99,35,0,42,13,41,8,0,72,12.0,68.0,0.0,7.0,7.0
2026-02-11,89,0,6,19,0,0,78,49,16,55,15,24,11,0,74,11.0,78.0,0.0,7.0,14.0
2026-02-12,80,0,7,19,0,0,79,37,0,55,16,38,12,0,67,10.0,77.0,0.0,0.0,11.0
2026-02-13,92,0,8,17,0,0,79,30,0,37,13,23,9,0,57,12.0,73.0,0.0,0.0,11.0
2026-02-14,88,0,5,16,0,0,69,53,0,45,17,24,13,0,67,12.0,65.0,7.0,0.0,8.0
2026-02-15,98,0,7,16,0,0,73,32,0,44,0,30,9,0,61,8.0,64.0,0.0,0.0,0.0
2026-02-16,89,0,5,15,0,0,62,35,19,34,0,19,0,0,59,8.0,77.0,0.0,7.0,0.0
2026-02-17,84,3,5,17,0,0,56,42,0,41,8,26,12,0,55,11.0,70.0,0.0,8.0,6.0
2026-02-18,87,0,7,14,0,0,64,32,0,38,15,28,11,0,60,9.0,71.0,0.0,6.0,8.0
2026-02-19,90,0,7,16,0,0,73,34,0,51,12,34,8,0,59,7.0,71.0,7.0,0.0,9.0
2026-02-20,100,0,8,22,0,0,80,45,0,53,27,43,16,0,61,10.0,78.0,0.0,10.0,10.0
2026-02-21,95,0,6,23,0,0,68,28,0,46,14,46,0,0,64,10.0,82.0,0.0,7.0,10.0
2026-02-22,88,0,8,24,0,0,66,45,0,54,17,36,14,0,65,16.0,64.0,0.0,0.0,0.0
2026-02-23,91,0,7,16,0,0,74,39,0,55,19,32,19,0,59,11.0,80.0,0.0,11.0,11.0
2026-02-24,91,0,6,19,0,0,79,42,0,58,20,37,16,0,72,12.0,83.0,0.0,8.0,6.0
2026-02-25,94,0,7,22,0,0,65,41,0,67,18,29,12,0,69,12.0,84.0,0.0,7.0,6.0
2026-02-26,92,0,9,17,0,0,68,37,0,63,19,25,16,0,63,12.0,89.0,0.0,9.0,8.0
2026-02-27,87,0,7,17,0,0,59,47,0,47,12,24,13,0,54,13.0,74.0,0.0,13.0,10.0
2026-02-28,82,0,5,16,0,0,68,33,0,56,12,23,16,0,50,11.0,74.0,0.0,0.0,0.0
2026-03-01,66,3,6,19,0,0,47,31,0,46,25,31,0,0,55,10.0,55.0,0.0,0.0,0.0
2026-03-02,81,0,6,19,2,0,79,38,0,74,11,27,13,0,61,12.0,74.0,0.0,7.0,9.0
2026-03-03,85,0,6,15,0,0,62,37,18,72,15,100,12,0,58,11.0,71.0,0.0,7.0,7.0
2026-03-04,82,0,5,16,0,0,76,24,0,68,17,54,15,0,66,11.0,82.0,0.0,0.0,7.0
2026-03-05,86,0,6,13,0,0,81,31,0,65,10,39,15,0,58,12.0,76.0,0.0,9.0,6.0
2026-03-06,78,0,6,14,0,0,71,36,0,55,14,27,13,0,58,13.0,78.0,0.0,8.0,8.0
2026-03-07,75,0,5,14,0,0,65,30,0,53,9,34,14,0,60,10.0,65.0,0.0,0.0,0.0
2026-03-08,80,0,6,14,0,0,78,30,0,86,15,30,14,0,87,11.0,68.0,0.0,0.0,11.0
2026-03-09,80,0,4,18,0,0,72,36,0,66,12,31,16,0,70,13.0,75.0,0.0,0.0,0.0
2026-03-10,79,0,4,17,0,0,68,29,0,71,17,23,13,0,71,11.0,74.0,0.0,0.0,6.0
2026-03-11,76,0,6,15,0,0,65,24,0,56,10,33,9,0,71,20.0,68.0,0.0,8.0,8.0
2026-03-12,79,3,7,16,0,0,64,25,0,49,16,29,13,0,73,13.0,65.0,0.0,0.0,7.0
2026-03-13,72,0,3,20,0,0,72,21,0,56,16,22,14,0,58,11.0,56.0,0.0,0.0,9.0
2026-03-14,69,0,4,18,0,0,57,29,0,37,14,35,13,0,64,12.0,55.0,0.0,0.0,7.0
2026-03-15,73,0,5,17,0,0,54,23,0,30,10,17,0,0,61,14.0,42.0,0.0,0.0,13.0
2026-03-16,74,0,5,16,0,0,56,45,0,44,13,30,17,0,68,15.0,56.0,0.0,11.0,9.0
2026-03-17,64,0,6,16,3,0,70,29,0,38,12,28,0,0,54,17.0,50.0,0.0,0.0,9.0
2026-03-18,64,0,4,15,0,0,58,28,0,29,0,19,0,0,57,9.0,43.0,0.0,7.0,9.0
2026-03-19,64,0,5,19,0,0,55,20,0,31,0,23,0,0,50,8.0,38.0,0.0,0.0,0.0
2026-03-20,59,0,4,14,0,0,35,26,0,19,0,15,12,0,54,9.0,30.0,0.0,0.0,0.0
2026-03-21,68,0,5,13,0,0,39,0,0,29,0,16,0,0,57,15.0,55.0,0.0,0.0,0.0
2026-03-22,72,0,5,17,0,0,53,24,0,41,13,20,10,0,61,12.0,55.0,0.0,0.0,0.0
2026-03-23,79,0,5,17,0,0,64,0,0,47,10,28,11,0,67,15.0,54.0,0.0,0.0,0.0
2026-03-24,81,0,7,20,0,0,96,29,0,34,11,27,15,0,54,14.0,57.0,0.0,0.0,11.0
2026-03-25,82,0,8,18,0,0,77,24,0,51,13,32,15,0,61,13.0,71.0,8.0,14.0,0.0
2026-03-26,81,0,7,17,0,0,65,30,0,49,0,24,14,0,72,8.0,62.0,0.0,0.0,10.0
2026-03-27,79,0,9,18,0,0,79,27,0,42,11,33,13,0,67,11.0,70.0,0.0,7.0,0.0
2026-03-28,82,0,8,21,0,0,88,43,0,31,0,28,10,0,61,19.0,72.0,0.0,0.0,0.0
2026-03-29,87,0,7,19,0,0,69,35,0,63,20,33,11,0,69,11.0,69.0,0.0,0.0,0.0
2026-03-30,83,0,6,18,0,0,96,32,0,72,17,25,16,0,70,13.0,72.0,0.0,0.0,0.0
2026-03-31,91,0,6,18,0,0,63,37,0,79,13,33,16,0,66,12.0,81.0,0.0,7.0,9.0
2026-04-01,87,0,8,18,0,0,87,37,0,57,13,21,0,0,49,11.0,76.0,0.0,0.0,10.0
2026-04-02,83,0,6,23,0,0,83,45,0,55,13,17,11,0,54,18.0,74.0,6.0,11.0,7.0
2026-04-03,84,0,6,22,0,0,91,30,0,59,10,14,13,0,59,11.0,54.0,0.0,0.0,0.0
2026-04-04,80,0,8,20,0,0,41,33,0,38,11,15,8,0,50,9.0,56.0,0.0,0.0,7.0
2026-04-05,83,0,8,21,0,0,58,18,0,34,17,20,10,0,54,11.0,62.0,0.0,8.0,9.0
2026-04-06,86,0,6,20,0,0,57,42,0,61,14,21,12,0,58,8.0,75.0,7.0,9.0,0.0
2026-04-07,92,0,5,19,0,0,89,36,0,75,10,26,18,0,52,16.0,82.0,0.0,8.0,7.0
2026-04-08,91,0,6,21,0,0,90,37,0,85,13,28,14,0,72,13.0,81.0,9.0,0.0,7.0
2026-04-09,90,0,7,15,0,0,87,35,0,66,13,25,8,0,68,9.0,86.0,0.0,6.0,9.0
2026-04-10,88,0,8,22,0,0,80,29,0,56,13,19,12,0,51,12.0,78.0,8.0,9.0,0.0
2026-04-11,86,0,7,18,0,0,87,45,0,58,10,23,13,0,49,11.0,61.0,0.0,0.0,11.0
2026-04-12,84,0,6,17,0,0,80,39,0,56,11,18,0,0,49,13.0,61.0,0.0,0.0,10.0
2026-04-13,91,0,7,19,0,0,79,40,0,93,15,31,8,0,57,12.0,87.0,0.0,9.0,6.0
2026-04-14,90,0,10,19,0,0,74,30,0,81,10,22,9,0,64,14.0,79.0,0.0,11.0,8.0
2026-04-15,86,2,7,20,0,0,68,44,0,97,14,30,8,0,60,10.0,72.0,0.0,7.0,7.0
2026-04-16,100,0,7,20,0,0,89,42,0,93,19,31,11,7,57,15.0,85.0,0.0,0.0,0.0
2026-04-17,90,0,7,21,0,0,69,33,0,63,14,16,14,0,63,10.0,100.0,8.0,23.0,11.0
2026-04-18,93,3,7,23,0,0,94,40,23,73,14,19,9,0,59,8.0,68.0,0.0,10.0,12.0
2026-04-19,86,0,9,21,0,0,78,42,0,69,11,17,8,0,55,10.0,57.0,0.0,8.0,9.0
2026-04-20,90,0,7,20,0,0,71,32,0,72,11,30,10,0,72,13.0,70.0,0.0,7.0,10.0
2026-04-21,96,0,5,19,0,0,92,45,0,79,11,31,13,0,63,12.0,70.0,6.0,8.0,9.0
2026-04-22,94,2,8,21,0,0,82,32,0,88,14,31,14,0,56,22.0,78.0,8.0,8.0,6.0
2026-04-23,95,0,9,21,0,0,85,54,0,65,14,27,11,0,59,13.0,74.0,0.0,0.0,9.0
2026-04-24,86,0,5,17,0,0,94,43,0,71,14,21,12,0,69,8.0,83.0,8.0,7.0,9.0
2026-04-25,87,0,6,21,0,0,80,42,0,66,14,22,0,0,58,0.0,63.0,0.0,0.0,7.0
2026-04-26,86,0,6,21,0,0,81,30,0,51,9,24,12,0,49,13.0,71.0,0.0,7.0,7.0
2026-04-27,85,0,8,19,0,0,83,42,0,68,17,31,14,0,55,12.0,85.0,0.0,7.0,10.0
2026-04-28,92,0,6,20,0,0,86,22,17,64,14,25,11,0,56,10.0,92.0,0.0,9.0,9.0
2026-04-29,88,0,7,19,0,0,64,36,0,61,20,24,11,0,52,14.0,76.0,0.0,8.0,0.0
2026-04-30,78,0,6,19,0,17,50,28,0,48,11,26,11,0,52,10.0,72.0,0.0,9.0,10.0
2026-05-01,84,0,6,21,0,0,72,23,0,40,13,23,0,0,43,13.0,67.0,0.0,0.0,7.0
2026-05-02,83,0,6,20,0,0,85,48,0,51,11,21,8,0,37,13.0,66.0,0.0,7.0,7.0
2026-05-03,82,0,7,25,0,0,72,36,0,62,12,24,9,0,46,11.0,50.0,0.0,7.0,8.0
2026-05-04,88,2,6,20,0,0,66,27,0,67,13,23,10,0,49,16.0,76.0,0.0,8.0,7.0
2026-05-05,84,0,8,20,0,0,90,30,0,77,16,22,0,0,44,7.0,71.0,0.0,6.0,0.0
2026-05-06,92,0,8,21,0,0,86,28,0,72,11,28,8,0,60,11.0,82.0,7.0,12.0,10.0
2026-05-07,92,0,6,22,0,0,87,46,0,75,11,29,14,0,65,10.0,85.0,0.0,10.0,0.0
2026-05-08,87,0,6,19,0,0,61,34,16,83,16,28,15,0,58,11.0,75.0,0.0,0.0,9.0
2026-05-09,83,0,6,19,0,0,78,27,0,62,11,24,12,0,47,15.0,63.0,7.0,0.0,13.0
2026-05-10,81,0,8,20,0,0,70,35,0,63,16,23,0,0,42,15.0,73.0,0.0,0.0,7.0
2026-05-11,93,0,6,24,0,0,62,38,0,77,15,32,9,0,62,12.0,72.0,0.0,0.0,10.0
2026-05-12,88,0,7,22,0,0,85,41,0,54,14,32,10,0,62,10.0,82.0,0.0,11.0,12.0
2026-05-13,91,0,7,21,0,0,69,40,0,68,17,20,14,0,56,8.0,85.0,0.0,0.0,8.0
2026-05-14,81,0,5,21,0,0,94,41,0,59,17,25,0,0,60,10.0,63.0,0.0,0.0,8.0
2026-05-15,77,0,6,19,0,0,72,37,0,54,15,29,8,0,57,9.0,59.0,7.0,8.0,11.0
2026-05-16,79,0,6,20,0,0,91,30,0,37,9,19,9,0,59,11.0,68.0,7.0,7.0,11.0
2026-05-17,85,0,8,21,0,0,76,39,0,49,0,26,7,0,56,7.0,53.0,0.0,0.0,7.0
2026-05-18,92,0,7,26,0,0,88,52,0,70,16,33,0,0,65,13.0,72.0,0.0,8.0,11.0
2026-05-19,92,0,6,21,0,0,90,29,0,72,9,24,14,9,60,11.0,78.0,0.0,6.0,9.0
2026-05-20,90,0,7,23,0,0,100,42,0,60,13,33,14,0,60,15.0,67.0,0.0,0.0,7.0
2026-05-21,90,0,6,21,0,0,79,48,0,67,13,31,7,0,54,15.0,82.0,0.0,0.0,11.0
2026-05-22,88,0,5,23,0,0,99,39,0,62,0,22,18,0,63,10.0,82.0,0.0,8.0,8.0
2026-05-23,79,2,7,24,0,0,73,31,0,53,14,20,8,0,54,12.0,71.0,0.0,7.0,0.0
2026-05-24,78,0,4,21,0,0,76,23,0,51,13,28,0,0,45,0.0,71.0,0.0,0.0,0.0
2026-05-25,82,0,5,20,0,0,80,33,0,66,9,31,9,0,55,11.0,68.0,6.0,7.0,10.0
2026-05-26,74,1,5,18,1,2,65,31,4,50,11,22,13,2,47,10.0,57.0,3.0,6.0,7.0
2026-05-27,81,1,6,20,1,0,74,25,3,45,11,23,9,2,50,11.0,50.0,3.0,5.0,7.0
2026-05-28,80,1,6,21,1,1,71,29,4,50,11,25,10,2,49,11.0,58.0,3.0,5.0,6.0
2026-05-29,79,1,6,22,1,1,78,34,5,58,11,26,11,2,49,12.0,59.0,3.0,6.0,7.0
2026-05-30,71,1,6,20,1,1,66,31,4,59,11,24,8,1,52,11.0,52.0,3.0,5.0,7.0
2026-05-31,79,1,6,22,1,0,76,31,4,50,11,26,8,1,51,10.0,53.0,3.0,5.0,8.0
2026-06-01,85,1,6,21,1,2,77,30,6,57,13,25,9,1,53,12.0,61.0,3.0,6.0,6.0
2026-06-02,80,1,5,21,1,0,76,36,6,66,12,28,12,3,51,12.0,66.0,4.0,7.0,7.0
2026-06-03,83,1,6,23,1,2,82,35,5,73,14,31,10,3,56,12.0,72.0,3.0,8.0,7.0
2026-06-04,81,1,5,21,1,1,81,35,5,79,14,30,10,3,55,13.0,70.0,4.0,6.0,7.0
2026-06-05,77,2,5,20,1,2,82,33,5,71,13,29,11,2,100,11.0,64.0,3.0,7.0,8.0
2026-06-06,77,1,5,20,1,1,76,36,5,58,12,27,9,2,68,12.0,59.0,3.0,5.0,7.0
2026-06-07,82,1,6,21,1,0,73,30,6,62,12,28,7,1,50,12.0,59.0,3.0,5.0,8.0
2026-06-08,77,1,5,18,1,1,74,32,6,56,13,29,10,3,47,13.0,67.0,6.0,7.0,8.0
2026-06-09,73,1,4,19,1,0,72,34,6,72,13,25,12,3,44,11.0,70.0,7.0,7.0,9.0
