source_id,username,date,content,platform,load_timestamp,data_source,content_hash
https://www.threads.com/@liaadjah1/post/DUqcND3Ergs?xmt=AQG0AYqe7i-TF9XEeiQU3s7XutbgNRKypgefyRC0HXNcVA,liaadjah1,2026-02-12 07:00:00+07:00,Ciri diabetes tuh gimana sih ??perasaan skrg ngantukan dan cepat laperrr,threads,2026-06-15 23:29:10.477375,threads,475c40ce21a5bf44009c33bc69baf479
https://www.threads.com/@liaadjah1/post/DUqcND3Ergs?xmt=AQG0AYqe7i-TF9XEeiQU3s7XutbgNRKypgefyRC0HXNcVA,astrdam,2026-02-13 07:00:00+07:00,Yang jelas tiap malem suka kebangun buat pipis lebih dari x kecuali mmg ada minum obat an.,threads,2026-06-15 23:29:10.477375,threads,1fb068e9ca0f39d26e0c8eea848ed76e
https://www.threads.com/@liaadjah1/post/DUqcND3Ergs?xmt=AQG0AYqe7i-TF9XEeiQU3s7XutbgNRKypgefyRC0HXNcVA,vinaabill,2026-02-12 07:00:00+07:00,bisa jadi tidur kamu ga berkualitas juga sih kalo ini. km minum d gak? magnesium? itu vitamin harian. kalo ragu ya cek kab,threads,2026-06-15 23:29:10.477375,threads,151579130983f02241c64ef91cfb564a
https://www.threads.com/@liaadjah1/post/DUqcND3Ergs?xmt=AQG0AYqe7i-TF9XEeiQU3s7XutbgNRKypgefyRC0HXNcVA,kartika.damayanti,2026-02-13 07:00:00+07:00,This content is unavailable,threads,2026-06-15 23:29:10.477375,threads,e7ffc0c9ebfbb9a67f17257f95e26821
https://www.threads.com/@liaadjah1/post/DUqcND3Ergs?xmt=AQG0AYqe7i-TF9XEeiQU3s7XutbgNRKypgefyRC0HXNcVA,liaadjah1,2026-02-13 07:00:00+07:00,Makasih kak,threads,2026-06-15 23:29:10.477375,threads,4cfe3c972c1d96bed9034707345a1797
https://www.threads.com/@liaadjah1/post/DUqcND3Ergs?xmt=AQG0AYqe7i-TF9XEeiQU3s7XutbgNRKypgefyRC0HXNcVA,dita_liem,2026-02-12 07:00:00+07:00,Cek lab aja kak biar tau pasti,threads,2026-06-15 23:29:10.477375,threads,146c49f0c6210491251a30b89b19ae4f
https://www.threads.com/@liaadjah1/post/DUqcND3Ergs?xmt=AQG0AYqe7i-TF9XEeiQU3s7XutbgNRKypgefyRC0HXNcVA,dian_irwanto,2026-02-13 07:00:00+07:00,Cek lah la an rb sahaja,threads,2026-06-15 23:29:10.477375,threads,fdff7296649586837bf313cc45a46ef2
https://www.threads.com/@liaadjah1/post/DUqcND3Ergs?xmt=AQG0AYqe7i-TF9XEeiQU3s7XutbgNRKypgefyRC0HXNcVA,jamesibrahim07,2026-02-14 07:00:00+07:00,"halo, apoteker disini. Penegakan diagnosis diabetes dapat melakukan cek HbA C di lab terdekat ya, bisa di rumah sakit atau laboratorium mandiri lainnya. Diabetes tidak bisa diprediksi dari ciri fisik saja seperti ngantukan / cepat lapar",threads,2026-06-15 23:29:10.477375,threads,9906d6aecc0d7ed292dbdf185cbde07f
https://www.threads.com/@liaadjah1/post/DUqcND3Ergs?xmt=AQG0AYqe7i-TF9XEeiQU3s7XutbgNRKypgefyRC0HXNcVA,aloyseaa,2026-02-06 07:00:00+07:00,d Kk klu kencing terus menerus dan hausss banget,threads,2026-06-15 23:29:10.477375,threads,f58d7c0ec2583f74e3d70dc1b7e3976f
https://www.threads.com/@liaadjah1/post/DUqcND3Ergs?xmt=AQG0AYqe7i-TF9XEeiQU3s7XutbgNRKypgefyRC0HXNcVA,jamesibrahim07,2026-02-06 07:00:00+07:00,d coba periksakan ke dokter ya kak sekaligus diperiksa kadar gula darahnya,threads,2026-06-15 23:29:10.477375,threads,8d29a616a1dc4ca728eaa2b6dcf21f23
https://www.threads.com/@liaadjah1/post/DUqcND3Ergs?xmt=AQG0AYqe7i-TF9XEeiQU3s7XutbgNRKypgefyRC0HXNcVA,lyooo_fii,2026-02-12 07:00:00+07:00,Bercak” hitam tuh bekas luka kah kak? Aku dr kecil udah banyak bgt bekas luka & smape skrng blm ilang pdhl rutin pakai lotion 😓😓 takut kalau diabet soalnya kakek nenek tante diabet semua setiap cek guldar hbs makan di an terus,threads,2026-06-15 23:29:10.477375,threads,89fca3a6fdd93c6ed30cdb252a15c985
https://www.threads.com/@liaadjah1/post/DUqcND3Ergs?xmt=AQG0AYqe7i-TF9XEeiQU3s7XutbgNRKypgefyRC0HXNcVA,ian_fath,2026-02-22 07:00:00+07:00,"Dulu bapak divonis diabetes, tiap cek gula darah angkanya bikin deg-deg’an. Kami pelan-pelan ganti nasi putih ke beras sagu, awalnya cuma coba-coba karena katanya lebih ringan di gula darah. Nggak instan sih, tapi setelah rutin dan tetap jaga makan, hasil cek mulai turun dan bapak sekarang lebih semangat jalan pagi lagi s.shopee.co.id Jual Beras Sagu Mama Papua Original Kemasan g | Shopee Indonesia",threads,2026-06-15 23:29:10.477375,threads,3994073a604e0eb89b8ab85631107018
https://www.threads.com/@liaadjah1/post/DUqcND3Ergs?xmt=AQG0AYqe7i-TF9XEeiQU3s7XutbgNRKypgefyRC0HXNcVA,thecfact,2026-02-13 07:00:00+07:00,"Drpd cari ciri dan ciri, mending cek lab.",threads,2026-06-15 23:29:10.477375,threads,d3a4b657725ab0a752d2ed13c372b25d
https://www.threads.com/@liaadjah1/post/DUqcND3Ergs?xmt=AQG0AYqe7i-TF9XEeiQU3s7XutbgNRKypgefyRC0HXNcVA,ikak5410,2026-02-13 07:00:00+07:00,Langsung cek ajak kak gula darah nya,threads,2026-06-15 23:29:10.477375,threads,0614308584989cbf2b1a5308fcd34325
https://www.threads.com/@liaadjah1/post/DUqcND3Ergs?xmt=AQG0AYqe7i-TF9XEeiQU3s7XutbgNRKypgefyRC0HXNcVA,sashanugraha,2026-02-13 07:00:00+07:00,Bs jd hamil. Mending periksa kak,threads,2026-06-15 23:29:10.477375,threads,cebf7d2508a7c9254c71042102e9e5e1
https://www.threads.com/@liaadjah1/post/DUqcND3Ergs?xmt=AQG0AYqe7i-TF9XEeiQU3s7XutbgNRKypgefyRC0HXNcVA,umohamadhadi98,2026-02-13 07:00:00+07:00,"Cek lab kak, cek gula darah",threads,2026-06-15 23:29:10.477375,threads,a4dac076f03490e648979ebfa16bec2c
https://www.threads.com/@liaadjah1/post/DUqcND3Ergs?xmt=AQG0AYqe7i-TF9XEeiQU3s7XutbgNRKypgefyRC0HXNcVA,arifahft,2026-05-13 07:00:00+07:00,Diabetes bener-bener sejahat itu 😭💔,threads,2026-06-15 23:29:10.477375,threads,52427687e8e80cf573e9dc61e37adc47
https://www.threads.com/@liaadjah1/post/DUqcND3Ergs?xmt=AQG0AYqe7i-TF9XEeiQU3s7XutbgNRKypgefyRC0HXNcVA,ya.ti681,2026-05-08 07:00:00+07:00,"Yang sering cepat haus, gampang capek, dan tidur gak nyenyak… coba mulai waspada sama penyakit ini",threads,2026-06-15 23:29:10.477375,threads,1848989d6d8118610433ac7ffc18973a
https://www.threads.com/@liaadjah1/post/DUqcND3Ergs?xmt=AQG0AYqe7i-TF9XEeiQU3s7XutbgNRKypgefyRC0HXNcVA,kangkoribro,2026-02-06 07:00:00+07:00,d Yang peduli diabetes itu banyak kaga sih?,threads,2026-06-15 23:29:10.477375,threads,0784bcccc9782970aadbf24f02217725
https://www.threads.com/@liaadjah1/post/DUqcND3Ergs?xmt=AQG0AYqe7i-TF9XEeiQU3s7XutbgNRKypgefyRC0HXNcVA,pluviophile_rainloverlady,2026-05-11 07:00:00+07:00,Diabetes dianggap sesuatu yang mengerikan. Padahal...,threads,2026-06-15 23:29:10.477375,threads,db8f6033702e88821201ec1c9410b4cc
https://www.threads.com/@liaadjah1/post/DUqcND3Ergs?xmt=AQG0AYqe7i-TF9XEeiQU3s7XutbgNRKypgefyRC0HXNcVA,pigranz,2026-05-02 07:00:00+07:00,Ada yg ortunya pasien diabetes kah disini??? Yg udah jadi pasien selama berpuluh tahun... Mau sharing²nya dong guyssss,threads,2026-06-15 23:29:10.477375,threads,c11ac34560d98d0a8a8ccfa03a567431
https://www.threads.com/@anggitazhenk_/post/DUdG-AXEl7D?xmt=AQG0AYqe7i-TF9XEeiQU3s7XutbgNRKypgefyRC0HXNcVA,anggitazhenk_,2026-02-07 07:00:00+07:00,Gula darah tinggi itu cara cepat biar turun harus bagaimana yaaa 😌 khawatir banget jadi diabetes😌,threads,2026-06-15 23:29:10.477375,threads,d17dbfb12a0218cf6673abd25577c720
https://www.threads.com/@anggitazhenk_/post/DUdG-AXEl7D?xmt=AQG0AYqe7i-TF9XEeiQU3s7XutbgNRKypgefyRC0HXNcVA,ririn.rosilla,2026-02-10 07:00:00+07:00,"jurus andalanku adalah angkat beban kak, itu membantu bgt kontrol gula darah karena otot bisa menyerap glukosa. sama IF, ini juga bisa bantu buat turunin gula darah, kalo ga kuat nahan laper bisa minum diabetasol biar ga lemes, soalnya aku juga gampang lemes kalo nahan laper wkwk",threads,2026-06-15 23:29:10.477375,threads,a49bfaf6fa638a355d2c78f89c416f36
https://www.threads.com/@anggitazhenk_/post/DUdG-AXEl7D?xmt=AQG0AYqe7i-TF9XEeiQU3s7XutbgNRKypgefyRC0HXNcVA,anggitazhenk_,2026-02-10 07:00:00+07:00,mkasihh kaaa,threads,2026-06-15 23:29:10.477375,threads,80742459f64df9bc3b49d92931362fea
https://www.threads.com/@anggitazhenk_/post/DUdG-AXEl7D?xmt=AQG0AYqe7i-TF9XEeiQU3s7XutbgNRKypgefyRC0HXNcVA,ivanjonatahir,2026-02-07 07:00:00+07:00,"Stop konsumsi gula minimal hari, minum air putih yg banyak dan perbanyak aktifitas Kak. No coffee and tea yah… Pasti berdampak",threads,2026-06-15 23:29:10.477375,threads,fe34b90d405023e9a155ef7f744d0e6f
https://www.threads.com/@anggitazhenk_/post/DUdG-AXEl7D?xmt=AQG0AYqe7i-TF9XEeiQU3s7XutbgNRKypgefyRC0HXNcVA,anggitazhenk_,2026-02-07 07:00:00+07:00,siap kak. terimakasih,threads,2026-06-15 23:29:10.477375,threads,d127273aee94b4ab5896e2368e01ff4f
https://www.threads.com/@anggitazhenk_/post/DUdG-AXEl7D?xmt=AQG0AYqe7i-TF9XEeiQU3s7XutbgNRKypgefyRC0HXNcVA,ivanjonatahir,2026-02-07 07:00:00+07:00,Semangat ya Kak.. No boba juga loh,threads,2026-06-15 23:29:10.477375,threads,9cc1f2bb9034b87f970a051ad4dd93e1
https://www.threads.com/@anggitazhenk_/post/DUdG-AXEl7D?xmt=AQG0AYqe7i-TF9XEeiQU3s7XutbgNRKypgefyRC0HXNcVA,anggitazhenk_,2026-02-07 07:00:00+07:00,siapp sama sekali engga kak,threads,2026-06-15 23:29:10.477375,threads,65752d0f29536e566089929a02703b4e
https://www.threads.com/@anggitazhenk_/post/DUdG-AXEl7D?xmt=AQG0AYqe7i-TF9XEeiQU3s7XutbgNRKypgefyRC0HXNcVA,ivanjonatahir,2026-02-07 07:00:00+07:00,"Ada jurus lagi kalo mau, tapi diawal sakit dan menyiksa. Kakak ikut gym, karena otot saat dipakai dan kontraksi menyerap gula, jadi semua gula di tubuh akan diolah jadi energy saat Kakak gym… dampaknya adalah Kakak punya tulang yg kuat dan penampilan jadi lebih padat.",threads,2026-06-15 23:29:10.477375,threads,1543532c93fbe93a8dc7c0808a9de765
https://www.threads.com/@anggitazhenk_/post/DUdG-AXEl7D?xmt=AQG0AYqe7i-TF9XEeiQU3s7XutbgNRKypgefyRC0HXNcVA,nurfadhilah7,2026-02-07 07:00:00+07:00,"Stop konsumsi gula rafinasi, dalam berbagai bentuk kak (minuman, roti, kue, permen, dll) Lalu yang gak kalah penting : LATIHAN OTOT.",threads,2026-06-15 23:29:10.477375,threads,467aa1b247505fe118d80d5bc23f583f
https://www.threads.com/@anggitazhenk_/post/DUdG-AXEl7D?xmt=AQG0AYqe7i-TF9XEeiQU3s7XutbgNRKypgefyRC0HXNcVA,anggitazhenk_,2026-02-07 07:00:00+07:00,"sudah kak. tidak minum minuman manis, kue, roti dll sudah stop, hanya nasi saja yang masih",threads,2026-06-15 23:29:10.477375,threads,6acecea8f9d12f9c3c7fc1eee0d37ed7
https://www.threads.com/@anggitazhenk_/post/DUdG-AXEl7D?xmt=AQG0AYqe7i-TF9XEeiQU3s7XutbgNRKypgefyRC0HXNcVA,asdichan,2026-02-07 07:00:00+07:00,"Benerin Pola makan (bukan ngurangin, tp menambahkan yg kurang, mengurangi yg berlebih) & olahraga otot (nambah massa otot)+cardio(kesehatan jantung, biar napasnya panjang)... Nanti dg sendiri ya stabil",threads,2026-06-15 23:29:10.477375,threads,34e6c8a483b74a23f1658e936d50ea01
https://www.threads.com/@anggitazhenk_/post/DUdG-AXEl7D?xmt=AQG0AYqe7i-TF9XEeiQU3s7XutbgNRKypgefyRC0HXNcVA,anggitazhenk_,2026-02-07 07:00:00+07:00,baik kak terimakasih,threads,2026-06-15 23:29:10.477375,threads,14b0919c5f1760f53ce0ddb15de0ce74
https://www.threads.com/@anggitazhenk_/post/DUdG-AXEl7D?xmt=AQG0AYqe7i-TF9XEeiQU3s7XutbgNRKypgefyRC0HXNcVA,veronicasannn,2026-02-07 07:00:00+07:00,Olahraga angkat beban kak…,threads,2026-06-15 23:29:10.477375,threads,e0441912de9888cfffba16a3725f7889
https://www.threads.com/@anggitazhenk_/post/DUdG-AXEl7D?xmt=AQG0AYqe7i-TF9XEeiQU3s7XutbgNRKypgefyRC0HXNcVA,kemalardiyanto,2026-02-07 07:00:00+07:00,Kakak tau gula darahnya tinggi darimana kak? Tes gds > kalo abis makan wajar Tes gdp > fatloss Tes hba c > fatloss sambil pantau asupan carbo,threads,2026-06-15 23:29:10.477375,threads,3648a368a91dc11d992f67a365991cd6
https://www.threads.com/@anggitazhenk_/post/DUdG-AXEl7D?xmt=AQG0AYqe7i-TF9XEeiQU3s7XutbgNRKypgefyRC0HXNcVA,anggitazhenk_,2026-02-08 07:00:00+07:00,habis tes dr dokter emang beberapa minggu ini gula darah lg tinggi dan hrs disuntik insulin,threads,2026-06-15 23:29:10.477375,threads,b69ac0caae9639ed5ef9a423518fdce6
https://www.threads.com/@anggitazhenk_/post/DUdG-AXEl7D?xmt=AQG0AYqe7i-TF9XEeiQU3s7XutbgNRKypgefyRC0HXNcVA,kemalardiyanto,2026-02-08 07:00:00+07:00,"Insulin oke kak untuk short term management. Aku asumsi dokternya juga nyaranin perubahan pola hidup ke kakaknya kan? Diikutin aja itu kak sarannya, walaupun kedengerannya klise ☺",threads,2026-06-15 23:29:10.477375,threads,c0d4739311f50d06eeb9dee5d140c619
https://www.threads.com/@anggitazhenk_/post/DUdG-AXEl7D?xmt=AQG0AYqe7i-TF9XEeiQU3s7XutbgNRKypgefyRC0HXNcVA,anggitazhenk_,2026-02-08 07:00:00+07:00,"baikk kak, semua yg disaranin jg dijlnkan ka, sdh stop mknnan minuman manis",threads,2026-06-15 23:29:10.477375,threads,fa8ded39a9cc260eb28c4d79939dcc69
https://www.threads.com/@anggitazhenk_/post/DUdG-AXEl7D?xmt=AQG0AYqe7i-TF9XEeiQU3s7XutbgNRKypgefyRC0HXNcVA,melda_lamtiur,2026-02-08 07:00:00+07:00,"Strength training ka, benerin pola makan, tidur cukup [ini penting]",threads,2026-06-15 23:29:10.477375,threads,129e772823c4fedd5bf952d71265b7d7
https://www.threads.com/@anggitazhenk_/post/DUdG-AXEl7D?xmt=AQG0AYqe7i-TF9XEeiQU3s7XutbgNRKypgefyRC0HXNcVA,anggitazhenk_,2026-02-08 07:00:00+07:00,terimakasih ka,threads,2026-06-15 23:29:10.477375,threads,3b4853eb12b038bad8a1cc829ee69cfa
https://www.threads.com/@anggitazhenk_/post/DUdG-AXEl7D?xmt=AQG0AYqe7i-TF9XEeiQU3s7XutbgNRKypgefyRC0HXNcVA,dwishavinkova,2026-02-08 07:00:00+07:00,Klo aq dgn rutin jaga pola makan dan terapi nugabest🤗bisa dicek di IG nugabest indonesia,threads,2026-06-15 23:29:10.477375,threads,05f4e84cc7820f0d1e83f397d553d198
https://www.threads.com/@anggitazhenk_/post/DUdG-AXEl7D?xmt=AQG0AYqe7i-TF9XEeiQU3s7XutbgNRKypgefyRC0HXNcVA,anggitazhenk_,2026-02-08 07:00:00+07:00,mkasih infonya k,threads,2026-06-15 23:29:10.477375,threads,817ffb8a7942cc218364040b7d58ca49
https://www.threads.com/@anggitazhenk_/post/DUdG-AXEl7D?xmt=AQG0AYqe7i-TF9XEeiQU3s7XutbgNRKypgefyRC0HXNcVA,elsa.harlie,2026-04-10 07:00:00+07:00,"Rubah gaya hidup kak, rutin olahraga angkat beban efektif turunin gula darah, minum susu diabetasol coba kak, bagus buat stabilin gula darah. Plisss jangan diabetes kayak aku😭",threads,2026-06-15 23:29:10.477375,threads,3981447efd058840b39127c565cfb877
https://www.threads.com/@anggitazhenk_/post/DUdG-AXEl7D?xmt=AQG0AYqe7i-TF9XEeiQU3s7XutbgNRKypgefyRC0HXNcVA,anggitazhenk_,2026-04-10 07:00:00+07:00,yess kakkk terimakasih,threads,2026-06-15 23:29:10.477375,threads,e4ab20158994fc241ec0a1ccca7b09eb
https://www.threads.com/@anggitazhenk_/post/DUdG-AXEl7D?xmt=AQG0AYqe7i-TF9XEeiQU3s7XutbgNRKypgefyRC0HXNcVA,bundaeabiyyukhanza,2026-02-08 07:00:00+07:00,"Kebalikan nya ama aku,,aku malah hipo,dan telat makan sedikit aja auto turun drastis itu GD di angka an,gemetar, deg an,keliyengan, aku emang kurang suka manis jd lah kalo kumat ya mau ga mau makan roti an,beli es krim,makan nasi yg banyak,",threads,2026-06-15 23:29:10.477375,threads,65363c2238a9bd25b16e5aa65e6b18d1
https://www.threads.com/@anggitazhenk_/post/DUdG-AXEl7D?xmt=AQG0AYqe7i-TF9XEeiQU3s7XutbgNRKypgefyRC0HXNcVA,bundaeabiyyukhanza,2026-02-08 07:00:00+07:00,"Kalo aku GD sering turun,krn awalnya diet if, jam, jam,sampai puasa senin kamis jam,kurangi karbo,kurangi manis an,dan alhamdulillah kuat,krn org GD rendah itu kuat nahan lapar beda ama GD tinggi yg susah sering kelaparan, ga kuat nahan lapar,dan ngantukan,",threads,2026-06-15 23:29:10.477375,threads,b2e91149218f8f9c2e668e789b08e7f6
https://www.threads.com/@anggitazhenk_/post/DUdG-AXEl7D?xmt=AQG0AYqe7i-TF9XEeiQU3s7XutbgNRKypgefyRC0HXNcVA,anggitazhenk_,2026-02-08 07:00:00+07:00,"ngeri jg ya kak, karena semua harus seimbang",threads,2026-06-15 23:29:10.477375,threads,58cce5c6504e41ec6ac55e0bac33afe8
https://www.threads.com/@anggitazhenk_/post/DUdG-AXEl7D?xmt=AQG0AYqe7i-TF9XEeiQU3s7XutbgNRKypgefyRC0HXNcVA,arief_hwie,2026-02-07 07:00:00+07:00,"Sudah tes darah gula? Berapa hasilnya? Tes gula darah sewaktu atau puasa? Penegakan diagnosa diabetes biasa dari nilai Hba c harus dites dulu, tidak bisa hanya dari tes gula sesaat. Apalagi kalau tesnya habis AYCE dan minum es teler porsi..... Kalau nurunin gula darah, selama normal besok akan turun sendiri kok. Kurangi aja karbo dan minuman dengan kadar gula tinggi (boba milk misalnya)",threads,2026-06-15 23:29:10.477375,threads,8d16758a9dac846c838fb8126b9e2440
https://www.threads.com/@anggitazhenk_/post/DUdG-AXEl7D?xmt=AQG0AYqe7i-TF9XEeiQU3s7XutbgNRKypgefyRC0HXNcVA,m_ev07,2026-02-07 07:00:00+07:00,Kalo cek gdp selama - jam puasa angkanya apa termasuk prediabet?,threads,2026-06-15 23:29:10.477375,threads,c2756912254cc2dcc44c2b1801c344ec
https://www.threads.com/@anggitazhenk_/post/DUdG-AXEl7D?xmt=AQG0AYqe7i-TF9XEeiQU3s7XutbgNRKypgefyRC0HXNcVA,arief_hwie,2026-02-08 07:00:00+07:00,"Setahu saya ouasa cukup jam, dan kalau masalah prediabet bukan cuma dari hasil sekali tes ya. Harusnya Hba c kalau mau tahu prediabet atau tidak nya",threads,2026-06-15 23:29:10.477375,threads,5877d12556739cd29f8e22e316ed0178
https://www.threads.com/@anggitazhenk_/post/DUdG-AXEl7D?xmt=AQG0AYqe7i-TF9XEeiQU3s7XutbgNRKypgefyRC0HXNcVA,yunitayeniii,2026-02-18 07:00:00+07:00,"nge gym kak, itu efektif. mulai cut gula juga, kalo ga belum bisa ganti gula pake nulife sweetener/stevia, insya aman ga bikin gula darah melonjak",threads,2026-06-15 23:29:10.477375,threads,3e4a901f33f258d2c4ac478cf0ce2232
https://www.threads.com/@anggitazhenk_/post/DUdG-AXEl7D?xmt=AQG0AYqe7i-TF9XEeiQU3s7XutbgNRKypgefyRC0HXNcVA,m_r3z4,2026-02-08 07:00:00+07:00,"kalau sulit kurangi yg manis, bertahap kak ganti gula nya ke stevia",threads,2026-06-15 23:29:10.477375,threads,c0e5c3314b90bc357fd3f33ac727fdee
https://www.threads.com/@anggitazhenk_/post/DUdG-AXEl7D?xmt=AQG0AYqe7i-TF9XEeiQU3s7XutbgNRKypgefyRC0HXNcVA,anggitazhenk_,2026-02-08 07:00:00+07:00,"mksh kak, ini juga udah samsek ga pake gula, cm masih makan nasi putih",threads,2026-06-15 23:29:10.477375,threads,3b23a77fe6ecdbd32ad7cc195f72a20f
https://www.threads.com/@anggitazhenk_/post/DUdG-AXEl7D?xmt=AQG0AYqe7i-TF9XEeiQU3s7XutbgNRKypgefyRC0HXNcVA,iwanbeatri,2026-02-08 07:00:00+07:00,"Jawaban nya sangat mudah dan jelas, tp susah dilakuin",threads,2026-06-15 23:29:10.477375,threads,7c21b96f91d81fbe637de9cf298a7198
https://www.threads.com/@anggitazhenk_/post/DUdG-AXEl7D?xmt=AQG0AYqe7i-TF9XEeiQU3s7XutbgNRKypgefyRC0HXNcVA,liemonica97,2026-02-08 07:00:00+07:00,"Ubah gaya hidup, dr makan tdur dan olahraga..",threads,2026-06-15 23:29:10.477375,threads,59aaaa55a715873104bb365e5c252b5b
https://www.threads.com/@anggitazhenk_/post/DUdG-AXEl7D?xmt=AQG0AYqe7i-TF9XEeiQU3s7XutbgNRKypgefyRC0HXNcVA,aproudredneckwife,2026-02-08 07:00:00+07:00,Salah satunya kurangi stress. Stress naik berarti kortisol naik akhirnya tidur gak teratur dan akibatnya gula darah naik.,threads,2026-06-15 23:29:10.477375,threads,844cc6f66d8fe743145b495540a0d133
https://www.threads.com/@anggitazhenk_/post/DUdG-AXEl7D?xmt=AQG0AYqe7i-TF9XEeiQU3s7XutbgNRKypgefyRC0HXNcVA,ian_fath,2026-02-22 07:00:00+07:00,"Dulu bapak divonis diabetes, tiap cek gula darah angkanya bikin deg-deg’an. Kami pelan-pelan ganti nasi putih ke beras sagu, awalnya cuma coba-coba karena katanya lebih ringan di gula darah. Nggak instan sih, tapi setelah rutin dan tetap jaga makan, hasil cek mulai turun dan bapak sekarang lebih semangat jalan pagi lagi. s.shopee.co.id Jual Beras Sagu Mama Papua Original Kemasan g | Shopee Indonesia",threads,2026-06-15 23:29:10.477375,threads,cb5fa5b4362fc1b436d817e888caaaf3
https://www.threads.com/@anggitazhenk_/post/DUdG-AXEl7D?xmt=AQG0AYqe7i-TF9XEeiQU3s7XutbgNRKypgefyRC0HXNcVA,ian_fath,2026-02-23 07:00:00+07:00,"Kemasan kg s.shopee.co.id/ H X… Kemasan kg s.shopee.co.id/BOZLB… Kak coba beras sagu, indeks glikemik rendah cocok untuk nurunin gula darah. s.shopee.co.id Jual Beras Sagu Mama Papua Original Kemasan Kg | Shopee Indonesia",threads,2026-06-15 23:29:10.477375,threads,d79dbac0e81f6494f73b029575fe2191
https://www.threads.com/@anggitazhenk_/post/DUdG-AXEl7D?xmt=AQG0AYqe7i-TF9XEeiQU3s7XutbgNRKypgefyRC0HXNcVA,nanikayu24,2026-04-24 07:00:00+07:00,"Gula darah tinggi itu bukan takdir… tapi hasil kebiasaan.” Makan manis tiap hari ❌ Jarang gerak ❌ Tidur berantakan ❌ Lalu kaget pas divonis Diabetes? 👉 Diabetes itu bisa dikontrol, bahkan dicegah 👉 Tapi butuh niat + cara yang benar Aku bantu banyak orang mulai dari: ✔️ Pola makan ✔️ Pola hidup ✔️ + herbal pendamping Yang serius mau turunin gula tanpa ribet, komen “MAU” 👇 Aku bantu arahin pelan-pelan sampai stabil 💚",threads,2026-06-15 23:29:10.477375,threads,e84a07a9a8e3ab9492e317abf0e813c7
https://www.threads.com/@anggitazhenk_/post/DUdG-AXEl7D?xmt=AQG0AYqe7i-TF9XEeiQU3s7XutbgNRKypgefyRC0HXNcVA,pejuangdiabetess,2026-05-09 07:00:00+07:00,Dulu Ini Jenis Makanan Yang Suka Saya Konsumsi. Yang Membuat Gula Saya Sulit Untuk Turun #guladarahtinggi #guladarah #diabetes #diabet #kencingmanis pejuangdiabetess,threads,2026-06-15 23:29:10.477375,threads,cd6d2e6c481b7f8a99101c3f88310a2b
https://www.threads.com/@anggitazhenk_/post/DUdG-AXEl7D?xmt=AQG0AYqe7i-TF9XEeiQU3s7XutbgNRKypgefyRC0HXNcVA,syamiraayna,2026-05-12 07:00:00+07:00,"Banyak orang mengira gula darah tinggi hanya dialami orang tua. Padahal sekarang banyak usia muda juga mulai mengalaminya karena pola makan tinggi gula, kurang gerak, sering begadang, dan terlalu sering konsumsi minuman manis. Berikut gejala gula darah tinggi yang sering diabaikan banyak orang.",threads,2026-06-15 23:29:10.477375,threads,1fed8690a62a39865ce83889f7a4b38b
https://www.threads.com/@anggitazhenk_/post/DUdG-AXEl7D?xmt=AQG0AYqe7i-TF9XEeiQU3s7XutbgNRKypgefyRC0HXNcVA,harcoricosanjayaofficial,2026-05-13 07:00:00+07:00,"Gula darah naik tinggi? Cek ""pabriknya""! Banyak dari pasien-pasien diabetes itu selalu stres ketika melihat gula darahnya itu naik dan turun padahal dietnya sudah ketat. Tapi sayangnya mereka tidak pernah bertanya kenapa tubuhnya itu sudah tidak bisa lagi mengolah gula menjadi tenaga.",threads,2026-06-15 23:29:10.477375,threads,e2f27b9678380dc11d89a0a4308285ac
https://www.threads.com/@ali_fuadi/post/DUmx7GoCT-L?xmt=AQG0AYqe7i-TF9XEeiQU3s7XutbgNRKypgefyRC0HXNcVA,ali_fuadi,2026-02-11 07:00:00+07:00,"Lelaki tahun, ada luka diabetes di kaki kiri Saya rawat hampir satu jam Debridement Bersihkan jaringan mati Kalimat yang langsung bikin saya diam: “Mas… lukanya gak usah ditutup ya? Biar cepat kering.”",threads,2026-06-15 23:29:10.477375,threads,aa95c0dd19b14d1f14038d77dac8df7c
https://www.threads.com/@ali_fuadi/post/DUmx7GoCT-L?xmt=AQG0AYqe7i-TF9XEeiQU3s7XutbgNRKypgefyRC0HXNcVA,ali_fuadi,2026-02-11 07:00:00+07:00,"Dalam hati saya cuma mikir: “Pak… kalau konsepnya begitu, ngapain panggil saya?” Padahal tinggal pasang dressing Harusnya ini bagian paling penting",threads,2026-06-15 23:29:10.477375,threads,e5f0a31903bc34d4ba4252b322962a13
https://www.threads.com/@ali_fuadi/post/DUmx7GoCT-L?xmt=AQG0AYqe7i-TF9XEeiQU3s7XutbgNRKypgefyRC0HXNcVA,ali_fuadi,2026-02-11 07:00:00+07:00,"Masalahnya ini luka diabetes, Pak Bukan luka jatuh dari motor Bukan luka kena pisau dapur Ini luka yang bisa berujung kehilangan kaki",threads,2026-06-15 23:29:10.477375,threads,d7b09ddfe9593155568a849288412291
https://www.threads.com/@ali_fuadi/post/DUmx7GoCT-L?xmt=AQG0AYqe7i-TF9XEeiQU3s7XutbgNRKypgefyRC0HXNcVA,ali_fuadi,2026-02-11 07:00:00+07:00,Jangan sok erasa tahu Merasa aman Merasa “ah paling juga sembuh.”,threads,2026-06-15 23:29:10.477375,threads,b9cf19ebea1fc70ad9612b08f2ad1ea5
https://www.threads.com/@ali_fuadi/post/DUmx7GoCT-L?xmt=AQG0AYqe7i-TF9XEeiQU3s7XutbgNRKypgefyRC0HXNcVA,ali_fuadi,2026-02-11 07:00:00+07:00,"Dengar baik-baik: Luka diabetes idealnya lembap, bukan kering Kenapa ditutup? ✔ melindungi dari bakteri ✔ mempercepat regenerasi jaringan ✔ menjaga suhu luka stabil ✔ menurunkan risiko infeksi",threads,2026-06-15 23:29:10.477375,threads,6b656b29bcb58b1e82f9ff733009fab7
https://www.threads.com/@ali_fuadi/post/DUmx7GoCT-L?xmt=AQG0AYqe7i-TF9XEeiQU3s7XutbgNRKypgefyRC0HXNcVA,ali_fuadi,2026-02-11 07:00:00+07:00,"Kalau kamu atau keluargamu punya luka diabetes, jangan pakai logika “biar kering.” Pakai logika medis",threads,2026-06-15 23:29:10.477375,threads,0dec2c9df858a388294930985404bde7
https://www.threads.com/@ali_fuadi/post/DUmx7GoCT-L?xmt=AQG0AYqe7i-TF9XEeiQU3s7XutbgNRKypgefyRC0HXNcVA,ali_fuadi,2026-02-11 07:00:00+07:00,Follow dan Share Biar makin banyak orang yang paham,threads,2026-06-15 23:29:10.477375,threads,1c477bb53d2c245d16a5250385f3b897
https://www.threads.com/@ali_fuadi/post/DUmx7GoCT-L?xmt=AQG0AYqe7i-TF9XEeiQU3s7XutbgNRKypgefyRC0HXNcVA,damargho,2026-02-11 07:00:00+07:00,"Alm ayah diabetes, bandel minta ampun. Luka selalu dibersihkan dan ditutup pakai DaryantTulle sehari bisa habis bungkus, coba dikalikan berapa rp perhari nya 😁 Tapi jadinya cepat sembuh. Cuma bandelnya alm, ketika sudah sembuh luka nya, dia diam minum kopi pakai gula lagi. Akhirnya bonyok lagi, gitu saja terus sampai akhirnya amputasi nya. Jangan main sama diabetes.",threads,2026-06-15 23:29:10.477375,threads,bef132230fbc1dcda6f44b5de5602fa9
https://www.threads.com/@ali_fuadi/post/DUmx7GoCT-L?xmt=AQG0AYqe7i-TF9XEeiQU3s7XutbgNRKypgefyRC0HXNcVA,adit_izu,2026-02-11 07:00:00+07:00,"Balikin, Besok pake getah jarak aja, biarin sampe kering terserah dipake apa juga bisa 🫢",threads,2026-06-15 23:29:10.477375,threads,ed2dffa2736fc4ade5e75d0c83df073a
https://www.threads.com/@ali_fuadi/post/DUmx7GoCT-L?xmt=AQG0AYqe7i-TF9XEeiQU3s7XutbgNRKypgefyRC0HXNcVA,putraarya23,2026-02-11 07:00:00+07:00,"Alm emak ku sakit diabetes, punggung kaki sampai setengah betis kena lalu di urut ahli diabetes untuk tidak terjadi perambatan lebih setelahnya panggil perawat buat dibersihkan lukanya Krn biaya sekali panggil perawat lumayan akhirnya inisiatif sy lihat dan amati setelahnya sy sendiri yg merawat smpai lukanya kering dan berjalan normal.. Al-fatihah untuk emak saya 🥹",threads,2026-06-15 23:29:10.477375,threads,5c547dc0d925bfe5fb37131a19e659e0
https://www.threads.com/@ali_fuadi/post/DUmx7GoCT-L?xmt=AQG0AYqe7i-TF9XEeiQU3s7XutbgNRKypgefyRC0HXNcVA,obbie44,2026-02-11 07:00:00+07:00,Saya kirain jadi sembuh setelah dirawat 😩,threads,2026-06-15 23:29:10.477375,threads,e6460e88cec1c5ec5b9ee0fcbfe46109
https://www.threads.com/@ali_fuadi/post/DUmx7GoCT-L?xmt=AQG0AYqe7i-TF9XEeiQU3s7XutbgNRKypgefyRC0HXNcVA,putraarya23,2026-02-11 07:00:00+07:00,"Ya sembuh, setelah th kena pneumonia pas covid",threads,2026-06-15 23:29:10.477375,threads,89f455da060e12495bd16f3582096605
https://www.threads.com/@ali_fuadi/post/DUmx7GoCT-L?xmt=AQG0AYqe7i-TF9XEeiQU3s7XutbgNRKypgefyRC0HXNcVA,yeemce,2026-02-11 07:00:00+07:00,"Kak, ayahku sedang luka juga di kaki. Diabetes, GDS ny an. Lg suntik insulin jg setiap hari. Aku bingung cara merawat lukanya, karena yg luka awal udah kering. Dia malah nyebar ke bagian lain skrg jadi bengkak gitu tapi ga ada lubang. Jadinya nanahnya tu didalem gtu. Bapakku capek minum obatnya pengen dibersihin katanya supaya kempes. Sbnrnya luka kayak gitu apa emg barus dibedah dibersihin atau mending nunggu kempes aja sih?",threads,2026-06-15 23:29:10.477375,threads,b50314dfc6af780aff1dd3890217ccb5
https://www.threads.com/@ali_fuadi/post/DUmx7GoCT-L?xmt=AQG0AYqe7i-TF9XEeiQU3s7XutbgNRKypgefyRC0HXNcVA,leniindahretnowati,2026-02-11 07:00:00+07:00,"Masih banyak yg mikir kaya gini kak , nanti kunjungan berikutnya karna cairan nya banyak yg disalahin Nakes nya karna ditutup lukanya padahal emang cairan di lukanya lg banyak",threads,2026-06-15 23:29:10.477375,threads,b60addcea863644d800a90116d49eca6
https://www.threads.com/@ali_fuadi/post/DUmx7GoCT-L?xmt=AQG0AYqe7i-TF9XEeiQU3s7XutbgNRKypgefyRC0HXNcVA,diannmsari,2026-02-11 07:00:00+07:00,"Dulu ada pasien ku rutin rawat luka diabetes, awal pertemuan wah geleng aku sm dokter ku liat kondisinya. Tp beliau rutin dtg buat kontrol dan bersihin luka. Sampai lumayan lama bapakny ga dtg, trus dokter ku cerita ‘km inget bapak ini ga(nyebut nama)’ aku blg ‘iya dok inget, yg diabetes’ ‘bapaknya udh meninggal’ aku kaget :( pas kebetulan istrinya berobat gigi juga d klinik ku, istrinya blg udah sampai komplikasi dan d rawat di ICU si bapak sampai akhirnya meninggal🥹🥹🥹",threads,2026-06-15 23:29:10.477375,threads,108316bd18855b3d1b0522b0d71c4cfe
https://www.threads.com/@ali_fuadi/post/DUmx7GoCT-L?xmt=AQG0AYqe7i-TF9XEeiQU3s7XutbgNRKypgefyRC0HXNcVA,syfrzkhd,2026-02-11 07:00:00+07:00,Mas mau tanya.. Kaki ayh saya dari jempol sampai betis menggelap. Sebelumnya luka. Dan ada turunan diabetes dari keluarga. Di jempol pernah luka dan darahnya bau maniss gitu. Itu diabetes kah?,threads,2026-06-15 23:29:10.477375,threads,afb52fee1b21166dc8bfff191781dcba
https://www.threads.com/@ali_fuadi/post/DUmx7GoCT-L?xmt=AQG0AYqe7i-TF9XEeiQU3s7XutbgNRKypgefyRC0HXNcVA,uki_tawa,2026-02-11 07:00:00+07:00,Tks infonya mas 👍,threads,2026-06-15 23:29:10.477375,threads,9f193885387181a01d636a6ff76a7572
https://www.threads.com/@ali_fuadi/post/DUmx7GoCT-L?xmt=AQG0AYqe7i-TF9XEeiQU3s7XutbgNRKypgefyRC0HXNcVA,ali_fuadi,2026-02-11 07:00:00+07:00,sama-sama kak,threads,2026-06-15 23:29:10.477375,threads,0347d1e7c93663a38681cdd5a968f1e7
https://www.threads.com/@ali_fuadi/post/DUmx7GoCT-L?xmt=AQG0AYqe7i-TF9XEeiQU3s7XutbgNRKypgefyRC0HXNcVA,riris.setiawati10,2026-02-11 07:00:00+07:00,"Ka maaf tanya, klo org diabet kakinya bengkak itu gimana ya harus di apakan",threads,2026-06-15 23:29:10.477375,threads,3090da3db653628391f01118a02dfe3a
https://www.threads.com/@ali_fuadi/post/DUmx7GoCT-L?xmt=AQG0AYqe7i-TF9XEeiQU3s7XutbgNRKypgefyRC0HXNcVA,ali_fuadi,2026-02-11 07:00:00+07:00,cek albuminnya kak,threads,2026-06-15 23:29:10.477375,threads,7835616d3bedee179855e04f7a96ce0a
https://www.threads.com/@ali_fuadi/post/DUmx7GoCT-L?xmt=AQG0AYqe7i-TF9XEeiQU3s7XutbgNRKypgefyRC0HXNcVA,tsub_m7,2026-02-11 07:00:00+07:00,Bro berpikir ini cuma luka lecet gara pake sepatu😌,threads,2026-06-15 23:29:10.477375,threads,909c089d1c99ebd3f4bdfc6221adf197
https://www.threads.com/@ali_fuadi/post/DUmx7GoCT-L?xmt=AQG0AYqe7i-TF9XEeiQU3s7XutbgNRKypgefyRC0HXNcVA,adibfikriz,2026-02-11 07:00:00+07:00,"Saya pernah baca. Luka itu idealnya lembab, makanya secara alami tubuh mengeluarkan ekstrudat dan dressing luka itu penting. Waktu sya jatuh dari motor, luka itu tiap hari dibersihin pake air infus, oles bioplacenton, dan tutup pakai melolin. Alhamdulillah minggu progressnya bagus dan kulit cepet regenerasi.",threads,2026-06-15 23:29:10.477375,threads,8a34a4149bb247c451dc6b1550136a09
https://www.threads.com/@ali_fuadi/post/DUmx7GoCT-L?xmt=AQG0AYqe7i-TF9XEeiQU3s7XutbgNRKypgefyRC0HXNcVA,alinauliya21,2026-02-11 07:00:00+07:00,"Bener iniii, dulu family ada yg luka dan dia diabet, kalo ga diperban bisa benyek lukanya dan sembuhnya makin lamaaa..",threads,2026-06-15 23:29:10.477375,threads,9e5439a57fedd257e0a15a99f3bfa443
https://www.threads.com/@ali_fuadi/post/DUmx7GoCT-L?xmt=AQG0AYqe7i-TF9XEeiQU3s7XutbgNRKypgefyRC0HXNcVA,aldoarafahh,2026-02-11 07:00:00+07:00,Kadang ketemu pasien gini suka dia wkwkwk Di edukasi ga mempan,threads,2026-06-15 23:29:10.477375,threads,7cd3d1f0c4a05e7d4db444c95f6927a1
https://www.threads.com/@ali_fuadi/post/DUmx7GoCT-L?xmt=AQG0AYqe7i-TF9XEeiQU3s7XutbgNRKypgefyRC0HXNcVA,lestarituti,2026-02-11 07:00:00+07:00,"Alhamdulillah, luka ibu saya sdh sembuh. Setelah x perawatan, klinik swasta yg gak di cover bpjs. Tinggal jaga pola makan.",threads,2026-06-15 23:29:10.477375,threads,00cae45da5eb1180ecde5d4ed5a9ac16
https://www.threads.com/@ali_fuadi/post/DUmx7GoCT-L?xmt=AQG0AYqe7i-TF9XEeiQU3s7XutbgNRKypgefyRC0HXNcVA,jeng_bayik,2026-02-11 07:00:00+07:00,Mending ambil hair dryer kak Trus diarahin ke lukanya biar cepet kering,threads,2026-06-15 23:29:10.477375,threads,a5692b6bcf921c866e3d3895484c54e7
https://www.threads.com/@ali_fuadi/post/DUmx7GoCT-L?xmt=AQG0AYqe7i-TF9XEeiQU3s7XutbgNRKypgefyRC0HXNcVA,aminyonhaseyo,2026-02-11 07:00:00+07:00,"Kepikiran banget sama bapak mertua tapi emang susah banget dibilangin. Dia ada diabet, kakinya ketabrak motor sampe bengkak dan luka. Tapi katanya gak mau diajak ke dokter utk dirawat luka nya. Malah pilih ke alternatif dikasih minyak gt. Kondisi aku dan suami di luar pulau cm bisa tlp tanya kabar",threads,2026-06-15 23:29:10.477375,threads,66b740f89033ff132c04ad7ebeb7b692
https://www.threads.com/@ali_fuadi/post/DUmx7GoCT-L?xmt=AQG0AYqe7i-TF9XEeiQU3s7XutbgNRKypgefyRC0HXNcVA,ariescaf,2026-02-12 07:00:00+07:00,Di oven sekalian biar test kriuk,threads,2026-06-15 23:29:10.477375,threads,84917c565b1a9a637541023e79d2a96e
https://www.threads.com/@ali_fuadi/post/DUmx7GoCT-L?xmt=AQG0AYqe7i-TF9XEeiQU3s7XutbgNRKypgefyRC0HXNcVA,nurullfitrianah,2026-02-12 07:00:00+07:00,"Ada nih orang jempol kakinya tuh kya cantengen dua²nya dari SMP sampe sekarang umur an masih gitu almarhum ortunya ada riwayat diabet, tp gula dia normal gimna tuh bahaya ga sih?",threads,2026-06-15 23:29:10.477375,threads,2abbbb95df687b0de144d96b5fd343c9
https://www.threads.com/@ali_fuadi/post/DUmx7GoCT-L?xmt=AQG0AYqe7i-TF9XEeiQU3s7XutbgNRKypgefyRC0HXNcVA,ali_fuadi,2026-02-12 07:00:00+07:00,HbA c aman kak?,threads,2026-06-15 23:29:10.477375,threads,f2767035a3785de7b56eaf1fe81ef65e
https://www.threads.com/@ali_fuadi/post/DUmx7GoCT-L?xmt=AQG0AYqe7i-TF9XEeiQU3s7XutbgNRKypgefyRC0HXNcVA,ian_fath,2026-02-22 07:00:00+07:00,"Dulu bapak divonis diabetes, tiap cek gula darah angkanya bikin deg-deg’an. Kami pelan-pelan ganti nasi putih ke beras sagu, awalnya cuma coba-coba karena katanya lebih ringan di gula darah. Nggak instan sih, tapi setelah rutin dan tetap jaga makan, hasil cek mulai turun dan bapak sekarang lebih semangat jalan pagi lagi.",threads,2026-06-15 23:29:10.477375,threads,e4a183caedb74d2e32a0731963238bb0
https://www.threads.com/@ali_fuadi/post/DUmx7GoCT-L?xmt=AQG0AYqe7i-TF9XEeiQU3s7XutbgNRKypgefyRC0HXNcVA,mahda_u,2026-02-06 07:00:00+07:00,"d temen ada gak yang keluarganya pernah dipotong / amputasi karena diabetes, kira ada yg sembuh gak? atau tetep gak selamat? terus kalo gk dipotong gimana? bingung banget jadi hari ini ibuku disuruh tindakan untung potong jari kaki karena ada luka dan mengakibatkan bengkak di bagiian punggung kaki, dan beliau katanya gak mau dioperasi, tapi kalo gk dioperasi takut lukanya semakin melebar 😭🥹🥹😭",threads,2026-06-15 23:29:10.477375,threads,972fb595c4de406179c54df28b5aafbe
https://www.threads.com/@ali_fuadi/post/DUmx7GoCT-L?xmt=AQG0AYqe7i-TF9XEeiQU3s7XutbgNRKypgefyRC0HXNcVA,fo_biela,2026-04-24 07:00:00+07:00,Guyss share dong.disini ad yang penderita diabetes gakk?? Dan punya luka yang susah sembuh gakk??,threads,2026-06-15 23:29:10.477375,threads,068355393d325b93a9c104e98495c953
https://www.threads.com/@ali_fuadi/post/DUmx7GoCT-L?xmt=AQG0AYqe7i-TF9XEeiQU3s7XutbgNRKypgefyRC0HXNcVA,kartikaclarissa,2026-05-02 07:00:00+07:00,"Guys sharing dong, ada yang lagi ngalamin luka diabetes atau kenal org yg ngalamin luka diabetes ga? Cara sembuhinnya gimana dan harus ke dr apa ya?",threads,2026-06-15 23:29:10.477375,threads,8df824ccfd6fc6fbea5ad2a4242ae17f
https://www.threads.com/@ali_fuadi/post/DUmx7GoCT-L?xmt=AQG0AYqe7i-TF9XEeiQU3s7XutbgNRKypgefyRC0HXNcVA,aisitim,2026-04-21 07:00:00+07:00,"Assalamualaikum wargaa izin tanya, ada yang tau tempat perawatan luka diabetes selain di rumat dimana yaa? Jujur di rumat bagus banget & cocok, tapi untuk saat ini kondisi ekonomi lagi nggak stabil, mudah n warga disini ada yang tau tempat perawatan yg harga nya di bawah rumat boleh komen yaa, berbagai pengalaman merawat luka diabet pun boleh banget, aku perlu ilmu yang banyak, terimakasih ❤",threads,2026-06-15 23:29:10.477375,threads,c11ea9dfa7956ec3e37b157effa437a2
https://www.threads.com/@ali_fuadi/post/DUmx7GoCT-L?xmt=AQG0AYqe7i-TF9XEeiQU3s7XutbgNRKypgefyRC0HXNcVA,wish.listkuuu,2026-02-06 07:00:00+07:00,diabetes d Luka diabetes jangan ditutup terlalu lembap terus-menerus. Kalau salah perawatan bisa makin lama sembuh. Kalian biasanya pakai betadine atau cairan saline buat bersihin luka?,threads,2026-06-15 23:29:10.477375,threads,267c081e78f985f39e0e683709f28ae1
https://www.threads.com/@ragustn99_/post/DBgjPehzw-D?xmt=AQG0AYqe7i-TF9XEeiQU3s7XutbgNRKypgefyRC0HXNcVA,ragustn99_,2024-10-24 07:00:00+07:00,"Ada yang pernah orangtua/keluarga/ teman yang sakit diabetes? Ada yang bisa jelasin kenapa bisa sampai ke ginjal,jantung yang katanya kerendam, dan paru-paru yang ada cairan? Soalnya bokap lagi sakit dan kondisinya udah stroke th, dan tiba” divonis beberapa penyakit tersebut. Tapi disini aku masih gagal paham. 😭",threads,2026-06-15 23:29:10.477375,threads,2071215aceeec87a7e8999c380ff1a4b
https://www.threads.com/@ragustn99_/post/DBgjPehzw-D?xmt=AQG0AYqe7i-TF9XEeiQU3s7XutbgNRKypgefyRC0HXNcVA,jackhui75,2024-10-24 07:00:00+07:00,"Saya paham Anda sedih dan takut akan kondisi Bapak.. tapii..kalau boleh saran.. Doakan yang terbaik buat Bapaknya.. Jernihkan pikiran, jangan panik, terima keadaannya bagaimanapun itu.. lalu temui dokternya.. minta penjelasan detailnya dengarkan baik-baik dan pahami.. selanjutnya lakukan yang Anda bisa sesuai saran dokter yang menangani Bapak. Saya turut berdoa untuk kesembuhan dan yang terbaik untuk Bapak Anda.",threads,2026-06-15 23:29:10.477375,threads,576745032a598ecf25e359c1686f06f5
https://www.threads.com/@ragustn99_/post/DBgjPehzw-D?xmt=AQG0AYqe7i-TF9XEeiQU3s7XutbgNRKypgefyRC0HXNcVA,ragustn99_,2024-10-25 07:00:00+07:00,"Terima kasih kakak, semoga sehat selalu ya 🙏🏻",threads,2026-06-15 23:29:10.477375,threads,8dc0027679be51a6bfd5e00e7e39f28a
https://www.threads.com/@ragustn99_/post/DBgjPehzw-D?xmt=AQG0AYqe7i-TF9XEeiQU3s7XutbgNRKypgefyRC0HXNcVA,jasonjulio,2024-10-24 07:00:00+07:00,"Komplikasi diabetes yg tdk trkontrol bkin gagal ginjal. Kalau sudah gagal ginjal, cairan susah keluar, otomatis keluar jaringan sekitarnya, kaki tangan jdi bengkak berisi cairan. Jantung kepenuhan air otomatis paru jadi terendam. Semoga membantu.",threads,2026-06-15 23:29:10.477375,threads,29ca0a7317f6b3a209e2d6750fd455f4
https://www.threads.com/@ragustn99_/post/DBgjPehzw-D?xmt=AQG0AYqe7i-TF9XEeiQU3s7XutbgNRKypgefyRC0HXNcVA,ragustn99_,2024-10-28 07:00:00+07:00,"Makasih mas, penjelasannya sangat membantu dan mudah dipahami untuk saya 🙏🏻 Semoga mas jason dan keluarga selalu diberi kesehatan",threads,2026-06-15 23:29:10.477375,threads,469a84afa534c72eefa7d4604255ce92
https://www.threads.com/@ragustn99_/post/DBgjPehzw-D?xmt=AQG0AYqe7i-TF9XEeiQU3s7XutbgNRKypgefyRC0HXNcVA,ragustn99_,2024-10-25 07:00:00+07:00,"Belum ada diminta cuci darah kak, sekarang masih perawatan di ICU",threads,2026-06-15 23:29:10.477375,threads,11495a7f6ca8221355b28647cdc2c8b3
https://www.threads.com/@ragustn99_/post/DBgjPehzw-D?xmt=AQG0AYqe7i-TF9XEeiQU3s7XutbgNRKypgefyRC0HXNcVA,magdalena_aqnes,2024-10-25 07:00:00+07:00,"Ayahku diabet sjk . Yg dilakukan ayahku minum obat teratur, jaga makan & tiap bulan kontrol ke dokter. Spt yg sdh disampaikan di atas, diabet & darting tdk terkontrol, bs menyebabkan munculnya penyakit lain. Semoga ayahnya lekas pulih ya..",threads,2026-06-15 23:29:10.477375,threads,c2f16620922c8f2b9ed6955da6935e59
https://www.threads.com/@ragustn99_/post/DBgjPehzw-D?xmt=AQG0AYqe7i-TF9XEeiQU3s7XutbgNRKypgefyRC0HXNcVA,ragustn99_,2024-10-27 07:00:00+07:00,"Terima kasih doanya kaka, soga sehat selalu juga untuk ayah kakak 🤗",threads,2026-06-15 23:29:10.477375,threads,9e061a274d847683474365dccb1529ce
https://www.threads.com/@ragustn99_/post/DBgjPehzw-D?xmt=AQG0AYqe7i-TF9XEeiQU3s7XutbgNRKypgefyRC0HXNcVA,rasma_wati10,2024-10-25 07:00:00+07:00,"Diabetes itu induk penyakit, perlahan tp pasti akan merembet ke jantung dan ginjal...",threads,2026-06-15 23:29:10.477375,threads,5a3904974f3cd896a9f2e240827611c9
https://www.threads.com/@ragustn99_/post/DBgjPehzw-D?xmt=AQG0AYqe7i-TF9XEeiQU3s7XutbgNRKypgefyRC0HXNcVA,ragustn99_,2024-10-27 07:00:00+07:00,"Iya betul banget kak, ternyata semuanya itu dari diabetes 😢",threads,2026-06-15 23:29:10.477375,threads,086bf5393577e44b689b7b23b173e102
https://www.threads.com/@ragustn99_/post/DBgjPehzw-D?xmt=AQG0AYqe7i-TF9XEeiQU3s7XutbgNRKypgefyRC0HXNcVA,rasma_wati10,2024-10-28 07:00:00+07:00,"Logika sederhananya ibarat air putih di kasih gula banyak pasti airnyalebih kental dr air putih biasa, kyk gitu jg dgn darah tinggi kadar gula, darah pun jadi kental, organ dlm badan kita jd bekerja keras berkali lipat, lama ya rusak....",threads,2026-06-15 23:29:10.477375,threads,d31f9b6d932b9d1e9c9c2e7a46cf146d
https://www.threads.com/@ragustn99_/post/DBgjPehzw-D?xmt=AQG0AYqe7i-TF9XEeiQU3s7XutbgNRKypgefyRC0HXNcVA,nabilabmm,2024-10-24 07:00:00+07:00,"Diabetes itu jika tidak terkontrol membuat darah kental, menyebabkan kerja ginjal makin berat. Mempermudah plak kolesterol terbentuk yang dapat menyebabkan sumbatan di otak/jantung/seluruh tubuh yg akibatnya Ada stroke, jantung, PAD dll. Ditambah jika memang ada hipertensi yg tidak terkontrol juga, memperberat kerja ginjal juga, jantung kerja nya semakin berat, bisa komplikasi ke stroke juga",threads,2026-06-15 23:29:10.477375,threads,b7ff2c9e341804f3bc93defbea2844a6
https://www.threads.com/@ragustn99_/post/DBgjPehzw-D?xmt=AQG0AYqe7i-TF9XEeiQU3s7XutbgNRKypgefyRC0HXNcVA,ragustn99_,2024-10-24 07:00:00+07:00,"Oh iya kak papa aku ada hipertensi juga kak. Sekarang tangan dan kakinya bengkak juga kak, itu darah atau cairan apa ya kak? Kalo sudah terjadi seperti itu ada saran sebaiknya apa yang perlu dilakukan keluarga ya kak? Jujur saya masih bingung harus melakukan apa 😢",threads,2026-06-15 23:29:10.477375,threads,6d6c3f4ed5f639bc131cb95568ca54b3
https://www.threads.com/@ragustn99_/post/DBgjPehzw-D?xmt=AQG0AYqe7i-TF9XEeiQU3s7XutbgNRKypgefyRC0HXNcVA,adolfliebert,2026-02-06 07:00:00+07:00,"d Kak ibu saya sama kak, kondisi bapak sekarang bagaimana semoga sehat dan dipanjang umur",threads,2026-06-15 23:29:10.477375,threads,d8721a586a22ba3374feeadd50c593b0
https://www.threads.com/@ragustn99_/post/DBgjPehzw-D?xmt=AQG0AYqe7i-TF9XEeiQU3s7XutbgNRKypgefyRC0HXNcVA,novita.anggie,2024-10-24 07:00:00+07:00,Krn efek dri obat²an bisa menyebabkan ginjal mengalami penurunan fungsi. Paru kerendam krn efek dari sel² yang sdh tdk berfungsi juga. Coba konsumsi nutrisi AFC yg bisa menjadi solusi untuk semua keluhan² yg dialami,threads,2026-06-15 23:29:10.477375,threads,865164e01d033dd123d4ca49eb81161b
https://www.threads.com/@ragustn99_/post/DBgjPehzw-D?xmt=AQG0AYqe7i-TF9XEeiQU3s7XutbgNRKypgefyRC0HXNcVA,takakurakenz,2024-10-24 07:00:00+07:00,neng mending cpt aj datengin bapaknya,threads,2026-06-15 23:29:10.477375,threads,161e780688451f3590c9f761b087d0d7
https://www.threads.com/@ragustn99_/post/DBgjPehzw-D?xmt=AQG0AYqe7i-TF9XEeiQU3s7XutbgNRKypgefyRC0HXNcVA,ragustn99_,2024-10-24 07:00:00+07:00,"Sudah kak, tapi memang belum bisa ketemu dokternya 😢",threads,2026-06-15 23:29:10.477375,threads,e600e6a426324e038f3d4cac2b3ff808
https://www.threads.com/@ragustn99_/post/DBgjPehzw-D?xmt=AQG0AYqe7i-TF9XEeiQU3s7XutbgNRKypgefyRC0HXNcVA,haidir_karca,2024-10-24 07:00:00+07:00,"Diabetes menyebabkan pembuluh darah menjadi rusak, ibarat jalan tol yang awalnya lancar namun karena jalan tolnya rusak dan penuh lubang akhirnya supply ke segala organ jadi terganggu. Pembuluh darah yang rusak ini akhirnya diisi oleh lemak, kolesterol dan menyebabkan penyempitan dan terjadilah serangan jantung, stroke dst. Edema paru (paru terendam) disebabkan bbrpa mekanisme yg penyebab utama krn jantung dan ginjal yang bermasalah.",threads,2026-06-15 23:29:10.477375,threads,04e11592587c802032b039f54fc9fd5c
https://www.threads.com/@ragustn99_/post/DBgjPehzw-D?xmt=AQG0AYqe7i-TF9XEeiQU3s7XutbgNRKypgefyRC0HXNcVA,yulianamargae,2024-10-25 07:00:00+07:00,"Diabetes itu bukan penyakit tapi dampak dari penyakit. Penyakitnya itu ada di pankreas dan pembuluh darah. Dan selama ini dokter memberi obat seumur hidup hanya untuk menekan supaya diabet tidak tinggi. Obat kimia diminum terus menerus tentu saja berdampak kesemua organ tubuh yg lain. Coba gunakan Sop Subarashi, produk ini bisa membantu untuk mentriger induk sel kita untuk meregenerasi sel kita yang rusak. Utk penjelasan lebih banyak bisa DM saya di Instagram saya, jika bersedia. Terima kasih",threads,2026-06-15 23:29:10.477375,threads,1130d5e3abc63f403220b5a558d30d47
https://www.threads.com/@ragustn99_/post/DBgjPehzw-D?xmt=AQG0AYqe7i-TF9XEeiQU3s7XutbgNRKypgefyRC0HXNcVA,ni_sya25,2024-10-25 07:00:00+07:00,"suami sya awalnya diabetes lalu hipertensi lalu kolesterol, efeknya sdh ke ginjal dan mata yg semakin rabun",threads,2026-06-15 23:29:10.477375,threads,c1687fc28963bbf30247c6d2d96c3c56
https://www.threads.com/@ragustn99_/post/DBgjPehzw-D?xmt=AQG0AYqe7i-TF9XEeiQU3s7XutbgNRKypgefyRC0HXNcVA,ragustn99_,2024-10-28 07:00:00+07:00,Lalu gimana keadaanya sekarang suaminya kak? 🥺,threads,2026-06-15 23:29:10.477375,threads,b528e28621251526490ffd1899014654
https://www.threads.com/@ragustn99_/post/DBgjPehzw-D?xmt=AQG0AYqe7i-TF9XEeiQU3s7XutbgNRKypgefyRC0HXNcVA,ni_sya25,2024-10-29 07:00:00+07:00,"dilarang minum obat diabetes jd atur makan, yg tetap lanjut obat hipertensi. pernah cek kreatinin infonya diangka , skrg efek ginjal jga kayaknya kena ke lambungnya. matanya proses laser tp yg dilaser malah makin kabur.",threads,2026-06-15 23:29:10.477375,threads,940ad222c6aaba1661e0fd4d3fc2f278
https://www.threads.com/@ragustn99_/post/DBgjPehzw-D?xmt=AQG0AYqe7i-TF9XEeiQU3s7XutbgNRKypgefyRC0HXNcVA,ragustn99_,2024-10-29 07:00:00+07:00,Semoga tetap kuat untuk kakak yang mendampingi dan semangat juga untuk suami ya kak 🤗,threads,2026-06-15 23:29:10.477375,threads,9b41dfa11cd6394423609dafe0740e4e
https://www.threads.com/@ragustn99_/post/DBgjPehzw-D?xmt=AQG0AYqe7i-TF9XEeiQU3s7XutbgNRKypgefyRC0HXNcVA,teru2boshu,2024-10-25 07:00:00+07:00,"Kebetulan alm ayah diabetes udh menjalar k paru .sumber awal krn pankreas udh kewalahan memproduksi insulin utk mengolah gula spy bs disalurkan ke organ lain. Imbas nya gula numpuk di darah.fungsi ginjal sbg filtrasi darah.klo darah aj full gula,krj dy makin keras. Inilah yg bikin gagal ginjal.komplikasi lain ke organ tubuh.krn yg hrs ny gula bs sbg energi utk organ bekerja tp cm jln di darah doang. Efek samping gula adl inflamasi peradangan",threads,2026-06-15 23:29:10.477375,threads,7dca344d2d2d921e4e9023ed5cef0871
https://www.threads.com/@ragustn99_/post/DBgjPehzw-D?xmt=AQG0AYqe7i-TF9XEeiQU3s7XutbgNRKypgefyRC0HXNcVA,teru2boshu,2024-10-25 07:00:00+07:00,Kebayangkan organ yg dilalui darah yg penuh gula. Si gula cm nempel di dinding organ tanpa ngasih manfaat. Lambat laun si dinding terinflamasi. Rusak lah si organ. Apalagi terpapar virus/bakteri penyebab paru. Gula td bikin organ paru daya tahan nya menurun. Kira gambaran umum ny ky gini sih. Dr penyakit DM. Menjalar nya kemana mana. Yaa krn darah yg diserang sm gula. Sedangkan darah dlm tubuh fungsi nya akomodasi zat yg dibtuhkan tubuh,threads,2026-06-15 23:29:10.477375,threads,fd9a3be8dcfbd601568d174d907789b2
https://www.threads.com/@ragustn99_/post/DBgjPehzw-D?xmt=AQG0AYqe7i-TF9XEeiQU3s7XutbgNRKypgefyRC0HXNcVA,teru2boshu,2024-10-25 07:00:00+07:00,Dan skr aku mengidap prediabetes 😄. Lbh krn pola hidup yg dl ngawur sih. Klo ada yg blg krn turunan yaa bs jd. Jd buat kmu. Please aware yaa sm apa yg kmu makan dan pola hidup sehat. Krn kan Bpk terindikasi ada diabetes. Jd baik nya mulai skr hidup sehat. Jgn sampe nyesel. Diabetes ini masuk penyakit mematikan setelah jantung,threads,2026-06-15 23:29:10.477375,threads,f4c9a2586f42b1d428b0cf79e59de0f9
https://www.threads.com/@ragustn99_/post/DBgjPehzw-D?xmt=AQG0AYqe7i-TF9XEeiQU3s7XutbgNRKypgefyRC0HXNcVA,ragustn99_,2024-10-25 07:00:00+07:00,"Terima kasih penjelasannya kak, semoga kakak juga sehat selalu ya kak semangat 🤗🤗",threads,2026-06-15 23:29:10.477375,threads,c0d606409dcae38c670e9ee8caeaa9e5
https://www.threads.com/@ragustn99_/post/DBgjPehzw-D?xmt=AQG0AYqe7i-TF9XEeiQU3s7XutbgNRKypgefyRC0HXNcVA,cho.dewa,2024-10-24 07:00:00+07:00,"Diabetes itu ibunya penyakit. Dengan kata lain diabetes bisa menyebabkan gangguan pada organ lain, sprti pembuluh darah, saraf, ginjal dan jantung.",threads,2026-06-15 23:29:10.477375,threads,7a0b7b7de2ecc94cf561f721a0204354
https://www.threads.com/@ragustn99_/post/DBgjPehzw-D?xmt=AQG0AYqe7i-TF9XEeiQU3s7XutbgNRKypgefyRC0HXNcVA,yoanita_sutjianto,2024-10-25 07:00:00+07:00,"Untuk kamu bisa paham, sulit kalau cuma lewat message gini ya. Mending coba dengar di youtube, jd bisa paham. Bisa cek chanel a-z health, atau chanel kesehatan lain",threads,2026-06-15 23:29:10.477375,threads,4876e6d3e05ec6830931b789907c4d0f
https://www.threads.com/@ragustn99_/post/DBgjPehzw-D?xmt=AQG0AYqe7i-TF9XEeiQU3s7XutbgNRKypgefyRC0HXNcVA,meiii.liii,2024-10-24 07:00:00+07:00,Udh berobat kmn aja kak?,threads,2026-06-15 23:29:10.477375,threads,434416e7e0602de78838c94580c05b4b
https://www.threads.com/@ragustn99_/post/DBgjPehzw-D?xmt=AQG0AYqe7i-TF9XEeiQU3s7XutbgNRKypgefyRC0HXNcVA,ragustn99_,2024-10-24 07:00:00+07:00,Udah kak dan sekarang lagi dirawat. Aku bekum tanya detil tindakan dan perawatan seperti apa yang perlu dilakukan ke dokter langsung karena masih diluar kota. Tapi belum puas dengan bertanya ke kakak/ibu yang menunggu papah.,threads,2026-06-15 23:29:10.477375,threads,22aab7dd4def15f4ff3af4456cdf5200
https://www.threads.com/@ragustn99_/post/DBgjPehzw-D?xmt=AQG0AYqe7i-TF9XEeiQU3s7XutbgNRKypgefyRC0HXNcVA,meiii.liii,2024-10-25 07:00:00+07:00,Semangat ya kak. Domisili mana kak?,threads,2026-06-15 23:29:10.477375,threads,79b5c01d01af2024d92747b46be716a4
https://www.threads.com/@ragustn99_/post/DBgjPehzw-D?xmt=AQG0AYqe7i-TF9XEeiQU3s7XutbgNRKypgefyRC0HXNcVA,mik_a_e_l_a,2024-10-24 07:00:00+07:00,Diabetes kalo tidak terkontrol merusak organ lain beserta syaraf nya.,threads,2026-06-15 23:29:10.477375,threads,02fa8e8f34b36dc9a7110f6ba15a0887
https://www.threads.com/@ragustn99_/post/DBgjPehzw-D?xmt=AQG0AYqe7i-TF9XEeiQU3s7XutbgNRKypgefyRC0HXNcVA,cv_kreative,2024-10-24 07:00:00+07:00,"Sy perawat luka diabetes ckup paham diabetes, kurleb sama dgn yg dujelaskan tmn tmn diatas",threads,2026-06-15 23:29:10.477375,threads,2a1659f48efa97728754199abefaea48
https://www.threads.com/@ragustn99_/post/DBgjPehzw-D?xmt=AQG0AYqe7i-TF9XEeiQU3s7XutbgNRKypgefyRC0HXNcVA,nyx.inferna,2024-10-25 07:00:00+07:00,Jawabannya satu: kerusakan pembuluh darah mikro dan makro.,threads,2026-06-15 23:29:10.477375,threads,2fa6ca5d3ad6d99251f237cf9c62bf7f
https://www.threads.com/@ragustn99_/post/DBgjPehzw-D?xmt=AQG0AYqe7i-TF9XEeiQU3s7XutbgNRKypgefyRC0HXNcVA,tirtaswhyd,2024-10-25 07:00:00+07:00,Lansia emg rawan komplikasi sih kak,threads,2026-06-15 23:29:10.477375,threads,11ac5a3c8942f3961768958c03cf3331
https://www.threads.com/@ragustn99_/post/DBgjPehzw-D?xmt=AQG0AYqe7i-TF9XEeiQU3s7XutbgNRKypgefyRC0HXNcVA,wulandarzky,2024-10-25 07:00:00+07:00,"Papahku stroke, sekitar th ke papahku kena serangan jantung dan paru nya kerendam akibat gagal jantung (diagnosis baru), th kemudian nafasnya sesak sekali, pas diperiksa ternyata otot jantungnya kata dokter sudah banyak ada kerusakan dan kelemahan. Ditanya penyebabnya apa, kata dokternya memang perjalanan penyakitnya bisa seperti itu. Papah sya memang agak sulit menuruti pantangan.",threads,2026-06-15 23:29:10.477375,threads,03743768b383b190c5b016e5752d3d34
https://www.threads.com/@ragustn99_/post/DBgjPehzw-D?xmt=AQG0AYqe7i-TF9XEeiQU3s7XutbgNRKypgefyRC0HXNcVA,xinau_li,2024-10-25 07:00:00+07:00,"Kalo kata dokter jantungku, diabetes itu mbahnya penyakit, yg mana pyk lain itu anak cucu nya. Jd siap aja kalau udh kena diabetes, yg lain akan datang (kalau diabetesnya ga ditangani sejak dini).",threads,2026-06-15 23:29:10.477375,threads,7fd17a305834cfd3b72ea68b002a7120
https://www.threads.com/@ragustn99_/post/DBgjPehzw-D?xmt=AQG0AYqe7i-TF9XEeiQU3s7XutbgNRKypgefyRC0HXNcVA,faniyah.alhabsyi,2024-10-24 07:00:00+07:00,"Diabetes Mellitus adalah ""Ibu dari Banyak Penyakit"". Kalau kena DM, hampir semua organ vital bisa kena dampaknya, mulai dari otak, jantung, paru, ginjal, mata, kulit, dst..",threads,2026-06-15 23:29:10.477375,threads,bfe010a2931ba312b15e64f334f69d44
https://www.threads.com/@ragustn99_/post/DBgjPehzw-D?xmt=AQG0AYqe7i-TF9XEeiQU3s7XutbgNRKypgefyRC0HXNcVA,cokidewi,2024-10-25 07:00:00+07:00,"Masih bs jalan?, klu iya olah raga jalan minim mnr hbs makan",threads,2026-06-15 23:29:10.477375,threads,465db2bc935461e15725f9767cb5ee9a
https://www.threads.com/@ragustn99_/post/DBgjPehzw-D?xmt=AQG0AYqe7i-TF9XEeiQU3s7XutbgNRKypgefyRC0HXNcVA,movieweb,2026-02-06 07:00:00+07:00,h Ready to rumble. movieweb.com 'Avatar: The Last Airbender' Season Trailer Shows Toph Joining the Fight on Netflix,threads,2026-06-15 23:29:10.477375,threads,de9378aff0eea85f98bc4652570010bc
https://www.threads.com/@ragustn99_/post/DBgjPehzw-D?xmt=AQG0AYqe7i-TF9XEeiQU3s7XutbgNRKypgefyRC0HXNcVA,kathmschmidt,2026-02-06 07:00:00+07:00,"h I want to stop doing full PR campaigns by . I've never been in a phase of my life when I have said, ""I don't want to do this anymore,"" more than in the last few weeks. It is just an absolutely thankless job (save for some authors who are truly wonderful). I will be in August, and life is too short. I'd rather consult, teach, and write.",threads,2026-06-15 23:29:10.477375,threads,7266f31fe7208bbce0a34c9fbb620912
https://www.threads.com/@ragustn99_/post/DBgjPehzw-D?xmt=AQG0AYqe7i-TF9XEeiQU3s7XutbgNRKypgefyRC0HXNcVA,loloisawake,2026-02-06 07:00:00+07:00,"h What an incredible opportunity to hear from Former President Evo Morales. The US has its hands all over this situation, per usual. Neolibralism sucks. youtu.be/SQTJ … Bolivia's population is majority Indigenous and they are defending their land and lives. youtube.com Evo Morales to The Grayzone: 'The people have reached their breaking point'",threads,2026-06-15 23:29:10.477375,threads,4569c3c3c17b1ba7e954b15e597a2d9e
https://www.threads.com/@dokter_nunung/post/DYLfjRXj0tY?xmt=AQG0AYqe7i-TF9XEeiQU3s7XutbgNRKypgefyRC0HXNcVA,dokter_nunung,2026-05-11 07:00:00+07:00,"Bagi yang punya hipertensi, diabetes, dan obesitas, ternyata membuat tubuh jadi normal kembali itu mudah lho. Ayuk gabung, saya akan mendampingi, tanpa diet yg kelaparan lho . saya aja kekenyangan",threads,2026-06-15 23:29:10.477375,threads,dca1b7ef41d66ec840e8548384836448
https://www.threads.com/@dokter_nunung/post/DYLfjRXj0tY?xmt=AQG0AYqe7i-TF9XEeiQU3s7XutbgNRKypgefyRC0HXNcVA,ndaroetn,2026-05-11 07:00:00+07:00,"Ijin, minta tips nya dok, sy gampang naik susah turun. Pernah sampe kg, turun sampe skrg naik lagi ke . IF bisa sampe jam. Olahraga msh rutin jalan kaki dan gym x seminggu @ jam per sesi",threads,2026-06-15 23:29:10.477375,threads,c045c0e43373fbdd1af5e703ef378eca
https://www.threads.com/@dokter_nunung/post/DYLfjRXj0tY?xmt=AQG0AYqe7i-TF9XEeiQU3s7XutbgNRKypgefyRC0HXNcVA,yuan_yuane,2026-05-11 07:00:00+07:00,Aku hiperttensi dok,threads,2026-06-15 23:29:10.477375,threads,2b830049a798969576ef3374275d8da4
https://www.threads.com/@dokter_nunung/post/DYLfjRXj0tY?xmt=AQG0AYqe7i-TF9XEeiQU3s7XutbgNRKypgefyRC0HXNcVA,dokter_nunung,2026-05-11 07:00:00+07:00,diskusi di grup ya.. saya kirim link di inbox,threads,2026-06-15 23:29:10.477375,threads,0c6cdb4ef8df28cda06a6d1bad873dd3
https://www.threads.com/@dokter_nunung/post/DYLfjRXj0tY?xmt=AQG0AYqe7i-TF9XEeiQU3s7XutbgNRKypgefyRC0HXNcVA,susysusy68,2026-05-11 07:00:00+07:00,Mksdnya gmn dok ? Ber bayar kah ?,threads,2026-06-15 23:29:10.477375,threads,8f9af5ab36e2f9c07dee32992c92435d
https://www.threads.com/@dokter_nunung/post/DYLfjRXj0tY?xmt=AQG0AYqe7i-TF9XEeiQU3s7XutbgNRKypgefyRC0HXNcVA,naro_pang,2026-05-11 07:00:00+07:00,Mau lah dok,threads,2026-06-15 23:29:10.477375,threads,d0e19d45bde22977e90eb69f85dae4d6
https://www.threads.com/@dokter_nunung/post/DYLfjRXj0tY?xmt=AQG0AYqe7i-TF9XEeiQU3s7XutbgNRKypgefyRC0HXNcVA,dokter_nunung,2026-05-12 07:00:00+07:00,klik link di profil,threads,2026-06-15 23:29:10.477375,threads,4591f8ce3311ee4efe5e586f7e0d6548
https://www.threads.com/@dokter_nunung/post/DYLfjRXj0tY?xmt=AQG0AYqe7i-TF9XEeiQU3s7XutbgNRKypgefyRC0HXNcVA,afdhl84,2026-05-11 07:00:00+07:00,Team hypertensi dan DM 😬 Ikutan,threads,2026-06-15 23:29:10.477375,threads,852471aaa55bd7b7589fa30024610e45
https://www.threads.com/@dokter_nunung/post/DYLfjRXj0tY?xmt=AQG0AYqe7i-TF9XEeiQU3s7XutbgNRKypgefyRC0HXNcVA,dokter_nunung,2026-05-12 07:00:00+07:00,Sdh klik link wa diprofil ?,threads,2026-06-15 23:29:10.477375,threads,05fd510b5b90277f7e4e692beebb52b3
https://www.threads.com/@dokter_nunung/post/DYLfjRXj0tY?xmt=AQG0AYqe7i-TF9XEeiQU3s7XutbgNRKypgefyRC0HXNcVA,devy_adhriany,2026-05-12 07:00:00+07:00,Mau dok ikutan,threads,2026-06-15 23:29:10.477375,threads,b7426a2c98dd7b4b87fbb79b3565f74e
https://www.threads.com/@dokter_nunung/post/DYLfjRXj0tY?xmt=AQG0AYqe7i-TF9XEeiQU3s7XutbgNRKypgefyRC0HXNcVA,dokter_nunung,2026-05-11 07:00:00+07:00,ok. klik link di profil ya,threads,2026-06-15 23:29:10.477375,threads,f99ec85e483183102fc555481071ddad
https://www.threads.com/@dokter_nunung/post/DYLfjRXj0tY?xmt=AQG0AYqe7i-TF9XEeiQU3s7XutbgNRKypgefyRC0HXNcVA,dokter_nunung,2026-05-14 07:00:00+07:00,Bu. ada link WAGdi Profil,threads,2026-06-15 23:29:10.477375,threads,33263a82f5c36adbccaf15fff570042c
https://www.threads.com/@dokter_nunung/post/DYLfjRXj0tY?xmt=AQG0AYqe7i-TF9XEeiQU3s7XutbgNRKypgefyRC0HXNcVA,deriza_muslim_galeri,2026-05-12 07:00:00+07:00,"Mau dokter, bagaimana caranya?",threads,2026-06-15 23:29:10.477375,threads,b9fc543c767cc75fc9da3dc1f664a802
https://www.threads.com/@dokter_nunung/post/DYLfjRXj0tY?xmt=AQG0AYqe7i-TF9XEeiQU3s7XutbgNRKypgefyRC0HXNcVA,dokter_nunung,2026-05-12 07:00:00+07:00,masuk grup dulu ya. diskusi. Klik link WAG di profil,threads,2026-06-15 23:29:10.477375,threads,82f11353e58c134f408b6952dbb9e606
https://www.threads.com/@dokter_nunung/post/DYLfjRXj0tY?xmt=AQG0AYqe7i-TF9XEeiQU3s7XutbgNRKypgefyRC0HXNcVA,newichan,2026-05-11 07:00:00+07:00,"Mau ikut dong dok,saya diabetes type",threads,2026-06-15 23:29:10.477375,threads,9cdcbad261aca3b93cd2b4df8cabc5db
https://www.threads.com/@dokter_nunung/post/DYLfjRXj0tY?xmt=AQG0AYqe7i-TF9XEeiQU3s7XutbgNRKypgefyRC0HXNcVA,dokter_nunung,2026-02-06 07:00:00+07:00,d ada link di Profil,threads,2026-06-15 23:29:10.477375,threads,3d2ea14a16ca082f0d17fd3de4d34cd7
https://www.threads.com/@dokter_nunung/post/DYLfjRXj0tY?xmt=AQG0AYqe7i-TF9XEeiQU3s7XutbgNRKypgefyRC0HXNcVA,dokter_nunung,2026-05-12 07:00:00+07:00,silakan klik link WAG di profil,threads,2026-06-15 23:29:10.477375,threads,b86c46402e03c3636d5e24e2aab38223
https://www.threads.com/@dokter_nunung/post/DYLfjRXj0tY?xmt=AQG0AYqe7i-TF9XEeiQU3s7XutbgNRKypgefyRC0HXNcVA,rosid.ocid.12382,2026-05-11 07:00:00+07:00,"Saya prediabetes,gds saya ,td / , BB saya kg,TB",threads,2026-06-15 23:29:10.477375,threads,55d90e3d63f56fe7664c062e70638e24
https://www.threads.com/@dokter_nunung/post/DYLfjRXj0tY?xmt=AQG0AYqe7i-TF9XEeiQU3s7XutbgNRKypgefyRC0HXNcVA,dokter_nunung,2026-05-12 07:00:00+07:00,Sdh berhasil gabung grup?,threads,2026-06-15 23:29:10.477375,threads,51100ef3c04585fce72230bf006d10a0
https://www.threads.com/@dokter_nunung/post/DYLfjRXj0tY?xmt=AQG0AYqe7i-TF9XEeiQU3s7XutbgNRKypgefyRC0HXNcVA,dokter_nunung,2026-05-11 07:00:00+07:00,Bu Sdh saya inbox,threads,2026-06-15 23:29:10.477375,threads,224fe03866232ae431fc94bb567e576e
https://www.threads.com/@dokter_nunung/post/DYLfjRXj0tY?xmt=AQG0AYqe7i-TF9XEeiQU3s7XutbgNRKypgefyRC0HXNcVA,saria270313,2026-05-11 07:00:00+07:00,"Mau dok saya bb ,hipertensi,dada rasanya sesak,kaki bokong sudah nyeri,lutut nyeri,umur",threads,2026-06-15 23:29:10.477375,threads,59367502835dca9bb5b97921152f3251
https://www.threads.com/@dokter_nunung/post/DYLfjRXj0tY?xmt=AQG0AYqe7i-TF9XEeiQU3s7XutbgNRKypgefyRC0HXNcVA,panggih_526,2026-05-11 07:00:00+07:00,Ikutan dok,threads,2026-06-15 23:29:10.477375,threads,50c18f244503b2761f91bf6294d1bbfe
https://www.threads.com/@dokter_nunung/post/DYLfjRXj0tY?xmt=AQG0AYqe7i-TF9XEeiQU3s7XutbgNRKypgefyRC0HXNcVA,dian_sangair,2026-05-11 07:00:00+07:00,"dokter_nunung / / Bagi yang punya hipertensi, diabetes, dan obesitas, ternyata membuat tubuh jadi normal kembali itu mudah lho. Ayuk gabung, saya akan mendampingi, tanpa diet yg kelaparan lho . saya aja kekenyangan",threads,2026-06-15 23:29:10.477375,threads,941ff8d6e963f650dd9a61dfd34ec361
https://www.threads.com/@dokter_nunung/post/DYLfjRXj0tY?xmt=AQG0AYqe7i-TF9XEeiQU3s7XutbgNRKypgefyRC0HXNcVA,lusiyani__,2026-05-11 07:00:00+07:00,Pernah diet rendah karbo karena mengidap diabetes. Gula darah terkendali sih tanpa obat tapi kolesterol dan asam urat meroket 🤣,threads,2026-06-15 23:29:10.477375,threads,ec9c3e9119d42dbd5ccc700ccd9dd662
https://www.threads.com/@dokter_nunung/post/DYLfjRXj0tY?xmt=AQG0AYqe7i-TF9XEeiQU3s7XutbgNRKypgefyRC0HXNcVA,aymanalatas,2026-02-06 07:00:00+07:00,"d Coba mulai dari sekarang kalo mau makan atau minum dipikirin buat jangka panjangnya, banyak yang suka ga sadar tiba-tiba jadi diabetes atau hipertensi aja",threads,2026-06-15 23:29:10.477375,threads,45e1fe6c863ffa78067995668de2fcb8
https://www.threads.com/@dokter_nunung/post/DYLfjRXj0tY?xmt=AQG0AYqe7i-TF9XEeiQU3s7XutbgNRKypgefyRC0HXNcVA,rivkaaaaa.ms,2026-04-27 07:00:00+07:00,Karena takut sakit diabetes . Karena ada keturunan sakit diabet. Kmrn sempet puasa dlu jadi keterusan jarang makan pagi … Skrng jarang banget sarapan . Makan kadang sehari sekali atau paling banyak x .. Alhasil turun BB kilo 😅😅😅,threads,2026-06-15 23:29:10.477375,threads,3acdf2ebfab23492883505e8d7743de1
https://www.threads.com/@dokter_nunung/post/DYLfjRXj0tY?xmt=AQG0AYqe7i-TF9XEeiQU3s7XutbgNRKypgefyRC0HXNcVA,rarayunita,2026-05-07 07:00:00+07:00,"Banyaaaak banget yg diet, trus tensi jadi normal, gula darah terkontrol, kolesterol sembuh… Tau ga kenapa 🤔",threads,2026-06-15 23:29:10.477375,threads,2d464fa15df67f52dc6584227970c8b9
https://www.threads.com/@pangarsaditia/post/DYEU6jdEbnL?xmt=AQG0AYqe7i-TF9XEeiQU3s7XutbgNRKypgefyRC0HXNcVA,pangarsaditia,2026-05-08 07:00:00+07:00,"Di ulang tahun yang ke- , saya nyaris kena diabetes. bulan saya diet ketat: Ga makan nasi sama sekali. BB berhasil turun kg. Tapi di bulan kelima, saya nonton satu video tentang fakta yang lumayan bikin nyesek.",threads,2026-06-15 23:29:10.477375,threads,f5d7ddf8a8659f8daabe95f1b868195a
https://www.threads.com/@pangarsaditia/post/DYEU6jdEbnL?xmt=AQG0AYqe7i-TF9XEeiQU3s7XutbgNRKypgefyRC0HXNcVA,pangarsaditia,2026-05-08 07:00:00+07:00,"Sedikit konteks. Dari kecil sampe umur an, saya udah terbiasa makan jorok: Jeroan, gorengan, manisan. Nasi lauk tepung udah jadi makanan sehari-hari. Ga bisa minum air tawar, semua harus manis. Sampai satu kalimat sopan dari dokter ngebalik hidup saya kayak angin topan. “Kamu cuma setipis 🤏 ini dari kena diabetes.” Tekanan darah, BMI, gula darah, kolesterol, semuanya through the roof. Alias, udah jauh di atas batas normal.",threads,2026-06-15 23:29:10.477375,threads,fef2ddda94ee20ee5f6461e1ae944abd
https://www.threads.com/@pangarsaditia/post/DYEU6jdEbnL?xmt=AQG0AYqe7i-TF9XEeiQU3s7XutbgNRKypgefyRC0HXNcVA,pangarsaditia,2026-05-08 07:00:00+07:00,"Dokter bilang pilihan saya cuma dua: . Ubah pola hidup, atau . Bilang ke istri buat siapin mental, karena beliau harus siap ngurusin suami yang penyakitan. Saya ga bisa pilih yang kedua. Istri saya baru aja kehilangan ibundanya karena diabetes. Saya ga mau beliau ngerasain pengalaman yang sama untuk kedua kalinya.",threads,2026-06-15 23:29:10.477375,threads,5c0ebba468109c4823d421a488f23ea2
https://www.threads.com/@pangarsaditia/post/DYEU6jdEbnL?xmt=AQG0AYqe7i-TF9XEeiQU3s7XutbgNRKypgefyRC0HXNcVA,pangarsaditia,2026-05-08 07:00:00+07:00,"Saya langsung take action. Dan saya nemu fakta bahwa yang bikin gendut itu gula, bukan lemak. Dari situ saya langsung cut gula. Mulai dari berhenti minum yang manis, kurangin gorengan, sampai akhirnya bulan penuh ga makan nasi, roti, pasta sama sekali. Buat saya yang tahun lebih udah bestie sama gula, ini bukan hal yang gampang. Tapi demi istri, saya ikhlas.",threads,2026-06-15 23:29:10.477375,threads,790390f185f05d1612dd0030d7234a61
https://www.threads.com/@pangarsaditia/post/DYEU6jdEbnL?xmt=AQG0AYqe7i-TF9XEeiQU3s7XutbgNRKypgefyRC0HXNcVA,pangarsaditia,2026-05-08 07:00:00+07:00,"bulan berlalu, saya jadi kaya manusia baru: Tekanan darah, BMI, gula darah, kolesterol semuanya normal. Satu hari saya ngobrol sama teman yang berhasil turun puluhan kg dalam waktu singkat juga. Yang bikin saya kaget, plus sakit ati juga, adalah fakta bahwa dia bisa ngelakuin itu semua... meskipun tetep makan nasi.",threads,2026-06-15 23:29:10.477375,threads,4e68c91c3290ab5934caf2e5cff1f4de
https://www.threads.com/@pangarsaditia/post/DYEU6jdEbnL?xmt=AQG0AYqe7i-TF9XEeiQU3s7XutbgNRKypgefyRC0HXNcVA,pangarsaditia,2026-05-08 07:00:00+07:00,"Dia ngasih tau bahwa kita bisa turun puluhan kg tanpa harus ngehindar dari nasi, roti, pasta, atau karbo lainnya. Dia rekomendasiin saya buat nonton video-video nya Jessie Inchauspe. Dan di situlah saya ketampar. Ternyata yang bikin gendut bukan semata-mata karena makan gula atau karbo. Tapi karena cara makannya yang salah. Karena yang bikin lemak numpuk adalah saat gula darah naik dan turun secara tiba-tiba. Dan hal itu bisa gampang diakalin.",threads,2026-06-15 23:29:10.477375,threads,0dd43a4a1953d28438aa367585307096
https://www.threads.com/@pangarsaditia/post/DYEU6jdEbnL?xmt=AQG0AYqe7i-TF9XEeiQU3s7XutbgNRKypgefyRC0HXNcVA,pangarsaditia,2026-05-08 07:00:00+07:00,"Yang pertama adalah selalu makan karbo + serat. Makan indomie? Pakein daun sawi segenggam. Makan nasi? wajib ada sayur hijau rebus. Serat memperlambat naiknya gula darah. Alhasil, ga ada lonjakan, dan lemak engga numpuk. Yang kedua adalah minum satu sendok cuka apel dicampur air sebelum makan karbo. Selain serat, asem juga bisa nurunin lonjakan gula darah. Di mana saya mati-matian nahan nafsu buat ga makan nasi, si temen saya itu masih bisa enjoy makan nasgor dan pasta dengan hati tenang",threads,2026-06-15 23:29:10.477375,threads,f927dbb30d5b2d41983939e1a5d02836
https://www.threads.com/@pangarsaditia/post/DYEU6jdEbnL?xmt=AQG0AYqe7i-TF9XEeiQU3s7XutbgNRKypgefyRC0HXNcVA,pangarsaditia,2026-05-08 07:00:00+07:00,"Ketiga, sekaligus yang paling penting adalah banyak gerak. Kunci turun bb bukan cuma soal apa yang dimakan. Tapi soal gerak. Bukan gym, bukan olahraga berat. Tapi NEAT: gerakan-gerakan kecil sehari-hari yang sering kita anggap sepele. Bersih-bersih rumah, jalan ke toilet, dan yang paling efektif adalah: kurangin waktu duduk. Semakin jarang kita duduk, semakin cepet juga lemak kita kebakar",threads,2026-06-15 23:29:10.477375,threads,232ffabf9361f0393f225a1c077a1350
https://www.threads.com/@pangarsaditia/post/DYEU6jdEbnL?xmt=AQG0AYqe7i-TF9XEeiQU3s7XutbgNRKypgefyRC0HXNcVA,pangarsaditia,2026-05-08 07:00:00+07:00,"Selama tahun terkahir, saya udah praktekin trik-trik tersebut; Tiap hari makan nasi. Tapi selalu sama serat+minum cuka. Saya juga banyakin gerak dan kurangin waktu duduk. Hasilnya? Tiga kali health check-up setiap bulan hasilnya selalu normal. BB saya tetep stabil meskipun saya makan nasi, roti, dan pasta hampir tiap hari.",threads,2026-06-15 23:29:10.477375,threads,241cf3b23b1b26228c75f2ae04d66eb2
https://www.threads.com/@pangarsaditia/post/DYEU6jdEbnL?xmt=AQG0AYqe7i-TF9XEeiQU3s7XutbgNRKypgefyRC0HXNcVA,pangarsaditia,2026-05-08 07:00:00+07:00,"Ternyata selama ini, musuhnya bukan nasi. Musuhnya adalah panik dan rasa parno yang bikin saya langsung jalanin diet ekstrem tanpa cari tahu alternatifnya dulu. Tapi dari situ saya bersyukur, karena saya bisa belajar bedanya kerja keras dan kerja cerdas.",threads,2026-06-15 23:29:10.477375,threads,e3ea1b4d1f5ec64aef909531100afdd1
https://www.threads.com/@pangarsaditia/post/DYEU6jdEbnL?xmt=AQG0AYqe7i-TF9XEeiQU3s7XutbgNRKypgefyRC0HXNcVA,Pinned,2026-05-10 07:00:00+07:00,Makasih banyak yang udah luangin waktu buat baca 🙏 Perlu digaris bawahi kalo saya cuma sharing pengalaman pribadi dan informasi yang saya dapet dari narasumber (Jessie Inchauspe) Saya juga bukan ahli kesehatan atau dokter. Jadi mohon kebijaksanaan masing-masing buat ngikutin tips yang ada disini ya… (Terutama soal minum cuka hehe),threads,2026-06-15 23:29:10.477375,threads,262c26816b8424b4f9caa99cd31bc5b2
https://www.threads.com/@pangarsaditia/post/DYEU6jdEbnL?xmt=AQG0AYqe7i-TF9XEeiQU3s7XutbgNRKypgefyRC0HXNcVA,adelinaayuningtyas,2026-05-08 07:00:00+07:00,"Udah nonton dokumenter ini blm di netflix? Intinya walaupun terkena diabet, kolesterol bahkan kanker sekalipun bisa sembuh tanpa bergantung obat an. Intinya hanya dari jaga makan, olahraga dan diet yang benar. Ini diperkuat oleh beberapa dokter ahli dan peneliti medis, cuma metode ini tidak dpromosikan dgn luas krn apa? Industri farmasi itu adalah industri miliaran dollar, dan mereka yg membiayai rumahsakit , jd dibuatlah konspirasi spy kl bisa org trgantung obat seumur hidup.",threads,2026-06-15 23:29:10.477375,threads,a8a9ff44074f92f6027b99c1bd67b419
https://www.threads.com/@pangarsaditia/post/DYEU6jdEbnL?xmt=AQG0AYqe7i-TF9XEeiQU3s7XutbgNRKypgefyRC0HXNcVA,chaniaenjoy,2026-05-08 07:00:00+07:00,"Kalo minum cuka, pake sedotan ya gaes.. Biar g langsung kena gigi 😁",threads,2026-06-15 23:29:10.477375,threads,1d1fe34db56ca6f4c0a0661e321594b8
https://www.threads.com/@pangarsaditia/post/DYEU6jdEbnL?xmt=AQG0AYqe7i-TF9XEeiQU3s7XutbgNRKypgefyRC0HXNcVA,rampartez,2026-05-08 07:00:00+07:00,". Cara makan yang benar Fiber > Protein > Fat > Carbs > Sugar, ACV bisa langsung sebelum carbs . Sayuran yang anda sebut tidak mengandung fiber, sayuran rata fiber hanya - %, ada sedikit yang % tapi jarang. Lalu apa yang fibernya diatas ? Biji""an dan Kacang""an, - %, ada protein serta lemak juga ☺️ . Makan minum manis boleh, tapi gula bisa diganti stevia. tetes stevia = gr gula, stevia merupakan produk distilasi uap dari daun stevia.",threads,2026-06-15 23:29:10.477375,threads,9c6f5fe35c9c26f72692d420f6499130
https://www.threads.com/@pangarsaditia/post/DYEU6jdEbnL?xmt=AQG0AYqe7i-TF9XEeiQU3s7XutbgNRKypgefyRC0HXNcVA,ayahokinawae,2026-05-08 07:00:00+07:00,"Pengganti nasi kak, kukusan bikin badan lebih seger ringan, kenyang tp nagih",threads,2026-06-15 23:29:10.477375,threads,cd880d9ec5d0405fc4632491b61549e5
https://www.threads.com/@pangarsaditia/post/DYEU6jdEbnL?xmt=AQG0AYqe7i-TF9XEeiQU3s7XutbgNRKypgefyRC0HXNcVA,riayani,2026-05-08 07:00:00+07:00,"Saya kena tensi n kolestrol,di kelg ada turunan gula n habis operasi tumor ringan di payudara. Komplit g tuh? Terus diet setiap pagi sarapan buah n sayur direbus aja,protein dr telur rebus selama bln,ngurangin nasi n stop Indomie. Alhamdullilah langsung normal semua baik itu tensi,kolestrol n gula n BB nya stabil. G naik g turun.",threads,2026-06-15 23:29:10.477375,threads,554ef61f99a14f5b2574eb9387f53cf5
https://www.threads.com/@pangarsaditia/post/DYEU6jdEbnL?xmt=AQG0AYqe7i-TF9XEeiQU3s7XutbgNRKypgefyRC0HXNcVA,belindamulyono,2026-05-08 07:00:00+07:00,Temen ibuku ada yang tanggal gigi karena mungkin tidak hati-hati dalam konsumsi cuka apel. Jadi tolong perhatikan bagi temen threads yang ingin coba juga. . Dicampur air: sendok cuka apel + Air gelas ( - ml) . Hindari kontak langsung cuka apel dengan gigi. Gunakan sedotan kalau perlu. . Kumur dengan air sesaat setelah minum larutan cuka apel dan air. . Tunggu minimal menit sebelum sikat gigi supaya enamel gigi terbentuk kembali.,threads,2026-06-15 23:29:10.477375,threads,36fbdb64eeaf1d2aa26dc216a940d176
https://www.threads.com/@pangarsaditia/post/DYEU6jdEbnL?xmt=AQG0AYqe7i-TF9XEeiQU3s7XutbgNRKypgefyRC0HXNcVA,mommy_zaffran,2026-05-09 07:00:00+07:00,Maka nya kenapa kl abis makan g boleh langsung sikat gigi ya ? Enamel gigi nya ya,threads,2026-06-15 23:29:10.477375,threads,21f5f678bf63ece399969f26176327e2
https://www.threads.com/@pangarsaditia/post/DYEU6jdEbnL?xmt=AQG0AYqe7i-TF9XEeiQU3s7XutbgNRKypgefyRC0HXNcVA,belindamulyono,2026-05-09 07:00:00+07:00,"Betul! jadi gini ya kak urutannya kalau kita mau makan sambil konsumsi cuka apel. . Cuka apel + air . Kumur langsung . Tunggu - menit kemudian sarapan seperti biasa. . Tunggu LAGI - menit untuk sikat gigi. Jadi kandungan cuka apel itu kan asam ya kak. PHnya di sekitar - . Asam itu bisa meluruhkan enamel gigi untuk sementara. Waktu tunggu - menit itu menetralkan mulut dan memberi waktu untuk enamel terbentuk lagi. Kalau tidak nanti mineral gigi terkikis, jadi gigi rusak.",threads,2026-06-15 23:29:10.477375,threads,2101ebd2bd8e5bee39e43978487df9ba
https://www.threads.com/@pangarsaditia/post/DYEU6jdEbnL?xmt=AQG0AYqe7i-TF9XEeiQU3s7XutbgNRKypgefyRC0HXNcVA,atenxl,2026-05-08 07:00:00+07:00,"gw dulu nurunin kg-an dr ke kg gak cut gula am nasi, carbo cukup kurangin aj am cardio jg banyakin protein dan sekali ada cheat day seminggu sekali la tapi kaya yg instant, sachetan am junkfood gw hindarin begadang kadang masi, tapi usahain - jam istirahat btw coba makan pare mentah, lumayan nahan gula darah naik am bab jd lebih lancar besoknya",threads,2026-06-15 23:29:10.477375,threads,221a55f1d4b65159e5af42a4c3063168
https://www.threads.com/@pangarsaditia/post/DYEU6jdEbnL?xmt=AQG0AYqe7i-TF9XEeiQU3s7XutbgNRKypgefyRC0HXNcVA,wiwickxst,2026-05-08 07:00:00+07:00,"Saya setuju soal NEAT. Seinget saya, pernah ada utas yg bahas beberapa kebiasaan sepele yg ternyata bisa mencegah atau mengurangi potensi diabetes, salah satunya adalah habis makan lgsg nyuci piring atau gak beresin dapur",threads,2026-06-15 23:29:10.477375,threads,dd0256213617ec6ad1a59bda0a873143
https://www.threads.com/@pangarsaditia/post/DYEU6jdEbnL?xmt=AQG0AYqe7i-TF9XEeiQU3s7XutbgNRKypgefyRC0HXNcVA,tomy_taefuri,2026-05-08 07:00:00+07:00,"Mertua ku SDH hampir taun lebih vegetarian&ga minum manis,,di sebabkan Luka di kaki yg ga sembuh .kata dokter dulu harus di potong kakinya.semenjak vegetarian sekarang luka nya sudah kering dan sdh mulai rapet lagi lukanya.kemarin mau jalan aja harus ngesod dulu.sekarang sudah bisa berkebun lagi.dan jama'ah waktu nya ngga pernah telat",threads,2026-06-15 23:29:10.477375,threads,7d0ab12cbd3c0402a16a3b801abe1901
https://www.threads.com/@pangarsaditia/post/DYEU6jdEbnL?xmt=AQG0AYqe7i-TF9XEeiQU3s7XutbgNRKypgefyRC0HXNcVA,fathur.ak,2026-05-08 07:00:00+07:00,"Saya diet dari kg, sekarang udah kg selama bln, selama diet karbo tetep masuk (porsi berkurang), tepung, goreng & gula sesekali aja, yg penting banyakin protein & serat. Olahraga jujur jarang. Yg penting itu paham defisit kalori aja sih, kalori yg masuk < kalori yg dibakar tiap hari.",threads,2026-06-15 23:29:10.477375,threads,56b18b82cd3294bfe7bcccd024c349d8
https://www.threads.com/@pangarsaditia/post/DYEU6jdEbnL?xmt=AQG0AYqe7i-TF9XEeiQU3s7XutbgNRKypgefyRC0HXNcVA,pangarsaditia,2026-05-08 07:00:00+07:00,"Wah selamat bang! nah kadang orang cuma paham defisit kalori tapi ngesampingin makronutrisi (alias ga mentingin protein dan serat) Contoh saya dulu banget: dari turun ke kalori per hari... tapi yang masuk pizza, sosis goreng, nugget, burger 🤣",threads,2026-06-15 23:29:10.477375,threads,a59dd5d157b22baca8dea83d5e8b6e5a
https://www.threads.com/@pangarsaditia/post/DYEU6jdEbnL?xmt=AQG0AYqe7i-TF9XEeiQU3s7XutbgNRKypgefyRC0HXNcVA,fathur.ak,2026-05-08 07:00:00+07:00,"Wah bener banget, Bang! Defisit kalori itu emang kunci, tapi kalau makronutrisinya ngaco, badan malah jadi 'ngirit' buat bakar lemak. Tanpa protein yang cukup, tubuh malah cenderung ngerusak otot sendiri buat dijadiin energi. Emang paling bener defisit kalori tapi protein sama serat tetep dijagain, biar pembakarannya pas sasaran ke lemak, bukan ke mana-mana!",threads,2026-06-15 23:29:10.477375,threads,5e1dd0fb8ab1b085a0ead3d8340e15bf
https://www.threads.com/@pangarsaditia/post/DYEU6jdEbnL?xmt=AQG0AYqe7i-TF9XEeiQU3s7XutbgNRKypgefyRC0HXNcVA,khansarumie,2026-05-08 07:00:00+07:00,"Suami ogut gk main threads si ya, dikirim link jg gk bakal di buka, di screenshot kebanyakan gk bakal di baca juga. Kalo dikasih tau bakal marah, krn memang lelaki jgn di ajariin. Au ah gelap",threads,2026-06-15 23:29:10.477375,threads,97425c15f8c1b6cdefd264cfef2f677f
https://www.threads.com/@pangarsaditia/post/DYEU6jdEbnL?xmt=AQG0AYqe7i-TF9XEeiQU3s7XutbgNRKypgefyRC0HXNcVA,nevi_warti_mawardi,2026-05-08 07:00:00+07:00,"Saya juga mantan pejuang diabetes yg hba c pernah .. usahanya mirip .. dari semua macam diet udh dilakukan tp hasil ng maksimal. Akhirnya saya dikenali dgn program kesehatan TRme. Alhamdulillah cuma bulan penyakit hilang, punya body goal wajah jadi muda lagi.. metabolisme membaik.. massa tulang naik..",threads,2026-06-15 23:29:10.477375,threads,61dc840de40863b7d037bd83a3c20008
https://www.threads.com/@pangarsaditia/post/DYEU6jdEbnL?xmt=AQG0AYqe7i-TF9XEeiQU3s7XutbgNRKypgefyRC0HXNcVA,nnatasy9,2026-05-08 07:00:00+07:00,"Asli ya minum cuka apel sebelum makan sengaruh itu, aku juga ikutin beli yang kayak gini s.shopee.co.id/ fstA… Gara liat ditiktok pernah direview sama bobby ida s.shopee.co.id Jual Dehealth Supplies FINEGA CUKA APEL ml Kemasan Kaca - Membantu Mestabilkan Lonjakan Gula Darah | Shopee Indonesia",threads,2026-06-15 23:29:10.477375,threads,55e92ae3780b23fc4e1eab7941211795
https://www.threads.com/@pangarsaditia/post/DYEU6jdEbnL?xmt=AQG0AYqe7i-TF9XEeiQU3s7XutbgNRKypgefyRC0HXNcVA,sanny_britz,2026-05-08 07:00:00+07:00,"Gimana caranya bisa kenyang walau ga makan nasi? Udah nyoba makan Havermoot pake cranberry, kelar makan masih laper. 😅😭 gimana iniiih wkwkwkwk",threads,2026-06-15 23:29:10.477375,threads,e8d4921833ad67a9490cefbfb7c53aa6
https://www.threads.com/@pangarsaditia/post/DYEU6jdEbnL?xmt=AQG0AYqe7i-TF9XEeiQU3s7XutbgNRKypgefyRC0HXNcVA,desainbywto,2026-05-09 07:00:00+07:00,"Ijin menduplikasi cara turun berat badannya Bang pangarsaditia / / Di ulang tahun yang ke- , saya nyaris kena diabetes. bulan saya diet ketat: Ga makan nasi sama sekali. BB berhasil turun kg. Tapi di bulan kelima, saya nonton satu video tentang fakta yang lumayan bikin nyesek.",threads,2026-06-15 23:29:10.477375,threads,99a68f607e6dc6fd1424cd788a951648
https://www.threads.com/@pangarsaditia/post/DYEU6jdEbnL?xmt=AQG0AYqe7i-TF9XEeiQU3s7XutbgNRKypgefyRC0HXNcVA,yonosastra,2026-02-06 07:00:00+07:00,"Weight loss journey d Awalnya kg. Hasil cek-up byk yg jelek. Akhirnya diet extreme kalori. bln turun kg. Tanpa olga/fasting. Fokus di defkal. Setelah itu, rutin olga. Sering IF , dan ganti pola makan totally (ovo-vegan). Saat ini kg (BMI ). Stabil. Hasil test darah semua jadi normal. Dan juga berhasil lepas obat darting stelah konsul dgn dokter. Saat ini masih terus melatih diri utk jaga tetap sehat/bugar. Salam sehat buat semua 🫶",threads,2026-06-15 23:29:10.477375,threads,f166d4036b812cf766fa3999f74d713e
https://www.threads.com/@pangarsaditia/post/DYEU6jdEbnL?xmt=AQG0AYqe7i-TF9XEeiQU3s7XutbgNRKypgefyRC0HXNcVA,saifull.amzi,2026-05-14 07:00:00+07:00,"Ternyata kita bukan jelek, kita cuma gendut 😅. Foto kiri BB g, foto Kanan Kg. Alhamdulillah... Setelah konsisten jalan pagi sekitar menit, hindari nasi, gula dan tepung selama bulan, mulai terlihat hasilnya. Berkat saran dari warga thread. ""Diet yang baik adalah diet yang dikerjakan.""",threads,2026-06-15 23:29:10.477375,threads,116d05caf160c87cb924414050ea93c2
https://www.threads.com/@pangarsaditia/post/DYEU6jdEbnL?xmt=AQG0AYqe7i-TF9XEeiQU3s7XutbgNRKypgefyRC0HXNcVA,handakabm,2026-05-08 07:00:00+07:00,"Bagus mas, wajah keliatan bersih ketika diet Karbo/gula pangarsaditia / / Di ulang tahun yang ke- , saya nyaris kena diabetes. bulan saya diet ketat: Ga makan nasi sama sekali. BB berhasil turun kg. Tapi di bulan kelima, saya nonton satu video tentang fakta yang lumayan bikin nyesek.",threads,2026-06-15 23:29:10.477375,threads,0b8cc32c5a913ff32dd0531ef00fa548
https://www.threads.com/@pangarsaditia/post/DYEU6jdEbnL?xmt=AQG0AYqe7i-TF9XEeiQU3s7XutbgNRKypgefyRC0HXNcVA,gucayyy,2026-05-12 07:00:00+07:00,"Ga bisa bikin jurnal diet, Tapi awal aku mulai diet itu waktu berat badan genap kg Ukuran celana , baju jadi XL, Diet rutin bulan dengan jalan kaki - per hari, dan intermiten fasting, sampai akhirnya turun ke kg Size celana balik ke , kaos ke L, Tapi per hari ini sudah balik lagi kg wkwk",threads,2026-06-15 23:29:10.477375,threads,8d48af6cfa0b12d753b7184834243887
https://www.threads.com/@nafkahnation.dx/post/DYlJfXMH_F2?xmt=AQG0AYqe7i-TF9XEeiQU3s7XutbgNRKypgefyRC0HXNcVA,nafkahnation.dx,2026-02-06 07:00:00+07:00,"d TEMENNYA TEMEN GW DIAGNOSA PRE-DIABETES. Umur . Rajin gym. Makan teratur. Lifestyle aktif. Gak ngerti kenapa. Yg dia konsumsi tiap hari cuma hal: es kopi susu kekinian. Buat ""treat"" abis workout. Gw nanya tetangga gw. Bukan owner. Bukan barista. Bagian operasional di chain kopi besar. Dia ketawa: ""Lo tau gak ada modus chain kopi yg sengaja didesain biar cup = AKG gula lo sehari?"" Trs sebut istilah yg bikin gw cek menu langganan gw. Istilahnya :",threads,2026-06-15 23:29:10.477375,threads,9166629eae0cdb999c33c436a1c72669
https://www.threads.com/@nafkahnation.dx/post/DYlJfXMH_F2?xmt=AQG0AYqe7i-TF9XEeiQU3s7XutbgNRKypgefyRC0HXNcVA,nafkahnation.dx,2026-02-06 07:00:00+07:00,"d Gw: ""Maksudnya?"" Dia: ""Premix Syrup. Sirup gula aren cair industrial siap pakai. Bukan gula aren batok yg lo bayangin di pohon."" ""Lo lihat menu: 'gula aren asli dari petani.' Mayoritas chain pake premix dari distributor. Banyak yg dicampur fruktosa atau gula tebu cair. Stabil. Murah. Konsisten manis."" ""Gula aren ASLI: IG ~ . Premix yg banyak dicampur: bisa hampir setara gula putih IG - ."" Lonjakan insulin = beda jauh.",threads,2026-06-15 23:29:10.477375,threads,6049e7adaed0b79086582bc6747875a4
https://www.threads.com/@nafkahnation.dx/post/DYlJfXMH_F2?xmt=AQG0AYqe7i-TF9XEeiQU3s7XutbgNRKypgefyRC0HXNcVA,nafkahnation.dx,2026-02-06 07:00:00+07:00,"d ""Trs?"" Dia: ""Itu baru modus . Skrg gw bocorin modus chain kopi yg lo gak sadar."" MODUS : PREMIX DIBRANDING ""GULA AREN ASLI"" ""Gula aren batok asli petani: Rp - rb/kg. Premix syrup industrial: Rp - rb/liter setara."" ""Selisih - x. Chain pasti pilih yg lebih murah, lebih stabil."" ""Klaim 'asli, langsung dari petani' itu copywriting. Sertifikasi organik nya jarang ditunjukin.""",threads,2026-06-15 23:29:10.477375,threads,691f7c35f82a46cdf08122ec6036ecc0
https://www.threads.com/@nafkahnation.dx/post/DYlJfXMH_F2?xmt=AQG0AYqe7i-TF9XEeiQU3s7XutbgNRKypgefyRC0HXNcVA,nafkahnation.dx,2026-02-06 07:00:00+07:00,"d MODUS : "" % SWEETNESS"" = AKG SEHARI ""Default sweetness chain kopi: - gram gula per cup. Kemenkes max: gram per HARI."" ""Data Indonesia Baik (Kemkominfo): cup es kopi susu kekinian = - kkal, - g gula."" Gw bengong. ""Lo minum cup = jatah gula sehari abis. Belom hitung makan + cemilan + minuman lain."" Direktur PTM Kemenkes : % masyarakat Indonesia konsumsi gula > batas normal. %.",threads,2026-06-15 23:29:10.477375,threads,19cbebb09a79107df663387efb7d40af
https://www.threads.com/@nafkahnation.dx/post/DYlJfXMH_F2?xmt=AQG0AYqe7i-TF9XEeiQU3s7XutbgNRKypgefyRC0HXNcVA,nafkahnation.dx,2026-02-06 07:00:00+07:00,"d MODUS : ""FRESH MILK"" = UHT BOX ""Menu tulis 'fresh milk dari farm.' Gambar sapi di poster."" ""Realita mayoritas chain mass-market: UHT box. Harga Rp - rb/liter."" ""Susu segar asli peternakan: Rp - rb/liter. Masa simpan pendek. Supply chain ribet. Buat chain ratusan outlet = gak ekonomis."" ""UHT diklaim 'fresh milk' karena belum dibuka kemasan."" Teknis bener. Etika? Lo aja yg nilai.",threads,2026-06-15 23:29:10.477375,threads,bf7ef01dd9b6a70dbbd3926d0baf0cd8
https://www.threads.com/@nafkahnation.dx/post/DYlJfXMH_F2?xmt=AQG0AYqe7i-TF9XEeiQU3s7XutbgNRKypgefyRC0HXNcVA,nafkahnation.dx,2026-02-06 07:00:00+07:00,"d MODUS : HPP Rp . JUAL Rp - RIBU Gw: ""Markup berapa???"" Dia: ""Itung sendiri. HPP es kopi susu chain rata-rata Rp - /cup. Jual Rp - rb."" ""Margin - %. Standar F&B sehat food cost - %. Chain kopi: food cost - %."" ""Lo bukan bayar kopinya. Lo bayar branding, AC, foto Instagram, sewa mall."" Cup di tangan lo: ongkos bahan Rp . Sisanya?",threads,2026-06-15 23:29:10.477375,threads,fb696f754a4037b83f0502cb34223d3d
https://www.threads.com/@nafkahnation.dx/post/DYlJfXMH_F2?xmt=AQG0AYqe7i-TF9XEeiQU3s7XutbgNRKypgefyRC0HXNcVA,nafkahnation.dx,2026-02-06 07:00:00+07:00,"d ""Tp gw masih boleh ngopi kan?"" Dia: ""Boleh. Tp lakuin hal:"" "" . PESAN LESS SUGAR %. Default % itu udh lewat AKG. % rasanya tetep manis."" "" . CEK NUTRI-LEVEL. Per Keputusan Kemenkes wajib ada label gizi di minuman berpemanis. Cari logo Nutri-Level. Klo A/B masih aman. C/D = bom gula."" "" . TANYA: 'Pak, gula aren ASLI batok apa premix syrup?' Barista nya mengelak = lo udh dpt jawabannya.""",threads,2026-06-15 23:29:10.477375,threads,d8836b3bab2293583c88a6f69f4317f8
https://www.threads.com/@nafkahnation.dx/post/DYlJfXMH_F2?xmt=AQG0AYqe7i-TF9XEeiQU3s7XutbgNRKypgefyRC0HXNcVA,nafkahnation.dx,2026-02-06 07:00:00+07:00,"d Fakta dr Kemenkes + Riskesdas + IDF: - % masyarakat Indonesia konsumsi gula > batas normal - Indonesia RANKING DUNIA penderita diabetes. , JUTA orang - Diabetes < tahun naik signifikan (dr Erpryta Tetrasiwi SpPD) - Permenkes / wajib cantumin info gula garam lemak - Riskesdas : , % masyarakat konsumsi GGL > batas Lo ngopi cup/hari × = - kg gula setahun. Cuma dari kopi. Belom yg laen.",threads,2026-06-15 23:29:10.477375,threads,dff269e840fd90dc5be8759c2f6d0cac
https://www.threads.com/@nafkahnation.dx/post/DYlJfXMH_F2?xmt=AQG0AYqe7i-TF9XEeiQU3s7XutbgNRKypgefyRC0HXNcVA,nafkahnation.dx,2026-02-06 07:00:00+07:00,"d ""Klo gw udh ngopi kekinian bertahun-tahun?"" Dia: ""Cek HbA c di lab. Rp - rb. Indikator gula darah rata-rata bulan terakhir."" ""Lebih dari = pre-diabetes. Lebih dari = diabetes tipe ."" ""Realistis: % org gak akan test krn ngerasa baik aja."" ""Solusi paling aman: bikin kopi sendiri di rumah. Vietnam Drip Rp rb. Espresso machine entry Rp - juta. Gula lo kontrol sendiri."" Mahal awal. Insulin selamat.",threads,2026-06-15 23:29:10.477375,threads,1f3217e137ead9ec22abbd4963fe0cca
https://www.threads.com/@nafkahnation.dx/post/DYlJfXMH_F2?xmt=AQG0AYqe7i-TF9XEeiQU3s7XutbgNRKypgefyRC0HXNcVA,nafkahnation.dx,2026-02-06 07:00:00+07:00,d Bukan semua chain kopi begini. Specialty coffee shop yg transparan asal beans + pake fresh milk asli + gula on the side = beda kelas. Tp mayoritas chain mass-market Rp - rb = modus di atas. Bukan salah barista. Mrk jalanin SOP brand. Bukan salah lo. Gak ada yg ngajarin baca info gizi. Tp lo punya senjata simpel. PESAN LESS SUGAR %. detik sebelum bayar. Temennya temen gw umur . Pre-diabetes. Gak ada yg ngasih tau dia dulu. Skrg lo udh tau.,threads,2026-06-15 23:29:10.477375,threads,cfc01a7d49a790faff37ed0fb052f5f8
https://www.threads.com/@nafkahnation.dx/post/DYlJfXMH_F2?xmt=AQG0AYqe7i-TF9XEeiQU3s7XutbgNRKypgefyRC0HXNcVA,nafkahnation.dx,2026-02-06 07:00:00+07:00,"d Btw setelah gw diceramahin temen gw itu, gw langsung searching dong, ternyata kopi yg bagus itu kopi dgn kandungan gula yg paling sedikit, atau tanpa gula sama sekali Dan ini kopi rekomend gula paling sedikit s.shopee.co.id/ fPM … Ini kopi rekomend tanpa gula s.shopee.co.id/ ALch… Tapi kalo tetep pengen kopi starb***s, gw juga nemu versi murahnya disini s.shopee.co.id/ ztHU…",threads,2026-06-15 23:29:10.477375,threads,e518ff188b540305a3e24f2b6155d7fa
https://www.threads.com/@nafkahnation.dx/post/DYlJfXMH_F2?xmt=AQG0AYqe7i-TF9XEeiQU3s7XutbgNRKypgefyRC0HXNcVA,pandi_emon,2026-02-06 07:00:00+07:00,d Ada yang salah dari kawan anda. minum kopsu buat treat abis workout padahal kalo diminum sebelum workout kan gulanya bisa diolah jadi energi pas workout,threads,2026-06-15 23:29:10.477375,threads,f690e6447656f980715b9bfe9921aa1d
https://www.threads.com/@nafkahnation.dx/post/DYlJfXMH_F2?xmt=AQG0AYqe7i-TF9XEeiQU3s7XutbgNRKypgefyRC0HXNcVA,putririzkita__,2026-02-06 07:00:00+07:00,d Baiknya kalo mau ngopi yg manis ya minum kopi dulu baru Olahraga/Workout/aktifitas fisik aktif biar gulanya tersalurkan jadi energi. Kalo langsung rebahan ya blasss lonjakan gula darah naik.,threads,2026-06-15 23:29:10.477375,threads,2f7fbc0b53abf1addd8e495cb037067b
https://www.threads.com/@nafkahnation.dx/post/DYlJfXMH_F2?xmt=AQG0AYqe7i-TF9XEeiQU3s7XutbgNRKypgefyRC0HXNcVA,nafkahnation.dx,2026-02-06 07:00:00+07:00,d Nah iyaa betul sekali kak Gulanya langsung jadi energi bener 👍,threads,2026-06-15 23:29:10.477375,threads,d9d532636b58a197d9f778d07f70c3d8
https://www.threads.com/@nafkahnation.dx/post/DYlJfXMH_F2?xmt=AQG0AYqe7i-TF9XEeiQU3s7XutbgNRKypgefyRC0HXNcVA,adityaa_septian,2026-02-06 07:00:00+07:00,"d Maknnya kalo mau ngopi beneran ya kopi pait, kapal api juga mantul Yg itu mah gula rasa kopi",threads,2026-06-15 23:29:10.477375,threads,a238607fedc2fdc4d094f7e7f45236dc
https://www.threads.com/@nafkahnation.dx/post/DYlJfXMH_F2?xmt=AQG0AYqe7i-TF9XEeiQU3s7XutbgNRKypgefyRC0HXNcVA,nafkahnation.dx,2026-02-06 07:00:00+07:00,"d Bener banget sih bang, kopi tanpa gula ya",threads,2026-06-15 23:29:10.477375,threads,2aaa7b720acfc686746e06d51028f152
https://www.threads.com/@nafkahnation.dx/post/DYlJfXMH_F2?xmt=AQG0AYqe7i-TF9XEeiQU3s7XutbgNRKypgefyRC0HXNcVA,adityaa_septian,2026-02-06 07:00:00+07:00,d Sama air putih jangan lupa sih,threads,2026-06-15 23:29:10.477375,threads,7868b47de2be3c191e92b4689defac66
https://www.threads.com/@nafkahnation.dx/post/DYlJfXMH_F2?xmt=AQG0AYqe7i-TF9XEeiQU3s7XutbgNRKypgefyRC0HXNcVA,vivieliu_,2026-02-06 07:00:00+07:00,"d fyi, vape jg bisa jd pemicu pre diabetes guys🫴🏻",threads,2026-06-15 23:29:10.477375,threads,a93071dd7d542ef26c37a246cb6ac68d
https://www.threads.com/@nafkahnation.dx/post/DYlJfXMH_F2?xmt=AQG0AYqe7i-TF9XEeiQU3s7XutbgNRKypgefyRC0HXNcVA,nafkahnation.dx,2026-02-06 07:00:00+07:00,d Wah manis juga sih ya Makasih infonya kak,threads,2026-06-15 23:29:10.477375,threads,b65aa239fc00b3abcf88a49c7fcb63db
https://www.threads.com/@nafkahnation.dx/post/DYlJfXMH_F2?xmt=AQG0AYqe7i-TF9XEeiQU3s7XutbgNRKypgefyRC0HXNcVA,yanartsie_,2026-02-06 07:00:00+07:00,"d Team americano tiap pagi, pahit² syedep sama ubi rebus dan jagung rebus🤣 Americano nescafe ga bikin diabetes dan ginjal kan bang?",threads,2026-06-15 23:29:10.477375,threads,dc2a688791e061433bdedd8f6e23df84
https://www.threads.com/@nafkahnation.dx/post/DYlJfXMH_F2?xmt=AQG0AYqe7i-TF9XEeiQU3s7XutbgNRKypgefyRC0HXNcVA,nafkahnation.dx,2026-02-06 07:00:00+07:00,"d Mantap kak, syedep ya 😂 Engga kok kak, tp jangan berlebihan aja yaa wkwk",threads,2026-06-15 23:29:10.477375,threads,0decfc4496d917a0c4e8a230fa2d8ae4
https://www.threads.com/@nafkahnation.dx/post/DYlJfXMH_F2?xmt=AQG0AYqe7i-TF9XEeiQU3s7XutbgNRKypgefyRC0HXNcVA,gembokruumah,2026-02-06 07:00:00+07:00,d Klo minum tiap hari tapi no sugar Aman gk kak??,threads,2026-06-15 23:29:10.477375,threads,0854e95f77892d000c7001001dbc3a75
https://www.threads.com/@nafkahnation.dx/post/DYlJfXMH_F2?xmt=AQG0AYqe7i-TF9XEeiQU3s7XutbgNRKypgefyRC0HXNcVA,amyle2987,2026-02-06 07:00:00+07:00,d Saya jujur ga ngopi karena kluarga bnyk yg kena diabetes Jd sy pakai pola makan teratur Pagi hanya minum air putih nti jam or baru makan buah ntah alpukat atau yg lainnya. Klo masak nasi pakai magicom setelah matang lgsg cabut karena semangkin nasi terlalu lama semangkin manis dan menyebabkan gula darah naik.,threads,2026-06-15 23:29:10.477375,threads,3aa240769a1a0ee5455cfecf9f5c1f37
https://www.threads.com/@nafkahnation.dx/post/DYlJfXMH_F2?xmt=AQG0AYqe7i-TF9XEeiQU3s7XutbgNRKypgefyRC0HXNcVA,nafkahnation.dx,2026-02-06 07:00:00+07:00,d Wah pola hidup yg sangat sehat kak Terima kasih sharing nya kak Sehat sehat kak 🙌,threads,2026-06-15 23:29:10.477375,threads,cd1afa8ef7e541a719691b0ca6963d62
https://www.threads.com/@nafkahnation.dx/post/DYlJfXMH_F2?xmt=AQG0AYqe7i-TF9XEeiQU3s7XutbgNRKypgefyRC0HXNcVA,amyle2987,2026-02-06 07:00:00+07:00,d Kamu juga semoga sehat selalu ya,threads,2026-06-15 23:29:10.477375,threads,57932112461ccb504d28d53c4b20c112
https://www.threads.com/@nafkahnation.dx/post/DYlJfXMH_F2?xmt=AQG0AYqe7i-TF9XEeiQU3s7XutbgNRKypgefyRC0HXNcVA,restylossaryta,2026-02-06 07:00:00+07:00,"d Makasih ya insight ny bang , untung sy gk doyan jajan kopi , atau booba menurut rasany terlalu manis dan mahal jg kurang suka 😆",threads,2026-06-15 23:29:10.477375,threads,35b68f3ca9ef0a97a83bf73618a20eb8
https://www.threads.com/@nafkahnation.dx/post/DYlJfXMH_F2?xmt=AQG0AYqe7i-TF9XEeiQU3s7XutbgNRKypgefyRC0HXNcVA,nafkahnation.dx,2026-02-06 07:00:00+07:00,"d Iyaa dengan senang hati kak Wah kak untung ga suka yaa, jadi lebih sehat secara tubuh dan juga finansial kak 😂",threads,2026-06-15 23:29:10.477375,threads,6243e5241890c8c3b3bb1318ce4faafb
https://www.threads.com/@nafkahnation.dx/post/DYlJfXMH_F2?xmt=AQG0AYqe7i-TF9XEeiQU3s7XutbgNRKypgefyRC0HXNcVA,parr.raae,2026-02-06 07:00:00+07:00,"d Wahhh makasihh bang insight nya, aku tiap hari minum kopi susu gula nya % kadang americano next order yg gula - %",threads,2026-06-15 23:29:10.477375,threads,9ca36929e06c1b09ae26e234935db52a
https://www.threads.com/@nafkahnation.dx/post/DYlJfXMH_F2?xmt=AQG0AYqe7i-TF9XEeiQU3s7XutbgNRKypgefyRC0HXNcVA,kowekuat,2026-02-06 07:00:00+07:00,d thanks informasinya sgt berfaedah.. jadi bisa ngaca.. 👍🏻,threads,2026-06-15 23:29:10.477375,threads,37e7000d4d7347bb8df2e11062e8c75b
https://www.threads.com/@nafkahnation.dx/post/DYlJfXMH_F2?xmt=AQG0AYqe7i-TF9XEeiQU3s7XutbgNRKypgefyRC0HXNcVA,nafkahnation.dx,2026-02-06 07:00:00+07:00,"d Sama kak, semoga bermanfaat 😊",threads,2026-06-15 23:29:10.477375,threads,265c37f2022b5fe66c10c9e0d835d9da
https://www.threads.com/@nafkahnation.dx/post/DYlJfXMH_F2?xmt=AQG0AYqe7i-TF9XEeiQU3s7XutbgNRKypgefyRC0HXNcVA,ninikandria,2026-02-06 07:00:00+07:00,"d Apakah cuma sy di dunia ini yg ga suka kopi kekinian? Sama sekali ga pernah sentuh kopi, even di beliin atau ditraktir ttp ga diminum ya cuma sruput aja dikit krn udah terlanjur dibeliin , sebetulnya suka manis tapi udah sejak puluhan tahun sadar diri harus ngurangin manis jd skrng minum manis dikit udah eneg duluan krn lidah udah terbiasa air putih dingin aja cukup",threads,2026-06-15 23:29:10.477375,threads,2ff36001444d5d4fb89c0f8cb656484a
https://www.threads.com/@nafkahnation.dx/post/DYlJfXMH_F2?xmt=AQG0AYqe7i-TF9XEeiQU3s7XutbgNRKypgefyRC0HXNcVA,cutristy,2026-02-06 07:00:00+07:00,h Bisa jadi genetik jg gk sih,threads,2026-06-15 23:29:10.477375,threads,12b5821073fa0a51dc8775e7aabd9b59
https://www.threads.com/@nafkahnation.dx/post/DYlJfXMH_F2?xmt=AQG0AYqe7i-TF9XEeiQU3s7XutbgNRKypgefyRC0HXNcVA,himawanfr,2026-02-06 07:00:00+07:00,d Untung jarang bgt kopsus,threads,2026-06-15 23:29:10.477375,threads,313d86e88b4c4aa6589831094c2ace02
https://www.threads.com/@nafkahnation.dx/post/DYlJfXMH_F2?xmt=AQG0AYqe7i-TF9XEeiQU3s7XutbgNRKypgefyRC0HXNcVA,nafkahnation.dx,2026-02-06 07:00:00+07:00,d Sehat malah bang,threads,2026-06-15 23:29:10.477375,threads,9b6a9c1018a1d2399035d19b03606e3c
https://www.threads.com/@nafkahnation.dx/post/DYlJfXMH_F2?xmt=AQG0AYqe7i-TF9XEeiQU3s7XutbgNRKypgefyRC0HXNcVA,skootrmari,2026-02-06 07:00:00+07:00,"h Hey bros who whine about “height supremacy!” Yall are aware that it’s ✨patriarchy✨ that pushes men and women to be insecure about women being taller than their male partners, yes?",threads,2026-06-15 23:29:10.477375,threads,0efdd095f8815edeb7fa49519ab9668e
https://www.threads.com/@nafkahnation.dx/post/DYlJfXMH_F2?xmt=AQG0AYqe7i-TF9XEeiQU3s7XutbgNRKypgefyRC0HXNcVA,my.nintendo.news,2026-02-06 07:00:00+07:00,h Japan: Pokemon Company considering authentication via government IDs to battle TCG scalping mynintendonews.com/ … mynintendonews.com Japan: Pokemon Company considering authentication via government IDs to battle TCG scalping,threads,2026-06-15 23:29:10.477375,threads,abf671ef7d5076b1410f4a15aceb9acf
https://www.threads.com/@hangnuat/post/DXS2i64k9j_?xmt=AQG0AYqe7i-TF9XEeiQU3s7XutbgNRKypgefyRC0HXNcVA,hangnuat,2026-04-19 07:00:00+07:00,Tanda tanda berlebihan GULA dalam tubuh kita,threads,2026-06-15 23:29:10.477375,threads,300cd9536cbbbeca3740173e821d1dc8
https://www.threads.com/@hangnuat/post/DXS2i64k9j_?xmt=AQG0AYqe7i-TF9XEeiQU3s7XutbgNRKypgefyRC0HXNcVA,hangnuat,2026-04-19 07:00:00+07:00,". Selalu haus dan sering kencing Badan cuba buang gula yang berlebihan melalui air kencing, sebab itu badan cepat hilang air",threads,2026-06-15 23:29:10.477375,threads,717872297f83315c5999f96010724396
https://www.threads.com/@hangnuat/post/DXS2i64k9j_?xmt=AQG0AYqe7i-TF9XEeiQU3s7XutbgNRKypgefyRC0HXNcVA,hangnuat,2026-04-19 07:00:00+07:00,". Cepat letih dan mudah mengantuk Bila gula tinggi, insulin terpaksa kerja kuat Tenaga pun turun naik, sebab itu badan cepat lemas",threads,2026-06-15 23:29:10.477375,threads,f5a05e6ea74852933b273535259afa83
https://www.threads.com/@hangnuat/post/DXS2i64k9j_?xmt=AQG0AYqe7i-TF9XEeiQU3s7XutbgNRKypgefyRC0HXNcVA,hangnuat,2026-04-19 07:00:00+07:00,". Penglihatan kabur Gula tinggi ubah penglihatan dalam mata, jadinya pandangan jadi tidak jelas",threads,2026-06-15 23:29:10.477375,threads,41124dcbfa16ad56de61a351691d3c4e
https://www.threads.com/@hangnuat/post/DXS2i64k9j_?xmt=AQG0AYqe7i-TF9XEeiQU3s7XutbgNRKypgefyRC0HXNcVA,hangnuat,2026-04-19 07:00:00+07:00,". Selera makan naik tak berhenti Walaupun gula dalam darah tinggi, sel badan masih tak cukup tenaga sebab insulin tak berfungsi baik",threads,2026-06-15 23:29:10.477375,threads,ea35ba664d03ae170c10362ddb95ea89
https://www.threads.com/@hangnuat/post/DXS2i64k9j_?xmt=AQG0AYqe7i-TF9XEeiQU3s7XutbgNRKypgefyRC0HXNcVA,hangnuat,2026-04-19 07:00:00+07:00,. Gigi selalu bermasalah Bakteria plak dan penyebab ulser mulut senang membiak bila gula darah tinggi,threads,2026-06-15 23:29:10.477375,threads,1a6d2f20b2e4805f9f76dece1c53f609
https://www.threads.com/@hangnuat/post/DXS2i64k9j_?xmt=AQG0AYqe7i-TF9XEeiQU3s7XutbgNRKypgefyRC0HXNcVA,hangnuat,2026-04-19 07:00:00+07:00,. Luka lambat sembuh Gula berlebihan ganggu aliran darah dan proses pembaikan sel,threads,2026-06-15 23:29:10.477375,threads,315f8ec79e3808138855e30489f40d07
https://www.threads.com/@hangnuat/post/DXS2i64k9j_?xmt=AQG0AYqe7i-TF9XEeiQU3s7XutbgNRKypgefyRC0HXNcVA,hangnuat,2026-04-19 07:00:00+07:00,". Kulit gatal, kering, atau naik tompok hitam di leher/ketiak Ini tanda insulin dalam darah banyak sangat",threads,2026-06-15 23:29:10.477375,threads,40d8cbcf710afcda336d9be891b58d0e
https://www.threads.com/@hangnuat/post/DXS2i64k9j_?xmt=AQG0AYqe7i-TF9XEeiQU3s7XutbgNRKypgefyRC0HXNcVA,hangnuat,2026-04-19 07:00:00+07:00,. Berat badan naik atau turun tanpa sebab yang jelas Metabolisme badan jadi tak stabil gara-gara gangguan insulin,threads,2026-06-15 23:29:10.477375,threads,2c76f9dfbee681c1d5a8bafba452bf02
https://www.threads.com/@hangnuat/post/DXS2i64k9j_?xmt=AQG0AYqe7i-TF9XEeiQU3s7XutbgNRKypgefyRC0HXNcVA,hangnuat,2026-04-19 07:00:00+07:00,. Rasa kebas atau semut-semut di tangan dan kaki Gula tinggi lama-lama boleh rosakkan saraf,threads,2026-06-15 23:29:10.477375,threads,f7e8d74a911315dbe9cea6665db2a247
https://www.threads.com/@hangnuat/post/DXS2i64k9j_?xmt=AQG0AYqe7i-TF9XEeiQU3s7XutbgNRKypgefyRC0HXNcVA,suzzy_zie,2026-04-19 07:00:00+07:00,"Brisk walk,bnyk kn minum air masak dan kurangkan gula&karbohidrat..",threads,2026-06-15 23:29:10.477375,threads,b7034d06420294e1f2b0c243b111566e
https://www.threads.com/@hangnuat/post/DXS2i64k9j_?xmt=AQG0AYqe7i-TF9XEeiQU3s7XutbgNRKypgefyRC0HXNcVA,hangnuat,2026-04-19 07:00:00+07:00,"Tambah lagi, setahun sekali jumpa doktor buat check up kesihatan...",threads,2026-06-15 23:29:10.477375,threads,87bd69946663897cd4e014e6e6f1bb3a
https://www.threads.com/@hangnuat/post/DXS2i64k9j_?xmt=AQG0AYqe7i-TF9XEeiQU3s7XutbgNRKypgefyRC0HXNcVA,cikgirang,2026-04-19 07:00:00+07:00,So solution dia mcm mana?,threads,2026-06-15 23:29:10.477375,threads,354eec3c5d2525263125fa13a535a331
https://www.threads.com/@hangnuat/post/DXS2i64k9j_?xmt=AQG0AYqe7i-TF9XEeiQU3s7XutbgNRKypgefyRC0HXNcVA,pykaasuhaimi_,2026-04-19 07:00:00+07:00,semua ada kat saya😭,threads,2026-06-15 23:29:10.477375,threads,d0591831b028081d2987a01e0f16fb18
https://www.threads.com/@hangnuat/post/DXS2i64k9j_?xmt=AQG0AYqe7i-TF9XEeiQU3s7XutbgNRKypgefyRC0HXNcVA,sheikh_harlem,2026-04-19 07:00:00+07:00,No pembetulan. Pancreas akan berkerja keras tu rembes insulin tuk menstabil kan gula dlm badan / darah Info lg jangan amalkan minum air sejuk berais / dr peti sejuk. Perbuatan ini akan membuatkan pankreas anda cepat rosak lg anak kecil bawah umur tahun.,threads,2026-06-15 23:29:10.477375,threads,c222379055f7e4294c5b0cc3304efacf
https://www.threads.com/@hangnuat/post/DXS2i64k9j_?xmt=AQG0AYqe7i-TF9XEeiQU3s7XutbgNRKypgefyRC0HXNcVA,tasyamazalee_,2026-04-19 07:00:00+07:00,"Sesiapa yang ada tanda-tanda ni, boleh terus pergi med checkup.. Saya buat med checkup dkt KK KD, sekarang dah ada diabetes tahun dah.. Selamatkan badan anda, nanti boleh rosak buah pinggang, mata jadi buta, dan banyak lagi effect diabetes ni kalau tak cegah dari awal..",threads,2026-06-15 23:29:10.477375,threads,89cfd800ff61eca2d76ac4959118a547
https://www.threads.com/@hangnuat/post/DXS2i64k9j_?xmt=AQG0AYqe7i-TF9XEeiQU3s7XutbgNRKypgefyRC0HXNcVA,hangnuat,2026-04-19 07:00:00+07:00,Betul tu cik.,threads,2026-06-15 23:29:10.477375,threads,1a92fc4341264ec544bb3247e0f4dcfb
https://www.threads.com/@hangnuat/post/DXS2i64k9j_?xmt=AQG0AYqe7i-TF9XEeiQU3s7XutbgNRKypgefyRC0HXNcVA,fazli.perspective,2026-04-19 07:00:00+07:00,Saya dah ada. Umur,threads,2026-06-15 23:29:10.477375,threads,0b5fe64d6016e6ad1d88be9271ac7c61
https://www.threads.com/@hangnuat/post/DXS2i64k9j_?xmt=AQG0AYqe7i-TF9XEeiQU3s7XutbgNRKypgefyRC0HXNcVA,hangnuat,2026-04-19 07:00:00+07:00,Allahuakbar....dugaan cik,threads,2026-06-15 23:29:10.477375,threads,8f0d6473087f0d5070fe761ab4b89f1f
https://www.threads.com/@hangnuat/post/DXS2i64k9j_?xmt=AQG0AYqe7i-TF9XEeiQU3s7XutbgNRKypgefyRC0HXNcVA,leysaa_._,2026-04-19 07:00:00+07:00,"Mostly tanda di atas tu sy ada. Hari minum air manis. Pagi malam, tp sy check gula rendah. . Sy pernah masuk hospital doc check bacaan gula dlm darah rendah sgt. tp xboleh nk tinggal 😢",threads,2026-06-15 23:29:10.477375,threads,bf6bd44e103e92c8bde962ed1b0928d6
https://www.threads.com/@hangnuat/post/DXS2i64k9j_?xmt=AQG0AYqe7i-TF9XEeiQU3s7XutbgNRKypgefyRC0HXNcVA,hangnuat,2026-04-19 07:00:00+07:00,"Ya cik...gula lebih sangat pun tak boleh, kurang sangat pun tak boleh...kan",threads,2026-06-15 23:29:10.477375,threads,91c134bbe41a6600dc5a3756b307a197
https://www.threads.com/@hangnuat/post/DXS2i64k9j_?xmt=AQG0AYqe7i-TF9XEeiQU3s7XutbgNRKypgefyRC0HXNcVA,norul_mohd,2026-04-19 07:00:00+07:00,"Semua tu sy ada tapi mmg sy xambk gula,pelik…. Sy hny air kosong jur",threads,2026-06-15 23:29:10.477375,threads,7791e5b35c2e0c41ee19d4ab660427ef
https://www.threads.com/@hangnuat/post/DXS2i64k9j_?xmt=AQG0AYqe7i-TF9XEeiQU3s7XutbgNRKypgefyRC0HXNcVA,hangnuat,2026-04-19 07:00:00+07:00,Cik minum air tapis yang bayar bulan bulan tu ke?,threads,2026-06-15 23:29:10.477375,threads,f1b9affa2af6167dfe25be0f7fae61a8
https://www.threads.com/@hangnuat/post/DXS2i64k9j_?xmt=AQG0AYqe7i-TF9XEeiQU3s7XutbgNRKypgefyRC0HXNcVA,manisann.my,2026-04-19 07:00:00+07:00,"Alhamdulillah. Saya baru cek bacaan gula saya dua minggu lepas, je walaupun time tu baru lepas makan (alas perut) coklat macam kinder bueno tu",threads,2026-06-15 23:29:10.477375,threads,4691a90fc974fa57ca828c3f42f127eb
https://www.threads.com/@hangnuat/post/DXS2i64k9j_?xmt=AQG0AYqe7i-TF9XEeiQU3s7XutbgNRKypgefyRC0HXNcVA,hangnuat,2026-04-19 07:00:00+07:00,"Alhamdullilah..masih diberi kesihatan untuk membuat amal ibadat....sekali sekala takpe, teringin tu memang tak boleh lari..😃",threads,2026-06-15 23:29:10.477375,threads,20c106041541c610c1c4ce47ef4853ae
https://www.threads.com/@hangnuat/post/DXS2i64k9j_?xmt=AQG0AYqe7i-TF9XEeiQU3s7XutbgNRKypgefyRC0HXNcVA,fllnh070,2026-04-19 07:00:00+07:00,"Yg diatas blh dikatakan ada pd sy,cane cara utk rawat ye?",threads,2026-06-15 23:29:10.477375,threads,ac239d83bd43af4546bc2892664e69c2
https://www.threads.com/@hangnuat/post/DXS2i64k9j_?xmt=AQG0AYqe7i-TF9XEeiQU3s7XutbgNRKypgefyRC0HXNcVA,hyasmin_hara,2026-04-19 07:00:00+07:00,Sy mmg dari dulu kurang gula. Tak suka makanan @ minum manis. Tp mostly atas tu saya ada 😅,threads,2026-06-15 23:29:10.477375,threads,a9fa6a5fa60c333708686370e9f525a1
https://www.threads.com/@hangnuat/post/DXS2i64k9j_?xmt=AQG0AYqe7i-TF9XEeiQU3s7XutbgNRKypgefyRC0HXNcVA,amantius813,2026-04-19 07:00:00+07:00,"Puasa, olahraga dan berdoa",threads,2026-06-15 23:29:10.477375,threads,1d7f5f5691a9059251a24ef184fc40a1
https://www.threads.com/@hangnuat/post/DXS2i64k9j_?xmt=AQG0AYqe7i-TF9XEeiQU3s7XutbgNRKypgefyRC0HXNcVA,hangnuat,2026-04-19 07:00:00+07:00,"Medical check up setahun sekali pun kena buat cik, baru tahu kadar gula dalam badan",threads,2026-06-15 23:29:10.477375,threads,c76f479b9dedc281c2787f82b4eff2ea
https://www.threads.com/@hangnuat/post/DXS2i64k9j_?xmt=AQG0AYqe7i-TF9XEeiQU3s7XutbgNRKypgefyRC0HXNcVA,thelemorez,2026-04-19 07:00:00+07:00,Dah nak masuk minggu kedua buat i.f. Bacaan gula dah terkawal. Tak suka pun minum air manis air viral. Cuma kuat makan nasi. Haritu terkejut check gula . Esok tu terus insaf nak diet.,threads,2026-06-15 23:29:10.477375,threads,826c0e4f33fd67c013b936631d0abcd2
https://www.threads.com/@hangnuat/post/DXS2i64k9j_?xmt=AQG0AYqe7i-TF9XEeiQU3s7XutbgNRKypgefyRC0HXNcVA,hangnuat,2026-04-19 07:00:00+07:00,"Dalam nasi pun Ade gula. Pasal tu yg mane diet , jumlah nasi cuma segenggam penumbuk jer...tak boleh lebih",threads,2026-06-15 23:29:10.477375,threads,ce643c299e50ad968e9214a861988d1c
https://www.threads.com/@hangnuat/post/DXS2i64k9j_?xmt=AQG0AYqe7i-TF9XEeiQU3s7XutbgNRKypgefyRC0HXNcVA,iliayuni,2026-04-19 07:00:00+07:00,Kalau dh semua ada tu maknanya ada kencing manis. Tuje,threads,2026-06-15 23:29:10.477375,threads,001e3de68e667e63d095155c13105ebd
https://www.threads.com/@hangnuat/post/DXS2i64k9j_?xmt=AQG0AYqe7i-TF9XEeiQU3s7XutbgNRKypgefyRC0HXNcVA,hangnuat,2026-04-19 07:00:00+07:00,Kan...tapi kencing manis Ade peringkat peringkat dia..peringkat awal buleh selamatkan lagi,threads,2026-06-15 23:29:10.477375,threads,c8fc5d05a09762f1fe3fb17def94b4b6
https://www.threads.com/@hangnuat/post/DXS2i64k9j_?xmt=AQG0AYqe7i-TF9XEeiQU3s7XutbgNRKypgefyRC0HXNcVA,aarifsepet,2026-04-19 07:00:00+07:00,Dah tahun free from sugar. Xpnh menyesal. 💪,threads,2026-06-15 23:29:10.477375,threads,9a6d972f22f53ae5bb723a8546453091
https://www.threads.com/@hangnuat/post/DXS2i64k9j_?xmt=AQG0AYqe7i-TF9XEeiQU3s7XutbgNRKypgefyRC0HXNcVA,hangnuat,2026-04-19 07:00:00+07:00,Aarif mest amal disiplin kuat. Bukan kaleng kaleng orang boleh menolak gula ni,threads,2026-06-15 23:29:10.477375,threads,18b1321670c010e028e96655359e29d4
https://www.threads.com/@hangnuat/post/DXS2i64k9j_?xmt=AQG0AYqe7i-TF9XEeiQU3s7XutbgNRKypgefyRC0HXNcVA,nasa7am.jpg,2026-04-19 07:00:00+07:00,satu lagi mulut berbau peluh kuat bau. saya perasan kalau cut sugar sebulan mesti lama lama mulut kurang bau peluh pun tak busuk sangat,threads,2026-06-15 23:29:10.477375,threads,e4451d39015078563d48d7942f19dc60
https://www.threads.com/@hangnuat/post/DXS2i64k9j_?xmt=AQG0AYqe7i-TF9XEeiQU3s7XutbgNRKypgefyRC0HXNcVA,hangnuat,2026-04-19 07:00:00+07:00,Betul tu nasa. Kalau kita pon terbau...apatah lagi yang nak berbual dengan kita. Mesti tak selesa,threads,2026-06-15 23:29:10.477375,threads,cf1788ff531ba0d3c48f1bd6bc9c8963
https://www.threads.com/@hangnuat/post/DXS2i64k9j_?xmt=AQG0AYqe7i-TF9XEeiQU3s7XutbgNRKypgefyRC0HXNcVA,dawnnrisee,2026-05-11 07:00:00+07:00,TANDA TUBUH KAMU KEBANYAKAN GULA DAN KAMU GAK SADAR 😭⤵️,threads,2026-06-15 23:29:10.477375,threads,20cabbfdd43a937865a75c5a99725b40
https://www.threads.com/@hangnuat/post/DXS2i64k9j_?xmt=AQG0AYqe7i-TF9XEeiQU3s7XutbgNRKypgefyRC0HXNcVA,mopakeai0,2026-04-21 07:00:00+07:00,TANDA TUBUH LO KEBANYAKAN GULA BIAR LO GAK GAMPANG NGANTUK & LAPER TERUS.,threads,2026-06-15 23:29:10.477375,threads,1d5826b5637672989ea219b3f1620452
https://www.threads.com/@hangnuat/post/DXS2i64k9j_?xmt=AQG0AYqe7i-TF9XEeiQU3s7XutbgNRKypgefyRC0HXNcVA,mopakeai0,2026-04-20 07:00:00+07:00,TANDA TUBUH KAMU KEBANYAKAN GULA (pantes aja kamu gampang capek & susah fokus),threads,2026-06-15 23:29:10.477375,threads,f921e1e86b25e1e6174a0f53e70d7652
https://www.threads.com/@hangnuat/post/DXS2i64k9j_?xmt=AQG0AYqe7i-TF9XEeiQU3s7XutbgNRKypgefyRC0HXNcVA,imranraafi,2026-04-25 07:00:00+07:00,benyharjadi,threads,2026-06-15 23:29:10.477375,threads,638d364cbfd02bdf7204573ef0847861
https://www.threads.com/@hangnuat/post/DXS2i64k9j_?xmt=AQG0AYqe7i-TF9XEeiQU3s7XutbgNRKypgefyRC0HXNcVA,rizalimnr,2026-02-06 07:00:00+07:00,d ryyn_pdia d Tanda-tanda tubuh kebanyakan gula,threads,2026-06-15 23:29:10.477375,threads,50c35cf5d7a3199f4602f6ae3e64ba2b
https://www.threads.com/@hangnuat/post/DXS2i64k9j_?xmt=AQG0AYqe7i-TF9XEeiQU3s7XutbgNRKypgefyRC0HXNcVA,ryyn_pdia,2026-02-06 07:00:00+07:00,d Tanda-tanda tubuh kebanyakan gula,threads,2026-06-15 23:29:10.477375,threads,018012c81766306fd2afc55d46e2438e
https://www.threads.com/@semesta_rayya/post/DTt-IXgkUSJ?xmt=AQG0AYqe7i-TF9XEeiQU3s7XutbgNRKypgefyRC0HXNcVA,semesta_rayya,2026-01-20 07:00:00+07:00,Masalah Utama : Diabetes /Prediabetes/PCOS Penyebab Utama : RESISTENSI INSULIN Latihan dibawah ini adalah Cara Cerdik buat MEMPERBAIKI RESISTENSI INSULIN... Penting!!!!untuk kamu ketahui...,threads,2026-06-15 23:29:10.477375,threads,3fa06addccab7052e4743951ceee6ac7
https://www.threads.com/@semesta_rayya/post/DTt-IXgkUSJ?xmt=AQG0AYqe7i-TF9XEeiQU3s7XutbgNRKypgefyRC0HXNcVA,semesta_rayya,2026-01-20 07:00:00+07:00,"JALUR (Glucose Storage Capity) "" Memperbesar Kapasitas Massa Otot"" Otot adalah tempat paling aman dalam menyimpan gula,jika ototmu kecil dan kamu jarang gerak..kalori yang kamu masukan akan disimpan di dalam jaringan lemak maupun hati...its dengerous!!! Ingat otot hanya bisa berkembang dengan LATIHAN BEBAN,perbanyak gerakan untuk melatih otot besar seperti Squat, Deadlift,Legpress Lakukan minimal - kali /Minggu dengan durasi - menit kg otot baru setara pembuangan Glucose - %",threads,2026-06-15 23:29:10.477375,threads,e09d03f78dad11c0a83f00afa452f61e
https://www.threads.com/@semesta_rayya/post/DTt-IXgkUSJ?xmt=AQG0AYqe7i-TF9XEeiQU3s7XutbgNRKypgefyRC0HXNcVA,semesta_rayya,2026-01-20 07:00:00+07:00,"JALUR ( Aktifitavasi Glut- ) ""Glucose Transporter Type- )"" Adalah protein transport glukosa yang sensitif terhadap insulin,diaktivasi dengan kontraksi otot berulang dengan intensitas moderat-tinggi, pemakaian gula tanpa jalur insulin,contoh latihanya interval training,sprint,HIIT...latihan - kali/minggu",threads,2026-06-15 23:29:10.477375,threads,bfb2131246f03f87f32d6763022f7303
https://www.threads.com/@semesta_rayya/post/DTt-IXgkUSJ?xmt=AQG0AYqe7i-TF9XEeiQU3s7XutbgNRKypgefyRC0HXNcVA,semesta_rayya,2026-01-20 07:00:00+07:00,"JALUR ( Aktivasi Enzim AMPK) AMPK menjadi regulator mengativasi jalur penghasil energy dan meningkatkan sensitivitas insulin Latihanya : Olahraga sebelum makan dengan HR - %, Intermiten Fasting..",threads,2026-06-15 23:29:10.477375,threads,b2aea0d74787e2f70a13ca009be25d0d
https://www.threads.com/@semesta_rayya/post/DTt-IXgkUSJ?xmt=AQG0AYqe7i-TF9XEeiQU3s7XutbgNRKypgefyRC0HXNcVA,semesta_rayya,2026-01-20 07:00:00+07:00,Kombinasi latihan bisa jadi POWEFULL jika dilakukan dengan rutin... Selamat Mencoba...,threads,2026-06-15 23:29:10.477375,threads,7dfdba939b3d8c67e5b598249e04834d
https://www.threads.com/@semesta_rayya/post/DTt-IXgkUSJ?xmt=AQG0AYqe7i-TF9XEeiQU3s7XutbgNRKypgefyRC0HXNcVA,bilychia,2026-01-20 07:00:00+07:00,"Bener ni sejak gym Hanya bulan HBa c turun dri ke dengan makan yg masih kyk biasa, gym x seminggu kadang x, masalahnya abis gym tu makannya nadi bar jadi berat stuck😁",threads,2026-06-15 23:29:10.477375,threads,bce49bafce25e6dcef28a337c700f58c
https://www.threads.com/@semesta_rayya/post/DTt-IXgkUSJ?xmt=AQG0AYqe7i-TF9XEeiQU3s7XutbgNRKypgefyRC0HXNcVA,wulanboedojo12,2026-01-20 07:00:00+07:00,"Kalau bersepeda, selama kurleb menit, x sepekan, masuk ke latihan yang mana bund ?",threads,2026-06-15 23:29:10.477375,threads,be2aeff08719f45aa7ddffd1d25f2d2d
https://www.threads.com/@semesta_rayya/post/DTt-IXgkUSJ?xmt=AQG0AYqe7i-TF9XEeiQU3s7XutbgNRKypgefyRC0HXNcVA,semesta_rayya,2026-01-20 07:00:00+07:00,Masuknya cardio kak ....jalur nanti pemakaian gula tanpa jalur insulin...aktifasi AMPK...apalagi nyepedanya pake mode interval..kadang sprint kadang lambat....nanjak dll...begitu... Tambah lagi dengan latihan beban ya...sama rajin puasa...,threads,2026-06-15 23:29:10.477375,threads,e7c50c06990a0e87f3bb76ec08b6a763
https://www.threads.com/@semesta_rayya/post/DTt-IXgkUSJ?xmt=AQG0AYqe7i-TF9XEeiQU3s7XutbgNRKypgefyRC0HXNcVA,wulanboedojo12,2026-01-20 07:00:00+07:00,"Iya, rutenya naik turun, sampai engap klau nafas n dilakukan saat perut kosong ( paling ke isi air putih L ). Terimakasih ilmunya bund, semoga bisa jadi penambah pahala, aamiin",threads,2026-06-15 23:29:10.477375,threads,ba6664eb92a601ce033f0dce4af71308
https://www.threads.com/@semesta_rayya/post/DTt-IXgkUSJ?xmt=AQG0AYqe7i-TF9XEeiQU3s7XutbgNRKypgefyRC0HXNcVA,semesta_rayya,2026-01-20 07:00:00+07:00,Bagi jadwalnya dengan latihan beban juga... Bikin otot cuma bisa di lakukan kalau strength training bukan cardio Kurangi jatah cardio...masukan program Strength training nya - kali /Minggu... Biar otot jantung dan otot rangka nya balance...,threads,2026-06-15 23:29:10.477375,threads,ca21b0aecf2cbb3990a6428a7985c3f2
https://www.threads.com/@semesta_rayya/post/DTt-IXgkUSJ?xmt=AQG0AYqe7i-TF9XEeiQU3s7XutbgNRKypgefyRC0HXNcVA,nelsontahitu17,2026-01-20 07:00:00+07:00,"Kalau olahraga slowpitch intensitas sedang- tinggi, jalan kaki - jam, ditambah dengan FBW jam di variasikan dalam minggu apakah masih aman?",threads,2026-06-15 23:29:10.477375,threads,29f08389cdeba004d18087023cd0c78e
https://www.threads.com/@semesta_rayya/post/DTt-IXgkUSJ?xmt=AQG0AYqe7i-TF9XEeiQU3s7XutbgNRKypgefyRC0HXNcVA,semesta_rayya,2026-01-20 07:00:00+07:00,Sebenarnya yang Kaka lakukan sudah ada kombinasi jalur ya..cardio dan Strength training...akan lebih ciamik lagi FBW nya juga naikin progress dan fokusin ke latihan kaki untuk hiperthropy otot...biar pembungaan gulannya makin aman...🤗🤗🤗 Jangan lupa rest nya juga diatur yaaa...biar ga overtrain...stress badan...inflamasi ....gula ga turun ..itu sih arahnya kalau sudah prediabetes,threads,2026-06-15 23:29:10.477375,threads,8e554db10c9e7ed6c30cb9be45660616
https://www.threads.com/@semesta_rayya/post/DTt-IXgkUSJ?xmt=AQG0AYqe7i-TF9XEeiQU3s7XutbgNRKypgefyRC0HXNcVA,fatii_0471,2026-01-20 07:00:00+07:00,Makasih kak infonya,threads,2026-06-15 23:29:10.477375,threads,4ce71e79b996a6671da9f967ae6ade93
https://www.threads.com/@semesta_rayya/post/DTt-IXgkUSJ?xmt=AQG0AYqe7i-TF9XEeiQU3s7XutbgNRKypgefyRC0HXNcVA,semesta_rayya,2026-01-20 07:00:00+07:00,Kembali kasihh.....🤍🤍,threads,2026-06-15 23:29:10.477375,threads,75be700a21876d2e38f15405d244122b
https://www.threads.com/@semesta_rayya/post/DTt-IXgkUSJ?xmt=AQG0AYqe7i-TF9XEeiQU3s7XutbgNRKypgefyRC0HXNcVA,suyasakomang,2026-01-20 07:00:00+07:00,"Kalau pull up dan chin up x gimana, bunda?",threads,2026-06-15 23:29:10.477375,threads,ff893be5fd97ed5888132478de408ca2
https://www.threads.com/@semesta_rayya/post/DTt-IXgkUSJ?xmt=AQG0AYqe7i-TF9XEeiQU3s7XutbgNRKypgefyRC0HXNcVA,semesta_rayya,2026-01-20 07:00:00+07:00,"Itu msuk ke strength training kak....latihan beban juga...beban badan...cabang calistenic...bagus juga...tapi untuk nambah massa otot pull up chin up nya berprogres...baik dari repetisi,form atupun beban....selamat berprogress🙌🏻",threads,2026-06-15 23:29:10.477375,threads,b448ef33c7f970e3031275c977b64e2c
https://www.threads.com/@semesta_rayya/post/DTt-IXgkUSJ?xmt=AQG0AYqe7i-TF9XEeiQU3s7XutbgNRKypgefyRC0HXNcVA,suyasakomang,2026-01-20 07:00:00+07:00,"Selain pull up dan chin up saya juga burpee x non stop, buat variasi.",threads,2026-06-15 23:29:10.477375,threads,b22a3a951d4e58e075400a36c31d445d
https://www.threads.com/@semesta_rayya/post/DTt-IXgkUSJ?xmt=AQG0AYqe7i-TF9XEeiQU3s7XutbgNRKypgefyRC0HXNcVA,semesta_rayya,2026-01-20 07:00:00+07:00,Nanti masuknya ke jalur ...aktivasi Glut ..pemakaian gula tanpa insulin..Krn Burpe termasuk HIIT.. Jalur dan jalur tetap dilakuin biar optimal hasilnya,threads,2026-06-15 23:29:10.477375,threads,6a28c92804c9bdd87a963df15ba75a97
https://www.threads.com/@semesta_rayya/post/DTt-IXgkUSJ?xmt=AQG0AYqe7i-TF9XEeiQU3s7XutbgNRKypgefyRC0HXNcVA,suyasakomang,2026-01-20 07:00:00+07:00,Jadi HIIT adalah salah satu cara memakai gula tanpa insulin?,threads,2026-06-15 23:29:10.477375,threads,300ca9771018c0bf4679de6b6f5b2ecd
https://www.threads.com/@semesta_rayya/post/DTt-IXgkUSJ?xmt=AQG0AYqe7i-TF9XEeiQU3s7XutbgNRKypgefyRC0HXNcVA,evaeppaa,2026-01-20 07:00:00+07:00,"makasih ka infonya,,,sehat sehat sll semua nya",threads,2026-06-15 23:29:10.477375,threads,d6cc58584a6114cfd75b91c133bd5863
https://www.threads.com/@semesta_rayya/post/DTt-IXgkUSJ?xmt=AQG0AYqe7i-TF9XEeiQU3s7XutbgNRKypgefyRC0HXNcVA,fauzeeyyah.hms,2026-01-20 07:00:00+07:00,"Kak kalo full body workout pakai dumbbell masing kg x/minggu selama - menit, trus lanjut interval walking - jam udah cukup belum?",threads,2026-06-15 23:29:10.477375,threads,fcaebcd3f7ca9e0121db95a361c502d6
https://www.threads.com/@semesta_rayya/post/DTt-IXgkUSJ?xmt=AQG0AYqe7i-TF9XEeiQU3s7XutbgNRKypgefyRC0HXNcVA,semesta_rayya,2026-01-20 07:00:00+07:00,Untuk FBW usahakan berprogress ya...di beban atau di repetisi agar tercipta muscle shock sehingga otot berkembang...jangan lupa bahan baku ototnya dengan Protein gr/kg BB minimal.... Interval walking aman sih.... Kasih variasi..biar ga bosen Krn tubuh pinter banget adaptasi...biar berprogres...🤗,threads,2026-06-15 23:29:10.477375,threads,07a594e74e8b2253140685de44fce6eb
https://www.threads.com/@semesta_rayya/post/DTt-IXgkUSJ?xmt=AQG0AYqe7i-TF9XEeiQU3s7XutbgNRKypgefyRC0HXNcVA,annadwihidayanti,2026-01-20 07:00:00+07:00,Kurang paham kalau ini kak maaf pemula,threads,2026-06-15 23:29:10.477375,threads,05f247beee1d16583b660afc3117d814
https://www.threads.com/@semesta_rayya/post/DTt-IXgkUSJ?xmt=AQG0AYqe7i-TF9XEeiQU3s7XutbgNRKypgefyRC0HXNcVA,mardiguwp,2026-05-06 07:00:00+07:00,"Musuh semua orang jaman sekarang: insulin resistent. Insulin resistent penyebab : diabetes, kolesterol, asam urat, tekanan darah tinggi",threads,2026-06-15 23:29:10.477375,threads,6b51e95798c7922489c3e7c0d4257e9c
https://www.threads.com/@semesta_rayya/post/DTt-IXgkUSJ?xmt=AQG0AYqe7i-TF9XEeiQU3s7XutbgNRKypgefyRC0HXNcVA,dokter.tjindraongko,2026-05-07 07:00:00+07:00,"Kalau kemarin @dokter.tjindraongko sudah banyak jelasin tentang apa itu resistensi insulin, nah sekarang kenali penyebab terjadinya resistensi insulin! Ayo mulai bangun komitmen untuk hidup sehat supaya insulin tubuh jadi optimal 💪🏻 #edukasidiabetes #DokterDiabetes #ResistensiInsulin #doktertjindra",threads,2026-06-15 23:29:10.477375,threads,750fd6cf1ad0698c7e12f036b635acd6
https://www.threads.com/@semesta_rayya/post/DTt-IXgkUSJ?xmt=AQG0AYqe7i-TF9XEeiQU3s7XutbgNRKypgefyRC0HXNcVA,rahmantuff,2026-05-03 07:00:00+07:00,Tanda Insulin Resistance Makin Teruk & Ini Solusi untuk Fix,threads,2026-06-15 23:29:10.477375,threads,d0be106d6ece38609f7f90885215fa8f
https://www.threads.com/@semesta_rayya/post/DTt-IXgkUSJ?xmt=AQG0AYqe7i-TF9XEeiQU3s7XutbgNRKypgefyRC0HXNcVA,asgaryuk,2026-05-03 07:00:00+07:00,Buat kamu yang: • Baru didiagnosis resistensi insulin • Dikasih tahu gula darah borderline • Pre-diabetes dan bingung mau ngapain • Mau prevent diabetes tipe • Pengen paham cara kerja insulin Kita bahas satu-satu ya. Follow biar gak ketinggalan. Drop question juga supaya sekalian kita bahas ⬇️,threads,2026-06-15 23:29:10.477375,threads,3ad55cd98f04be5d81566b98385142cd
https://www.threads.com/@ayuwindaaaaaa/post/DUUKqHokiyR?xmt=AQG0AYqe7i-TF9XEeiQU3s7XutbgNRKypgefyRC0HXNcVA,ayuwindaaaaaa,2026-02-04 07:00:00+07:00,"Setelah tahun di diagnosis PCOS dan aku nggak melakukan perubahan. Akhirnya aku didiagnosis diabetes. Gula darah puasaku , yg harusnya atau dibawah . Mau nangis tp kesalahan sendiri ga mau bener bener niat berubah pola makan dan olahraga",threads,2026-06-15 23:29:10.477375,threads,5581ae9085b7adba439e617ece5d1a22
https://www.threads.com/@ayuwindaaaaaa/post/DUUKqHokiyR?xmt=AQG0AYqe7i-TF9XEeiQU3s7XutbgNRKypgefyRC0HXNcVA,mel.seulgi,2026-02-04 07:00:00+07:00,Semangat kak..aku jg dulu PCOS dan berubah jg diabetes udah tahunan..skrg lg hamil anak pertama. Awal didiagnosa malah harus paoe insulin krn Hba c nya terus turun ke ganti obat oral. Skrg udah turun ke . Bisa kok benerin pola makan dan olga terus bisa hamil jg jgn lupa cek amh nya ke obgyn juga.,threads,2026-06-15 23:29:10.477375,threads,99250176a362229e31c2e1a05e78de28
https://www.threads.com/@ayuwindaaaaaa/post/DUUKqHokiyR?xmt=AQG0AYqe7i-TF9XEeiQU3s7XutbgNRKypgefyRC0HXNcVA,roycelimindra,2026-02-04 07:00:00+07:00,"Kakak bukan gak ada niat berubah, kakak cuma gak tau mesti mulai dari mana. Setidaknya ini adalah step pertama yg baik yaitu kesadaran untuk berubah. Nah berubahnya mulai dari mana? Sudah banyak yg nulis di bawah termasuk dokter. Yg sy highlight : - perbaiki pola makan (pola makan bagaimana, di kerjakan PR nya) - olahraga - hindari stress (manajemen emosi) - tidur yg cukup Semangat ya ✊",threads,2026-06-15 23:29:10.477375,threads,5234a25f62a999d59660c916218d23b2
https://www.threads.com/@ayuwindaaaaaa/post/DUUKqHokiyR?xmt=AQG0AYqe7i-TF9XEeiQU3s7XutbgNRKypgefyRC0HXNcVA,ayuwindaaaaaa,2026-02-04 07:00:00+07:00,Kaakk terima kasih masukan dan semangatnya 🫶🏽 pelan pelan dicoba kak 💪🏿,threads,2026-06-15 23:29:10.477375,threads,aea732f561f8316776d678c8f2270611
https://www.threads.com/@ayuwindaaaaaa/post/DUUKqHokiyR?xmt=AQG0AYqe7i-TF9XEeiQU3s7XutbgNRKypgefyRC0HXNcVA,airinpaper,2026-02-04 07:00:00+07:00,"Kak, semangat! Aku tahun kemaren didiagnosis diabetes type pas umur dan awalnya dunia rasanya kayak mau runtuh. Tapi ya pelan berubah. Kalo harus milih salah satu, prioritasin pola makan dulu kak. Kalo bisa jauhin nasi sama tepung an/makanan yang di deep fry, dan jangan minum minuman manis atau minuman yang pake susu. Semangat yaa kak 🤗",threads,2026-06-15 23:29:10.477375,threads,a18699506894c26310cbc7db50984a6d
https://www.threads.com/@ayuwindaaaaaa/post/DUUKqHokiyR?xmt=AQG0AYqe7i-TF9XEeiQU3s7XutbgNRKypgefyRC0HXNcVA,ayuwindaaaaaa,2026-02-04 07:00:00+07:00,Kaaakk terima kasih semangatnya dan sarannya 🫶🏽 ini diusahain pelan pelan kak,threads,2026-06-15 23:29:10.477375,threads,1101d30da435618b8adfbaeda76ca69d
https://www.threads.com/@ayuwindaaaaaa/post/DUUKqHokiyR?xmt=AQG0AYqe7i-TF9XEeiQU3s7XutbgNRKypgefyRC0HXNcVA,neladusan,2026-02-04 07:00:00+07:00,"Semangat kak, ubah pola makan kak. Aku dulu juga pcos, fatty liver dan overweight, pastinya udah kena insulin resistan. Bolwh dm aku kalau mau tanya .",threads,2026-06-15 23:29:10.477375,threads,e7b181e50ba9ca602ffbff351a2df1fb
https://www.threads.com/@ayuwindaaaaaa/post/DUUKqHokiyR?xmt=AQG0AYqe7i-TF9XEeiQU3s7XutbgNRKypgefyRC0HXNcVA,gandiswulano,2026-02-04 07:00:00+07:00,"Kak maaf nimbrung, pernah periksa hba c kah?",threads,2026-06-15 23:29:10.477375,threads,e10425dc16acb90c90e13a58e59427c7
https://www.threads.com/@ayuwindaaaaaa/post/DUUKqHokiyR?xmt=AQG0AYqe7i-TF9XEeiQU3s7XutbgNRKypgefyRC0HXNcVA,dokterangie,2026-02-04 07:00:00+07:00,Yukk kakk bisa kakk.. semangatt yaa,threads,2026-06-15 23:29:10.477375,threads,b7e471f9de28ddc4481cb2d3c95b8e73
https://www.threads.com/@ayuwindaaaaaa/post/DUUKqHokiyR?xmt=AQG0AYqe7i-TF9XEeiQU3s7XutbgNRKypgefyRC0HXNcVA,ayuwindaaaaaa,2026-02-04 07:00:00+07:00,Waahh terima kasih semangatnya dok 😍🫶🏽 yuk bisa diusahakan pelan pelan,threads,2026-06-15 23:29:10.477375,threads,af9bcfc6ce0e26ea63aa524cc4abfa41
https://www.threads.com/@ayuwindaaaaaa/post/DUUKqHokiyR?xmt=AQG0AYqe7i-TF9XEeiQU3s7XutbgNRKypgefyRC0HXNcVA,riizky.kaa,2026-02-04 07:00:00+07:00,"semangat kak, saatnya untuk merubah pola makan dan rutin olahraga. dulu gula darahku an malah, skrng masih berusaha buat turunin lagi. udah coba IF belum kak?",threads,2026-06-15 23:29:10.477375,threads,227cae003e2c854f9153a0d23e07aca8
https://www.threads.com/@ayuwindaaaaaa/post/DUUKqHokiyR?xmt=AQG0AYqe7i-TF9XEeiQU3s7XutbgNRKypgefyRC0HXNcVA,ayuwindaaaaaa,2026-02-04 07:00:00+07:00,"Terima kasih kak 🫶🏽 untuk IF udah pernah nyoba sih kak sebelumnya, cuma ya gitu ga konsisten kak, kek brpa bulan aja terus berentian. Kakaknya treatmentnya gimana kak? IF aja? Pake obat?",threads,2026-06-15 23:29:10.477375,threads,66e6f3f5cb1e25cbc01287d5f4cef29f
https://www.threads.com/@ayuwindaaaaaa/post/DUUKqHokiyR?xmt=AQG0AYqe7i-TF9XEeiQU3s7XutbgNRKypgefyRC0HXNcVA,riizky.kaa,2026-02-05 07:00:00+07:00,"aku sampai skrng masih rutin IF kak, tantangannya mungkin perut bunyi krucuk krucuk ya wkwk aku bisa biasanya minum diabetasol dulu sih biar ga laper, susunya juga bisa buat stabilin gula darah biar ga naik turun. olahraga angkat beban, itu efektif banget sih kak buat turunin gula darah, coba bisa cari di google. aku ga minum obat kak",threads,2026-06-15 23:29:10.477375,threads,a879b12142f59ba779343da352bf497b
https://www.threads.com/@ayuwindaaaaaa/post/DUUKqHokiyR?xmt=AQG0AYqe7i-TF9XEeiQU3s7XutbgNRKypgefyRC0HXNcVA,nysrg_,2026-02-04 07:00:00+07:00,"Sis, please kurangin konsumsi gula (ganti Stevia). Aku skrg sedang mengubah pola makan dan olah raga jalan, dan biasanya aku suka minuman manis aku tahan dan kalo pengen bgt pakai stevia. Semangat yaa 🫶",threads,2026-06-15 23:29:10.477375,threads,dde885d2a5358f32311291b809c5ad4e
https://www.threads.com/@ayuwindaaaaaa/post/DUUKqHokiyR?xmt=AQG0AYqe7i-TF9XEeiQU3s7XutbgNRKypgefyRC0HXNcVA,ayuwindaaaaaa,2026-02-04 07:00:00+07:00,Terima kasih kak 🫶🏽,threads,2026-06-15 23:29:10.477375,threads,8009c558167a8f111c05b63c296d11df
https://www.threads.com/@ayuwindaaaaaa/post/DUUKqHokiyR?xmt=AQG0AYqe7i-TF9XEeiQU3s7XutbgNRKypgefyRC0HXNcVA,dr.rahadianfaisal,2026-02-04 07:00:00+07:00,"Benerin pola makan, pola gerak, pola tidur, pola kelola stress, dan rutin kontrol ke dokter ya",threads,2026-06-15 23:29:10.477375,threads,6c4e6f0144b6960294a3fc31c70b83d7
https://www.threads.com/@ayuwindaaaaaa/post/DUUKqHokiyR?xmt=AQG0AYqe7i-TF9XEeiQU3s7XutbgNRKypgefyRC0HXNcVA,ayuwindaaaaaa,2026-02-04 07:00:00+07:00,"Noted dok, mari kita usahakan pelan pelan. Terima kasih dok",threads,2026-06-15 23:29:10.477375,threads,e70eb1ba803dd215bfc2a2e67065a48e
https://www.threads.com/@ayuwindaaaaaa/post/DUUKqHokiyR?xmt=AQG0AYqe7i-TF9XEeiQU3s7XutbgNRKypgefyRC0HXNcVA,ririn.rosilla,2026-02-10 07:00:00+07:00,"semangat sissss, olahraga rutin, makan juga diatur jam nya. aku juga penderita diabetes, tiap pagi & malem ga makan, soalnya kalo kebanyakan makan gula darahku naiknya tinggi huhu. biar ga lemes bisa minum diabetasol dulu sissss. semoga membantu ya",threads,2026-06-15 23:29:10.477375,threads,5606a7ceabe2fe3efbf5a21185ab674a
https://www.threads.com/@ayuwindaaaaaa/post/DUUKqHokiyR?xmt=AQG0AYqe7i-TF9XEeiQU3s7XutbgNRKypgefyRC0HXNcVA,inaatye,2026-02-04 07:00:00+07:00,aku juga pcos kak! pcos itu engga bisa sembuh tapi bisa dikontrol. sayangi diri sendiri yg pertama sisanya pasti ngikutin 🫶,threads,2026-06-15 23:29:10.477375,threads,0de5cbc28b5ff13a2d29146aa018cbbe
https://www.threads.com/@ayuwindaaaaaa/post/DUUKqHokiyR?xmt=AQG0AYqe7i-TF9XEeiQU3s7XutbgNRKypgefyRC0HXNcVA,raissasbrn,2026-02-04 07:00:00+07:00,"Peluk semangat buat kamu ya, aku pun PCOS, insulin resistance yang berakhir DM di usia +. Aku lagi diet ketat untuk nurunin HbA C & pakai obat support juga. Please don’t hesitate to reach me kalau butuh teman cerita ya ☺️",threads,2026-06-15 23:29:10.477375,threads,f4405d441905a6ad816eb640c7657be7
https://www.threads.com/@ayuwindaaaaaa/post/DUUKqHokiyR?xmt=AQG0AYqe7i-TF9XEeiQU3s7XutbgNRKypgefyRC0HXNcVA,gandiswulano,2026-02-04 07:00:00+07:00,"Kak maap, sampe berapa hba c nya ?",threads,2026-06-15 23:29:10.477375,threads,34ed4c1190f5af4e8745e3e19230d34a
https://www.threads.com/@ayuwindaaaaaa/post/DUUKqHokiyR?xmt=AQG0AYqe7i-TF9XEeiQU3s7XutbgNRKypgefyRC0HXNcVA,raissasbrn,2026-02-05 07:00:00+07:00,Dari ke dalam bulan :’),threads,2026-06-15 23:29:10.477375,threads,bcdacdf657051f6b24f15a5eb6ab079a
https://www.threads.com/@ayuwindaaaaaa/post/DUUKqHokiyR?xmt=AQG0AYqe7i-TF9XEeiQU3s7XutbgNRKypgefyRC0HXNcVA,gandiswulano,2026-02-05 07:00:00+07:00,Sekarang apa sudah turun lg kak selama proses diet,threads,2026-06-15 23:29:10.477375,threads,ae86337144d1f70bb4ee8b6fca47ec80
https://www.threads.com/@ayuwindaaaaaa/post/DUUKqHokiyR?xmt=AQG0AYqe7i-TF9XEeiQU3s7XutbgNRKypgefyRC0HXNcVA,pcosfighterindonesia,2026-02-04 07:00:00+07:00,Semangat ya kak. Semoga ada perbaikan metabolisme tubuhnya ya ❤,threads,2026-06-15 23:29:10.477375,threads,3e9e70d1a3334ff3810b5ddeb76990c1
https://www.threads.com/@ayuwindaaaaaa/post/DUUKqHokiyR?xmt=AQG0AYqe7i-TF9XEeiQU3s7XutbgNRKypgefyRC0HXNcVA,niputudian01,2026-04-09 07:00:00+07:00,pakai ini kak.. psylium husk murni tanpa campuran. Aku dr hba c skrg udh s.shopee.co.id Jual Psylium Husk Powder Murni Fiber Drink kg | Shopee Indonesia,threads,2026-06-15 23:29:10.477375,threads,dde7517dbabb1aa8041db5f14eb006b1
https://www.threads.com/@ayuwindaaaaaa/post/DUUKqHokiyR?xmt=AQG0AYqe7i-TF9XEeiQU3s7XutbgNRKypgefyRC0HXNcVA,ladypon_mua,2026-02-04 07:00:00+07:00,"Kak semangat ya, obatnya jangan lupa rutin diminum. Gausah nyobain pengobatan alternatif dll nanti ginjalnya bisa rusak 🥹🫶🏻",threads,2026-06-15 23:29:10.477375,threads,7c1ef4c8ed1d400403de7d69fa680ff2
https://www.threads.com/@ayuwindaaaaaa/post/DUUKqHokiyR?xmt=AQG0AYqe7i-TF9XEeiQU3s7XutbgNRKypgefyRC0HXNcVA,ningrumkd,2026-02-04 07:00:00+07:00,"kakk semangat yaa.. kalo kamu mau dibersamai hidup sehat, aku siap bantu kamu 🫶🏻",threads,2026-06-15 23:29:10.477375,threads,ac85c7c6000a0d78d8b2328d4fa07c4f
https://www.threads.com/@ayuwindaaaaaa/post/DUUKqHokiyR?xmt=AQG0AYqe7i-TF9XEeiQU3s7XutbgNRKypgefyRC0HXNcVA,lindasilviaa,2026-02-04 07:00:00+07:00,"Semangat kak, gaada kata terlambat 💪",threads,2026-06-15 23:29:10.477375,threads,a7091f3813c72ab0fe661e1e92ccf88e
https://www.threads.com/@ayuwindaaaaaa/post/DUUKqHokiyR?xmt=AQG0AYqe7i-TF9XEeiQU3s7XutbgNRKypgefyRC0HXNcVA,mettaamerta,2026-02-04 07:00:00+07:00,Yuk cobain terapi kita,threads,2026-06-15 23:29:10.477375,threads,4c91029c7ce95aaaaa2e408c0af295a7
https://www.threads.com/@ayuwindaaaaaa/post/DUUKqHokiyR?xmt=AQG0AYqe7i-TF9XEeiQU3s7XutbgNRKypgefyRC0HXNcVA,adamferbi,2026-02-04 07:00:00+07:00,Semangaat ka Sekarang penanganannya gmn?,threads,2026-06-15 23:29:10.477375,threads,1189c8e0d47f574c17bc2093c5bafa2e
https://www.threads.com/@ayuwindaaaaaa/post/DUUKqHokiyR?xmt=AQG0AYqe7i-TF9XEeiQU3s7XutbgNRKypgefyRC0HXNcVA,misstyranty,2026-02-04 07:00:00+07:00,"Halo Kak, saya rasa tidak ada kata telat untuk ke arah yang lebih baik. Ikhtiar dan semangat ya.💞",threads,2026-06-15 23:29:10.477375,threads,98abfbc9a4d850bbb7289baff27ed2c6
https://www.threads.com/@ayuwindaaaaaa/post/DUUKqHokiyR?xmt=AQG0AYqe7i-TF9XEeiQU3s7XutbgNRKypgefyRC0HXNcVA,hormozi,2026-02-06 07:00:00+07:00,h Don’t compare your first quarter with someone else’s fourth.,threads,2026-06-15 23:29:10.477375,threads,10c29cdb25309a574aa6c47bcfe7ccee
https://www.threads.com/@giapratamamd/post/DQ5zgoAkwKw,giapratamamd,2025-11-11 07:00:00+07:00,"Tentang Diabetes Pankreas kita tidak selemah yang dibayangkan. Selama asupan gula harian masih di bawah gram, tubuh bisa bekerja dengan baik. Karena itu, setiap kali kamu ke Indomaret, Alfamart, atau minimarket lainnya, biasakan membaca Tabel Nutrisi sebelum membeli minuman atau camilan kemasan. Perhatikan berapa kandungan gula dalam satu bungkus penuh, bukan hanya per takaran saji.",threads,2026-06-15 23:29:10.477375,threads,d4ee03fd13adf90bbd4be803c4058c55
https://www.threads.com/@giapratamamd/post/DQ5zgoAkwKw,giapratamamd,2025-11-11 07:00:00+07:00,"Supaya saya tahu kamu benar-benar paham cara bacanya, coba foto makanan atau minuman yang mau kamu beli, lalu tulis berapa total kadar gulanya dalam satu bungkus. Upload di IG Story dan mention saya ya.",threads,2026-06-15 23:29:10.477375,threads,9ca091b3f5e5407d0e9f76749c933683
https://www.threads.com/@giapratamamd/post/DQ5zgoAkwKw,budeuyunk354,2025-11-14 07:00:00+07:00,"Alhamdulillah minggu lalu abis periksa Guldar puasa : After puasa : Kolesterol: Hb : , Asam Urat : , Usia : + Bb/Tb : / cm",threads,2026-06-15 23:29:10.477375,threads,0d44aac08effc49f003bee7fd2d869c3
https://www.threads.com/@giapratamamd/post/DQ5zgoAkwKw,imbuhnur_,2025-11-11 07:00:00+07:00,"dok, tetangga saya minggu yang lalu meninggal dunia. beliau penderita diabetes dan ada luka basah di kakinya. beliau sudah kami anggap orangtua sendiri. bulan sebelum meninggal, beliau sudah tidak mau mengkonsumsi obat gula lagi dan beralih pada obat herbal yang justru membuat gula darah sewaktunya tinggi. dokter dari klinik herbal tersebut bilang katanya gula darah sewaktu tinggi itu tandanya pankreas sedang memulihkan kondisinya. saya sudah coba bujuk untuk kembali ke rumah sakit saja",threads,2026-06-15 23:29:10.477375,threads,3b47f16d276cc110a5f36ff98d7f4566
https://www.threads.com/@giapratamamd/post/DQ5zgoAkwKw,imbuhnur_,2025-11-11 07:00:00+07:00,agar luka segera ditangani dan kembali mengkonsumsi obat gula saja. tapi beliau termakan mitos yang bilang konsumsi obat terus menerus bisa kena ginjal. saya sudah berusaha menjelaskan semampu saya karena ibu saya juga termakan mitos itu dulu dan beliau sudah tiada. tapi saya tetap saja orang lain yang tidak punya kuasa penuh...,threads,2026-06-15 23:29:10.477375,threads,8f63e3b3327fdf5d2af7798d3f4e95c9
https://www.threads.com/@giapratamamd/post/DQ5zgoAkwKw,cicil_saham,2025-11-11 07:00:00+07:00,"Penting nya olahraga untuk menjaga kestabilan gula darah ya donk. Jadi saat insulin menangkap gula, bisa di makan sm otot 👍👍",threads,2026-06-15 23:29:10.477375,threads,8c4cad2a17afaf509519e40adb591bb3
https://www.threads.com/@giapratamamd/post/DQ5zgoAkwKw,karyadi.baskoro,2025-11-11 07:00:00+07:00,"Satu tajaran saji, sekali minum, g 😁",threads,2026-06-15 23:29:10.477375,threads,24e577a0bb601265f511665fc9a3572d
https://www.threads.com/@giapratamamd/post/DQ5zgoAkwKw,willy_soebardja,2025-11-11 07:00:00+07:00,Mau nanya juga ya... apakah lemak perut boleh dirampingkan melalui sedot lemak? Apa itu aman? Dan dokter apa yg patut menangani itu?... thanks🙏🏻,threads,2026-06-15 23:29:10.477375,threads,0011d3440359e43c5f179b4035c461f5
https://www.threads.com/@giapratamamd/post/DQ5zgoAkwKw,dewa_ferza,2025-11-11 07:00:00+07:00,Kalo saya “mengakali dengan bangun massa otot” dok 🫣,threads,2026-06-15 23:29:10.477375,threads,dc796ca5c2e1544f5ff3db8c7ef61506
https://www.threads.com/@giapratamamd/post/DQ5zgoAkwKw,shintadewi.hayu,2025-11-11 07:00:00+07:00,"Ini aku. Kalo tabelnya gk kebaca krn blur aku senterin Demi liat gula, kalori, natrium Gkpp dianggep aneh",threads,2026-06-15 23:29:10.477375,threads,8b4af4827d6707df7085388ebde6af16
https://www.threads.com/@giapratamamd/post/DQ5zgoAkwKw,puji_wulandarii,2025-11-11 07:00:00+07:00,"Mertuaku start makan jam pagi,biasanya sampe dhuhur bisa makan x.padahal beliau diabetes,habi makan gk ngapa²in cuman rebahan doang kemudian tidur. Bangun tidur makan,tidur lagi,begitu seterusnya 🥲 Pdhl sehat,masih bisa jalan dan aktivitas lain,tapi katanya ngantuk dan capek",threads,2026-06-15 23:29:10.477375,threads,8051b298876c727d2e8573c4158e2b33
https://www.threads.com/@giapratamamd/post/DQ5zgoAkwKw,silviakresna,2025-11-16 07:00:00+07:00,"Orang diabet emang suka ngantukan kk, bujuk mertuanya buat sering jalan pagi.",threads,2026-06-15 23:29:10.477375,threads,57e60b8f1d13b64afdca3babc4273727
https://www.threads.com/@giapratamamd/post/DQ5zgoAkwKw,puji_wulandarii,2025-11-16 07:00:00+07:00,"Udah sering ku bilang biar berjemur dan jalan pagi,tapi katanya capek trs ngantuk,badan sakit semua. Ya gmna gak sakit semua makan sehari lebih dari x,blm cemilannya tapi gk mau gerak 🥲 Pisang setandan juga sehari bisa habis",threads,2026-06-15 23:29:10.477375,threads,6cd7ccb95f38520d66f9f794b378574e
https://www.threads.com/@giapratamamd/post/DQ5zgoAkwKw,joko.trisnanto,2025-11-11 07:00:00+07:00,"Gula gr.... maksudnya % glukosa atau termasuk juga asupan karbohidrat lain : roti, nasi, mie...? gr gula eq sekitar kal saja...",threads,2026-06-15 23:29:10.477375,threads,beee676eebf4a9d5809b859bb202bb41
https://www.threads.com/@giapratamamd/post/DQ5zgoAkwKw,mei_suwastini,2025-11-11 07:00:00+07:00,"Dok, bagaimana dengan aktivitas Dok? Merujuk pada kalori yg diperlukan untuk aktivitas sehari kalori untuk orang dewasa. Berapa gram gula/glukosa yg dipecah untuk menghasilkan energi sebesar kalori?",threads,2026-06-15 23:29:10.477375,threads,8bb14c28577fc3a094ce24d1def8e2af
https://www.threads.com/@giapratamamd/post/DQ5zgoAkwKw,jeng_bayik,2025-11-11 07:00:00+07:00,kalori itupun kyknya salah deh y,threads,2026-06-15 23:29:10.477375,threads,d99331b09b912f3354344838c0451046
https://www.threads.com/@giapratamamd/post/DQ5zgoAkwKw,ikae78,2025-11-17 07:00:00+07:00,"Alhamdulillah dok, aq sama anak ku udh aware soal membaca Tabel Nutrisi sblm membeli makanan atau minuman kemasan 😊",threads,2026-06-15 23:29:10.477375,threads,28cea7ba94f6ccf8f9ab9fac0001bdd6
https://www.threads.com/@giapratamamd/post/DQ5zgoAkwKw,soundgrass,2025-11-11 07:00:00+07:00,"Slama ini aku ngerasa aman"" aja kalau makan krena merasa real food dan g prnah minum kmasan / snack. Tpi Pas coba tracking kalori dan makronutrisi nya ternyata rata"" harian aku mengkonsumsi gula sekitar gr, bhkan prnah lebih dri gr 😭😭😭., Lumayan sulit juga ternyata mengurangi, skrg buah ga cocok bgt kalau dijadiin camilan..",threads,2026-06-15 23:29:10.477375,threads,20ecd3865238277ba53d05ca61d6a434
https://www.threads.com/@giapratamamd/post/DQ5zgoAkwKw,hilwafitri11,2025-11-11 07:00:00+07:00,Tapi kalau ga salah manisnya buah itu beda yaa. Manis gula itu fruktosa+serat. Kalau manis gula buatan itu sukrosa jadi dampaknya juga beda ke tubuh,threads,2026-06-15 23:29:10.477375,threads,0e13d0afd95a3b6e0ad517398e1a9590
https://www.threads.com/@giapratamamd/post/DQ5zgoAkwKw,soundgrass,2025-11-11 07:00:00+07:00,"Iya betul kak beda, tapi anjuran who batasan gula harian ttp terhitung gr mau itu gula fruktosa / sukrosa., dan untuk sukrosa sndiri juga gaboleh tok gr, tpi dibatasi sampai / gr gitu..",threads,2026-06-15 23:29:10.477375,threads,4929735c4365c91cdd4a19bc988c31bb
https://www.threads.com/@giapratamamd/post/DQ5zgoAkwKw,hilwafitri11,2025-11-11 07:00:00+07:00,Makanya kalau diet disuruh kurangi gula biar gak berubah jd lemak yaa dok. Sedih banget dua minggu yg lalu kehilangan salah satu anggota keluarga karena DM yang sudah komplikasi. Semoga bisa jd pelajaran,threads,2026-06-15 23:29:10.477375,threads,9606d45a54a72e3e99c2ec758e6f92ec
https://www.threads.com/@giapratamamd/post/DQ5zgoAkwKw,bundanya_dahayu,2025-11-17 07:00:00+07:00,"Dok, saya jrng sekali minum minuman kemasan, kalo pas lemes dan pusing, minum teh manis kmudian agak segeran, apakah krn kurang gula ya, kdng gula darah antara - an, saya ga tiap hari minum minuman manis, paling minum madu..itu gimana ya dok...",threads,2026-06-15 23:29:10.477375,threads,eb2aabde60674ff0395b08ba4cdec7fd
https://www.threads.com/@giapratamamd/post/DQ5zgoAkwKw,fadilasahupala_,2025-11-11 07:00:00+07:00,"Dok, bahas tentang asam lambung dok 🙏🏼😊",threads,2026-06-15 23:29:10.477375,threads,48b96476e017002f5e7ae856d8e2917e
https://www.threads.com/@giapratamamd/post/DQ5zgoAkwKw,ramelia_pitaloka,2025-11-11 07:00:00+07:00,"Penjelasannya mudah dimengerti dok, makasiiih infonya",threads,2026-06-15 23:29:10.477375,threads,fec5e6585092ac82d1068cf6772df1c6
https://www.threads.com/@giapratamamd/post/DQ5zgoAkwKw,fbrmrp,2025-11-11 07:00:00+07:00,apakah dokter berkenan punya murid tambahan? seru bgt bisa nanya dan dijawab dengan seru jg sm dokter🥹🫶🏻 coba aja dokter dulu jadi guru saya pas smp dan sma,threads,2026-06-15 23:29:10.477375,threads,463e63e5a09029ff8d7bcd6acf8c4362
https://www.threads.com/@giapratamamd/post/DQ5zgoAkwKw,aripwijianto,2025-11-16 07:00:00+07:00,"Dok, gram tersebut apakah juga termasuk gula yang berasal dari nasi, mie, tepung dan buah?",threads,2026-06-15 23:29:10.477375,threads,dae9a4d2ea6b0bbc1cace292158ae9d8
https://www.threads.com/@giapratamamd/post/DQ5zgoAkwKw,nia_hamdatina,2025-11-12 07:00:00+07:00,Dokter jelaskan tentang gula yg menjadi sumber energi,threads,2026-06-15 23:29:10.477375,threads,e1a1d4ca0c121cf9d2e14c56c654cefe
https://www.threads.com/@giapratamamd/post/DQ5zgoAkwKw,muh.fauzan_,2025-11-11 07:00:00+07:00,"Punten dok tanya, di situ tertulis insulin menawarkan kelebihan gula ke otak. Nah seberapa besar otak mengonsumsi gula bila dibandingkan otot ? Mana yg lebih baik, otak berfikir keras tp minim olahraga atau olahraga cukup tapi otak jarang dipakai mikir ?",threads,2026-06-15 23:29:10.477375,threads,a0880f6cb51b05346635f60cc3804d83
https://www.threads.com/@giapratamamd/post/DQ5zgoAkwKw,kirana_rangga,2025-11-11 07:00:00+07:00,Semoga bagian garam juga dibahas oleh pak dokter.,threads,2026-06-15 23:29:10.477375,threads,1709a26681340124d130f16b8e5bb7ae
https://www.threads.com/@doccandraho/post/DICswO4N-cp,doccandraho,2025-04-04 07:00:00+07:00,"Diabetes bukan semata-mata keturunan (genetik) lagi, pentingnya mengatur gaya hidup sehat, kendalikan berat badan. #kesehatan #kedokteran #edukasi #edukasikesehatan #doccandraho",threads,2026-06-15 23:29:10.477375,threads,6d77be7c44b4ae931596f74ee680ca2e
https://www.threads.com/@nursedigital.id/post/DU2LU7UCWuR,nursedigital.id,2026-02-17 07:00:00+07:00,"KOPI SUSU GULA AREN LO ITU BUKAN ""SELF-REWARD"", TAPI SURAT UNDANGAN CUCI DARAH! Gue kasih paham bedanya Caffeine yang bantu fokus vs Liquid Diabetes yang pelan-pelan bikin Nephron lo pensiun dini. H- Ramadan, saatnya lo audit asupan racun berbalas label ""Kopi kekinian"".",threads,2026-06-15 23:29:10.477375,threads,ac42c22c2280e69679511dca483e8b6c
https://www.threads.com/@nursedigital.id/post/DU2LU7UCWuR,nursedigital.id,2026-02-17 07:00:00+07:00,"Gue sering denger alasan budak korporat: ""Gue butuh yang manis biar nggak ngantuk, ns. Bim."" Realitanya begini: Lo cuma lagi memanipulasi otak lo pake Dopamine Spike dari gula, sambil maksa ginjal lo kerja rodi nyaring limbah kental di darah lo. Gue udah tahun di unit HD, dan gue bisa pastiin, mesin cuci darah nggak se-estetik gelas kopi kekinian lo. Lo ngerasa oke sekarang? Itu cuma karena ginjal lo lagi ""berkorban"" dalam diam sebelum akhirnya Total Failure.",threads,2026-06-15 23:29:10.477375,threads,b1aed124fbe529bf63e51a8be995571d
https://www.threads.com/@nursedigital.id/post/DU2LU7UCWuR,nursedigital.id,2026-02-17 07:00:00+07:00,". HYPERFILTRATION: SAAT GULA DAN KAFEIN BERSEKUTU Secara fisiologis, kafein meningkatkan Glomerular Filtration Rate (GFR), tapi ketika lo campur dg High Fructose Corn Syrup (HFCS), lo menciptakan kondisi Hyperfiltration, gula berlebih memicu vasodilatasi pembuluh darah Afferent ginjal Hasilnya? Tekanan di dalam saringan ginjal lo meledak. Ini bukan soal lo kuat lari km tiap sore, ini soal tekanan mekanis di level seluler yang nggak bisa lo hindari.",threads,2026-06-15 23:29:10.477375,threads,ee01fc0d45c8f815f205829e6184420c
https://www.threads.com/@nursedigital.id/post/DU2LU7UCWuR,nursedigital.id,2026-02-17 07:00:00+07:00,". GLYCATION & THE DESTRUCTION OF BASEMENT MEMBRANE Gula tinggi di darah memicu pembentukan Advanced Glycation End-products (AGEs). Jurnal Kidney International menyebutkan bahwa AGEs ini merusak Basement Membrane pada ginjal saringan utama yang mencegah protein bocor ke urine. Begitu saringan ini ""bolong"" karena proses glikasi dari kopi manis lo, kerusakan itu permanen. No Undo Button.",threads,2026-06-15 23:29:10.477375,threads,371d8b9b1e945921d56bab35d8dfae5e
https://www.threads.com/@nursedigital.id/post/DU2LU7UCWuR,nursedigital.id,2026-02-17 07:00:00+07:00,". THE OSMOTIC STRESS & DEHYDRATION TRAP Kafein adalah diuretik, dan gula adalah zat Osmotik. Keduanya bekerja sama buat narik air keluar dari sel tubuh lo. Darah lo jadi kental (Hyperviscosity). Data dari Annals of Nutrition and Metabolism menunjukkan bahwa kombinasi ini adalah beban oksidatif tertinggi bagi sel Tubulus ginjal. Lo pikir minum air putih satu gelas setelah kopi itu cukup? Secara hitung-hitungan Fluid Balance, lo masih ""berhutang"" hidrasi ke organ lo.",threads,2026-06-15 23:29:10.477375,threads,4dcdd1eeb19aa72c77e11e43565c7286
https://www.threads.com/@nursedigital.id/post/DU2LU7UCWuR,nursedigital.id,2026-02-17 07:00:00+07:00,"Sertifikasi CBDN gue cukup buat bilang kalau tren ""Kopi Susu"" ini adalah kontributor tercepat kasus gagal ginjal di usia produktif. Mau tau cara benerinnya? ✅ Audit Total Sugar Intake Cek label atau tanya barista lo, Kalau kandungan gulanya di atas gram per porsi, lo sudah menghabiskan jatah gula harian lo dalam satu gelas. Stop di situ.",threads,2026-06-15 23:29:10.477375,threads,5a1ea94b7379bceb299b55e5cf2d8ed7
https://www.threads.com/@nursedigital.id/post/DU2LU7UCWuR,nursedigital.id,2026-02-17 07:00:00+07:00,"✅ Transisi ke Black Coffee (Single Origin) Mau kafein? Ambil Black Coffee. Tanpa gula, tanpa krimer nabati, Lo dapet Antioxidant tanpa harus nembak ginjal lo pake bom glukosa. ✅ Cek Urine Setelah Ngopi Kalau urine lo berbusa (foamy) dan baunya tajam seperti kopi, itu tanda Glomerulus lo sudah kewalahan. Kurangi atau berhenti total sebelum makin parah.",threads,2026-06-15 23:29:10.477375,threads,8b1a5c6472128e9dcde10f2bce00ee3a
https://www.threads.com/@nursedigital.id/post/DU2LU7UCWuR,nursedigital.id,2026-02-17 07:00:00+07:00,"✅ Pre-Ramadan Flush Mulai hari ini, H- Ramadan, stop semua kopi manis. Kasih waktu jam buat ginjal lo melakukan Self-Cleaning dan menurunkan tingkat inflamasi sebelum lo mulai puasa.",threads,2026-06-15 23:29:10.477375,threads,16e8ee8f1cd2bfcb6abeb44c0e80750c
https://www.threads.com/@nursedigital.id/post/DU2LU7UCWuR,nursedigital.id,2026-02-17 07:00:00+07:00,"Lo kerja keras cari uang buat beli kopi mahal, tapi jangan sampe uang itu berakhir buat bayar tagihan rumah sakit karena lo lalai jaga organ paling setia di tubuh lo. Ginjal lo nggak butuh Lifestyle, dia cuma butuh lo berhenti jadi orang yang denial sama kesehatan diri sendiri. The real luxury is a functional kidney,",threads,2026-06-15 23:29:10.477375,threads,5f852fa4432799b33b02701936d417b7
https://www.threads.com/@nursedigital.id/post/DU2LU7UCWuR,nursedigital.id,2026-02-17 07:00:00+07:00,"Lo masih berani pesen ""Less Sugar"" yang sebenernya tetep aja banyak gulanya itu? Atau lo siap balik ke kopi item demi masa depan? Tulis di kolom komentar, gue tantang lo jujur",threads,2026-06-15 23:29:10.477375,threads,fa31e755aec471cc91b47c791d6e6a9a
https://www.threads.com/@nursedigital.id/post/DU2LU7UCWuR,rinadw,2026-02-17 07:00:00+07:00,Jangan bilang racun dong.... kopi susu gula aren sesekali minum gpp. yg gak boleh itu klo minumnya tiap hari berlebihan,threads,2026-06-15 23:29:10.477375,threads,0626cc6679c031724bcba9b01b99caf2
https://www.threads.com/@nursedigital.id/post/DU2LU7UCWuR,ela_laelasarib210el,2026-02-17 07:00:00+07:00,"Ya…minum kopi susu, trus cuci darah, ginjal rusak —-> BPJS nggak mau nanggung. Bisa dihitung statistik jumlah penduduk yg akan berkurang? Ya yang sakit. Dikasih arahan pencegahan penyaki sama nakes malah Oon",threads,2026-06-15 23:29:10.477375,threads,da6513a89e597368d903584fe38506f1
https://www.threads.com/@nursedigital.id/post/DU2LU7UCWuR,polymorphism_099,2026-02-17 07:00:00+07:00,"Selalu kopi hitam, giling sendiri, tanpa gula. Pertanyaannya: apakah kekentalan kopi mempengaruhi kerja ginjal dan berapa dosis maksimal kopi macam ini (americano/espresso/v drip) per hari?",threads,2026-06-15 23:29:10.477375,threads,1eb41dd59053a61cecb07de650cf8636
https://www.threads.com/@nursedigital.id/post/DU2LU7UCWuR,fahmi_ahmad.08,2026-02-17 07:00:00+07:00,"Nah ini sama dengan saya dan sehari bisa habis gram kopi pagi gram tubruk, agak siangan gram v , dzuhur gram americano, sore gram v (kadang engga, malam gram tubruk... Apakah aman atau tidak ya?",threads,2026-06-15 23:29:10.477375,threads,b7153bfc11c7a23660bc193555164d66
https://www.threads.com/@nursedigital.id/post/DU2LU7UCWuR,ucoktongatbarus,2026-02-17 07:00:00+07:00,"Saban hari minum ice kopi kekinian minimal gelas dgn komposisi selera q yakni : sachet kopi nescafe isi gram, ice cube / ice batu, susu uht yg full cream dan topping sdkit bubuk milo. No gula pasir yg hrsnya sendok makan, no skm yg hrsnya , sendok makan penuh, no boba. Hbs aq minum ini ice kopi, ice batunya masih ad aku tambhkn air putih sebanyak tinggi ice batu yg brsisa. Dan ini dah dr ' hingga skrg jika pesan kopi di langganan saban hari..",threads,2026-06-15 23:29:10.477375,threads,8a801b16fd50d79ec46f759d4ff15460
https://www.threads.com/@nursedigital.id/post/DU2LU7UCWuR,eric_aidil,2026-02-17 07:00:00+07:00,Kak klo minum kopi susu nya diganti stevia gimana kak,threads,2026-06-15 23:29:10.477375,threads,0d967f6a756eedb979e0a84107cf2966
https://www.threads.com/@nursedigital.id/post/DU2LU7UCWuR,triyo16,2026-02-18 07:00:00+07:00,"Warga thread sekalian, yuk biasakan kroscek informasi sebelum dipercayai. Thread ini bagus buat reminder yang suka terlalu banyak minum kopi instan, tapi sebenarnya ngopi susu selama gak tiap hari dan tetap seimbang gak semenyeramkan itu. Salah satu tips cek informasi sekarang ada chat gpt. Gunakan promt ini : ""saya ingin anda berperan sebagai dokter spesialis ginjal dan ahli mengenai metabolisme tubuh.. "" Setelah itu tanyakan mengenai topik di atas. Apakah akan sama jawabannya?",threads,2026-06-15 23:29:10.477375,threads,2dc5c4feee2623497923a5b61d5d5d07
https://www.threads.com/@nursedigital.id/post/DU2LU7UCWuR,dripcaffcoffee,2026-02-17 07:00:00+07:00,Kak maaf mau nanya ini.. Lebih bahaya gula aren atau gula putih kak?,threads,2026-06-15 23:29:10.477375,threads,08c4d3a6e4cefbabb428183b716dc5ef
https://www.threads.com/@nursedigital.id/post/DU2LU7UCWuR,martijn0447,2026-02-17 07:00:00+07:00,Aku dah berhenti KOPI gara gara BATU GINJAL,threads,2026-06-15 23:29:10.477375,threads,a58e0f09e603c561a013dba21549f042
https://www.threads.com/@nursedigital.id/post/DU2LU7UCWuR,chiie_24,2026-02-17 07:00:00+07:00,penyebabnya kopi/hal lain kak,threads,2026-06-15 23:29:10.477375,threads,08cf5bb56279e3c1ca2723614b224ee7
https://www.threads.com/@nursedigital.id/post/DU2LU7UCWuR,kunikasunnie,2026-02-17 07:00:00+07:00,"Kopi buat kesehatan liver, kopi bagusnya kopi item. Tanpa susu kopinya colek GERD. Jadi solusinya apa?😆 Serius nanya..",threads,2026-06-15 23:29:10.477375,threads,b54a4ebf20aec3484979f763007a2a5c
https://www.threads.com/@nursedigital.id/post/DU2LU7UCWuR,onlyme_20202026,2026-02-17 07:00:00+07:00,Kl kopi hitam tanpa gula + susu full fat gimana?,threads,2026-06-15 23:29:10.477375,threads,9b9baa942f00917bc6ea730b3f1d6314
https://www.threads.com/@nursedigital.id/post/DU2LU7UCWuR,faddealahmd,2026-02-17 07:00:00+07:00,"padahal bahan²nya semua ada izin BPOM, kan? sama seperti ragam obat & suplemen sintetik yang dikonsumsi tiap hari, pasti suatu saat residu nya juga menumpuk dan timbulkan efek samping bagi organ tubuh yang paling lemah saat itu.",threads,2026-06-15 23:29:10.477375,threads,c4826cf14b1ed3e381891a5d8158cc6b
https://www.threads.com/@nursedigital.id/post/DU2LU7UCWuR,febriyulianaputri_,2026-02-17 07:00:00+07:00,Kopi itam tanpa gula apakah bener aman untuk ginjal kak?,threads,2026-06-15 23:29:10.477375,threads,9e439b6c7725bb6cc96c154a030e4154
https://www.threads.com/@nursedigital.id/post/DU2LU7UCWuR,wak_alangs,2026-02-18 07:00:00+07:00,"Saya percaya dengan hal ini, dari beberapa teman yang dulu suka kopi sachet dan intens, sebagian sudah menunjukkan gejala masalah di ginjal dan ada juga yang sudah menghadap Tuhan. ""Hasil"" dari minum kopi sachet ini tidak setahun dua tahun, bisa atau tahun.",threads,2026-06-15 23:29:10.477375,threads,5a08b32a64dfd64d0f488a6a6dd85356
https://www.threads.com/@nursedigital.id/post/DU2LU7UCWuR,agussyairofi,2026-02-18 07:00:00+07:00,"Lebay amat bjirr. Selagi gak over, gak masalah. Misal total gula dibawah gr/ ml perhari masih aman. Gausa berlebihan. Yang bahaya itu lu minum gelas gula aren full tiap hari, gak minum air putih, gak olah raga, over kalori, kurang tidur, ngerokok lagi.",threads,2026-06-15 23:29:10.477375,threads,4b05a0a20153c20ef48e3430dee01aec
https://www.threads.com/@nursedigital.id/post/DU2LU7UCWuR,hi_midie,2026-02-17 07:00:00+07:00,Bang kalo kopi sachet kaya abc itu kali sehari aman ga bang?,threads,2026-06-15 23:29:10.477375,threads,02d1b3907db2fba1f343e93646a635d3
https://www.threads.com/@bloomlab.fiber/post/DTMMTnak2gQ,bloomlab.fiber,2026-01-07 07:00:00+07:00,"Kalau punya diabetes (atau sedang jaga gula darah), bukan cuma jenis makanannya yang penting, tapi juga cara olahnya. Contoh sederhananya👇🏻 🥗 Olahan ikan • Ikan goreng (batasi) → lemak tambahan bisa memperlambat metabolisme gula • Ikan panggang (boleh) → protein tetap baik tanpa minyak berlebih • Ikan pindang (bagus) → minim lemak, tinggi protein, lebih ramah gula darah 🍎 Buah • Salad buah (batasi) → sering ada tambahan gula/susu",threads,2026-06-15 23:29:10.477375,threads,a7830eb35859cdc1b3eb73f8d694a3e4
https://www.threads.com/@bloomlab.fiber/post/DTMMTnak2gQ,bloomlab.fiber,2026-01-07 07:00:00+07:00,"• Jus buah (boleh) → pilih tanpa gula tambahan & perhatikan porsi • Buah segar (bagus) → serat utuh bantu gula darah naik lebih stabil 🌱 Olahan tahu • Tahu goreng (batasi) → minyak bikin respon gula darah kurang ideal • Tumis tahu (boleh) → gunakan sedikit minyak • Pepes tahu (bagus) → tinggi protein, rendah lemak tambahan 🍚 Sumber karbohidrat • Nasi putih (batasi) → cepat menaikkan gula darah • Nasi merah (boleh) → serat lebih tinggi, respon gula lebih stabil",threads,2026-06-15 23:29:10.477375,threads,9d6f5530c820b7d25b64bbe7cb29ce23
https://www.threads.com/@bloomlab.fiber/post/DTMMTnak2gQ,bloomlab.fiber,2026-01-07 07:00:00+07:00,"• Nasi putih + Ricelim (bagus) → serat x lebih tinggi dari nasi putih biasa, bantu nasi lebih ramah gula darah tanpa harus stop makan nasi ✨ Intinya, diabetes bukan soal larangan total, tapi pilihan yang lebih cerdas dan konsisten. Sedikit ubah cara olah & kombinasinya, efeknya bisa jauh lebih baik untuk gula darah 🤍 Komen ""BloomLab"" untuk tips mengontrol gula darah✨ #bloomlab #ricelim #guladarah #diabetes #healthygut",threads,2026-06-15 23:29:10.477375,threads,8df47aa6f34fe3225858429711996e61
https://www.threads.com/@bloomlab.fiber/post/DTXvNktkz71,bloomlab.fiber,2026-01-11 07:00:00+07:00,"Kalau punya diabetes (atau sedang jaga gula darah), bukan cuma jenis makanannya yang penting, tapi juga cara olahnya. Contoh sederhananya👇🏻 🥗 Olahan ikan • Ikan goreng (batasi) → lemak tambahan bisa memperlambat metabolisme gula • Ikan panggang (boleh) → protein tetap baik tanpa minyak berlebih • Ikan pindang (bagus) → minim lemak, tinggi protein, lebih ramah gula darah",threads,2026-06-15 23:29:10.477375,threads,fdf2453a95b99f39ca9300200f00b669
https://www.threads.com/@bloomlab.fiber/post/DTXvNktkz71,bloomlab.fiber,2026-01-11 07:00:00+07:00,"🍎 Buah • Salad buah (batasi) → sering ada tambahan gula/susu • Jus buah (boleh) → pilih tanpa gula tambahan & perhatikan porsi • Buah segar (bagus) → serat utuh bantu gula darah naik lebih stabil 🌱 Olahan tahu • Tahu goreng (batasi) → minyak bikin respon gula darah kurang ideal • Tumis tahu (boleh) → gunakan sedikit minyak • Pepes tahu (bagus) → tinggi protein, rendah lemak tambahan 🍚 Sumber karbohidrat • Nasi putih (batasi) → cepat menaikkan gula darah",threads,2026-06-15 23:29:10.477375,threads,b38e31deb6ae6ae852352b11afaaf4ef
https://www.threads.com/@bloomlab.fiber/post/DTXvNktkz71,bloomlab.fiber,2026-01-11 07:00:00+07:00,"• Nasi merah (boleh) → serat lebih tinggi, respon gula lebih stabil • Nasi putih + Ricelim (bagus) → serat x lebih tinggi dari nasi putih biasa, bantu nasi lebih ramah gula darah tanpa harus stop makan nasi ✨ Intinya, diabetes bukan soal larangan total, tapi pilihan yang lebih cerdas dan konsisten. Sedikit ubah cara olah & kombinasinya, efeknya bisa jauh lebih baik untuk gula darah 🤍 Komen ""BloomLab"" untuk tips mengontrol gula darah✨ #bloomlab #ricelim #guladarah #diabetes #healthygut",threads,2026-06-15 23:29:10.477375,threads,03fd33d3d5a15fc6f5d8cf4af662b498
https://www.threads.com/@asgaryuk/post/DLr_CWUvjOF,asgaryuk,2025-07-04 07:00:00+07:00,"Gula darah kamu naik turun kayak roller coaster? Hati-hati, insulin bisa jadi kagetan. Dan kalau insulin udah nggak stabil, efek dominonya bisa ke mana-mana. Nggak cuma diabetes. Bahkan... kualitas kesehatan keturunan kamu.",threads,2026-06-15 23:29:10.477375,threads,7871011f2cbcc218261f657e296a7c1e
https://www.threads.com/@asgaryuk/post/DLr_CWUvjOF,asgaryuk,2025-07-04 07:00:00+07:00,"Banyak orang kira masalah gula darah itu cuma urusan “orang tua” atau “orang gemuk”. Padahal faktanya: Gula darah ugal-ugalan & insulin kagetan bisa kejadian di umur -an, dengan badan yang keliatan slim.",threads,2026-06-15 23:29:10.477375,threads,4f4ca2fc32a028e6ad1364ab6e3bcf07
https://www.threads.com/@asgaryuk/post/DLr_CWUvjOF,asgaryuk,2025-07-04 07:00:00+07:00,"Kenapa bisa gitu? Karena pola makan kita sering banget ngejailin tubuh: 🍞 Nasi putih numpuk 🍰 Roti manis, boba, cake 🍟 Cemilan tinggi tepung & gorengan ☕ Ngopi manis nyaris tiap hari Atau ikut IF-IFan (sekedar pa lama-lama tanpa merhatiin asupan gizi dan olahraga)",threads,2026-06-15 23:29:10.477375,threads,16ae82c572dee109f6830f523354b724
https://www.threads.com/@asgaryuk/post/DLr_CWUvjOF,asgaryuk,2025-07-04 07:00:00+07:00,"Makanan ini cepet banget ngebut naikin gula darah. Tiap kali naik, pankreas buru-buru keluarin insulin buat nurunin. Kalau ini kejadian terus, insulin jadi overwork. Lama-lama dia kena panic attack, lalu tantrum tingkat akut alias shutdown... mogok nggak mau ngehasilin insulin lagi. Soak gitu. Mati 'rasa'.",threads,2026-06-15 23:29:10.477375,threads,03e95a54b4f9889b97d2e47cf81d064c
https://www.threads.com/@asgaryuk/post/DLr_CWUvjOF,asgaryuk,2025-07-04 07:00:00+07:00,"Maksudnya gimana? Sedikit naik gula darah aja, insulin langsung dilepas banyak. Efeknya gula darah drop cepet ➔ kamu jadi craving manis lagi. Siklusnya muter gitu terus sampai kartun animasi Larva episode 😆",threads,2026-06-15 23:29:10.477375,threads,695ff868b367702e6caedc842d7de54a
https://www.threads.com/@asgaryuk/post/DLr_CWUvjOF,asgaryuk,2025-07-04 07:00:00+07:00,"Dan kalau insulin udah tumpul (resisten), dia harus dikeluarin makin banyak biar gula darah mau nurun. Tubuh makin effort, tapi hasilnya makin nggak efektif. Hello prediabetes 👋 Assalammualikum prehipertensi Annyeonghaseyo prekolesterol Kon'nichiwa and very welcome: gangguan hormonal --- Lama-lama mereka ngajak arisan si stroke, serangan jantung, gangguan fungsi ginjal, miom, kista, bahkan kanker: ""Yuk dikocok sekarang giliran siapa?""",threads,2026-06-15 23:29:10.477375,threads,ee16ece080c74c2c610719c9932cb4bf
https://www.threads.com/@asgaryuk/post/DLr_CWUvjOF,asgaryuk,2025-07-04 07:00:00+07:00,"Masalahnya bukan cuma gula darah. Insulin ini punya banyak “teman kerja”. Dia ngatur: - penyimpanan lemak (visceral & subkutan), - sinyal ke ovarium (makanya PCOS sering muncul barengan insulin resistance), - bahkan ngaruh ke liver & tekanan darah.",threads,2026-06-15 23:29:10.477375,threads,7952c96f96fc6faf2c71d95955a85b50
https://www.threads.com/@asgaryuk/post/DLr_CWUvjOF,asgaryuk,2025-07-04 07:00:00+07:00,"Gula darah ugal-ugalan bikin sistem tubuh kayak: 🚦 Lampu lalu lintas rusak. Organ-organ bingung kapan harus “jalan”, kapan “berhenti”. Hormon reproduksi pun kena imbasnya.",threads,2026-06-15 23:29:10.477375,threads,4bbf0eed7871fa6299723d671e61d839
https://www.threads.com/@asgaryuk/post/DLr_CWUvjOF,asgaryuk,2025-07-04 07:00:00+07:00,"Makanya banyak yang program hamil susah, haid kacau, jerawat hormonal nggak kelar-kelar… Awalnya, satu macam obat. Lama-lama, makin banyak. Kok nggak tuntas-tuntas sih? Padahal dalangnya si insulin kagetan barengan gula darah naik turun. Kenapa kayak gitu? Ada hal paliiiiiiiiiiiiing dasar yang sering banget di skip. --- Kalau kuratif mindset biasanya bakal agak alergi sama pendekatan preventif. Eh 🏃💨",threads,2026-06-15 23:29:10.477375,threads,6e111cce2dac6100dbfee645b699e94c
https://www.threads.com/@asgaryuk/post/DLr_CWUvjOF,asgaryuk,2025-07-04 07:00:00+07:00,Ada juga yang gampang ngantuk abis makan. Atau kelaperan lagi padahal baru aja makan. Itu tubuh kamu lagi struggle jaga gula darah supaya stabil.,threads,2026-06-15 23:29:10.477375,threads,b01f404af13ecdcf770a5b54762b20e1
https://www.threads.com/@asgaryuk/post/DLr_CWUvjOF,asgaryuk,2025-07-04 07:00:00+07:00,"Jangan mikir ini bakal kelihatan dari lab Gula Darah Puasa doang ya. Karena kadang hasil GDP normal, tapi insulin udah ngos-ngosan ngejaga biar gula darah stabil. Kalau mau adil, cek juga HbA c. Supaya bisa liat kecenderungan hari ke belakang, kita berkawan sama organ pankreas atau 'ngelawan'?",threads,2026-06-15 23:29:10.477375,threads,7f5802e8b32dffdec2cd9d228f6df145
https://www.threads.com/@asgaryuk/post/DLr_CWUvjOF,asgaryuk,2025-07-04 07:00:00+07:00,"Terus gimana cara bantu biar insulin nggak kagetan? Balik lagi ke sini. Nah, loh 😆 🍳 Makan protein & serat lebih dulu ➔ lambat naikinnya 🚶🏻‍♀️ Jalan kaki abis makan ➔ bantu clear gula 😴 Tidur cukup ➔ kortisol stabil 🧘🏻‍♀️ Kelola stress ➔ stress bikin insulin makin dramatis --- Ouroboros kan jadinya.",threads,2026-06-15 23:29:10.477375,threads,057f55d4bae42bb6c48f38cfbb01aca4
https://www.threads.com/@asgaryuk/post/DLr_CWUvjOF,asgaryuk,2025-07-04 07:00:00+07:00,"Kurangin juga: 🚫 Liquid sugar (teh manis, boba, kopi susu gula aren) 🚫 Makan tepung-tepungan tanpa pendamping serat/protein 🚫 Ngemil manis sendirian (tanpa kombinasi)",threads,2026-06-15 23:29:10.477375,threads,551ffcd349346e9753e77b74ee29f6bf
https://www.threads.com/@asgaryuk/post/DLr_CWUvjOF,asgaryuk,2025-07-04 07:00:00+07:00,"Intinya: Bukan kamu yang harus dikurung makan rebusan doang. *menderita banget 😭 Tapi ngerti cara urutannya, kombinasinya, dan kebiasaan ngimbanginnya. Dan ngerti dulu kenapa tubuhnya, baru deh sibukin diri makan apa. Jangan kebalik. Kalau kebalik, itu yang bikin sehat terasa mahal dan dianggap mahal. Padahal bill RS lebih mahal. Choose your mahal. LOL",threads,2026-06-15 23:29:10.477375,threads,bc12c6abc1c3585d4f76d601bc2035e5
https://www.threads.com/@asgaryuk/post/DLr_CWUvjOF,asgaryuk,2025-07-04 07:00:00+07:00,"Pernah cek gula darah atau insulin? Atau punya cerita soal ngantuk abis makan, craving manis terus-terusan, jerawat hormonal bandel? Atau siklus haid nggak jelas? Coba share di reply. Kita bahas bareng, santai aja 🌱",threads,2026-06-15 23:29:10.477375,threads,62e8f9ddb9dd9b02d411ecf707717f7d
https://www.threads.com/@lillasyifa/post/DVKlB3nD3MI,lillasyifa,2026-02-25 07:00:00+07:00,"Sebagai pejuang diabetes, aku tau pentingnya menjaga asupan nutrisi. Makanya di bulan Ramadan yang penuh kebaikan ini, aku pengen melengkapi kebahagiaan oma & opa di panti lansia dengan menu buka puasa yang ramah buat kesehatan mereka. Bukan soal seberapa mewahnya, tapi soal perhatian kita pada kualitas hidup mereka di masa tua. Yuk, ikut berbagi perhatian untuk oma & opa lewat: kitabisa.com/berba… @kitabisacom #KitaBisa #BerbagiBarengLilla #BukaPuasaBersama",threads,2026-06-15 23:29:10.477375,threads,6c0ea4399b9639f83769c3d4a1510b4a
https://www.threads.com/@lillasyifa/post/DVKlB3nD3MI,mamaowine,2026-02-25 07:00:00+07:00,"apakah bapak bisa ikut kak? karena bapak penderita diabetes juga, dan saat ini sedang tidak dicover bpjs karena diluar daerah cakupannya🙏🏻",threads,2026-06-15 23:29:10.477375,threads,e7f6bc2e01db01d7b28ef4546ba8537c
https://www.threads.com/@giapratamamd/post/DQ5zgoAkwKw,nyitzproperty,2025-11-11 07:00:00+07:00,"Alhamdulillah dok Dulu gds hba c , Skrg gdp hba c , Tanpa obat",threads,2026-06-15 23:29:10.477375,threads,e3dfa3d54ca242c320c1c25937c492bd
https://www.threads.com/@giapratamamd/post/DQ5zgoAkwKw,_little.wing,2025-11-11 07:00:00+07:00,Tipsnya kak? 🥺🙏,threads,2026-06-15 23:29:10.477375,threads,2bd7143e67e4d1e149d4f2c4c310f9dd
https://www.threads.com/@giapratamamd/post/DQ5zgoAkwKw,nyitzproperty,2025-11-11 07:00:00+07:00,Berdoa Merubah pola makan dan pola hidup kak,threads,2026-06-15 23:29:10.477375,threads,148b5539fd7f68bd7177837180478acc
https://www.threads.com/@giapratamamd/post/DQ5zgoAkwKw,julita_mangu_,2025-11-11 07:00:00+07:00,Makasih dok !,threads,2026-06-15 23:29:10.477375,threads,ae3d3be1fa7b8496991d7ef31407cd7d
https://www.threads.com/@giapratamamd/post/DQ5zgoAkwKw,ais_shinziku,2025-11-13 07:00:00+07:00,"Dok , saya sering makan makanan manis . tp untuk makanan berat pling kali sehari . saya ibu menyusui . kemarin saya ke posyandu cek gula darah cuma mg/dL . bidannya langsung syok . karna bagi bidan itu rendah . dan posisinya dihari itu saya baru makan kue sepotong sama jamu sebotol . Apakah insulin ngirim gula ke ASI juga dok ?",threads,2026-06-15 23:29:10.477375,threads,c6fe3ddb3feab9142dcf2a505ab95461
https://www.threads.com/@dokter_rosandi,dokter_rosandi,2026-02-06 07:00:00+07:00,"d Campak bukan sekadar ruam merah biasa. Campak bisa berbahaya bila menimbulkan komplikasi seperti pneumonia, diare berat, hingga radang otak (ensefalitis) yang bisa mengancam nyawa. 👉 Karena itu, pencegahan adalah kunci. Vaksinasi campak membantu melindungi diri dan orang-orang di sekitar kita. Jangan anggap remeh. Jangan lupa share bila bermanfaat dan follow @dokter_rosandi untuk informasi kesehatan bermanfaat lainnya.",threads,2026-06-15 23:29:10.477375,threads,2b44e871f5538949bb0d83b1bbc090a2
https://www.threads.com/@dokter_rosandi,dokter_rosandi,2026-02-06 07:00:00+07:00,"d Pernah nggak sih kamu salah sangka, mengira alergi obat, padahal ternyata bukan?",threads,2026-06-15 23:29:10.477375,threads,f597abfd333e1911828a26ea8d08e1dc
https://www.threads.com/@dokter_rosandi,dokter_rosandi,2026-02-06 07:00:00+07:00,d Saya pernah dikonsulkan kasus di IGD. Awalnya dibilang alergi obat setelah minum obat nyeri wajah pasien penuh ruam merah. Tapi saat saya lihat langsung… ada yang “nggak pas”. Feeling klinis bilang: ini bukan alergi biasa.,threads,2026-06-15 23:29:10.477375,threads,bd0e346fcb05ded2f55d7ccd6f0d52bb
https://www.threads.com/@dokter_rosandi,dokter_rosandi,2026-02-06 07:00:00+07:00,"d Aku mulai gali lebih dalam. Pola ruamnya, kondisi umum pasien, sampai riwayatnya. Kecurigaanku mengarah ke infeksi virus campak. Dan benar saja… hasil tes IgM campak: positif.",threads,2026-06-15 23:29:10.477375,threads,fe552b9562036d3c04c58833e9616385
https://www.threads.com/@dokter_rosandi,dokter_rosandi,2026-02-06 07:00:00+07:00,"d Kenapa tiap di ruang praktek kalau bapak ibunya yang periksa bawa anak, trus anaknya rewel.. kalimat yang sering banget diucapkan. ""Jangan rewel dek, nanti dimarahin dokternya"" padahal dokternya uda pasang muka super cute lho.. tetep kena aja 😝",threads,2026-06-15 23:29:10.477375,threads,a15e61ec64f5518e40480ad0a3e3813d
https://www.threads.com/@dokter_rosandi,dokter_rosandi,2026-03-25 07:00:00+07:00,"Pagi ini random banget bini tiba bilang ""Pa, kalau aku ulang tahun, kasih surprisenya ga usa mahal ya, kita hemat aja"" Lha saya bingung, kan semua gaji uda ditransfer ke istri, kartu kredit dll di tangan istri.. gimana caranya ngasih surprise. Plis bapak dan ibu ada ide? 😓🤣",threads,2026-06-15 23:29:10.477375,threads,74d2651803aadd21839acea3c10d73a1
https://www.threads.com/@dastinandre/post/DWXSjkjEn8J,farahdhitafff,2026-03-25 07:00:00+07:00,"Dear warga threads. Aku mau cerita sekaligus mau tanya. Jadi pas malem takbir kemarin. Keluarga kan lg pd ngumpul. Om ku cerita kl badannya gatel-gatel sebadan sejak awal puasa. Gatelnya tuh kl digaruk membekas hitam. Aku curiga diabetes. Karena dirumah ada alat cek gula darah, dicek lah akhirnya om ku dan hasilnya duar . Jarak menit aku bilang ke tanteku yg cek. Coba dong te (ibuku) dicek juga. Dan hasilnya . Padahal ibuku ga terlalu suka makanan/minuman manis >>",threads,2026-06-15 23:29:10.477375,threads,aa36366b5b6815924ac66b6a86b1b985
https://www.threads.com/@dastinandre/post/DWXSjkjEn8J,dastinandre,2026-03-26 07:00:00+07:00,"Stop dulu minum obat yang beli sendiri itu dan segera bawa ibu sama om kamu ke dokter spesialis penyakit dalam (Sp. PD) hari ini juga. Jangan nunggu obatnya habis baru cek lagi karena angka setinggi itu butuh evaluasi menyeluruh. Diabetes nggak cuma soal suka manis atau nggak, tapi soal gimana tubuh mengolah gula yang bisa dipengaruhi banyak faktor termasuk genetik dan pola makan secara keseluruhan.",threads,2026-06-15 23:29:10.477375,threads,96d810ba36a032fb61192eefa80d89ff
https://www.threads.com/@dastinandre/post/DWXSjkjEn8J,dastinandre,2026-03-26 07:00:00+07:00,Kondisi gatal-gatal yang sampe membekas hitam itu juga udah jadi tanda kalau ada masalah di pembuluh darah atau sarafnya karena gula darah yang tinggi banget itu.,threads,2026-06-15 23:29:10.477375,threads,b2f90b0ce44b4855dbd1a09d1ab180b8
https://www.threads.com/@dastinandre/post/DWXSjkjEn8J,farahdhitafff,2026-03-25 07:00:00+07:00,"Karena panik, aku akhirnya ke apotik terdekat utk tanya-tanya obat apa yg bisa menstabilkan gula darah. Apoteker nya bilang ""glimepirit dosis "" diminum satu hari satu kali. Nanti kl obatnya udah abis dicek lagi. Keduanya sampai hari ini masih minum obat. Tapi semalem tante ku bilang ""Kl om sih emg jelas jelas dia gatel sebadan & tiap digaruk membekas. Aku takutnya pas ngecek punya ibu kamu. Alatnya error. Hasilnya masih kebaca punya om""",threads,2026-06-15 23:29:10.477375,threads,815543708ca4273936a94ba0dd696294
https://www.threads.com/@dastinandre/post/DWXSjkjEn8J,farahdhitafff,2026-03-25 07:00:00+07:00,"Sebagai org awam ya aku ga tau musti gimana. Yg jelas tanteku tenaga kesehatan yg kerja di IGD. Beliau bilang ""Emg sering sih nemuin alat cek gini error. Kadang hasilnya masih kebaca yg sebelum ini"" Kemaren pas mau cek x stik nya abis. Yg mau kutanyain emg bs kah alat cek begitu bs error? Parno bgt selama lebaran ini ovt kepikiran ibu 🥹",threads,2026-06-15 23:29:10.477375,threads,451fe7117fd1c830df6f18bd09555561
https://www.threads.com/@dastinandre/post/DWXSjkjEn8J,Pinned,2026-03-26 07:00:00+07:00,Kakak kakak semuanya yg sudah ikut komen disini. Terimakasih banyak atas perhatian dan saran-saran baiknya. Semuanya sudah saya baca namun mohon maaf belum bisa saya balas satu per satu. Saat ini keduanya baik om dan ibu saya. Sudah mau diajak cek hba c namun saya baru bisa mengantar di hari senin depan (tgl maret) dikarenakan saat ini saya tidak satu kota dengan keduanya. Utk obat yg dibeli di apotik sudah stop dikonsumsi. Sekali lagi terimakasih untuk saran nya 🙏,threads,2026-06-15 23:29:10.477375,threads,ba5048ba12458ec3533e464d4177292f
https://www.threads.com/@dastinandre/post/DWXSjkjEn8J,pradhana_shop,2026-03-26 07:00:00+07:00,"ada satu tempat yang isinya orang orang pintar dengan ilmu kesehatan yang tinggi namanya dokter dan trmpatnya namanya rumah sakit, bawa kesana ga usah sok sokan cari obat sendiri nanya di medsos kecuali memang sudah tidak sayang pada pasiennya",threads,2026-06-15 23:29:10.477375,threads,4ecf595eb93e030452e988831cef5645
https://www.threads.com/@dastinandre/post/DWXSjkjEn8J,asgaryuk,2026-03-25 07:00:00+07:00,Ngeri ya. Sillent killer banget. Cek HbA c ya kak. Periksa ke dokter penyakit dalam. Ikutin arahannya. Pengobatan jalan + modifikasi kebiasaan dan gaya hidupnya juga. Jgn salah satu. Ciri pengobatannya berhasil = ada perbaikan dan dosis obat berkurang.,threads,2026-06-15 23:29:10.477375,threads,2a7b9d490160a16b4174cdde07b9a1d3
https://www.threads.com/@dastinandre/post/DWXSjkjEn8J,ucha_amalia,2026-03-26 07:00:00+07:00,Ada bpjs gratis. Jgn sembarangan minum obat cuma berdasarkan saran apoteker. Nanti pingsan mau nyalahin siapa?,threads,2026-06-15 23:29:10.477375,threads,f2d3dd689641365000e0172c6f399965
https://www.threads.com/@dastinandre/post/DWXSjkjEn8J,wukasuka,2026-03-26 07:00:00+07:00,"Kak, langsung ke poli penyakit dalam aja, biar bisa cek (lab darah) semua sekalian. Semoga segera terkontrol ya gula darah nyokap.",threads,2026-06-15 23:29:10.477375,threads,6d8cadf238875e7dafb0706c872bfe82
https://www.threads.com/@dastinandre/post/DWXSjkjEn8J,morin_sari,2026-03-25 07:00:00+07:00,"Sebaiknya di cek HbA C, gula darah puasa dan gula darah jam PP (post puasa), k. Penggunaan obat an penurun gula darah tanpa kontrol bs membahayakan pasien. Sebaiknya begitu pengecekan hasilnya tinggi, lgsg di bawa ke IGD terdekat untuk mendapatkan terapi",threads,2026-06-15 23:29:10.477375,threads,41ecd122005bfa938b602f14bf9af403
https://www.threads.com/@dastinandre/post/DWXSjkjEn8J,rahmadi.rizki.dr,2026-03-25 07:00:00+07:00,"kalau mau hasil yg lebih baik memang cek HbA C, kalau emng tinggi boleh segera diobati. diabetes ndak selalu dari makanan manis kok kak.",threads,2026-06-15 23:29:10.477375,threads,5c0f46dc8685f33dd0b2f2ee9006e0b1
https://www.threads.com/@dastinandre/post/DWXSjkjEn8J,magdalena_aqnes,2026-03-26 07:00:00+07:00,"Kenapa ga konsul ke SpPD sub spesialis diabet, Kak? Drpd diobati sendiri malah salah.",threads,2026-06-15 23:29:10.477375,threads,cfbefbc842dfb70cc84f0c7ddc1b7b30
https://www.threads.com/@dastinandre/post/DWXSjkjEn8J,pensiunberbagi,2026-03-26 07:00:00+07:00,"Ke IGD kak, paksu waktu kena stroke GD dan Tensi / .",threads,2026-06-15 23:29:10.477375,threads,eb388a307bc5a99e4d9c8a87e5fb6bfc
https://www.threads.com/@dastinandre/post/DWXSjkjEn8J,finurikha_,2026-03-26 07:00:00+07:00,"Saranku sbg apoteker jangan asal ditembak obat hanya karena terbaca tinggi di alat cek mandiri kak. Belum tentu jg yg ngasih obat di apotek itu apoteker, takutnya yg jaga AA/kasir. Apoteker pun ga boleh kasih obat penyakit degeneratif tanpa penegakan diagnosa dari dokter. Apalagi kondisi pengecekannya hanya dr alat cek mandiri dan bukan gula darah puasa, jd banyak bias yg mempengaruhi. Stik alat tes mandiri itu jg ada expirednya. Jadi lebih baik dibawa ke poli PD dan minta cek HbA c sekalian.",threads,2026-06-15 23:29:10.477375,threads,bac81635a0779be06e971b39a12da448
https://www.threads.com/@dastinandre/post/DWXSjkjEn8J,fvam95vbw,2026-03-26 07:00:00+07:00,"Error itu, cobain ke sepuluh orang, apakah masih ratusan, hasil test nya.. Ada masa daluarsa strip juga.. Kalau benar , behh udah sekarat itu harusnya",threads,2026-06-15 23:29:10.477375,threads,f6126b2639518e4da22119ec0af3e38c
https://www.threads.com/@dastinandre/post/DWXSjkjEn8J,ayam_geprek_cenderawasih,2026-03-25 07:00:00+07:00,Coba di cek ke klinik/lab/RS terdekat untuk membandingkan hasilnya jika menggunakan alat dari tempat lain.,threads,2026-06-15 23:29:10.477375,threads,7316f79b40facf17e5c9576c2489d38c
https://www.threads.com/@dastinandre/post/DWXSjkjEn8J,srayuu__,2026-03-26 07:00:00+07:00,"Kak fyi ku kebetulan kerja di klinik yg dokternya subspesialis endokrin metabolik lebih ke diabetes center, gatal itu ciri diabet tidak terkontrol, mumpung sudah buka praktek dokter cus kesana konsul lgsg ke ahlinya. Semakin cpt minum obat semakin selamat ginjalnya kak. 🙌🏻🤗",threads,2026-06-15 23:29:10.477375,threads,4502b75ccdeb39c31b7b6d10bd001990
https://www.threads.com/@dastinandre/post/DWXSjkjEn8J,tyawiharjo,2026-03-26 07:00:00+07:00,"Padahal energi buat ke apoteknya bisa bgt lih dipake buat ke dokter, ke prodia, kemana kek yg beneran ada tenaga medis yg bener faham dan emang profesional di bidangnya 😌",threads,2026-06-15 23:29:10.477375,threads,e108e1e8b7a412bca28dfc53ec067b33
https://www.threads.com/@dastinandre/post/DWXSjkjEn8J,azkaulftnnsa,2026-03-26 07:00:00+07:00,"YaAllah kaaa, Bapak mertuaku gd an aja udah lemes, berat badan berkurang, kaki bengkak. Bisa di bawah setelah ubah semua pola makan, rawat jalan, dan diingatkan terus minum obat. Cuma yg susah adalah Bapak mengira gula itu hanya makanan/minuman manis, padahal makan mie, tepung-tepungan, nasi putih juga.",threads,2026-06-15 23:29:10.477375,threads,ec64fc7255706c8b4946dcb360db5481
https://www.threads.com/@dastinandre/post/DWXSjkjEn8J,elsa.harlie,2026-03-27 07:00:00+07:00,"gula darahku hampir aja udah sakit semua ini badan apalagi , cepet sembuh buat ibu ya kak. cek hb ac aja lebih akurat, obatnya minta dokter biar jelas dosisnya soalnya GD nya udah tinggi. wajib rutin olahraga kak, jika memungkinan bisa olahraga angkat beban, itu efektif bgt turunin GD, minum susu diabetasol juga biar stabil gula darahnya biar engga naik turun, banyakin makan realfood kayak tahu tempe, sayuran, telur, ikan, dll",threads,2026-06-15 23:29:10.477375,threads,45940ef3c3740210baa1c5050b6f9d38
https://www.threads.com/@dastinandre/post/DWXSjkjEn8J,icaica1203,2026-03-26 07:00:00+07:00,Ada satu tempat namanya RS chek darah lengkap paling k,threads,2026-06-15 23:29:10.477375,threads,d3f3f009e6aa451cfef4e87105c8a17d
https://www.threads.com/@dastinandre/post/DWXSjkjEn8J,deviaratna08,2026-03-26 07:00:00+07:00,"Diabetes tidak selalu dari makanan minuman manis. Kebanyakan makan karbo juga iya. Gak pernah olahraga juga iya, pola hidup lah intinya. Bisa juga genetik",threads,2026-06-15 23:29:10.477375,threads,293049003689cd0765a608391714f53f
https://www.threads.com/@dastinandre/post/DWXSjkjEn8J,karennjela,2026-03-26 07:00:00+07:00,Yaampun kak sy baca utasmu sambil ngemilin nastar. Auto berhenti makan 😅,threads,2026-06-15 23:29:10.477375,threads,9d09b5668d2bc56fa6a594efb246286a
https://www.threads.com/@dastinandre/post/DWXSjkjEn8J,veraazhou,2026-03-26 07:00:00+07:00,"orang-orang bs percaya lgsg sama satu alat lgsg makan obat yah… 🫣 Dokter ngomong aj masih sering salah diagnosa.. Semoga segera cek lab yaaah kak, minimal ada data valid dluu",threads,2026-06-15 23:29:10.477375,threads,f5bf7a87a472eade54435b720e542226
https://www.threads.com/@dastinandre/post/DWXSjkjEn8J,sovinavisah,2026-03-26 07:00:00+07:00,"Better saranin ke puskesmas buat konsul ke dokter umum, terus minta di rujuk ke dokter spesialis penyakit dalam, barangkali bener, soalnya Diabetes Melitus ada yg tipe & tipe , jadi terapi obatnya beda setiap kondisi gabisa disamain atau cuma beli di apotik.",threads,2026-06-15 23:29:10.477375,threads,96623f31861246b3a4606fcba30fbb0d
https://www.threads.com/@ipadevpro/post/DTZX1KYDPzt,ipadevpro,2026-01-12 07:00:00+07:00,"Masuk lab Biologi itu kadang rasanya kayak masuk arena Fear Factor. Apalagi kalau materinya: Peta Rasa Lidah. Tugasnya simpel: Siswa ditutup matanya. Lalu saya teteskan cairan misterius ke lidah mereka. Harus tebak: Manis, Asin, Asam, atau Pahit. Suasananya pecah. Ada murid yang pas dikasih perasan jeruk nipis, mukanya langsung glitch. Matanya merem melek, bibirnya monyong kayak ikan koi kejepit pintu. Satu kelas ngakak guling-guling. Tapi ada satu anak yang aneh. Namanya Awan.",threads,2026-06-15 23:29:10.477375,threads,c4062ad0ffdc93ecaa10caceac431078
https://www.threads.com/@ipadevpro/post/DTZX1KYDPzt,ipadevpro,2026-01-12 07:00:00+07:00,"Awan ini badannya gempal. Hoblnya makan. Prinsip hidupnya: ""Kalau ada yang gratis, kenapa harus bayar?"" Pas giliran dia, dia semangat banget. Mulutnya mangap lebar-lebar. Kayak anak burung nunggu disuapin induknya. Dikasih garem: ""Asin Pak! Tambah lagi dong, enak nih buat lauk."" Dikasih kopi tanpa gula: ""Pahit Pak! Tapi lumayan buat melek."" Dikasih jeruk nipis: ""Seger Pak! Kurang es batu aja nih."" Saya geleng-geleng. ""Wan, ini praktek biologi, bukan prasmanan kondangan!""",threads,2026-06-15 23:29:10.477375,threads,84481d2b4d307de4870b6b2829286114
https://www.threads.com/@ipadevpro/post/DTZX1KYDPzt,ipadevpro,2026-01-12 07:00:00+07:00,"Sampai di giliran cairan terakhir: Larutan Gula. Saya teteskan sedikit. Awan diem. Dia gak langsung jawab ""Manis"". Dia malah ngecap-ngecap lama banget. Matanya merem. Menikmati banget. Kayak lagi nyicipin Caviar di restoran bintang lima. ""Manis, Pak..."" ""Enak banget..."" Terus dia ngomong sesuatu yang bikin satu kelas sorakin dia. ""Pak, boleh minta sisanya gak?"" ""Botolnya buat saya ya?""",threads,2026-06-15 23:29:10.477375,threads,036a925222e52d2fc04b4138c5df25cd
https://www.threads.com/@ipadevpro/post/DTZX1KYDPzt,ipadevpro,2026-01-12 07:00:00+07:00,"Teman-temannya langsung nge-bully. ""Wuuu dasar gentong air!"" ""Maruk lu Wan! Air gula aja diembat!"" ""Awan mah apa aja masuk, meja guru kalau digoreng juga dimakan!"" Saya juga ikutan becanda (yang saya sesali kemudian). ""Wan, kamu ini kurang gizi apa gimana?"" ""Nanti kamu diabetes lho minum air gula segelas gitu."" ""Udah sana duduk, jangan malu-maluin."" Awan cuma nyengir. Tapi dia tetap keukeuh minta izin bawa pulang sisa larutan gula di gelas beker itu. Akhirnya saya kasih, daripada ribet.",threads,2026-06-15 23:29:10.477375,threads,38cc7293f52bb9b33c7a925031a978e4
https://www.threads.com/@ipadevpro/post/DTZX1KYDPzt,ipadevpro,2026-01-12 07:00:00+07:00,"Pas pulang sekolah. Saya mampir ke warung depan sekolah buat beli minum. Di pojokan warung, saya lihat Awan. Dia lagi jongkok. Di depannya ada anak kecil kurus banget, mungkin umur tahun. Adiknya. Saya ngumpet di balik tiang, penasaran dia mau ngapain sama air gula tadi. Apa mau diminum sendiri? Ternyata... Awan nuangin air gula sisa praktek itu ke tutup botol pelan-pelan. Lalu disuapin ke adiknya.",threads,2026-06-15 23:29:10.477375,threads,4840c952284784e4464de97b90ea6cdf
https://www.threads.com/@ipadevpro/post/DTZX1KYDPzt,ipadevpro,2026-01-12 07:00:00+07:00,"Saya dengar percakapan mereka samar-samar. ""Aaa... minum Dik. Enak kan?"" ""Manis ya?"" Adiknya ngangguk girang. ""Enak Mas. Kayak sirup."" ""Iya, ini sirup mahal dari sekolah Mas."" ""Ibu kan belum punya uang buat beli gula."" ""Minum aja, biar gak lemes nungguin Ibu pulang mulung."" Awan sendiri gak minum setetes pun. Dia cuma ngeliatin adiknya minum sambil senyum. Senyum yang tulus banget. Padahal tadi di kelas dia dibilang rakus. Dibilang ""gentong air"".",threads,2026-06-15 23:29:10.477375,threads,bb9a8538ce747d3a441ba4969eb47f1c
https://www.threads.com/@ipadevpro/post/DTZX1KYDPzt,ipadevpro,2026-01-12 07:00:00+07:00,"Kaki saya lemas. Botol minum yang saya pegang rasanya mau jatuh. Kami di kelas tertawa karena menganggap Awan itu lucu dan rakus. Kami gak tahu... Bahwa rasa ""Manis"" yang bagi kita itu hal biasa... Bagi keluarga Awan adalah sebuah kemewahan yang langka. Hari itu, Awan bukan sedang jadi orang rakus. Dia sedang jadi kakak terbaik di dunia. Saya balik ke sekolah. Saya ambil sisa gula pasir stok lab. Besok pagi-pagi, saya mau taruh di laci meja Awan.",threads,2026-06-15 23:29:10.477375,threads,7b5cc203f304b5172e6ffff89d67ce5e
https://www.threads.com/@ipadevpro/post/DTZX1KYDPzt,ipadevpro,2026-01-12 07:00:00+07:00,"Kadang, pahlawan itu bentuknya murid gempal yang rela dipermalukan demi senyum adiknya. Maafkan Bapak ya, Wan. Bapak gak tau. Ada yang pernah salah menilai murid kayak saya? Cerita di bawah ya.",threads,2026-06-15 23:29:10.477375,threads,183c7cf49fe4be1eab367bf364120e70
https://www.threads.com/@badgal.bloom/post/DVPldKnCR1u,syazakiera,2026-02-27 07:00:00+07:00,dah cut.sugar bulan. tetibaa check darah ada diabetess. apaa ni 😭😭,threads,2026-06-15 23:29:10.477375,threads,0ebc6d851fcaed7b7b078f008622b4bc
https://www.threads.com/@badgal.bloom/post/DVPldKnCR1u,qissue_,2026-02-27 07:00:00+07:00,"diabetes not solely from sugar, it comes from stress - cortisol level spiked",threads,2026-06-15 23:29:10.477375,threads,8c93c83d8c12bd7536d8ecb359ff92c4
https://www.threads.com/@badgal.bloom/post/DVPldKnCR1u,_.chen._._,2026-02-27 07:00:00+07:00,"Ni real story. Last year, aku cut sugar sebab doktor suruh. So aku tak mnum benda manis, aku tak makan nasi for months. Berat mmg turun. Tapi check, gula aku tinggi💀. Aku penat and drain gila. So tahun ni aku makan manis balik. Aku makan kek, minum soda etc. Minggu lps mak aku suruh aku medical check up, hari lps result keluar cakap gula aku ok. 💀💀💀",threads,2026-06-15 23:29:10.477375,threads,86b7b1ed56381f03156fbe09d5c219fa
https://www.threads.com/@badgal.bloom/post/DVPldKnCR1u,its_luqe,2026-02-27 07:00:00+07:00,"I read from somewhere, if you lack muscle mass, it may lead to diabetes as you age. Also, lack of exercise can also lead to diabetes even if you look healthy. Another reason is it could be an underlying medical condition.",threads,2026-06-15 23:29:10.477375,threads,aed044580f12286c9290a4610feb1ddf
https://www.threads.com/@badgal.bloom/post/DVPldKnCR1u,pipie.j,2026-02-27 07:00:00+07:00,Cut sugar you macam mana? Total tak makan benda sweet ke? Carbo intake macam mana? Nasi? Roti? Potato ada ambil tak? Cut sugar bukan bermaksud tak ambil langsung tapi from big portion to small portion. Our body still need sugars for energy.,threads,2026-06-15 23:29:10.477375,threads,546b25294974702ddda8f4575baae636
https://www.threads.com/@badgal.bloom/post/DVPldKnCR1u,ziela_fa98,2026-02-27 07:00:00+07:00,Selalunya bila cut sugar terlampau and banyak take protein and karbo. Then kidney dah x larat fungsi sbb burden centu. So cause insulin resistance. Ni bahasa rojak la. Tapi ni apa yg saya bljr,threads,2026-06-15 23:29:10.477375,threads,6ccdd82b2505a2c21ab440331c8ed83b
https://www.threads.com/@badgal.bloom/post/DVPldKnCR1u,dessertsketagihmerecikk,2026-02-27 07:00:00+07:00,"Mmg dh ade diabetes ni way before cut sugar tp kalau mmg dh ade ni better carbs tu mmg kurangkan. Mcm beras tu tukar ke perang or basmathi tp besar pnumbuk. Bykkan syur dn lauk. Mnis bkn pd air dn kuihmuih, tp pd carbs",threads,2026-06-15 23:29:10.477375,threads,fabe8004fef268a307f567545e7f0026
https://www.threads.com/@badgal.bloom/post/DVPldKnCR1u,_chaarina,2026-02-27 07:00:00+07:00,"Kalau diabetis ni, bukan kita cut sugar sekarang terus takda diabetis dikemudian hari. Sebenarnya dah lama ada diabetis cuma kita taktahu. Hba c ambil darah tu pun, result darah kita bulan yang lepas. Bukan bulan yang sama ambil darah. Saya pun diabetis juga. Tahu masa mengandung tahun . Bukan gdm tapi type dm . Tak suka makan manis pun. Tapi maybe sebab keturunan.",threads,2026-06-15 23:29:10.477375,threads,bd627dd90bb15ef99ddd40ef198155df
https://www.threads.com/@badgal.bloom/post/DVPldKnCR1u,maisarazainals_,2026-02-27 07:00:00+07:00,"Interesting posting. Saya pun memang sangat menjaga gula putih. Tak minum air manis, kuih aestetic viral, anything yang manis berdasarkan gula putih memang saya elak. Nasi, buah tu saya makan je lah cam biasa kang sakit pulak. Turns out bacaan gula dalam darah saya lagi tinggi daripada orang yg ambil gula putih😭 Belum masuk paras bahaya tapi agak tinggi sebab I betul jaga. Benda ni make sense sebab i dulu selalu gak pitam, maybe kurang glukose kot dalam darah. Hmmmmmm",threads,2026-06-15 23:29:10.477375,threads,14818fe2452064b06b99aaae65486ad5
https://www.threads.com/@badgal.bloom/post/DVPldKnCR1u,syazakiera,2026-02-27 07:00:00+07:00,saya tak keseorangan.,threads,2026-06-15 23:29:10.477375,threads,b4a7318d137e594db289acefa8a93ffc
https://www.threads.com/@badgal.bloom/post/DVPldKnCR1u,hazmanjaz,2026-02-27 07:00:00+07:00,berapa dik hba c. bagitahu abg ni. abg pakar dalam diabetes ni. sebab pernah rawat arwah mak,threads,2026-06-15 23:29:10.477375,threads,93a8d640824f700470af49c7de1d4dc2
https://www.threads.com/@badgal.bloom/post/DVPldKnCR1u,palli_mogo,2026-02-27 07:00:00+07:00,Bukan sekadar gula shj kena cut.. Stress pun boleh kacau bacaan gula.. Umur berapa?perempuan ke lelaki?. Boleh jd bukan sebab pemakanan semata²..,threads,2026-06-15 23:29:10.477375,threads,01a4d3f09486a51ce80903c3f1b2af98
https://www.threads.com/@badgal.bloom/post/DVPldKnCR1u,syazsubhan,2026-02-27 07:00:00+07:00,"Mak saya pun kata dia cut sugar, tapi bila saya balik kg saya tgk bila keluar makan, masih order air manis, nasi still makan, ambik minuman bersusu, roti dia makan, roti canai makan, bihun mee pun makan.. Jadi saya tau la definition cut sugar utk sesetengah org mcm mana..",threads,2026-06-15 23:29:10.477375,threads,d4e8a72fd21d57ff38d7daab34d0325c
https://www.threads.com/@badgal.bloom/post/DVPldKnCR1u,fathianabila_ms,2026-02-27 07:00:00+07:00,"Hi. Dietitian here. Saya suggest you make an appointment with a legit Dietitian practitioner to re-check back what you eat lately. Yes. DM also maybe due to stress. But my high respect, you do full blood test include the HbA C also for definite diagnosis.",threads,2026-06-15 23:29:10.477375,threads,3662887d126558768ea2f9710e53a2d6
https://www.threads.com/@badgal.bloom/post/DVPldKnCR1u,fika79,2026-02-27 07:00:00+07:00,"klu hba c umur ok ke? sy ni kalau macam.kurang makan nasi rs gigil. tapi dah org dok kata nasi tak bagus, takut juga..huhu",threads,2026-06-15 23:29:10.477375,threads,7f3263706addf0aa745cc42bbe8e1d8f
https://www.threads.com/@badgal.bloom/post/DVPldKnCR1u,azuehamdan,2026-03-04 07:00:00+07:00,"FMS here. Diabetes tak jadi overnight. Saya dah tulis pasal ni. Jemput baca. azuehamdan Educational threads / / Sakit hati kan? Dah berbulan-bulan perang dengan nafsu makan, tak sentuh donut, matcha latte pun minta zero sugar, tapi bila buat check-up, doktor cakap: ""Tahniah, awak ada kencing manis."" 😭 ​Sebagai doktor di klinik kesihatan, kami selalu nampak situasi ni. Mari belajar kenapa usaha saat akhir awak tu tak cukup nak padam sejarah tahun badan awak melalui fasa Natural History of Diabetes.🧵👇",threads,2026-06-15 23:29:10.477375,threads,52fcbeb47d2a71437990fbc2f47c58be
https://www.threads.com/@badgal.bloom/post/DVPldKnCR1u,azuehamdan,2026-02-27 07:00:00+07:00,"Sakit hati kan? Dah berbulan-bulan perang dengan nafsu makan, tak sentuh donut, matcha latte pun minta zero sugar, tapi bila buat check-up, doktor cakap: ""Tahniah, awak ada kencing manis."" 😭 ​Sebagai doktor di klinik kesihatan, kami selalu nampak situasi ni. Mari belajar kenapa usaha saat akhir awak tu tak cukup nak padam sejarah tahun badan awak melalui fasa Natural History of Diabetes.🧵👇",threads,2026-06-15 23:29:10.477375,threads,e15ddb0ea4758da55ac1b3e93a7cffaa
https://www.threads.com/@badgal.bloom/post/DVPldKnCR1u,bmi197819,2026-03-04 07:00:00+07:00,"Kalau cam ni dr,bp naik , ,and liver enzim naik sekarang.sedih kalau kata cell tu dah rosak n cant recover *Glucose* June : March : * * Hbaic for diabetic June - March -",threads,2026-06-15 23:29:10.477375,threads,629f87d27ea203a5aa0e76a521ffe758
https://www.threads.com/@badgal.bloom/post/DVPldKnCR1u,_liyanayusof,2026-02-27 07:00:00+07:00,"Elak makan buah² yang tinggi kandungan fruktosa, elak juga makan makanan bertepung especially yang ada gluten walaupun tak manis. Keluar dapatkan vit D dari matahari. Jaga waktu tidur, jangan tidur lewat.",threads,2026-06-15 23:29:10.477375,threads,19151fd66048e6c8ad6602dd36ea1fea
https://www.threads.com/@badgal.bloom/post/DVPldKnCR1u,zdkynn,2026-02-27 07:00:00+07:00,"Cut sugar bukan sekadar tak minum air manis atau tak makan dessert saja. Kita kena tengok keseluruhan diet berapa banyak nasi atau karbo yang diambil, dalam masakan harian ada tak gula tambahan, dan berapa kerap ambil makanan proses. Semua tu boleh menyumbang kepada risiko diabetes. U can join this group to get more information facebook.com/share… facebook.com KELAB PESAKIT DIABETES/KENCING MANIS",threads,2026-06-15 23:29:10.477375,threads,83c2116c748ace2edc4035832cdfaa42
https://www.threads.com/@badgal.bloom/post/DVPldKnCR1u,syazakiera,2026-02-27 07:00:00+07:00,tapi saya makan makanan kukus dengan bakar je. nasi pun suku jee.,threads,2026-06-15 23:29:10.477375,threads,dea46549c666c03b35c499b0a8b37125
https://www.threads.com/@badgal.bloom/post/DVPldKnCR1u,cheabdullah8,2026-02-27 07:00:00+07:00,Diabetes bukan sbb gula.,threads,2026-06-15 23:29:10.477375,threads,d6f32749ac9cfcf473f88c7542bb371d
https://www.threads.com/@badgal.bloom/post/DVPldKnCR1u,syazakiera,2026-02-27 07:00:00+07:00,ohhh okayy baiklah,threads,2026-06-15 23:29:10.477375,threads,537c23a4ca434d3260aca4699a16e9b0
https://www.threads.com/@badgal.bloom/post/DVPldKnCR1u,abe_wea22,2026-02-27 07:00:00+07:00,"sebelum bulan tu, kena cut sugar? masa tu dah cek doktor ke",threads,2026-06-15 23:29:10.477375,threads,ab9a6514fdee7d6c34e274274e69ffc3
https://www.threads.com/@badgal.bloom/post/DVPldKnCR1u,syazakiera,2026-02-27 07:00:00+07:00,dah check. sama jee average -,threads,2026-06-15 23:29:10.477375,threads,17a3078db0db08c083502f1cf941a892
https://www.threads.com/@badgal.bloom/post/DVPldKnCR1u,abe_wea22,2026-02-27 07:00:00+07:00,so masalah tu mungkin dah ada masa tu. sebab lepas bulan pun masih sama. btw makan apa setiap hari?,threads,2026-06-15 23:29:10.477375,threads,e352d7c7ad5dfbeccbbb994b99e1906f
https://www.threads.com/@badgal.bloom/post/DVPldKnCR1u,syazakiera,2026-02-27 07:00:00+07:00,makan sekali sehari. nasi suku selebihnya buah.,threads,2026-06-15 23:29:10.477375,threads,233e2b14d6b7ffa61a5500cfe5b8d8b3
https://www.threads.com/@badgal.bloom/post/DVPldKnCR1u,abe_wea22,2026-02-27 07:00:00+07:00,"Benda dah jadi kan. nasi + buah memang mudah naikkan bacaan gula. lagi bila buah ambil kuantiti banyak. better follow group yg brader ni share. banyak info & cara kawal diabetes. jangan lupa beli glucometer , mudah untuk cek bacaan gula setiap hari. zdkynn / / Replying to @syazakiera Cut sugar bukan sekadar tak minum air manis atau tak makan dessert saja. Kita kena tengok keseluruhan diet berapa banyak nasi atau karbo yang diambil, dalam masakan harian ada tak gula tambahan, dan berapa kerap ambil makanan proses. Semua tu boleh menyumbang kepada risiko diabetes. U can join this group to get more information facebook.com/share… facebook.com KELAB PESAKIT DIABETES/KENCING MANIS",threads,2026-06-15 23:29:10.477375,threads,f716c46a6639c56cf4b72c7de7dd8098
https://www.threads.com/@badgal.bloom/post/DVPldKnCR1u,zdkynn,2026-02-27 07:00:00+07:00,"Replying to @syazakiera Cut sugar bukan sekadar tak minum air manis atau tak makan dessert saja. Kita kena tengok keseluruhan diet berapa banyak nasi atau karbo yang diambil, dalam masakan harian ada tak gula tambahan, dan berapa kerap ambil makanan proses. Semua tu boleh menyumbang kepada risiko diabetes. U can join this group to get more information facebook.com/share… facebook.com KELAB PESAKIT DIABETES/KENCING MANIS",threads,2026-06-15 23:29:10.477375,threads,2e1f82c503c14c35baff770f169c2ad2
https://www.threads.com/@badgal.bloom/post/DVPldKnCR1u,nox.rhea,2026-02-27 07:00:00+07:00,"Ade sorg dokter kat tt ade explain psal patient die yg ade kondisi lebih kurang mcm u. Walaupon kte cut sugar, badan kte still akan hasilkan glucose nya sendiri. Ble glucose yg hasil sendiri ni tinggi, lame insulin pon xleh nk turunkan glucose dlm darah. So, dpt la kencing manis. Patient ni, even buah pon x makan. So, she said, the key is, balance. Ade kala, kte still kene amik gula dari outside source. Ambil lah yg sihat . Mungkin juga tidur lewat? Selalu? Pon boleh trigger kencing manis",threads,2026-06-15 23:29:10.477375,threads,dba2af55228b6a9f6326e70c2ffb3fdd
https://www.threads.com/@badgal.bloom/post/DVPldKnCR1u,johanbinkarim,2026-02-27 07:00:00+07:00,Sugar is only one contributing factor. Catat what you eat daily in detail for month n take blood sugar reading every other day. Now Ramadan also do it. Then baru consult dietician n doctor,threads,2026-06-15 23:29:10.477375,threads,6ba21901a9ede6b9f9f7cb91859ce833
https://www.threads.com/@badgal.bloom/post/DVPldKnCR1u,syazakiera,2026-02-27 07:00:00+07:00,okay noted,threads,2026-06-15 23:29:10.477375,threads,9194260ad0477558cb2eb274d0d750b9
https://www.threads.com/@badgal.bloom/post/DVPldKnCR1u,ii.lina.low,2026-02-27 07:00:00+07:00,Mungkin bulan tu dah terlambat. Sbb diabetic ni puncanya makan tahun. Mcm dari kecik lagi dah rajin minum manis dan makan carb. Lepas tu penyakit baru dtg bila kita dah tua.,threads,2026-06-15 23:29:10.477375,threads,25509c9ab236e62067e8b0e8cd460c02
https://www.threads.com/@badgal.bloom/post/DVPldKnCR1u,syazakiera,2026-02-27 07:00:00+07:00,sebelum ni pun memang jarang makan manisss. cuba bulan sebelum ni dah cut teruss air manisss.,threads,2026-06-15 23:29:10.477375,threads,7f6460073f4e3fafd5424c8b909fb583
https://www.threads.com/@badgal.bloom/post/DVPldKnCR1u,ii.lina.low,2026-02-27 07:00:00+07:00,Punca utama nasi. Nasi putih kandungan gula tinggi juga.,threads,2026-06-15 23:29:10.477375,threads,5c08831311527db7b1ec5bae45ec2483
https://www.threads.com/@hana.h823/post/DFjKkkOvWEZ,hana.h823,2025-02-01 07:00:00+07:00,"Perut BUNCIT dan penyakit DIABETES, bukan hanya dialami oleh orang GEMUK dan yang suka konsumsi gula. Tapi juga bisa menimpa orang-orang yang bertubuh kurus dan tidak suka gula. Kok bisa? Dia tidak suka gula, tidak suka yang manis-manis. Namun masih 'SERING' makan gorengan, bersantan, sarapannya nasi-mie terus (tanpa dibarengi protein tinggi). Asupan protein hewani dan serat (buah-sayur) masih sangat kurang. Ditambah lagi malas berolahraga dan sering begadang.",threads,2026-06-15 23:29:10.477375,threads,7ca0f18b6f3a91ba1c8fd316f79454b5
https://www.threads.com/@narasi.tv/post/C3kiublSv3W,narasi.tv,2024-02-20 07:00:00+07:00,"Mahasiswa Institut Teknologi Bandung (ITB) kembali menghadirkan inovasi, yaitu aplikasi pelacak gula darah “Glutara” buat penyandang diabetes. 🙌🏻 Inovasi ini berhasil membawa Tim AMN meraih juara dalam HackFest Indonesia dengan inovasi Internet of Things (IoT) untuk penyandang diabetes, Sabtu ( / / ).",threads,2026-06-15 23:29:10.477375,threads,71770b19ca765871bd871d51f26bd7b8
https://www.threads.com/@narasi.tv/post/C3kiublSv3W,narasi.tv,2024-02-20 07:00:00+07:00,"Aplikasi Glutara diciptakan oleh Tim AMN yang terdiri dari mahasiswa Teknik Informatika ITB, yaitu Michael Leon Putra Widhi, Austin Gabriel Pardosi, Margaretha Olivia Haryono, dan Go Dillon Audris. Mereka mengintegrasikan sistem Internet of Things (IoT) dengan Continuous Glucose Monitor (CGM) yang membuat aplikasi Glutara jadi mudah digunakan.",threads,2026-06-15 23:29:10.477375,threads,dcfa6ad6368b89cfa603739bcd3c11cb
https://www.threads.com/@narasi.tv/post/C3kiublSv3W,narasi.tv,2024-02-20 07:00:00+07:00,"""Fokus utama CGM kami adalah pada deteksi gula darah tanpa memerlukan tusukan pada jari (non-invasive),"" ucap Ketua tim, Michael, dilansir laman ITB, Selasa ( / ). Tim AMN menggunakan metode gelombang elektromagnetik buat ngukur kadar gula darah tanpa menimbulkan rasa sakit.",threads,2026-06-15 23:29:10.477375,threads,a5f4bb795e266012262c4790db49e11d
https://www.threads.com/@narasi.tv/post/C3kiublSv3W,narasi.tv,2024-02-20 07:00:00+07:00,"Pada aplikasi Glutara, pengguna dapat mencatat penggunaan insulin, pola makan, obat-obatan, dan aktivitas. Selain itu, Glutara menampilkan informasi statistik yang lengkap serta tren kadar gula darah. Buat mastiin pengguna tetap patuh, aplikasi ini juga dilengkapi dengan pengingat jadwal konsumsi obat. | Narasi #JadiPaham #Narasi",threads,2026-06-15 23:29:10.477375,threads,0b2d5be7a1787df2ee544dc71d53ba18
https://www.threads.com/@narasi.tv/post/C3kiublSv3W,ichwansholichan.sky,2024-02-21 07:00:00+07:00,Terus berkarya anak pintar ... kalian hebat,threads,2026-06-15 23:29:10.477375,threads,b163a6d938a6a750579ef092b2ec98ab
https://www.threads.com/@narasi.tv/post/C3kiublSv3W,zaindn_20,2024-02-21 07:00:00+07:00,Gokilll mantapp,threads,2026-06-15 23:29:10.477375,threads,568eb8b158c82359017330c1114fffe2
https://www.threads.com/@narasi.tv/post/C3kiublSv3W,hallobye.bye,2024-02-20 07:00:00+07:00,Keren banget,threads,2026-06-15 23:29:10.477375,threads,0db3d6d6be568c6d03f785ae2745ee80
https://www.threads.com/@devi_fasa/post/DQvA-yoEo3K,reendacraft,2025-11-06 07:00:00+07:00,"Hb , kata dokter ""tranfusi ya..?"" aqu ""boleh plg aja nggak dok,br sebulan lalu,masa nginep lagi hehe "" pintaku dengan mimik memelas. dokter ""ya plg gpp,tp klo besok tidak membaik langsung igd ya,jgn nunggu Hb lagi! "" Aqu ""iya dok"" akhirnya plg,karna berbagai pertimbangan. Bismillah,pokok e sehat,kuat,semangat #pejuangsehat #pejuangsembuh #pejuanglunasutang",threads,2026-06-15 23:29:10.477375,threads,07934a8f9ffc9201c77ca2b0140a8728
https://www.threads.com/@devi_fasa/post/DQvA-yoEo3K,devi_fasa,2025-11-07 07:00:00+07:00,Lah kok HB? Itu kan obat diabetes semua,threads,2026-06-15 23:29:10.477375,threads,e18750d2001636ebf6c7bc8018c905df
https://www.threads.com/@devi_fasa/post/DQvA-yoEo3K,reendacraft,2025-11-07 07:00:00+07:00,"Lha emang klo diabet ,Hb gak boleh droo? (Bertanya dg nada lembut) Setiap kontrol kan cek labirat ,cek darah lengkap,salah satunya Hb ,",threads,2026-06-15 23:29:10.477375,threads,24f4e7cd43d6fe44083a674ee63869ea
https://www.threads.com/@doktercamo/post/DNomQX1TUTt,doktercamo,2025-08-21 07:00:00+07:00,"🚨 PASIEN WANITA, BELUM TAHUN. HASIL LAB HbA c , (PREDIABETES). Dan hobi utamanya: DIET KETAT. Tolong kaum WANITA dengarkan cerita ini baik-baik sebelum terlambat!",threads,2026-06-15 23:29:10.477375,threads,ce21fee67c2f526759d152df808caa5f
https://www.threads.com/@doktercamo/post/DNomQX1TUTt,doktercamo,2025-08-21 07:00:00+07:00,"Pasien ini rajin olahraga macam-macam. Tapi yang bikin saya paling khawatir → dia suka diet ketat. Kalau saya hitung, kalori hariannya cuma sekitar – kalori. Dia merasa sehat, tidak ada keluhan. Saat medical check-up lengkap, ternyata: 👉 HbA c = , (prediabetes) 👉 Glukosa puasa = mg/dL Jadi meski terlihat sehat dari luar… faktanya, metabolisme tubuhnya sudah bermasalah.",threads,2026-06-15 23:29:10.477375,threads,f5604f515efeb258cc39911637d54f5f
https://www.threads.com/@doktercamo/post/DNomQX1TUTt,doktercamo,2025-08-21 07:00:00+07:00,"Saya tanya: “Kenapa kok diet ketat sekali?” Dia jawab: “Supaya slim, supaya awet muda.” Lalu saya bilang: “Awet muda dari mananya? Usia belum tahun, tapi sudah prediabetes.”",threads,2026-06-15 23:29:10.477375,threads,5e837e146ffd269d0a81d318b2582412
https://www.threads.com/@doktercamo/post/DNomQX1TUTt,doktercamo,2025-08-21 07:00:00+07:00,"Yang seringkali tidak dipahami : Kalau massa otot kempes atau berkurang drastis, justru itu menjadi faktor risiko diabetes. Kenapa? Karena otot ibarat gudang penyimpanan gula darah dalam tubuh. Kalau otot hilang → gula darah ya muter saja di pembuluh darah, susah dikendalikan. Dan pada pasien ini, itu sudah nyata. Gula darah puasa memang belum di atas . Tapi HbA c sudah , (di atas , = prediabetes). Artinya, kerusakan metabolisme sudah mulai terjadi. Tabel : Panduan DMT Perkeni",threads,2026-06-15 23:29:10.477375,threads,41d47d8ee7f36cac611b681404b1f515
https://www.threads.com/@doktercamo/post/DNomQX1TUTt,doktercamo,2025-08-21 07:00:00+07:00,"Selain itu, pada wanita saat menopause, massa otot akan berkurang lebih jauh lagi. Kalau dari awal otot tidak dilatih → hidup bisa menderita sekali. Menjelang atau setelah menopause, risiko penyakit makin banyak: - Metabolisme kacau - Tulang kropos (osteoporosis) Dan yang lebih menakutkan → tiba-tiba patah tulang mendadak 🦴⚠️ Bayangkan hidup dengan tulang rapuh dan risiko patah hanya karena jatuh ringan… 😰",threads,2026-06-15 23:29:10.477375,threads,0334b23bdbeccba0ad43f820434d74d3
https://www.threads.com/@doktercamo/post/DNomQX1TUTt,doktercamo,2025-08-21 07:00:00+07:00,"💡 Pertama, lakukan MEDICAL CHECK-UP. Pahami kondisi tubuh sendiri, karena profil kesehatan metabolisme tiap orang berbeda-beda. 🚫 Kedua, JANGAN DIET SEMBARANGAN, khususnya untuk wanita. Ingat, kalian harus menabung otot untuk menghadapi masa menopause. Sehat itu bukan cuma soal kurus atau terlihat awet muda. 👉 Yang terpenting adalah punya kualitas hidup yang baik di usia tua: tubuh kuat, metabolisme terjaga, dan tulang tetap kokoh.",threads,2026-06-15 23:29:10.477375,threads,ed82aab9b6c5ca0f2a54f339dbc4b935
https://www.threads.com/@doktercamo/post/DNomQX1TUTt,sawlaaaaaaa,2026-02-06 07:00:00+07:00,"Ini persis banget kyk saya dok. Umur , lari kali seminggu, ga nyemil, ga minum manis, makan × sehari. Mutusin MCU karena makin sering pipis tengah malam bisa sampe kali, ngantuk parah setelah makan, dan cepet lemas. Ternyata hasil test HbA C saya , . Dari situ mutusin buat perbaiki pola makan + mulai ngegym buat naikin massa otot. Setelah bulan test lagi HbA c turun jadi ,",threads,2026-06-15 23:29:10.477375,threads,7fb413ee485e628f1f31b0d292f453f9
https://www.threads.com/@doktercamo/post/DNomQX1TUTt,sashiomarda,2025-08-22 07:00:00+07:00,"Yang jadi pertanyaan, dia rajin olahraga, gulanya kan dibakar, tapi kenapa gulanya masih tinggi? Apakah olahraganya hanya ""sebatas gerak"" tanpa menghitung kalori yang terbakar?",threads,2026-06-15 23:29:10.477375,threads,7361336694d62118430f28c75c1a2b3e
https://www.threads.com/@doktercamo/post/DNomQX1TUTt,fazerdazh,2025-08-22 07:00:00+07:00,"+ add, cmiiw: HbA c = cerminan rata-rata kadar gula di darah selama - bulan terakhir. pasien rajin olahraga 'macam-macam' tapi massa otot kempes. asumsi: olahraga yg dijalani pasien cenderung lebih dominan cardio daripada resistance training, shg massa otot rendah. otot = gudang penyimpanan glukosa paling besar di tubuh. massa otot rendah = penyimpanan/penyerapan glukosa rendah. sehingga kada glukosa 'beredar' banyak di pembuluh darah = lebih banyak yg terikat hemoglobin = Hba c tinggi.",threads,2026-06-15 23:29:10.477375,threads,229ac8767b17528427f34f646cadf644
https://www.threads.com/@doktercamo/post/DNomQX1TUTt,fazerdazh,2025-08-22 07:00:00+07:00,"kenapa HbA c bisa jadi ukuran kadar gula darah - bulan terakhir? • Hb = Hemoglobin (protein dalam sel darah merah yang ngiket oksigen) • A c = subfraksi kecil dari hemoglobin A (hemoglobin dewasa normal) • hence HbA c = hemoglobin A yang mengalami glikosilasi (terikat glukosa)/'coated' by glucose. usia sel darah merah = kurang lebih hari, maka HbA c dipakai untuk melihat seberapa banyak hemoglobin yang “terlapisi gula” selama usia sel darah merah tsb.",threads,2026-06-15 23:29:10.477375,threads,ca12b9787122a535519c88d1a7a3dd8a
https://www.threads.com/@doktercamo/post/DNomQX1TUTt,sugionotj,2025-08-22 07:00:00+07:00,"Intinya olahraga jangan diet aja, bangun masa otot maka berat akan turun karena berkurangnya lemak dalam tubuh dan otot menjadi kuat, begitu ya, Dok.?",threads,2026-06-15 23:29:10.477375,threads,4b7dc1b2e3daed5cd076216acc34e752
https://www.threads.com/@doktercamo/post/DNomQX1TUTt,gitaci57,2025-08-22 07:00:00+07:00,"terus olahraga apa yg wanita itu lakukan, kok sampai ototnya tidak terlatih? ""padahal suka olahraga""",threads,2026-06-15 23:29:10.477375,threads,f33c4b915f624d01c9e7c03092672ac4
https://www.threads.com/@doktercamo/post/DNomQX1TUTt,ahmadhape,2025-08-22 07:00:00+07:00,"Saya menduga mbak² tersebut diet terlalu ketat sampai lupa memenuhi porsi asupan protein harian. Karena defisit protein, otot jadi ga berkembang. Karbo juga kurang, jadilah otot malah kemakan sama tubuh. Pankreas yang tiap hari kerja keras bikin insulin, ga direpair dengan bahan protein yang cukup. Kerja pankreas jadi lamban, ga bisa ngimbangi kadar gula dalam darah. Prediabetes deh.",threads,2026-06-15 23:29:10.477375,threads,5d29f73c883d976adb984891d65b0d4f
https://www.threads.com/@doktercamo/post/DNomQX1TUTt,chaniaenjoy,2025-08-21 07:00:00+07:00,"Ntr saat org di nasehati bangun massa otot dgn latihan beban, mereka menghina blg olahraga itu msh byk yg lain bukan nge gym doang. Pdhl mreka ga tau beda cardio ama latihan beban 😒",threads,2026-06-15 23:29:10.477375,threads,659f195a261dc4f4a2c82c098eb2d05a
https://www.threads.com/@doktercamo/post/DNomQX1TUTt,gitadprastanti,2025-08-22 07:00:00+07:00,"Dok, prediabetes apakah bisa kembali normal ? Jika bisa, dgn cara spt apa dok ? Terima kasih🙏🏻",threads,2026-06-15 23:29:10.477375,threads,29a6fe710cce40ddd58c41f0cc590fb7
https://www.threads.com/@doktercamo/post/DNomQX1TUTt,sysxluckyolweis,2025-08-22 07:00:00+07:00,"salah pasiennya suka cardio makanya guys cewe jgn takut angkat beban, beban tubuh udah bisa kok (push up, plank)",threads,2026-06-15 23:29:10.477375,threads,e8c88869808866ca2e85d4cbcd44f801
https://www.threads.com/@doktercamo/post/DNomQX1TUTt,febriana_cory,2025-08-22 07:00:00+07:00,"Klo nyapu, ngepel, nyuci, nyetrika momong anak itu jg bs dikatakan olga ga dok ?",threads,2026-06-15 23:29:10.477375,threads,71500ccba642acaf9e0fdce8dd523e87
https://www.threads.com/@doktercamo/post/DNomQX1TUTt,duniaqtoy,2025-08-22 07:00:00+07:00,"Kalau makannya kayak gini gimana ya? Masih kurang ga ya proteinnya. Krn kl lihat di aplikasi zepp (krn sy pakai mi Band ) itu kok kurang terus. Sementara itu prohe kl banyak² juga boncos 😅. Saya olahraga tp ga keras² bgt juga. Kombinasi aerobik & jalan kaki, kadang sepeda statis. Oya, yg saya kurangi si karbo (terutama nasi) tapi sebenarnya ga ada pantangan sama sekali soal makanan",threads,2026-06-15 23:29:10.477375,threads,527d203e9430557e706548638b114fe1
https://www.threads.com/@doktercamo/post/DNomQX1TUTt,ryana_dhewi,2025-08-22 07:00:00+07:00,"Emg iya klo ngasih makan otot juga harus cukup protein harian, bangun masa otot perlu kerja keras jg bukan sebulan bulan bs lgsung bangun otot, sumpah lawan mager dan waktu luangnya itu yg susah 😭",threads,2026-06-15 23:29:10.477375,threads,b73c7cdba8df63d8664a5837a40285b4
https://www.threads.com/@doktercamo/post/DNomQX1TUTt,kumelz,2025-08-22 07:00:00+07:00,"Saya pernah sebulan rajin olahraga, termasuk x weight training seminggu, tapi diet saya kekurangan protein jadi walaupun berat badan turun, yg turun adalah massa ototnya. Sekarang udah perbaikan diet jadi lebih tinggi protein dan massa ototnya naik lagi.",threads,2026-06-15 23:29:10.477375,threads,a33b03842d982ea259f4a9315fc44ecc
https://www.threads.com/@doktercamo/post/DNomQX1TUTt,mukhtar_akbar,2025-08-22 07:00:00+07:00,"Doi lupa angkat beban itu harus sampe close to failure atau failure, biar ada sinyal muscle growth.",threads,2026-06-15 23:29:10.477375,threads,3992e9cc9e35f217fd2402b96236c8fb
https://www.threads.com/@doktercamo/post/DNomQX1TUTt,wi_cheers,2025-08-23 07:00:00+07:00,"Sy banget ini dok, kalori harian sy batasin - bb jadi tp jalan bulan badan stuck gak bisa turun lagi walaupun kalori harian hanya segitu, lalu setahun lalu sy mulai angkat beban bb turun ke tapi kalori harian kdg lebih tapi badan segini aja mlh lebih proposional",threads,2026-06-15 23:29:10.477375,threads,5eb67a277e9192698a1d26707cc2905e
https://www.threads.com/@doktercamo/post/DNomQX1TUTt,indr_asia,2025-08-22 07:00:00+07:00,Gimana ??? Sering diet ketat + sering olahraga prediabet? Saya baca sampe bawah berulang gak disebutin kenapa nya.,threads,2026-06-15 23:29:10.477375,threads,48cc7cafc66696d1b93649e528c3516e
https://www.threads.com/@doktercamo/post/DNomQX1TUTt,sahdrajati,2025-08-22 07:00:00+07:00,"Massa otot sangat sedikit, gula yg harusnya tersimpan di otot jadi ikut peredaran darah ..tidak terkendali",threads,2026-06-15 23:29:10.477375,threads,1331edcfc4e87002a8efaf4fae7af1da
https://www.threads.com/@doktercamo/post/DNomQX1TUTt,bazheera_unime,2025-08-22 07:00:00+07:00,"oalahh begitu cara kerjanya 👀 org tua yg jatuh kemudian jd sakit gabisa jalan normal lagi, dsebabkan krn gula darah? 👀 dn gula darah itu dsebabkan antara kalori banyak tp gapernah olahraga ato selalu olahraga tp kalori rendah? yg keduanya mngakibatkan massa otot kempes? massa otot kempes > gula darah ga terkontrol > metabolisme terganggu > tulang kropos Dok saya mau tanya, sy awam, medical check up itu harus di rumah sakit atau bisa di puskesmas? mencakup apa saja? dan budgetnya skitar brp ya?",threads,2026-06-15 23:29:10.477375,threads,d29d6d6a760df41587dbedfa21079aee
https://www.threads.com/@doktercamo/post/DNomQX1TUTt,medilanguage,2026-03-14 07:00:00+07:00,"Puasa Ramadhan aja sahur dan buka hrs diatur. Sahur mulai dg banyak buah, sayur, protein, complex carbohydrates. Saya juga masih minum kopi panas(bukan sampah in one ya). Saya baru bawa kue kering dari Jerman yg dibuat dari spelt wheat. Ini saya makan sedikit sbg tahap terakhir dari sahur sebelum olahraga. Cadangan dari makanan hanya bertahan - jam. Setelah itu tubuh akan memulai glukoneogenesis. Cara alami tubuh utk menyediakan molekul glukosa besar. Jadi teman , jangan panik",threads,2026-06-15 23:29:10.477375,threads,759a6ca9f91ea222dfd339caff3b6563
https://www.threads.com/@doktercamo/post/DNomQX1TUTt,mademoiselle_axrr,2025-08-22 07:00:00+07:00,"Dok boleh nambahin gak?, aku dulu kekurusan sering diet (ngatur pola makan) BBku kg, terus menstruasiku jd keganggu yg akhirnya PCOS, aku juga sering olahraga hampir tiap hari, terus dokter obgynku ngasih m*tfo*min (obat yg biasa dipake orang yg kena diabetes) nah ternyata masalahnya di BBku yg parah banget, akhirnya yaudah makan biasa aja pagi sarapan telor kampung , jalan kaki k steps perday, ningkatin massa otot, skg BBku kg dan mensku teratur malah maju sehari",threads,2026-06-15 23:29:10.477375,threads,e37cfbf530782389d66816c8d5ca6d76
https://www.threads.com/@doktercamo/post/DNomQX1TUTt,khalif_thafariz_azzam,2025-08-22 07:00:00+07:00,Saya tiap sore volly apakah itu ada manfaat untuk usia + ?,threads,2026-06-15 23:29:10.477375,threads,889a5dd991af4459bd572f255b8a8d33
https://www.threads.com/@doktercamo/post/DNomQX1TUTt,doktercamo,2025-08-22 07:00:00+07:00,Tergantung manfaat yg dicari,threads,2026-06-15 23:29:10.477375,threads,e15318705a3625b0679aa733c93a3de8
https://www.threads.com/@nadataufik/post/DNiaOLfSg61,nadataufik,2025-08-19 07:00:00+07:00,"Assalamualaikum bismillah, izin saya share, semoga teman-teman terbantu sedikit ya. Saya dl penyintas diabetes, pcos, mama achberans, asma, gerd dan banyak lagi penyakit, dikarenakan obesitas. Saya hanya mengingatkan sumber utama nya adalah Glukosa, dimana glukosa melonjak karena Karbo dan gula. Maka perlahan saya mencoba untuk menerapkan low carb, if dan masuk kedalam ketofastosis. Qodarullah dalam tahun saya bisa turun KG, dari KG skrg stuck di KG. Tidak hanya membaik semuanya,",threads,2026-06-15 23:29:10.477375,threads,8af8338c94ab554c656c7536cadfc664
https://www.threads.com/@nadataufik/post/DNiaOLfSg61,nadataufik,2025-08-19 07:00:00+07:00,"ada doanya untuk saat kita mendapatkan penyakit, bismillah saya sharing disini lagi ya 🙏🏻 ""Robbi annii massaniyadh dhurru wa anta arhamar roohimiin"" artinya, ""Ya Tuhanku, sesungguhnya aku telah ditimpa penyakit dan Engkau adalah Tuhan yang Maha Penyayang di antara semua penyayang."" Dan untuk penerapan saya, kembali pada pola hidup sehat. Jika kalian mau sharing atau bertanya, silahkan monggo ya bebas saja 🙏🏻",threads,2026-06-15 23:29:10.477375,threads,a5de79d74715358a58c2bb930ff63f1a
https://www.threads.com/@nadataufik/post/DNiaOLfSg61,Pinned,2025-08-19 07:00:00+07:00,"Insyallah saya bisa bermanfaat untuk semuanya, kalau ada yang mau ditanyakan boleh tulis di komen atau DM saya aman-aman aja kok 🙏🏻 bebas dan free aja ya 😊",threads,2026-06-15 23:29:10.477375,threads,b754baf3180112ec3674a79523c0ddca
https://www.threads.com/@nadataufik/post/DNiaOLfSg61,nadataufik,2025-08-19 07:00:00+07:00,"izin sharing saya dulu dan sekarang ya 🙏🏻 KG awalnya dan sekarang KG, alhamdulillah penyakit membaik semuanya ❤️🫰🏻",threads,2026-06-15 23:29:10.477375,threads,8f5b07a972cb2dab4b0058277d1c8970
https://www.threads.com/@nadataufik/post/DNiaOLfSg61,asthiey,2025-08-19 07:00:00+07:00,"butuh motovasi kaya gini nih. Aku adenomyosis, ginjal hanya satu sisa yang kiri, pernah kista ovarium sudah diangkat ovarium kanan, lower backpain (HNP), baru ini hipertensi. kudu banget ngurusin badan. TB , BB lagi naik drastis karna pengobatan hormon. ayo kak spill diet dan workoutnya ❤️",threads,2026-06-15 23:29:10.477375,threads,5af4b50a3e6824664874983408ef3848
https://www.threads.com/@nadataufik/post/DNiaOLfSg61,nadataufik,2025-08-19 07:00:00+07:00,"assalamualaikum bismillah untuk diet nya pasti Low carbs dan IF ya, untuk exercise cukup plank, squat aja. Kalau ginjal sisa berapa % kak? apakah airnya sudah dibatasi atau blm? karena kalau ginjal, saya pernah mentorin juga dan air sudah dibatasi, makanan hanya ikan ya kak 🙏🏻",threads,2026-06-15 23:29:10.477375,threads,d7e3287c267b062a9566e9e9268e9683
https://www.threads.com/@nadataufik/post/DNiaOLfSg61,asthiey,2025-08-19 07:00:00+07:00,"Waalaikumsalam 🤍 wah hanya ikan? bosenan aku tuh 😅 kalo ginjal sisa berapa persen sih yang kiri fully function ya. jadi karna yg kanan mengecil (bahkan dokter bilang hilang), yg kiri compensate jadi membesar karena bebannya di dia smua.",threads,2026-06-15 23:29:10.477375,threads,9c43485728e1dcce80e7c5650343da2d
https://www.threads.com/@nadataufik/post/DNiaOLfSg61,asthiey,2025-08-19 07:00:00+07:00,"air tidak dibatasi, hanya dibilang harus diet rendah purin (padahal doyan banget ati dan air kelapa). skrg olahraga hanya jalan kaki seminggu sekali (iya kuraaangg). skrg baru mulai IF lagi : baru harian dengan jendela makan jam sampe jam . tapi segala macem masih dimakan 😅",threads,2026-06-15 23:29:10.477375,threads,34ae29a476fac55f6b2741663528d1ef
https://www.threads.com/@nadataufik/post/DNiaOLfSg61,black_swan0101,2025-08-19 07:00:00+07:00,ayo spill kaaa tp jgn suruh kita join kelas yaaa,threads,2026-06-15 23:29:10.477375,threads,dece2600603786757dd6bb23473e4327
https://www.threads.com/@nadataufik/post/DNiaOLfSg61,nadataufik,2025-08-19 07:00:00+07:00,"assalamualaikum, bismillah, izin menjawab 🙏🏻 kalau untuk low carb, makanan nya harus hewani, yang tidak mengandung gula, kecap dan tepung an ya kak, contohnya ikan-ikan dan seafood. Untuk IF bisa dimulai dengaj : , biasanya bisa dibantu dengan waktu tidur, kalau tidur kan pasti ga makan ya. Jadikan itu dulu kalau sdh terbiasa bisa dinaikkan lagi menjadi : untuk jendela puasanya. Jangan lupa olahraga beban seperti barbel, bisa juga yoga. Tidur harus berkualitas, stress bawa meditasi.",threads,2026-06-15 23:29:10.477375,threads,e6f6339f727986e52ceaa7e58cacc9c6
https://www.threads.com/@nadataufik/post/DNiaOLfSg61,nadataufik,2025-08-19 07:00:00+07:00,"ga perlu pake kelas, kakak boleh kok dm saya pribadi insyallah saya jawab 🙏🏻 bebas free aja kok, insyallah saya bs membantu bermanfaat untuk semuanya 😊",threads,2026-06-15 23:29:10.477375,threads,745b3310c651207110c3a5201cbff8f0
https://www.threads.com/@nadataufik/post/DNiaOLfSg61,umah_hannaf,2025-08-20 07:00:00+07:00,barakallahufik MasyaAllah,threads,2026-06-15 23:29:10.477375,threads,5e355a2d2ba2741d7c57183828f79634
https://www.threads.com/@nadataufik/post/DNiaOLfSg61,nadataufik,2025-08-21 07:00:00+07:00,jazakumullahu khairan katsiran,threads,2026-06-15 23:29:10.477375,threads,52bdcc34eb5b4f95e68d46ebc6ee6b30
https://www.threads.com/@nadataufik/post/DNiaOLfSg61,astrisusmanto,2025-08-20 07:00:00+07:00,"Assalamualaikum....Kak, minta sarannya dong. TBku cm BB kg, gula normal , yg jadi permasalahan kolestrol sm asam uratku tinggi sama . Aq harus diet apa y Kak, harus memulai dr mana? Pdahal aq dah mengurangi gorengan sama skali, udah jarang banget lah makan gorengan. Paling atw itupun g setiap hari. Aq udah g makan nasi, ganti kadang pisang rebus atau umbi an, terus telor rebus, kadang makan capcay sayur dikasih orak arik telor.",threads,2026-06-15 23:29:10.477375,threads,11e69aca3c4cac7fae8ba1749f256a37
https://www.threads.com/@nadataufik/post/DNiaOLfSg61,ridhafitri,2025-08-20 07:00:00+07:00,Kalo jendela puasa kopi dengan stevia amankah?,threads,2026-06-15 23:29:10.477375,threads,7509517b6aada00410f1947f03d2a906
https://www.threads.com/@nadataufik/post/DNiaOLfSg61,nadataufik,2025-08-20 07:00:00+07:00,"assalamualaikum bismillah, izin menjawab kak Ridha 🙏🏻 insyallah aman tapi ada batasan stevia, boleh aja tapi saya menyarankan jangan banyak konsumsi stevia atau tutes karen nanti lidahnya masih terbiasa dengan manis 🙏🏻 semoga bermanfaat",threads,2026-06-15 23:29:10.477375,threads,79754df058d5f4cb8a73477f8caecca4
https://www.threads.com/@nadataufik/post/DNiaOLfSg61,ridhafitri,2025-08-20 07:00:00+07:00,Terimakasih. Aku dm tp belum bisa full hewani masih suka tahu tempe jadi belum lepas obat kapan baiknya stop obat kalo if sudah :,threads,2026-06-15 23:29:10.477375,threads,2859bfb9ef33f8b5b46fb29b5d65e2a9
https://www.threads.com/@nadataufik/post/DNiaOLfSg61,nadataufik,2025-08-20 07:00:00+07:00,"Assalamualaikum, bismillah, izin menjawab kakak 🙏🏻 ga papa kak Ridha, berapa gdp nya? Hba c nya berapa? Kakak bisa masuk ke low carb dulu sebelum keto, artinya boleh konsumsi tahu dan tempe sesuai batasan, tidak lebih dr - gram perhari tapi harus diimbangi juga dengan lemak baik yang masuk, contohnya konsumsi VCO untuk membantu kakak 🙏🏻 semoga bermanfaat",threads,2026-06-15 23:29:10.477375,threads,f6ff1b962ada13ef3b8134017e497c53
https://www.threads.com/@nadataufik/post/DNiaOLfSg61,arnessandy,2025-08-19 07:00:00+07:00,Sekarang diabetes nya bagaimana kak ? Apa sembuh ?,threads,2026-06-15 23:29:10.477375,threads,94d854db9d02c61ace76436ab4514e58
https://www.threads.com/@nadataufik/post/DNiaOLfSg61,nadataufik,2025-08-19 07:00:00+07:00,"Barakallah fiikum sudah turun drastis, malah saya skrg ga butuh glukosa kakak 🙏🏻",threads,2026-06-15 23:29:10.477375,threads,e59d38ee362875041286d917f42e02ab
https://www.threads.com/@nadataufik/post/DNiaOLfSg61,arnessandy,2025-08-20 07:00:00+07:00,"MasyaAllah, boleh di share tipnya kak karena qadarullah suami juga Diabetes gula sempat mencapai",threads,2026-06-15 23:29:10.477375,threads,cdca9fe52b10741a2ba975d5aac10698
https://www.threads.com/@nadataufik/post/DNiaOLfSg61,nadataufik,2025-08-21 07:00:00+07:00,"assalamualaikum bismillah, maaf baru baca 🙏🏻 suaminya bagaimana pola hidup sebelumnya? coba utk makan ikan dl jangan sampe kena tepung, gula dan kecap kak, hindari karbo 🙏🏻 kira usia brp ya kak? kalau sanggup coba dulu awal pake jendela puasa : , makan terakhir jam malam, nanti buka jam pagi. Kalau sdh biasa dan adaptasi ditambah jadi : , makan terakhir jam malam, buka jam siang 🙏🏻 di sela itu boleh minum air putih, teh tawar dan kopi tawar 🙏🏻 insyallah bermanfaat",threads,2026-06-15 23:29:10.477375,threads,d4c1de27f3af805e7c489fa52e151cd9
https://www.threads.com/@nadataufik/post/DNiaOLfSg61,arnessandy,2025-08-21 07:00:00+07:00,Na'am kak.. Berarti IF juga hindari karbo ya termasuk nasi merah ? Memang suami penyuka minuman kaleng n manis.. Jazakillah Khairan kak untuk sharingnya..,threads,2026-06-15 23:29:10.477375,threads,34f7ef675f0ba9395c7e3d60f461ee5d
https://www.threads.com/@nadataufik/post/DNiaOLfSg61,p.r.b.w.n,2025-08-19 07:00:00+07:00,HBA C-nya bagaimana kalau boleh tahu?,threads,2026-06-15 23:29:10.477375,threads,ec11aed99da7227422a6f60bd4f72f58
https://www.threads.com/@nadataufik/post/DNiaOLfSg61,nadataufik,2025-08-19 07:00:00+07:00,"boleh kakak 🙏🏻 ini gdp pagi hari ya, abaikan jam nya 😊",threads,2026-06-15 23:29:10.477375,threads,f1db314cb850ff740d9f2bcc675314ef
https://www.threads.com/@nadataufik/post/DNiaOLfSg61,nilaam,2025-08-19 07:00:00+07:00,Kak ini udah masuk hipoglikemia kan? Kok ga kliyengan?,threads,2026-06-15 23:29:10.477375,threads,6deba8142c91ce0ac2474f6ff5b2a104
https://www.threads.com/@nadataufik/post/DNiaOLfSg61,nadataufik,2025-08-21 07:00:00+07:00,"assalamualaikum bismillah, maaf baru lihat komennya. Sebelumnya saya menjelaskan sedikit ya kakak 🙏🏻 Hipoglikemia ada jika kakak menggunakan metabolisme glukosa. Sedangkan yang saya jalani menggunakan metabolisme Lemak (ketone), kalau sdh menggunakan metabolisme ini, dengan sendirinya tubuh tidak lagi membutuhkan glukosa karena sudah dirubah menjadi lemak dan ketone. Justru makin turun GDP akan semakin seger dan tenaganya ekstra %. begitu ya kak, semoga paham 🙏🏻",threads,2026-06-15 23:29:10.477375,threads,9cce7fd670479c5742955ac30a08e776
https://www.threads.com/@nadataufik/post/DNiaOLfSg61,ibunya_3d,2025-08-19 07:00:00+07:00,Spill cara dietnya kak,threads,2026-06-15 23:29:10.477375,threads,1bf476ff059a5007a8a62e3dca097fd2
https://www.threads.com/@nadataufik/post/DNiaOLfSg61,sitimunawaroh94_,2025-08-19 07:00:00+07:00,Sekarang masih lanjut ketofastosis ya kak? Berarti sudah full protein sj makannya?,threads,2026-06-15 23:29:10.477375,threads,983cd4cf11670b98a4bfe94ea6c55e1b
https://www.threads.com/@nadataufik/post/DNiaOLfSg61,nadataufik,2025-08-19 07:00:00+07:00,masyallah barakallah alhmadulillah sudah masuk di - tahun saya KF kakak 🙏🏻🙏🏻🙏🏻 awal pertemuan dengan founder nya mas Tyo 😊,threads,2026-06-15 23:29:10.477375,threads,76526baf3bb7d9ce2afcfb9e265f7d98
https://www.threads.com/@nadataufik/post/DNiaOLfSg61,zuriatmahasin,2025-11-07 07:00:00+07:00,Saya juga pernah kf kak ...di grup fb juga ada ya ...qodarulloh pernah diabetes gestasional,threads,2026-06-15 23:29:10.477375,threads,dcd9f691c457bd17c9099f69dd8d5289
https://www.threads.com/@nadataufik/post/DNiaOLfSg61,wichita.abror,2025-08-20 07:00:00+07:00,Semoga sehat selalu Kak,threads,2026-06-15 23:29:10.477375,threads,5c8b2b2dbcdb8323876bff205aa71f3e
https://www.threads.com/@nadataufik/post/DNiaOLfSg61,nadataufik,2025-08-20 07:00:00+07:00,"masyallah amin yra ya mujabasaillin, sama kakak 🙏🏻",threads,2026-06-15 23:29:10.477375,threads,8bb8e611dda881888c7b1c67e7e4c8cd
https://www.threads.com/@nadataufik/post/DNiaOLfSg61,_anarizki,2025-08-19 07:00:00+07:00,"Wa’alaikum salam, kak..saya juga penyintas pcos. Waktu itu promil di klinik yasmin RSCM. Karena ga kuat sama antriannya kak, saya dari Cirebon jam subuh, baru ketemu dokter jam / sore, dan ga ada menit, dikasi obat, akhirnya saya mengurangi karbo, dari nasi, tepung, saya juga mengurangi gula, misalnya boba, saya suka banget cha time. Alhamdulillah tidak sampai / tahun, saya hamil. Alhamdulillah",threads,2026-06-15 23:29:10.477375,threads,8d52ec1466d33ff64ea12853a3791340
https://www.threads.com/@nadataufik/post/DNiaOLfSg61,nadataufik,2025-08-19 07:00:00+07:00,"masyallah barakallah kakak, memang kunci nya itu ada pada glukosa. Glukosa itu jahat banget dan selalu menambah sel-sel yang tidak baik berkembang pesat. Dan satu lagi untuk pcos itu harus menurunkan stress tinggi didalam badan apalagi suka banyak yang overthinking",threads,2026-06-15 23:29:10.477375,threads,ce1aaa55d0386857613af6a5dd2ee9ca
https://www.threads.com/@nadataufik/post/DNiaOLfSg61,ifah.al,2025-08-19 07:00:00+07:00,"Tidak makan nasi sama sekali ? Kok aku pusing ya. Sampe rasanya ky muter . Bb sebelum nikah kg, setelah nikah kg🫠",threads,2026-06-15 23:29:10.477375,threads,29caea4a3fbba2b74b554b19b8dae97d
https://www.threads.com/@nadataufik/post/DNiaOLfSg61,frida_freed,2026-01-27 07:00:00+07:00,"Terima kasih kak sharingnya yg bermanfaat. Saya juga sedang berjuang dengan gerd disertai gangguan kecemasan. Maaf kak, saya izin DM di thread @nadataufik .. terima kasih..",threads,2026-06-15 23:29:10.477375,threads,c3936128358bb4c722f61c062cf77d00
https://www.threads.com/@nadataufik/post/DNiaOLfSg61,nadataufik,2026-01-27 07:00:00+07:00,ya kak siap,threads,2026-06-15 23:29:10.477375,threads,100ac327709a4fdb77cea61bb9107746
https://www.threads.com/@nadataufik/post/DNiaOLfSg61,frida_freed,2026-01-27 07:00:00+07:00,Terima kasih kak🙏,threads,2026-06-15 23:29:10.477375,threads,70f6394c7346f2485c85027f00dd76fb
https://www.threads.com/@nadataufik/post/DNiaOLfSg61,riendiastika,2025-08-19 07:00:00+07:00,Spill ka cara diet low carbnya sm ifnya brp jam? Olahraga juga kah?,threads,2026-06-15 23:29:10.477375,threads,2f3e0693241a483b559339027d053336
https://www.threads.com/@nadataufik/post/DNiaOLfSg61,leshamayra,2025-08-19 07:00:00+07:00,Blh spill step step nya utk pemula dari mulai sarapan hingga makan mlm kak??,threads,2026-06-15 23:29:10.477375,threads,39202f31389dfd552e753de27b493e7e
https://www.threads.com/@nadataufik/post/DNiaOLfSg61,kissofapanda,2025-08-19 07:00:00+07:00,Tips turun BB saat sedang menyusui,threads,2026-06-15 23:29:10.477375,threads,c5668bb2aa5ae578235065e7a62b2854
https://www.threads.com/@nadataufik/post/DNiaOLfSg61,nadataufik,2025-08-21 07:00:00+07:00,"menggunakan fase maintance namanya kakak, artinya sayur dan buah boleh, tidak usah pakai puasa. nanti saya sharing sayur dan buah ketofy, artinya boleh di konsumsi tapi ada batasannya",threads,2026-06-15 23:29:10.477375,threads,0c36e384d0d173529380dd6bdc10b100
https://www.threads.com/@nadataufik/post/DNiaOLfSg61,lebah.bulan,2025-08-19 07:00:00+07:00,Kak tb ku bb 😭 baca ini setelah pesen nasi goreng malem hbs hujan,threads,2026-06-15 23:29:10.477375,threads,7580745716c7ef13acd891d2475a9525
https://www.threads.com/@nadataufik/post/DNiaOLfSg61,naharrasjidi208,2025-08-19 07:00:00+07:00,Low carb artinya tidak boleh makan nasi sama sekali?,threads,2026-06-15 23:29:10.477375,threads,a27e895da349a5cd8de5279739d98a0d
https://www.threads.com/@nadataufik/post/DNiaOLfSg61,nadataufik,2025-08-21 07:00:00+07:00,"ya pak, tidak makan karbo spt nasi, tepung, mie, soun, bihun, singkong, ubi, kentang yang termasuk karbo didalamnya 🙏🏻 Tapi kita masih butuh karbo kan? ya benar kita masih butuh karbo - % dlm konsumsi makanan, lalu dari mana? dari bumbu masakan yang kakak konsumsi, seperti bawang merah, bawang putih, cabe, itu semua ada karbonya juga",threads,2026-06-15 23:29:10.477375,threads,522b9d6eb309d4d89b7776457e63b9b7
https://www.threads.com/@nadataufik/post/DNiaOLfSg61,sunnahtalk,2025-08-19 07:00:00+07:00,Spill metode diet nya Kak,threads,2026-06-15 23:29:10.477375,threads,b18ac657b103df5c1a281b3030b4814e
https://www.threads.com/@nadataufik/post/DNiaOLfSg61,nadataufik,2025-08-19 07:00:00+07:00,"assalamualaikum, bismillah, izin menjawab, ketofastosis kakak 🙏🏻 awal makan low carb, makanan nya harus hewani, yang tidak mengandung gula, kecap dan tepung an ya kak, contohnya ikan-ikan dan seafood. Untuk IF bisa dimulai dengaj : , biasanya bisa dibantu dengan waktu tidur, kalau tidur kan pasti ga makan ya. Jadikan itu dulu kalau sdh terbiasa bisa dinaikkan lagi menjadi : untuk jendela puasanya. Jangan lupa olahraga beban seperti barbel. Tidur harus berkualitas, stress bawa meditasi.",threads,2026-06-15 23:29:10.477375,threads,4951fa40835adacfd99714bbde570c7f
https://www.threads.com/@nadataufik/post/DNiaOLfSg61,oka_sidoarjo,2025-08-20 07:00:00+07:00,Saya jg penyitas diabetes hb ac saya udah pgn bgt bs turun apa yg hrs saya lakuin klu Karbo makan udah saya kurangin jauh cm blm BS lepas dr tepung gula jarang bgt saya konsumsi gula,threads,2026-06-15 23:29:10.477375,threads,ecdadce4a9daaf726b46651df54c4340
https://www.threads.com/@nadataufik/post/DNiaOLfSg61,adtrhma,2025-08-19 07:00:00+07:00,"Wah keren kak, ke . Saya mau langsung jugaaa",threads,2026-06-15 23:29:10.477375,threads,8fd4e0cfb495a5551864558ee6965221
https://www.threads.com/@nadataufik/post/DNiaOLfSg61,nadataufik,2025-08-21 07:00:00+07:00,"masyallah barakallah boleh dong kak, assalamualaikum, bismillah mohon maaf sekali baru lihat komen nya 🙏🏻 Ini tips triknya, niatkan usaha ikhtiar untuk kesehatan, insyallah dimudahkan Allah. . Intermitten Fasting . Low Carb . Exercise (Olahraga) . Stress Management (mengatur stress dalam tubuh) . Tidur berkualitas.",threads,2026-06-15 23:29:10.477375,threads,d877ba8d2af4b71ce8f2a83e9de787f6
https://www.threads.com/@lillasyifa/post/DUa6HEGkpww,lillasyifa,2026-02-06 07:00:00+07:00,"Buat yg nanya nanya sekali lagi. Aku umur . Gaada turunan diabetes. Kena Diabetes baru aja Agustus . Koma, dan inap di ICU hari, di RS hampir sebulan. Hampir hilang ingatan, hampir ilang kemampuan motorik, krn keracunan gula. Penyebabnya? - begadang tiap hari - ngemil tengah malam - suka makan manis kayak donat, brownies, dubai coklat, roti an, smua yg manis dan viral pokoknya. dan itu hampir tiap hari - manajemen stress buruk Kalo ini adalah kebiasaan kalian, saran gue; KURANGIN.",threads,2026-06-15 23:29:10.477375,threads,6fa48580088f139be84a487ae574de26
https://www.threads.com/@lillasyifa/post/DUa6HEGkpww,lillasyifa,2026-02-06 07:00:00+07:00,"Reply to unavailable post Buat yg tanya treatment nya gmn, Pokoknya skrg aku udh GAK makan: - nasi putih - dessert - minuman manis - tepung an dll Pokoknya in a strict diet gituuu yaa.",threads,2026-06-15 23:29:10.477375,threads,806c38926512515e7a334c50316c90f2
https://www.threads.com/@lillasyifa/post/DUa6HEGkpww,yusabikuy,2026-02-06 07:00:00+07:00,"Terima kasih ajakannya kak, jadi: . Tidur cepat, paling lambat jam (optimalkan - jam tidur) . Tidur cepat = tidak makan/ngemil tengah malam . Kurangin makan manis an . Manajemen stress: Meditasi/breathwork, olahraga (kardio, yoga, senam, kalistenik), cari teman yg bisa saling influence healthy lifestyle.",threads,2026-06-15 23:29:10.477375,threads,f45f0915f38eec613bcaae05b7753e8b
https://www.threads.com/@lillasyifa/post/DUa6HEGkpww,lillasyifa,2026-02-06 07:00:00+07:00,Iya bener gitu,threads,2026-06-15 23:29:10.477375,threads,ddf7a3ec07a6f16d99ae68007f33af62
https://www.threads.com/@lillasyifa/post/DUa6HEGkpww,qorryamanda,2026-02-06 07:00:00+07:00,"Hai kak. Smoga lekas diberi baik keadaannya ya. Dan saya bersaksi smua kebiasaan yang kelihatan remeh diatas adalah pintu gerbang DM. Saya sndiri tahun kuliah mlakukan itu smua dan ends up keguguran x dan stelah dicek: PCOS dan hiperinsulinemia. Gulanya OK tp bgitu cek insulin udh tinggi skali. Tanda insulin mulai ga sensitif lagi ke otot. Dan akhirnya syapun ubah lifestyle drastis dan alhamdulillaah skrg sudah stabil. DM is closer than you think, warga.",threads,2026-06-15 23:29:10.477375,threads,69678c56f2c6795da30deda629e84123
https://www.threads.com/@lillasyifa/post/DUa6HEGkpww,richard_giofanny,2026-02-06 07:00:00+07:00,"Oh ternyata diabetes ya dek. Puji Tuhan udah pulih. Teringat teman kerjaku beberapa hari lalu harus meregang nyawa karena diabetes. Ngelihat nya yang sedang koma waktu itu sebelum berpulang sangat membekas. Pola makannya dulu sangat buruk, terakhir kadar gulanya sampai .",threads,2026-06-15 23:29:10.477375,threads,c78d2ed95990ddb9164973f38267211d
https://www.threads.com/@lillasyifa/post/DUa6HEGkpww,baroque_917,2026-02-07 07:00:00+07:00,"Maaf kl komen saya rada OOT ya kak. Makanya saya heran liatin netijen yg bangga posting makan Indomie bungkus ditambah nasi sepiring penuh. Tiap diingatkan malah balas ""yg penting bahagia"" Mindset bangga berpola makan ngawur kayak gini sangat menyedihkan",threads,2026-06-15 23:29:10.477375,threads,5e46c99577e4594079da949ec97e44e8
https://www.threads.com/@lillasyifa/post/DUa6HEGkpww,lexi.omo,2026-02-06 07:00:00+07:00,"jadi gini kak, kadang orang yang gak gemuk alias kurus mikirnya ga mungkin kena diabetes, tapi ternyata itu semua salah.. yang bener harus rajin cek gula darah ya.. soalnya saya juga mantan prediabet gula darah puasa di waktu itu, puji Tuhan tersadarkan dan sekarang sudah normal",threads,2026-06-15 23:29:10.477375,threads,3cb9bed6e22b72aeac94ebab98f26ac2
https://www.threads.com/@lillasyifa/post/DUa6HEGkpww,inderanwidi,2026-02-07 07:00:00+07:00,Ngomong diabetes tapi gak ada angka HBA C nya 😂,threads,2026-06-15 23:29:10.477375,threads,bc03f30f51f490b35d165ea08236d484
https://www.threads.com/@lillasyifa/post/DUa6HEGkpww,nicholasmcss,2026-02-07 07:00:00+07:00,Tp gak ada link shopee juga berarti beneran om 🫣. Biasa threads yg beginian ujung nya ada link shopee,threads,2026-06-15 23:29:10.477375,threads,51eb966a0fdd9bbf3104866e0eac91b2
https://www.threads.com/@lillasyifa/post/DUa6HEGkpww,inderanwidi,2026-02-10 07:00:00+07:00,Iya. Just a friendly reminder ☺️,threads,2026-06-15 23:29:10.477375,threads,b7c8d58420a535e353db7dad606f3cac
https://www.threads.com/@lillasyifa/post/DUa6HEGkpww,nudia.elma94,2026-02-07 07:00:00+07:00,Padahal ga obes ya kak n masih muda.. Ku kira dan pada umumnya org obes dlu baru kena diabet 🥲 trnyata gaya hidup berpengaruh bgt,threads,2026-06-15 23:29:10.477375,threads,16acd7d0f04ce06f208df9c115832e35
https://www.threads.com/@lillasyifa/post/DUa6HEGkpww,77_andik_77,2026-02-06 07:00:00+07:00,"Trims kak sebagai literasi, di usia tahun dampak terasa untuk pola makan tidak sehat. Orang menyeduh kopi pait mungkin sebagai nasihat diri sendiri dan penikmat gula",threads,2026-06-15 23:29:10.477375,threads,ae578c1b3604a195922b4f9a980bfdd6
https://www.threads.com/@lillasyifa/post/DUa6HEGkpww,ansharas,2026-02-06 07:00:00+07:00,"Begadangnya biasa jam brp tidurnya ka ,, agak susah juga ini soal tidur 😴",threads,2026-06-15 23:29:10.477375,threads,916628caf2688c78a7c23ecebbb3f6a2
https://www.threads.com/@lillasyifa/post/DUa6HEGkpww,lillasyifa,2026-02-06 07:00:00+07:00,"Jam pagi dulu. Krn stress kerjaan, lembur, meeting dll",threads,2026-06-15 23:29:10.477375,threads,65225a649ed10ca0db9e8369205899ee
https://www.threads.com/@lillasyifa/post/DUa6HEGkpww,denspriadi123,2026-02-06 07:00:00+07:00,"Kalo buat kalian yg harus tugas negara kayak kerja shift malam di pabrik, rs, hotel, gpp bergadang asal jangan makan saat shift malam. Tetap kurangi makanan sumber karbo (nasi, tepung, sagu, kentang, sagu, ubi, singkong, dll porsinya cukup % dari porsi yg dimakan), kurangi juga gula dan pemanis lainnya serta kurangi buah gk boleh setiap hari. Kalo mau jelas lihat Instagram @ xuxuboen . Dengan metode psxx nya, semua penyakit gangguan metabolisme akan membaik tanpa minum obat an tiap hari.",threads,2026-06-15 23:29:10.477375,threads,55739f4d76c42edf4711ca8eb18a9762
https://www.threads.com/@lillasyifa/post/DUa6HEGkpww,cistindami,2026-02-07 07:00:00+07:00,Apa yg dirasain ka sebelum tau kalo kena diabetes?,threads,2026-06-15 23:29:10.477375,threads,9f5e6eb07968cc4f6e3b0a99e002a774
https://www.threads.com/@lillasyifa/post/DUa6HEGkpww,mytaardiaa,2026-02-07 07:00:00+07:00,"ini tanda P Diabetes, cek aja gula darah sewaktu di klinik klinik biasanya ada untuk skrining awal ka",threads,2026-06-15 23:29:10.477375,threads,4c1f720ad4a5759fcd4b901bff2dcbf7
https://www.threads.com/@lillasyifa/post/DUa6HEGkpww,joddyjun,2026-02-06 07:00:00+07:00,hba c brp kak ?,threads,2026-06-15 23:29:10.477375,threads,0860253119f2555a4edca9b9e8f81b88
https://www.threads.com/@lillasyifa/post/DUa6HEGkpww,lillasyifa,2026-02-07 07:00:00+07:00,", % tadinya. Skrg udh , %",threads,2026-06-15 23:29:10.477375,threads,147319a0bfed63991dec35f09c495a84
https://www.threads.com/@lillasyifa/post/DUa6HEGkpww,fend.vixel,2026-02-07 07:00:00+07:00,"Buset, masih tinggi gila itu",threads,2026-06-15 23:29:10.477375,threads,c568f9155ab2e4119365b32f63a1c2c6
https://www.threads.com/@lillasyifa/post/DUa6HEGkpww,lillasyifa,2026-02-07 07:00:00+07:00,Ya bukan sulap kak. Namanya jg proses penyembuhan ga ada yg instant yea hahaha,threads,2026-06-15 23:29:10.477375,threads,5852b45ff3b567297c4c02a82ab935aa
https://www.threads.com/@lillasyifa/post/DUa6HEGkpww,fend.vixel,2026-02-07 07:00:00+07:00,Berarti harus minum obat diabetes terus dong selama nya?,threads,2026-06-15 23:29:10.477375,threads,f8f43e864cc5ae8a9daa1075b5eed4c9
https://www.threads.com/@lillasyifa/post/DUa6HEGkpww,wasilatul_fatichah,2026-02-07 07:00:00+07:00,"Baca ini jadi keingat sebulan yg lalu adik sepupuku berpulang karena tiba tiba dikabari koma dan gula darahnya . hari ranap akhirnya berpulang. Usianya masih sangat muda. Tante cerita tdk ada keluhan, karena anaknya aktif organisasi. Dan ceria. Anak satu satunya dari pamanku. 🥀",threads,2026-06-15 23:29:10.477375,threads,91193033d4f713e6905d311dd49e0b72
https://www.threads.com/@lillasyifa/post/DUa6HEGkpww,catherinaeridani,2026-02-06 07:00:00+07:00,"Kak, perhatikan juga food label. Suka banyak “hidden sugar”. And just a friendly reminder: gula itu bumbu dapur di Indonesia (mostly Asian food). Jadi suka lupa meski bentukannya bukan dessert, namun ada gula-nya.",threads,2026-06-15 23:29:10.477375,threads,d85e0c36386a7bdea24d105adcd5f2c1
https://www.threads.com/@lillasyifa/post/DUa6HEGkpww,nigustimadeanh,2026-03-05 07:00:00+07:00,"Betul kak. Semoga cerita kakak bisa menginspirasi orang lain untuk mulai menjaga kesehatan dirinya, dengan cara: nggak makan atau minum manis kebanyakan, tidur cukup, manajemen stres baik (bukan dengan makanan). Sehat selalu ya kak.",threads,2026-06-15 23:29:10.477375,threads,3b70557021fbe60a3fa486990b7ae3c8
https://www.threads.com/@lillasyifa/post/DUa6HEGkpww,lunalulabye,2026-02-07 07:00:00+07:00,"mg lalu sy jg kena hipertensi / dpt obat lalu semenjak itu sy perbaiki tidur tidur under jam . Makan close jam atau mlm. Keesokan harinya sy mulai makan di jam atau siang. nasi sedikit, dibanyakan telur rebus buah sayur. Olahraga masih tipis .. Setelah mg cek lg tensi / , sudah agak lumayan.. apakah sudah benar spt ini?",threads,2026-06-15 23:29:10.477375,threads,c9a6f8498f004c699ddac8ff915c8bb3
https://www.threads.com/@lillasyifa/post/DUa6HEGkpww,ekarinimeitari,2026-02-07 07:00:00+07:00,"Setuju, jadi banyak faktor ya ges bisa kena penyakit kronis. Jangan sepele, usia brp aja skrg bisa kena diabetes, Begadang dan tidak bisa kelola Stress juga pemicu melonjak gula darah. Saran : sering cek kesehatan juga, dan cek cara kelola stress. Karna hidup jangka panjang perlu cara juga untuk hal ini sangat penting, bukanlagicuma bangun, aktivitas, tidur & Makan x sehari🙏🏻❤ salam sehat smua",threads,2026-06-15 23:29:10.477375,threads,08c55f5b19c4233d3fc683deab1da77e
https://www.threads.com/@lillasyifa/post/DUa6HEGkpww,anggitazhenk_,2026-02-07 07:00:00+07:00,"ngeri banget, suamiku skrg gula darah tinggi dan suntik insulin. kira kira bisa turun ga ya gula darahnya, dengan cara apa?",threads,2026-06-15 23:29:10.477375,threads,6a278a18f39cafdc9ab00d460c236493
https://www.threads.com/@lillasyifa/post/DUa6HEGkpww,eraf27,2026-02-06 07:00:00+07:00,Njirr tahun ternyata. Lahir dong? Itu mah ya gen Z. Bisa²nya bikin thread 'gen z gak bakalan tau blablabla'. Kocakkkk,threads,2026-06-15 23:29:10.477375,threads,090afa9a45cd0efe24cfa55d46e078b1
https://www.threads.com/@lillasyifa/post/DUa6HEGkpww,darylnasution,2026-02-07 07:00:00+07:00,Tipe or tipe Kak? Harus suntik insulin kah?,threads,2026-06-15 23:29:10.477375,threads,072ffd00d73110f7f23e3b0ebb156218
https://www.threads.com/@lillasyifa/post/DUa6HEGkpww,rovindra.cs,2026-02-07 07:00:00+07:00,Recover and come back stronger!💪,threads,2026-06-15 23:29:10.477375,threads,eb6ee2755dc1979d0c743144ecb0c677
https://www.threads.com/@byerin90/post/DQZuRlLEp4P,byerin90,2025-10-29 07:00:00+07:00,"Akhirnya Bebas Diabetis ulan lepas , suami saya doctor inform kena diabetesselepas tu..bermula lah rutin diet OMAD. / / ,ambil darah balik.. / / , appoinment doctor..check balik diabetes gone..Automatik berat kg drop..darah tinggi paras normal and yes stop ubat darah tinggi ya masa bulan diet tu.. TIPS : STOP SEMUA JENIS GULA ROTI TEPUNG GANDUM",threads,2026-06-15 23:29:10.477375,threads,29b4ef85422f86072577c0bef936c243
https://www.threads.com/@byerin90/post/DQZuRlLEp4P,drintannabila,2025-10-30 07:00:00+07:00,Telur rebus tu selalunya mkn dngn apa? Ke kosong je,threads,2026-06-15 23:29:10.477375,threads,92340bc40ee865d3e4600da5fef25ec6
https://www.threads.com/@byerin90/post/DQZuRlLEp4P,byerin90,2025-10-30 07:00:00+07:00,kosong je..kadang buat telur hancur..xde garam..minyak sikit je,threads,2026-06-15 23:29:10.477375,threads,8143f78a6230a64bfd651bf117586959
https://www.threads.com/@byerin90/post/DQZuRlLEp4P,drintannabila,2025-10-30 07:00:00+07:00,Perghh kena kental yee. Ok baik. Saya cuba hehehhe,threads,2026-06-15 23:29:10.477375,threads,187280260149e8e91902dc72279b3ffd
https://www.threads.com/@byerin90/post/DQZuRlLEp4P,byerin90,2025-10-30 07:00:00+07:00,kena kental..terus insaff🤣🤣🤣🤣,threads,2026-06-15 23:29:10.477375,threads,c2451d4f68a48fac1074361d864a41a6
https://www.threads.com/@byerin90/post/DQZuRlLEp4P,Pinned,2025-10-29 07:00:00+07:00,CONSUME HIGH PROTEIN - mostly telur rebus SAYUR KENTANG - Max biji sehari rebus tempe-grill dengan sikit minyak tauhu- grill dengan sikit minyak never miss a day probiotic dan omega PALING PENTING BRISK WALK Sekarang focus jaga kesihatan je..,threads,2026-06-15 23:29:10.477375,threads,0cf67ae171d4e2c72c7bc6fdffca882b
https://www.threads.com/@byerin90/post/DQZuRlLEp4P,cheabdullah8,2025-10-30 07:00:00+07:00,Rasanya bukan bebas diabetes dan bukan diabetes gone. Once dah diabetes dia x gone. Dia gula under control.,threads,2026-06-15 23:29:10.477375,threads,aa3c04aeba05928f3f748a2963a744e9
https://www.threads.com/@byerin90/post/DQZuRlLEp4P,thebiey,2025-10-30 07:00:00+07:00,"Sya da stop ubat darah tinggi almost a year, after buat if+omad. Tp bila stress darah on off naik normal 😆 nak buat blk if omad, tp kena gastric la pula. Tgu dlu la",threads,2026-06-15 23:29:10.477375,threads,1f3959254c0d3f27a3a3448f785edddc
https://www.threads.com/@byerin90/post/DQZuRlLEp4P,1124whitespace,2025-10-30 07:00:00+07:00,"Kalau type punca adalah rintangan insulin. Biasanya bebas tue maksud gula terkawal sbb kita jaga makan, tapi rintangan insulin masih ada. Kalau mkn mcm biasa gula akan naik.",threads,2026-06-15 23:29:10.477375,threads,3784694c0af8b00ab6f7064d1b8fe423
https://www.threads.com/@byerin90/post/DQZuRlLEp4P,suri_yantis,2025-10-30 07:00:00+07:00,Saya pun insyaAllah dalam proses nak bebas diabetes..lebih bulan jaga food intake + exercise..doc dah kurangkan dos ubat dan stop ubat.. Semoga istiqamah..,threads,2026-06-15 23:29:10.477375,threads,2095d96505e5cbebfff2a9cf71b719d4
https://www.threads.com/@byerin90/post/DQZuRlLEp4P,byerin90,2025-10-30 07:00:00+07:00,inshaAllah..semoga istiqomah..awak ada brisk walk ke?,threads,2026-06-15 23:29:10.477375,threads,40476ae3cd80e8b130d6b4c6fe82f40a
https://www.threads.com/@byerin90/post/DQZuRlLEp4P,suri_yantis,2025-10-30 07:00:00+07:00,Ye ada buat.,threads,2026-06-15 23:29:10.477375,threads,9b851ea098c1b35208400e45c47d98aa
https://www.threads.com/@byerin90/post/DQZuRlLEp4P,byerin90,2025-10-30 07:00:00+07:00,Alhamdulillah,threads,2026-06-15 23:29:10.477375,threads,ecb323529de4117a913c172511ca3140
https://www.threads.com/@byerin90/post/DQZuRlLEp4P,ajamajamon,2025-10-29 07:00:00+07:00,Nasi makan?,threads,2026-06-15 23:29:10.477375,threads,94d8366d2044939f0571376fe82ace4f
https://www.threads.com/@byerin90/post/DQZuRlLEp4P,byerin90,2025-10-30 07:00:00+07:00,makn juga..tapi sikit je,threads,2026-06-15 23:29:10.477375,threads,074562bc50b89725e522c8bae16feb98
https://www.threads.com/@byerin90/post/DQZuRlLEp4P,glad_sunnah,2025-10-30 07:00:00+07:00,Supplement or minyak ada ambik?,threads,2026-06-15 23:29:10.477375,threads,b090d882917d058f28b3b5b9ef521c21
https://www.threads.com/@byerin90/post/DQZuRlLEp4P,journey_24exmed,2025-10-30 07:00:00+07:00,Berapa bacaan gula,threads,2026-06-15 23:29:10.477375,threads,78f1efa01b99103f2ff7fa76cf61117f
https://www.threads.com/@byerin90/post/DQZuRlLEp4P,byerin90,2025-10-30 07:00:00+07:00,masa mula doctor inform kena diabetes …sekarang ..kat gambar ni saya kasi time table skali..dalam bulatan tu result suami saya,threads,2026-06-15 23:29:10.477375,threads,0413bfb22ccc9655b1a62b94bd638b75
https://www.threads.com/@byerin90/post/DQZuRlLEp4P,aylaglowterengganu.mimi,2025-10-30 07:00:00+07:00,Darah tinggi boleh normal ke sis?,threads,2026-06-15 23:29:10.477375,threads,00a6b0615381a69b54b7baef81d32fbf
https://www.threads.com/@byerin90/post/DQZuRlLEp4P,byerin90,2025-10-30 07:00:00+07:00,boleh normal..once u jaga makan..cut sugar..paling penting cut gula..dan xlupa exercise…simple movement pon boleh…inshaAllah turun and paras normal..try follow dr mani…,threads,2026-06-15 23:29:10.477375,threads,5e06fc6869f67596ae2e7fcf9a4a9b8c
https://www.threads.com/@byerin90/post/DQZuRlLEp4P,ainulmardhiah.ar,2025-10-30 07:00:00+07:00,Bacaan gula brpe? Takde hypo ye?,threads,2026-06-15 23:29:10.477375,threads,6d88b19fb714660e8efc2f412ab2aab4
https://www.threads.com/@byerin90/post/DQZuRlLEp4P,byerin90,2025-10-30 07:00:00+07:00,result bacaan HbaA c ..purata bacaan darah sepanjang bulan..bukan daily bacaan..yg bulatan tu result..tak ada hypo,threads,2026-06-15 23:29:10.477375,threads,f0b53058336e7466e9a14f32a4325dc3
https://www.threads.com/@byerin90/post/DQZuRlLEp4P,namasayaadila,2025-10-30 07:00:00+07:00,"Sy cut semua nie termasuk proses food , junk food , fast food . Cumaa sy bukan diabetis tp pcos",threads,2026-06-15 23:29:10.477375,threads,fa8a725f76368998867e3b3593883ea5
https://www.threads.com/@byerin90/post/DQZuRlLEp4P,byerin90,2025-10-30 07:00:00+07:00,sama..saya ada cyst..dah buang ovari dan tiub falopio kanan..memang kena cut sugar dan semua awak sebut,threads,2026-06-15 23:29:10.477375,threads,31a5d18cd0901c6ab16d6037ee74409d
https://www.threads.com/@byerin90/post/DQZuRlLEp4P,suriedw,2025-10-30 07:00:00+07:00,Masha Allah!! Tahniah!!,threads,2026-06-15 23:29:10.477375,threads,4a61fc97d6b528c14acd51acae63a362
https://www.threads.com/@byerin90/post/DQZuRlLEp4P,melmohamednor.mua,2025-10-30 07:00:00+07:00,Minta izin share ya,threads,2026-06-15 23:29:10.477375,threads,6ba1db829f72877a69186dfc34057c2c
https://www.threads.com/@byerin90/post/DQZuRlLEp4P,syuhadahamid,2025-10-30 07:00:00+07:00,Wah motivasi,threads,2026-06-15 23:29:10.477375,threads,785dfe1a43038dbc204d233fee5958c1
https://www.threads.com/@byerin90/post/DQZuRlLEp4P,byerin90,2025-10-30 07:00:00+07:00,Alhamdulillah..tapi tu la..dah kena baru insaf🤣🤣🤣🤣,threads,2026-06-15 23:29:10.477375,threads,6d8d6ae62965cc90564374f4957826e9
https://www.threads.com/@byerin90/post/DQZuRlLEp4P,bungaliliespetuna,2025-10-30 07:00:00+07:00,Terbaik. Memang itu yg sebaiknya,threads,2026-06-15 23:29:10.477375,threads,1076a5d7b1753a4c569f57d2b07d0979
https://www.threads.com/@doktervito/post/DUZZObwkpTC,doktervito,2026-02-06 07:00:00+07:00,"Obat Diabetes dan Obat Darah Tinggi yang sering dilupakan pasien jantung adalah: Olahraga. Bisa gratis, tapi banyak yang nggak mau",threads,2026-06-15 23:29:10.477375,threads,aee7c9d6a34328496a3fe43f2efa2b88
https://www.threads.com/@doktervito/post/DUZZObwkpTC,doktercamo,2026-02-06 07:00:00+07:00,"Nanya whey aman apa nggak ✅️ Nanya olahraga harus tiap hari apa nggak ✅️ Nanya jalan kaki itu olahraga apa bukan ✅️ Nanya pantangan makan ✅️ Nanya nasi masih boleh apa nggak ✅️ Nanya dokternya bisa ditanya lagi apa nggak ✅️ Nanya kalau udah lansia masih boleh gym apa nggak ✅️ Udah semua ditanya Yang belum apa? Yak, memulai ❎️",threads,2026-06-15 23:29:10.477375,threads,9a4cfc81df9cf8aa495cba5549b65697
https://www.threads.com/@doktervito/post/DUZZObwkpTC,juliadewi99,2026-02-06 07:00:00+07:00,Setujuuu.. mulai aja dulu.. nanti terfahamkan sendr dgn tanpa sengaja krn pola pikir pelan juga berubah krn badan makin segar dan fit.. semangat sehat semua..,threads,2026-06-15 23:29:10.477375,threads,08aa1381cb969d6ffb63a831c1377c7f
https://www.threads.com/@doktervito/post/DUZZObwkpTC,aswitasoe,2026-02-06 07:00:00+07:00,"Hai dok! Aku diabetesi. Udah tahun rutin gym - x ditambah jalan pagi hampir tiap hari. Yg tadinya hba c , skrg jadi , . Yg tadinya bb kg skrg kg. Yg aku sesali, kenapa aku ga tau ini sebelum jadi diabetesi. Sesal? Iyaa.. tapi kalo gak dimulai mungkin aku dalam kondisi kronik. Semoga semua orang mau memulai dan gatakut ‘berotot kayak laki’ 😆😆😆",threads,2026-06-15 23:29:10.477375,threads,153d91a9ca78012ed5f7c13e82e6023e
https://www.threads.com/@doktervito/post/DUZZObwkpTC,nameazis,2026-02-06 07:00:00+07:00,"Gw punya turunan darah tinggi, nenek dan kake nurun ke nyokap dan bokap darah tingginya. Dan gw harus mutusin rantai itu, setiap hari gw lari dan gym alhamdulilah segimana pun kerjaan numpuk gak pernah sekalipun darah naik. Kalo pusing kerjaan besoknya lari strees dikit gym tenang lagi 😁",threads,2026-06-15 23:29:10.477375,threads,1abe7ea536b0d6bf7864efc31c05314e
https://www.threads.com/@doktervito/post/DUZZObwkpTC,rikoputtra,2026-02-06 07:00:00+07:00,"Bg, sering check up gak? Saya juga udah rutin olahraga tahun terakhir, kedua org tua punya riwayat darting. Berasa semuanya baik-baik aja hingga jadi bom waktu, tensiku ternyata tinggi -an dan sampai sekarang masih kontrol.",threads,2026-06-15 23:29:10.477375,threads,f9899301492544a53a1f6bf179268dab
https://www.threads.com/@doktervito/post/DUZZObwkpTC,nameazis,2026-02-06 07:00:00+07:00,"Karna saya punya riwayat darah tinggi yang kuat, saya pernah di saranin untuk check up. [ tidak untuk di tiru] tapi saya gak ngegrubris saran itu, jujur saja jika saya tahu angka tensi darahnya justru malah bikin saya strees. Saya lebih baik gak tau dan yakin bahwa setiap masalah setiap rasa sakit pasti ada obatnya selama kita bisa mengontrol pikiran kita dan berpikir positif 😁",threads,2026-06-15 23:29:10.477375,threads,66c2900cbfb0a94318e5d39ac6a8c6b5
https://www.threads.com/@doktervito/post/DUZZObwkpTC,chaniaenjoy,2026-02-06 07:00:00+07:00,"Padahal sehat itu murah ya dok, sdgkn sakit itu mahal bgt.... Emg Indonesia ini banyak pemalas, jgn kn olahraga.. Membaca aj jg kdg malas 😂😂 Terkadang org yg rutin olahraga dipandang aneh bagi sebagian org 🤣",threads,2026-06-15 23:29:10.477375,threads,6a056b02c0baaf996c7746f187e608f1
https://www.threads.com/@doktervito/post/DUZZObwkpTC,yonosastra,2026-02-06 07:00:00+07:00,"Bener itu, kusus nya utk darah tinggi. Dgn diet yg tepat (sy sendiri bisa di blg % vegan), dan olga yg teratur, sy berhasil lepas obat darting, awalnya sy konsumsi terus thn, setelah capai BB ideal dan jaga makan ketat, BP saya turun drastis, dan setelah monitor ketat selama sebulan ""tanpa obat"", BP sy tetap stabil normal, jadi saya lepas obat hingga saat ini :) nurut ay plg penting adalah: ) makanan ) olga tratur. Good luck!",threads,2026-06-15 23:29:10.477375,threads,29b1acc5097781c8f8c1a17e306b1da1
https://www.threads.com/@doktervito/post/DUZZObwkpTC,sugiharti_rita,2026-02-06 07:00:00+07:00,"Saya baru mulai jalan kaki pagi ke kantor, atau kali seminggu. Sekitar km. Efek instan : . Hemat bbm/ongkos . Terbiasa bangun lebih pagi (supaya tidak telat ke kantor) . Menyaksikan lebih banyak hal di sepanjang perjalanan.",threads,2026-06-15 23:29:10.477375,threads,95e5730fee5c0b2b2e4f667e884549a9
https://www.threads.com/@doktervito/post/DUZZObwkpTC,sabellanurprasasti,2026-02-06 07:00:00+07:00,Wow km butuh berapa lama sampai dikantor?,threads,2026-06-15 23:29:10.477375,threads,f513f18c6fbe567ff3ccd95ee117b9f4
https://www.threads.com/@doktervito/post/DUZZObwkpTC,sugiharti_rita,2026-02-06 07:00:00+07:00,menit kira kira hehehe,threads,2026-06-15 23:29:10.477375,threads,8c65af0d792bae7120c32269f9ffc97e
https://www.threads.com/@doktervito/post/DUZZObwkpTC,sabellanurprasasti,2026-02-06 07:00:00+07:00,Hebat ibu sehat selalu ya.,threads,2026-06-15 23:29:10.477375,threads,fe0392ff48fd27fa7ca161eb1fdd6cd7
https://www.threads.com/@doktervito/post/DUZZObwkpTC,sugiharti_rita,2026-02-06 07:00:00+07:00,Aamiin Allahumma Aamiin Semoga kamu dan keluarga juga tetap dan selalu sehat dan berbahagia ya... 🥰,threads,2026-06-15 23:29:10.477375,threads,f90142e3f806c7377e471eebcb0b5757
https://www.threads.com/@doktervito/post/DUZZObwkpTC,lidyapratiwieabadi,2026-02-06 07:00:00+07:00,"Usia ... Download senam sehat dr yt,, pagi sempetin jalan - langkah di sekitar rumah...udh nyaman minum air hangat aja sekarang karena emang gak suka minuman manis... sesekali konsumsi Rimpang ( Jahe,, Lengkuas,,Sereh,, Kunyit,, Daun pandan ) Berasa ringan badan,, tidur juga Deep sleep bgt... Alhamdulillah 😇🤲",threads,2026-06-15 23:29:10.477375,threads,2d5087985a396088469c374df660edde
https://www.threads.com/@doktervito/post/DUZZObwkpTC,08swandito,2026-02-06 07:00:00+07:00,Sekedar berbagi pengalaman hidup.... Yg ingin hidup sehat dan bahagia sampai usia seabad.... . Makan yg pantas . Olahraga yg pas . Jaga pantangan . Mental batin tenang seimbang 🌹🌹🌹,threads,2026-06-15 23:29:10.477375,threads,1105d9691b512fb578a27888037ca3f4
https://www.threads.com/@doktervito/post/DUZZObwkpTC,buernierna,2026-02-06 07:00:00+07:00,Udh olahraga jalan kaki aja ngaruh ga dok menit sehari,threads,2026-06-15 23:29:10.477375,threads,0d755818011e38b1d9db59d4cccf72b7
https://www.threads.com/@doktervito/post/DUZZObwkpTC,kangshaleh_indra,2026-02-06 07:00:00+07:00,"Olahraga yg teratur, terukur dan sesuai umur. Kalo masuk usia jelita (jelang thn) ya olahraga yg sifatnya rekreatif, spt jalan sehat, jogging tipis dll, bkn yg modelan stop and go apalagi kompetisi.",threads,2026-06-15 23:29:10.477375,threads,ea1e75e39e4ebaa67928d3e7a63fbefa
https://www.threads.com/@doktervito/post/DUZZObwkpTC,bukuharian_lelarian,2026-02-06 07:00:00+07:00,"Olahraga itu perlu komitmen kuat untuk mulai dan memelihara untuk konsisten ... kalau sudah merasakan kebahagian saat olahraga, perjuangan berikutnya akan lebih ringan",threads,2026-06-15 23:29:10.477375,threads,a121fc590e4bc1fa9bda8a59956a0c41
https://www.threads.com/@doktervito/post/DUZZObwkpTC,inggridraras,2026-02-06 07:00:00+07:00,Betul. Sy tahun - full jaga semua. Memulai sampai bisa th sudah banyak progress yg sy dpt. - off. Akhirnya sakit itu dtg. Skrg mulai lg dari awal. Lebih susah dan berat. Semoga tetap bisa konsisten dan sehat kembali,threads,2026-06-15 23:29:10.477375,threads,283a4ceece1d805142747c565dd0b80f
https://www.threads.com/@doktervito/post/DUZZObwkpTC,arrytristanti,2026-02-06 07:00:00+07:00,Saya pernah kena neuropatik syaraf dok....kuaaaapooookk saya....akhirnya jaga pola makan joging mnt tiap pagi angkat beban jam tiap hari....diabetes????apa itu😁😁😁,threads,2026-06-15 23:29:10.477375,threads,49d1a528080821b2dfdc70746acc5ca9
https://www.threads.com/@doktervito/post/DUZZObwkpTC,juliadewi99,2026-02-06 07:00:00+07:00,Alasanya gak sanggup dok.. pdhl blm nyoba.. malas debat sama boomer lelah hati jelasinya sok.. dari aku yg baruu aja kelar wo di rumah aja.. sehat semua.. luangkan waktu olahraga wee..,threads,2026-06-15 23:29:10.477375,threads,fd9219a4ae3be223d58455e8d1beb7b1
https://www.threads.com/@doktervito/post/DUZZObwkpTC,chamatcha73,2026-02-06 07:00:00+07:00,Masih berlaku untuk bapak usia tahun ga dok? Baru ini bapak saya divonis darah tangga. Sebelumnya beliau diabetes sejak tahun,threads,2026-06-15 23:29:10.477375,threads,ab8a6c93b3dc0cabbb2f8bfcd47b5a8a
https://www.threads.com/@doktervito/post/DUZZObwkpTC,sabellanurprasasti,2026-02-06 07:00:00+07:00,Olahraga ga Mandang usia ga ada kata terlambat. Lakukan sekarang sebelum terlambat.,threads,2026-06-15 23:29:10.477375,threads,40727f28ba8c94cbe896fefbb69a7a0c
https://www.threads.com/@doktervito/post/DUZZObwkpTC,noviananata,2026-02-06 07:00:00+07:00,Seringnya ga di tulis di resep dokter,threads,2026-06-15 23:29:10.477375,threads,d12d70a36ae677a8209c593462aa31c7
https://www.threads.com/@doktervito/post/DUZZObwkpTC,gustav_n_purnomo,2026-02-06 07:00:00+07:00,Yg dianjurkan.. kurangi makan enak 🤣🤣🤣,threads,2026-06-15 23:29:10.477375,threads,8eeb3b3be8f8c3b6e2f1121ab1fefc6e
https://www.threads.com/@doktervito/post/DUZZObwkpTC,noviananata,2026-02-06 07:00:00+07:00,Nahhh... Kann...,threads,2026-06-15 23:29:10.477375,threads,e825da0592d4b8722e3514f296af4af9
https://www.threads.com/@doktervito/post/DUZZObwkpTC,dewa_ferza,2026-02-06 07:00:00+07:00,Saya pilih yg gratis. Semoga terhindar dari penyakit bahaya. Dan mati dengan tenang.,threads,2026-06-15 23:29:10.477375,threads,03285c18e757a4f6c682b02f9aa63ee2
https://www.threads.com/@doktervito/post/DUZZObwkpTC,lukmannhk14,2026-02-06 07:00:00+07:00,Gk ada yg semangatin dok,threads,2026-06-15 23:29:10.477375,threads,c914f2064f32d7bf5a3987762afd497b
https://www.threads.com/@doktervito/post/DUZZObwkpTC,tresnaerwin_,2026-02-06 07:00:00+07:00,Beberes rumah olga juga ya dok?,threads,2026-06-15 23:29:10.477375,threads,9f2ec93ca1d39bbcdd9c59b298cf0948
https://www.threads.com/@doktervito/post/DUZZObwkpTC,dokterrelly,2026-02-06 07:00:00+07:00,Setuju Dokter,threads,2026-06-15 23:29:10.477375,threads,7e6c42b55757346cda62e474834390cf
https://www.threads.com/@doktervito/post/DUZZObwkpTC,dokterkodya,2026-02-06 07:00:00+07:00,Setuju Doc.,threads,2026-06-15 23:29:10.477375,threads,96fc1eb0708f433363ee124004138edd
https://www.threads.net/@doktervito/post/DJmZp6pr4yH,theclashcalling,2026-02-06 07:00:00+07:00,h HBD to one of the greatest guitarists and coolest octuagenarians on the planet: Robbie Krieger…,threads,2026-06-15 23:29:10.477375,threads,5cced1ea06b5b35f7456d0c610700dca
https://www.threads.net/@doktervito/post/DJmZp6pr4yH,jjackyliang,2026-02-06 07:00:00+07:00,tough decision making time h left,threads,2026-06-15 23:29:10.477375,threads,52b369ac1281eddb22d29571ebd1b21c
https://www.threads.net/@doktervito/post/DJmZp6pr4yH,sung.kim.mw,2026-02-06 07:00:00+07:00,"h I'm getting ""API Error: Rate limit reached"" in Claude Code when I'm within my usage limits for both current session and weekly limits. @boris_cherny",threads,2026-06-15 23:29:10.477375,threads,e84ab79fbe6be8bd791dabccf4d04166
https://www.threads.net/@doktervito/post/DJmZp6pr4yH,pbr,2026-02-06 07:00:00+07:00,h Keyshawn Whitehorse has New Mexico on its feet‼️,threads,2026-06-15 23:29:10.477375,threads,e71160839ebc145f702aaa710b868592
https://www.threads.net/@dr.tirta/post/DK6ZxXyJp2a,mcwm,2026-02-06 07:00:00+07:00,h i don't get why i would ever need to ask google maps something,threads,2026-06-15 23:29:10.477375,threads,f05d00a3f00d7bd5c5d9fa358c806300
https://www.threads.net/@dr.tirta/post/DK6ZxXyJp2a,kateravenbooks,2026-02-06 07:00:00+07:00,h I have an opinion on Is Lindy West Funny and it’s that her takedown of The Whale with Brendan Fraser is one of the BEST and funniest pieces of film criticism I have everrrrrr read,threads,2026-06-15 23:29:10.477375,threads,ddc3d528a135881b5978a35ea81a0628
https://www.threads.net/@dr.tirta/post/DK6ZxXyJp2a,feministajones,2026-02-06 07:00:00+07:00,"h Why be controlling, jealous, and possessive when you can just be free?",threads,2026-06-15 23:29:10.477375,threads,a2473fa73549ff05191a81ae0b47560f
https://www.threads.net/@dr.tirta/post/DK6ZxXyJp2a,melodywisp,2026-02-06 07:00:00+07:00,gaming threads h Going live to play more Hollow Knight: Silksong! im gonna be backtracking to get stronger before i attempt that high halls gauntlet again. @translifeline.org donation: tilt.fyi/hvwmG… im on twitch twitch.tv/melod… and YouTube (vertically) youtube.com/live… youtube.com [ #LIVE] time to get stronger! | Let's Play Hollow Knight: Silksong - First Playthrough,threads,2026-06-15 23:29:10.477375,threads,cf02f1ab311376af7be1b2802a94d8c5
https://www.threads.net/@dr.tirta/post/DK6ZxXyJp2a,seattlekraken,2026-02-06 07:00:00+07:00,h that was a good ️⃣,threads,2026-06-15 23:29:10.477375,threads,59fd91ee236e8be7fe7a45d99e3fc4cf
https://www.threads.net/@dokterlina/post/DKz1YxqP1bL,ethancraft420,2026-02-06 07:00:00+07:00,h love watching white people play Uno,threads,2026-06-15 23:29:10.477375,threads,730320358e93e604388869b92d460329
https://www.threads.net/@dokterlina/post/DKz1YxqP1bL,davyjoneslr,2026-02-06 07:00:00+07:00,SeaKraken h Seattle! Kraken! GOAL!!! A nifty little bit of passing to Chandler Stephenson gives the SeaKraken the lead!,threads,2026-06-15 23:29:10.477375,threads,20e031277291835cccf97920ca9b0e28
https://www.threads.net/@dokterlina/post/DKz1YxqP1bL,thejasonwojo,2026-02-06 07:00:00+07:00,h The hook is the ad.,threads,2026-06-15 23:29:10.477375,threads,5db91fb6855d53f103aae7d7c8d9f39e
https://www.threads.net/@dokterlina/post/DKz1YxqP1bL,feministajones,2026-02-06 07:00:00+07:00,h This content is unavailable,threads,2026-06-15 23:29:10.477375,threads,b8c09c5f383042a6fb08c1a0de4c822e
https://www.threads.net/@dokterjason/post/DLhP2WgrxN8,dannybyersii,2026-02-06 07:00:00+07:00,"No Kings h Today's No Kings event in Boca Raton, Florida gave me a lot of hope. For those who aren't aware, Boca just elected it's first Dem Mayor in years. years ago, I wasn't an Independent voting for Democrats. I was a registered Republican who was a fiscal conservative, small government advocate, and social liberal. He won by FIVE ( ) votes. If you don't think your vote counts or have other excuses for not voting, please spend a couple of beats on that: Five Votes! Your vote DOES MATTER!",threads,2026-06-15 23:29:10.477375,threads,3bfa99f6c8eb789f6115581847b1e232
https://www.threads.net/@dokterjason/post/DLhP2WgrxN8,theseareletters,2026-02-06 07:00:00+07:00,h Nothing a double oreo blizzard can't fix,threads,2026-06-15 23:29:10.477375,threads,2764ad9fe98acf6ccaa7a828e6bac310
https://www.threads.net/@dokterjason/post/DLhP2WgrxN8,abcnews,2026-02-06 07:00:00+07:00,"h James Tolkan, known for his roles as authoritarian figures in the “Back to the Future” and “Top Gun” films, has died. He was . abcnews.com Actor James Tolkan of 'Top Gun' and 'Back to the Future' fame dies at",threads,2026-06-15 23:29:10.477375,threads,aff361e568c7cd3dd90754dba4b0d9b2
https://www.threads.net/@dokterjason/post/DLhP2WgrxN8,authorarianastclaire,2026-02-06 07:00:00+07:00,"h If you're afraid of snake clowns, we can be friends.",threads,2026-06-15 23:29:10.477375,threads,ff2ba04f0afe2095e6c4e9850b024d97
https://www.threads.net/@dokterjason/post/DLhP2WgrxN8,guillecummings,2026-02-06 07:00:00+07:00,F Threads h Leclerc vs Hamilton is fun TV,threads,2026-06-15 23:29:10.477375,threads,c343fcbc98d90c1732012cb3b869d80f
https://www.threads.net/@dokteradam/post/DLrH8VapqzR,davyjoneslr,2026-02-06 07:00:00+07:00,SeaKraken h The Seattle Kraken have been defeated by the Buffalo Sabres in a shootout. SeaKraken pick up a critical standings point. Final score: Sabres Kraken,threads,2026-06-15 23:29:10.477375,threads,653efa12190d1b32850505fa57f1835b
https://www.threads.net/@dokteradam/post/DLrH8VapqzR,imgwendy,2026-02-06 07:00:00+07:00,"h I miss when I was able to post on this platform and not receive a single hateful comment. Trans derangement syndrome has gotten so bad that these people seek us out now. They just get so angry that we exist. I don’t even have to do anything, they are just angry by default",threads,2026-06-15 23:29:10.477375,threads,eb11c5f25e48759a84ba0ba339272314
https://www.threads.net/@dokteradam/post/DLrH8VapqzR,alpha1906,2026-02-06 07:00:00+07:00,"h One thing I do each night, is go through the dialogue in my manuscript, and cut. Not to the bone, but there is ALWAYS fat in what you just wrote. Full sentences like English class. I go through and ask one question: Can I live without this word or group of words. If yes, then I don't think twice, I cut. You gotta LOVE to cut your own words. If not, your shit's gonna be bad.",threads,2026-06-15 23:29:10.477375,threads,b0b8a7d22a0994f99bbfcf6f2f94f322
https://www.threads.net/@dokteradam/post/DLrH8VapqzR,seattlekraken,2026-02-06 07:00:00+07:00,h gotta stay strong through the last ️⃣ ️⃣,threads,2026-06-15 23:29:10.477375,threads,e6ede75cfce89886ede30e8b5927a720
https://www.threads.com/@drg.silva/post/DWssnN7DrFR,drg.silva,2026-02-06 07:00:00+07:00,"h “Bau khas” pada penderita diabetes disebut juga “bau keton”. Ini adalah bau yang muncul saat tubuh terpaksa membakar lemak jadi energi. Kenapa bisa begitu? Karena insulin sangat kurang, jadi gula dalam darah tidak bisa digunakan. Akhirnya tubuh cari alternatif: membakar lemak → terbentuklah zat keton. Yang perlu diwaspadai, bau keton ini sering jadi tanda bahwa kadar gula darah sudah sangat tinggi dan tidak terkontrol. Tapi tetap perlu pemeriksaan scr langsung yaa kons_ngete h Replying to @drg.silva Dok kenapa orang mengidap penyakit DM itu bau mulutnya sangat khas walaupun kita sdh pake masker tetap saja tembus ?",threads,2026-06-15 23:29:10.477375,threads,5ef9fe79524700a218e4afa44c34a1ef
https://www.threads.com/@drg.silva/post/DWssnN7DrFR,kons_ngete,2026-02-06 07:00:00+07:00,h Replying to @drg.silva Dok kenapa orang mengidap penyakit DM itu bau mulutnya sangat khas walaupun kita sdh pake masker tetap saja tembus ?,threads,2026-06-15 23:29:10.477375,threads,e8db101a879bfa484e75f8e9f09d5f05
https://www.threads.com/@drg.silva/post/DWssnN7DrFR,Pinned,2026-02-06 07:00:00+07:00,"si.troy h Baunya kayak apa sih, Dok? Gak kebayang..",threads,2026-06-15 23:29:10.477375,threads,a346b3f7083d797454776becdd890560
https://www.threads.com/@drg.silva/post/DWssnN7DrFR,nzshiro,2026-02-06 07:00:00+07:00,"h Nah ini. Kalo dalam tekpang, keton adalah produk yang dihasilkan dari oksidasi lemak. Yups.. karakteristiknya berbau tengik. Jarang ada yang bahas ini.",threads,2026-06-15 23:29:10.477375,threads,70a75d4f039f96054e266c2149404fac
https://www.threads.com/@drg.silva/post/DWssnN7DrFR,cintapertama9535,2026-02-06 07:00:00+07:00,"m Dok suami saya Diabetes, bau mulutnya ketika ia tidur seperti bau BESI.. tapi kalau lagi ngga tidur ngga ada aroma, biasa aja",threads,2026-06-15 23:29:10.477375,threads,6b67eb22f75cf8bd535bed12ef6f947b
https://www.threads.com/@drg.silva/post/DWssnN7DrFR,februaritaa,2026-02-06 07:00:00+07:00,"h Real ya aku tadi kontrol poli dalam sebelahku pasien sakit gula, dia duduk dan ngobrol langsung aroma makzenggg. Bukan aku kemayu tapi aku punya asam lambung yang kalo nyium bau ga enak bisa mual muntah, untung jilbab penyelamat bisa sedikit membantu. Huhu",threads,2026-06-15 23:29:10.477375,threads,df28c7059509552a582d4ea8a4c119a0
https://www.threads.com/@drg.silva/post/DWssnN7DrFR,aarkidhya_orchids,2026-02-06 07:00:00+07:00,m oh..mungkin begini ya kondisi dia.. Ok makasih infonya doc!,threads,2026-06-15 23:29:10.477375,threads,9f93ddb862ddfee44b27da861493d165
https://www.threads.com/@drg.silva/post/DWssnN7DrFR,klinik_hewan_bandung,2026-02-06 07:00:00+07:00,h dok itu sama kayak gejala ketosis gak sih?,threads,2026-06-15 23:29:10.477375,threads,e6fd6ee45d787c59a3750de10b6597c6
https://www.threads.com/@drg.silva/post/DWssnN7DrFR,drg.silva,2026-02-06 07:00:00+07:00,"h Lebih tepatnya ketoasidosis diabetik, kalau ketosis biasanya normal saat kita berpuasa atau diet rendah karbohidrat",threads,2026-06-15 23:29:10.477375,threads,dc7900c0482f28a486edb3f003ce67dc
https://www.threads.com/@drg.silva/post/DWssnN7DrFR,klinik_hewan_bandung,2026-02-06 07:00:00+07:00,h owhh ok. mengerti sekrang. biasanya sering terjadi di sapi jga bauk nya smriwing,threads,2026-06-15 23:29:10.477375,threads,4d751bbab905bf2cefdff176e71c19ee
https://www.threads.com/@drg.silva/post/DWssnN7DrFR,drg.silva,2026-02-06 07:00:00+07:00,h Kalau sapi biasanya dicek gula darahnya jg ga ya? Lalu kalau misal ternyata sapinya diabetes apakah aman di konsumsi? Atau malah jadi haram ya krn sakit jd tdk boleh di sembelih?,threads,2026-06-15 23:29:10.477375,threads,a326672e89699eeba0db7445fcf1901e
https://www.threads.com/@drg.silva/post/DWssnN7DrFR,klinik_hewan_bandung,2026-02-06 07:00:00+07:00,"h bwahahaha ... bisa diperiksa dalam bbrpa kasus dok. ga setiap kali. kalau di hewan jarang kayak penyakit diabetes kolesterol asam urat. karena fisiologic nya hewan itu bs mengurangi sendiri atau mengolah agar jangan berlebihan di dlm tubuhnya. sapi boleh dikonsumsi kalaupum ada diabetes. yg ga boleh itu klo kena antrax, bovine spongioform, dan sapi gila",threads,2026-06-15 23:29:10.477375,threads,bab6de3225bcd9a9262f1dbde17241f7
https://www.threads.com/@drg.silva/post/DWssnN7DrFR,bukanpetrolhead,2026-02-06 07:00:00+07:00,h Wah baru tau mulut bisa kaya aseton baunya Info yg sangat mencerahkan Thank u 🙏,threads,2026-06-15 23:29:10.477375,threads,52ea2a45e92cd3a87a6fc0f79e2ad30e
https://www.threads.com/@drg.silva/post/DWssnN7DrFR,papto85,2026-02-06 07:00:00+07:00,m Bau nya Dari mulut nya apa bau Dari keringat badannya,threads,2026-06-15 23:29:10.477375,threads,26371e7d6c33ec8073a8ef60c09ea410
https://www.threads.com/@drg.silva/post/DWssnN7DrFR,kons_ngete,2026-02-06 07:00:00+07:00,m Mulut pasiennya kak,threads,2026-06-15 23:29:10.477375,threads,73d68a3a71cdd8e90fe320338889db38
https://www.threads.com/@drg.silva/post/DWssnN7DrFR,restinvianti,2026-02-06 07:00:00+07:00,m apakah bau keton ini hanya pada penderita diabetes dok?,threads,2026-06-15 23:29:10.477375,threads,e858b6e7f6f35309ccdf0e82bcce358b
https://www.threads.com/@drg.silva/post/DWssnN7DrFR,denniocaroline,2026-02-06 07:00:00+07:00,m Belom lagi kalo luka basah/gangren penderita diabetes itu konon baunya bisa menembus berlapis lapis tissue. Nakes sering kali sampai lapis masker yang didalamnya sudah diberi tissue dan ditetesin minyak angin atau yang lain. Namun tetap tembus.,threads,2026-06-15 23:29:10.477375,threads,d9d826d335a1293a73daab4c87a45243
https://www.threads.com/@drg.silva/post/DWssnN7DrFR,okkyploekito,2026-02-06 07:00:00+07:00,h Bau keton itu sama kah kayak bau mulut orang yg sudah sepuh? Krn sering ngobrol sama orang sepuh bau mulutnya khas..,threads,2026-06-15 23:29:10.477375,threads,0c1432d017768bcf9b3b8ff48d74de7f
https://www.threads.com/@drg.silva/post/DWssnN7DrFR,pan24n_,2026-02-06 07:00:00+07:00,m Pantes orang kalo puasa juga suka bau mulut. Apakah ini karena ketosis juga dok?,threads,2026-06-15 23:29:10.477375,threads,e5695aaeb971c5508eb562e00065d5b6
https://www.threads.com/@drg.silva/post/DWssnN7DrFR,yolahayuuu,2026-02-06 07:00:00+07:00,h Pantesan pd bbrp penderita diabetes malah kurus ya dok?,threads,2026-06-15 23:29:10.477375,threads,241f5f80e3756331f8d1005319fd4d49
https://www.threads.com/@drg.silva/post/DWssnN7DrFR,bugurutitik,2026-02-06 07:00:00+07:00,"h Dok, apa bedanya sama ketosis saat IF?",threads,2026-06-15 23:29:10.477375,threads,c3dadeb9c60ec9d27e17c4d6c52e20b8
https://www.threads.com/@drg.silva/post/DWssnN7DrFR,irfanprominensia,2026-02-06 07:00:00+07:00,m Ketosis di IF terjadi didalam proses pembakaran lemak menjadi energi dibantu oleh glicogen atau gula darah. Tidak ada bau yang tercium Dari proses ini,threads,2026-06-15 23:29:10.477375,threads,3909e0d3e11fa7057d16106f320c67c5
https://www.threads.com/@drg.silva/post/DWssnN7DrFR,bugurutitik,2026-02-06 07:00:00+07:00,"m Kalau ketosissnya penderita diabet dibantu apa, kenapa bisa lebih bau?",threads,2026-06-15 23:29:10.477375,threads,61fd6830c109469f3d182b7410a28b86
https://www.threads.com/@drg.silva/post/DWssnN7DrFR,irfanprominensia,2026-02-06 07:00:00+07:00,"m Jaga pola konsumsi makanan yang bisa menyebabkan asam didalam tubuh, kurangi nasi(bisa diganti jagung), banyak sayur Dan batasi buah yang tinggi gula. Food combining bisa diterapkan(karbo+serat),(daging+serat)",threads,2026-06-15 23:29:10.477375,threads,60e3a1bc618593329c1848ff89013fad
https://www.threads.com/@asgaryuk/post/DU6yiDRk8Km,asgaryuk,2026-02-19 07:00:00+07:00,Yang lagi berjuang sama: • Resistensi insulin dan diabetes • Kolesterol yang gak turun-turun • Tekanan darah yang naik turun • Perlemakan hati (fatty liver) non alcoholic • Asam urat tapi hobi makan gula yang jadi siluman Kita bedah pola makannya di sini pelan-pelan.,threads,2026-06-15 23:29:10.477375,threads,2e916420f8a8b03b28f7d8509f8aa579
https://www.threads.com/@asgaryuk/post/DU6yiDRk8Km,asgaryuk,2026-02-19 07:00:00+07:00,"Resistensi insulin. Diabetes. Kolesterol. Darah tinggi. Fatty liver (non-alcoholic). Kamu kira ini penyakit beda? Enggak. Ini cerita, yang berkembang pelan-pelan di tubuh kamu. Jadi ber-season-season.",threads,2026-06-15 23:29:10.477375,threads,2757327d11d963129b2b09fd4d14a3f5
https://www.threads.com/@asgaryuk/post/DU6yiDRk8Km,asgaryuk,2026-02-19 07:00:00+07:00,"Satu hal yang jarang dibahas, padahal ini akar masalahnya. Semuanya biasanya mulai dari satu tempat: sel tubuh kamu yang mulai ""budek"" sama insulin.",threads,2026-06-15 23:29:10.477375,threads,70d95f2d75b5e367a9e3c46d91045951
https://www.threads.com/@asgaryuk/post/DU6yiDRk8Km,asgaryuk,2026-02-19 07:00:00+07:00,"Coba bayangin insulin kayak kurir paket. Dia bawa glukosa dari darah, ketok pintu sel kamu, bilang: ""Nih, energi buat kamu."" Kalau sel-nya responsif, pintu kebuka. Glukosa masuk. Kamu bertenaga.",threads,2026-06-15 23:29:10.477375,threads,2a31a5d40529f324b99d0b578846316b
https://www.threads.com/@asgaryuk/post/DU6yiDRk8Km,asgaryuk,2026-02-19 07:00:00+07:00,"Tapi kalau sel kamu udah sering kebanjiran glukosa -- karena makan manis terus, kurang gerak, tidur berantakan -- lama-lama pintunya nggak mau buka. Kurir teriak lebih keras. Pankreas produksi insulin lebih banyak. Tapi pintu tetap nggak buka. Itu resistensi insulin.",threads,2026-06-15 23:29:10.477375,threads,2acf21ffcd96dbe2db1a1dffa85077d0
https://www.threads.com/@asgaryuk/post/DU6yiDRk8Km,asgaryuk,2026-02-19 07:00:00+07:00,"Gula darah kamu mulai nyangkut di darah. Belum diabetes, tapi udah di zona ""prediabetes."" Kamu ngerasa: ngantuk habis makan, ngidam manis jam sore, perut kembung, berat badan naik padahal makan nggak banyak. Itu sinyal.",threads,2026-06-15 23:29:10.477375,threads,2be70b7ae86de772b251004351476c31
https://www.threads.com/@asgaryuk/post/DU6yiDRk8Km,asgaryuk,2026-02-19 07:00:00+07:00,"Sekarang hati kamu mulai kerja lembur. Tugas hati = bersihkan lemak dan gula dari darah. Tapi kalau traffic terlalu rame, hati nggak sanggup. Eaa. Eh 🏃‍♂️💨 Lemak menumpuk di hati. Itu fatty liver non-alkoholik. Bukan karena alkohol. Karena gula dalam darah yg gak terkendali.",threads,2026-06-15 23:29:10.477375,threads,261d74d1d245b2f2b591605996488944
https://www.threads.com/@asgaryuk/post/DU6yiDRk8Km,asgaryuk,2026-02-19 07:00:00+07:00,Prevalensi obesitas sentral di Indonesia berdasarkan data dari: - Riskesdas : % - SKI : ± % Artinya ada kenaikan sekitar + poin persentase dalam ± tahun 🫣 Apa kabar hari ini? Makin gak heran kenapa ini terjadi ⬇️,threads,2026-06-15 23:29:10.477375,threads,a2b91c51acef581cb976ebb4504231dd
https://www.threads.com/@asgaryuk/post/DU6yiDRk8Km,asgaryuk,2026-02-19 07:00:00+07:00,"Obesitas central alias penumpukan lemak di area visceral -- lemak di rongga perut yang nggak keliatan dari luar -- ini yang nyambung langsung ke gula darah, kolesterol, dan trigliserida. Bukan lemak di lengan. Bukan lemak di paha. Lemak di rongga perut. Dia yang bikin ribet. (Baca: Sindrom Metabolik)",threads,2026-06-15 23:29:10.477375,threads,40299a07dbfb3b5692205572b4130b71
https://www.threads.com/@asgaryuk/post/DU6yiDRk8Km,asgaryuk,2026-02-19 07:00:00+07:00,"Kolesterol kamu ""tinggi"" bukan selalu karena makan telur. Hati kamu yang produksi kolesterol. Kalau hati udah kelelahan urus limpahan gula dan lemak, pengaturan kolesterol kacau. LDL naik. HDL turun. Trigliserida melejit. Ini bukan salah telur. Ini konsekuensi dari resistensi insulin yang nggak ditangani.",threads,2026-06-15 23:29:10.477375,threads,d2ed9b451fddc62f7575b91be737daae
https://www.threads.com/@asgaryuk/post/DU6yiDRk8Km,asgaryuk,2026-02-19 07:00:00+07:00,"Lalu si pembuluh darah kamu mulai kaku. Gula darah tinggi kronis ngerusak dinding pembuluh darah. Kolesterol nempel di dinding yang rusak. Jantung kerasa kerja lebih berat buat mompain darah. Tekanan naik. Hipertensi bukan penyakit ""orang tua."" Ini penyakit ""orang yang insulin-nya diabaikan.""",threads,2026-06-15 23:29:10.477375,threads,69314762765b9b2d093bd4a1936b0caf
https://www.threads.com/@asgaryuk/post/DU6yiDRk8Km,asgaryuk,2026-02-19 07:00:00+07:00,"Sekarang masuk yang jarang dibahas: asam urat. ""Asam urat kan karena makan jengkol dan jeroan?"" Sebagian benar. Tapi siluman terbesarnya: fruktosa. Fruktosa dari gula pasir, sirup jagung, minuman manis -- ini dimetabolisme di hati dan menghasilkan asam urat sebagai ""limbah.""",threads,2026-06-15 23:29:10.477375,threads,fee88b6ed5d800a931446307759e3d72
https://www.threads.com/@asgaryuk/post/DU6yiDRk8Km,asgaryuk,2026-02-19 07:00:00+07:00,"Jadi kalau kamu minum es teh manis gelas sehari dg takaran memanjakan lidah, kamu nggak cuma naikin gula darah. Kamu juga naikin potensi asam urat. Kamu juga nambah beban hati. Kamu juga ganggu kolesterol. Kamu juga dorong tekanan darah naik. Satu kebiasaan. Lima dampak.",threads,2026-06-15 23:29:10.477375,threads,6d7e6a954f73ee05c4986bb00b864b2d
https://www.threads.com/@asgaryuk/post/DU6yiDRk8Km,asgaryuk,2026-02-19 07:00:00+07:00,"Kelihatannya kamu cuma ""sering ngantuk habis makan,"" tapi sebenarnya tubuh kamu lagi kasih warning bahwa insulin udah mulai nggak direspon. Kelihatannya kamu cuma ""kolesterol tinggi,"" tapi sebenarnya hati kamu lagi overload. Kelihatannya kamu cuma ""asam urat naik,"" tapi sebenarnya gula darah kamu yang bikin.",threads,2026-06-15 23:29:10.477375,threads,0e10a02d8d0c36d2dfec231dab50afe3
https://www.threads.com/@asgaryuk/post/DU6yiDRk8Km,asgaryuk,2026-02-19 07:00:00+07:00,"Kabar baiknya: karena semua ini saling terhubung, perbaikan di satu titik bisa ngefek ke semuanya. Langkah kecil yang bisa kamu mulai hari ini: Ganti - gelas minuman manis jadi air putih. Itu aja dulu.",threads,2026-06-15 23:29:10.477375,threads,6809e44f474d67982b69765d03e5061e
https://www.threads.com/@asgaryuk/post/DU6yiDRk8Km,asgaryuk,2026-02-19 07:00:00+07:00,"Sederhananya, kondisi tubuh yg ""dibiarkan"" dehidrasi bakal bikin tubuh makin kepayahan buat regulasi si gula darah. YOLO You Only Live Once, katanya. Justru karena Once, kenapa penderitaan kita ciptain sendiri? Eh 🏃‍♂️💨",threads,2026-06-15 23:29:10.477375,threads,1aeaf9ec9be6421d5443208233b0c449
https://www.threads.com/@asgaryuk/post/DU6yiDRk8Km,asgaryuk,2026-02-19 07:00:00+07:00,"Karena kalau kamu benerin input harian -- kurangi gula tambahan, tambah protein di sarapan, jalan kaki menit habis makan -- insulin membaik, hati lega, kolesterol cenderung turun, tekanan darah ikut stabil. Bukan obat. Tapi pola yang konsisten.",threads,2026-06-15 23:29:10.477375,threads,19e71b0e8397150e63259a3728a7d0c8
https://www.threads.com/@asgaryuk/post/DU6yiDRk8Km,asgaryuk,2026-02-19 07:00:00+07:00,"Kalau kamu ngerasa beberapa gejala di atas familiar, coba mulai dari cek kondisi kamu sekarang. Survei Kebugaran Online (SKO) ini gratis, menit, dan bisa kasih gambaran awal status tubuh kamu: 👉 asgaryuk.tapsite.ai/surve… Minimal dapet gambaran status gizi. Karena nggak ada yang tau kondisi tubuh kamu, kalau bukan kamu yang mulai ngecek. asgaryuk.tapsite.ai 🤔 Tubuhmu Lagi Fit Beneran atau Cuma Keliatan? Tes Gratis Menit🤔",threads,2026-06-15 23:29:10.477375,threads,0a537f54a96331fb5755059dde4efbc2
https://www.threads.com/@asgaryuk/post/DU6yiDRk8Km,april_hero,2026-02-19 07:00:00+07:00,Thanks buat pencerahannya dok,threads,2026-06-15 23:29:10.477375,threads,d2bbbccb58707fe0774dd8d45705ab9f
https://www.threads.com/@asgaryuk/post/DU6yiDRk8Km,jozhdenfohisglory,2026-02-19 07:00:00+07:00,Jadi gula dan nasi jangan berlebih,threads,2026-06-15 23:29:10.477375,threads,c3094791b8fa0ef1383f2ad65b6f8acf
https://www.threads.com/@asgaryuk/post/DU6yiDRk8Km,asgaryuk,2026-02-19 07:00:00+07:00,"Yes, tepat. Kuncinya balance alias gizi seimbang dan kondisional.",threads,2026-06-15 23:29:10.477375,threads,4f8f572f4d715ed2895aa73f04e11e32
https://www.threads.com/@doktercamo/post/DWK2Iawk_6i,doktercamo,2026-03-22 07:00:00+07:00,"Minum dikit, tapi KENCING BISA SAMPAI LITER Ini bukan hal yang normal, pikirkan Diabetes ☝️ ""Kencing manis kan Dok?"" Bukan, DIABETES INSIPIDUS! 🤔",threads,2026-06-15 23:29:10.477375,threads,1ff35b87c2a3aea65bc3da8e363ca813
https://www.threads.com/@doktercamo/post/DWK2Iawk_6i,doktercamo,2026-03-22 07:00:00+07:00,Kalau kamu: 🚽 kencing terus (bisa > – liter/hari) 🥤 haus ekstrem 🌙 bolak-balik ke toilet malam 👉 JANGAN langsung mikir KENCING MANIS Bisa jadi ini: ⚠️ DIABETES INSIPIDUS Masalahnya bukan gula… tapi: 🧠 hormon ADH bermasalah 💧 ginjal gagal “tahan air” ➡️ urine jadi sangat encer & terus keluar 🧪 Ciri khas: 📉 urine encer 📈 darah lebih pekat (Natrium naik) 🚨 HATI-HATI: Ini bukan kondisi ringan Dan beda total dengan 'KENCING MANIS',threads,2026-06-15 23:29:10.477375,threads,078f031bf3a893c2380b1c5568ec8692
https://www.threads.com/@doktercamo/post/DWK2Iawk_6i,handreastefano,2026-03-22 07:00:00+07:00,"Sudah hidup dengan DI selama tahun. Sangat tidak mudah. Dulu waktu parah-parahnya (sebelum terdiagnosa dan minum obat) Pipis bisa liter sehari. Haus tidak bisa hilang. Minum, menit kemudian mulut langsung kering sampai lidah nempel ke langit mulut. Tidak bisa berkeringat sama sekali walaupun olahraga atau cuaca panas. Tidak bisa tidur lelap karena selalu bangun tiap jam, kandung kemih serasa mau meledak. Pipis selalu - , liter. Sangat menderita, tp sekarang sudah bs menerima.",threads,2026-06-15 23:29:10.477375,threads,54abe499a856b8eb7efe0b28a403d96d
https://www.threads.com/@doktercamo/post/DWK2Iawk_6i,themoels23,2026-03-22 07:00:00+07:00,Maaf dok sy baca berulang memastikan bukan INSIDIUS🫡🙏,threads,2026-06-15 23:29:10.477375,threads,3db45db7b5171cb3dca5ee7fab8ed936
https://www.threads.com/@doktercamo/post/DWK2Iawk_6i,pan24n_,2026-03-22 07:00:00+07:00,Baca disini banyak banget yg resah gampang kencing setelah minum. Sy sempet punya permasalahan yg sama. Tiap abis minum pasti bocor. Dan hidrasi harian jauh dibawah anjuran tp air kencing bening banget. Ngbrol sama GPT kemungkinan tubuh kita kemampuan menahan airnya lemah. Karena normalnya kalo hidrasi buruk kencingnya nggak mungkin jernih. Nah dari situ disarankan meningkatkan asupan natrium. Alhamdulillah perlahan normal lagi.,threads,2026-06-15 23:29:10.477375,threads,58bc233313e4ca25efe986ca078a58aa
https://www.threads.com/@doktercamo/post/DWK2Iawk_6i,koselige,2026-03-22 07:00:00+07:00,"Dok katanya kalo urine bening malah tanda kita sehat/tidak kekurangan cairan. Justru kalo urine kuning pekat itu yg ga bagus, gimana dong jadinya??",threads,2026-06-15 23:29:10.477375,threads,1619632d4713a90ace5aaa58b6270490
https://www.threads.com/@doktercamo/post/DWK2Iawk_6i,cittapermataa,2026-03-22 07:00:00+07:00,Emang kalau pipis kita sekali pipis brp ml sih,threads,2026-06-15 23:29:10.477375,threads,75745ce646a16ac49ed2186354e08e53
https://www.threads.com/@doktercamo/post/DWK2Iawk_6i,f.richman29,2026-03-22 07:00:00+07:00,Kalo sering minum sering kecing apakah normal dok?,threads,2026-06-15 23:29:10.477375,threads,6bc22c99feb2225e230f3643a88868be
https://www.threads.com/@doktercamo/post/DWK2Iawk_6i,mukhlisalafkar,2026-03-22 07:00:00+07:00,Klo habis ngopi pasti bs liter wajar ya,threads,2026-06-15 23:29:10.477375,threads,6c22a4f18fbcde2f8a961251c2816c33
https://www.threads.com/@doktercamo/post/DWK2Iawk_6i,kantuikkbalapuikk,2026-03-22 07:00:00+07:00,"Lebih ke bentar kencing tp kayaknya gak sampe literan,cm kencing normal lancar tapi ada jarak beberapa kali,cm ga sampe seharian",threads,2026-06-15 23:29:10.477375,threads,a1556a8910b6c2b21d969bd628271c7f
https://www.threads.com/@doktercamo/post/DWK2Iawk_6i,idulflex,2026-03-22 07:00:00+07:00,Kalo katanya urine pekat masalah tapi knpa kalo bening masalah juga terus urine yg baik yg bagaimana karena sy kalo malam dan minum air dlm jumlah banyak sgt sering kencing tapi tdk sampai bangun untuk kencing tapi sebelum tidur sampai jam malam bisa sampai sampai kali tapi saat tes di lab semuanya normal,threads,2026-06-15 23:29:10.477375,threads,fe881a14915446345a59bca676829a39
https://www.threads.com/@doktercamo/post/DWK2Iawk_6i,doktercamo,2026-03-22 07:00:00+07:00,Ini pertanyaannya dimulai darimana ya? Ga ada komanya,threads,2026-06-15 23:29:10.477375,threads,28a0d14cd8f5d33ff81b6a85e1044ec2
https://www.threads.com/@doktercamo/post/DWK2Iawk_6i,fenn_94,2026-03-22 07:00:00+07:00,"Mon maap dok izin nanya, cara cek kt kencing lbh dr ltr perhari gimna? Masa hrs saya tampung d ember 😭😭😭",threads,2026-06-15 23:29:10.477375,threads,634dadeb6a7fcc0f88fc93e1a1fc26f0
https://www.threads.com/@doktercamo/post/DWK2Iawk_6i,bossbulu24,2026-03-22 07:00:00+07:00,"Lha iya...tampung di literan air, kek rumah sakit",threads,2026-06-15 23:29:10.477375,threads,d2d6318770e1fe25a8b26da12ea22b87
https://www.threads.com/@doktercamo/post/DWK2Iawk_6i,alfianski,2026-03-22 07:00:00+07:00,"Apa bedanya dengan Overactive Bladder (OAB), dok?",threads,2026-06-15 23:29:10.477375,threads,059884a54c65d12d580d343e6f7c30b4
https://www.threads.com/@doktercamo/post/DWK2Iawk_6i,rahmawatiatiek,2026-03-22 07:00:00+07:00,"Ibu saya seperti ini Dok, sampai beliau kalau pas dalam perjalanan ga berani minum karena takut pipis. Adakah penyebab dan atau pemicu lain selain kekurangan hormon ADH? (eh, benar ga sih? seingat saya dulu itu nama hormonnya pas belajar Biologi jaman SMA)",threads,2026-06-15 23:29:10.477375,threads,823b3cbfabf709d9490777aa73ae76b3
https://www.threads.com/@doktercamo/post/DWK2Iawk_6i,handreastefano,2026-03-22 07:00:00+07:00,"Kalau DI justru harus minum, tidak boleh tidak atau malah bisa jadi fatal. Karena pipisnya bukan dari banyaknya minum. Tidak minum pun, akan pipis terus.",threads,2026-06-15 23:29:10.477375,threads,89a389e737143b07d382dae13478bb57
https://www.threads.com/@doktercamo/post/DWK2Iawk_6i,rahmawatiatiek,2026-03-22 07:00:00+07:00,Terima kasih infonya. Saya yg awam ini jadi tambah ilmu,threads,2026-06-15 23:29:10.477375,threads,8641c96db32a04a2985fb8a6b6b53968
https://www.threads.com/@doktercamo/post/DWK2Iawk_6i,itsdeviaa_,2026-03-22 07:00:00+07:00,"Dok, saya punya diabetes tipe . Akhir ini pipisnya sering bgt+banyak, kadang kalau lg tidur ga pipis tp pas bangun saking banyaknya air pipis sampe anyeng an keluarnya. Sehari bisa liter lebih air diminum saking haus terus padahal ga ngerjain aktifitas berat",threads,2026-06-15 23:29:10.477375,threads,871663616e7d2435b6e54731f895d58c
https://www.threads.com/@doktercamo/post/DWK2Iawk_6i,kantuikkbalapuikk,2026-03-22 07:00:00+07:00,"Waktu sahur puasa kemarin pernah sekali minum kopi,setelah subuh beberapa kali kencing mulu, berhenti² siang menjelang sore,dan jadi super haus kering rasanya,mana cuacanya panasss bgt, besoknya ga mau lagi ngopi pas sahur",threads,2026-06-15 23:29:10.477375,threads,ef12e78574a6bfa042b4eb50bcfee552
https://www.threads.com/@doktercamo/post/DWK2Iawk_6i,bibu_hij,2026-03-22 07:00:00+07:00,"Apa ini bisa terjadi pada anak ya? Soalnya anakku yg umur tahun itu jarang minum tapi sampe skrg masih suka ngompol kalo malam, alasannya males krn harus bolak balik pipis.",threads,2026-06-15 23:29:10.477375,threads,9c8acbc55658a5d59414a5d281a6b556
https://www.threads.com/@doktercamo/post/DWK2Iawk_6i,doktercamo,2026-03-22 07:00:00+07:00,Sudah diperiksakan ke dokter?,threads,2026-06-15 23:29:10.477375,threads,2ab7df6e57767fb0c794eab8ce240e36
https://www.threads.com/@doktercamo/post/DWK2Iawk_6i,doktercamo,2026-03-22 07:00:00+07:00,Ya sebaiknya diperiksakan dulu ke dokter 🙏 Saya ga bisa / ga sebaiknya nerawang lewat sosmed,threads,2026-06-15 23:29:10.477375,threads,b97de4f5f3a8043dcaf815f5a9989897
https://www.threads.com/@doktercamo/post/DWK2Iawk_6i,bibu_hij,2026-03-22 07:00:00+07:00,Tes apa yg diperlukan untuk mengetahui kecenderungan DI dok?,threads,2026-06-15 23:29:10.477375,threads,1076d45ece64fc8700a0c6e922073cde
https://www.threads.com/@doktercamo/post/DWK2Iawk_6i,gracenandatambun,2026-03-22 07:00:00+07:00,"Dok aku malah lebh aktif kencing di malam hari darpda di siang hari, apa bisa krna indikasi gula?",threads,2026-06-15 23:29:10.477375,threads,afe2f58b178d430280285d85b60b5644
https://www.threads.com/@doktercamo/post/DWK2Iawk_6i,doktercamo,2026-03-22 07:00:00+07:00,"Kalau pertanyaannya ""bisa nggak?"", hampir selalu jawabannya ""bisa jadi"". Sudah pernah medical check up?",threads,2026-06-15 23:29:10.477375,threads,93c5ecf23c998da30c461d21e3589b05
https://www.threads.com/@doktercamo/post/DWK2Iawk_6i,listysulis95,2026-03-22 07:00:00+07:00,"ini seperti pasien yang saya jaga dia kelainan ceberal palsy. dia kalau setiap setelah minum/makan sesuatu langsung pengin kencing , baru kencing pun beberapa menit sudah keluar lagi itu kencing, apalagi kalau suasana hati tidk baik saja. malam gk tidur cuma bolak balik wc untuk kencing.",threads,2026-06-15 23:29:10.477375,threads,37706a0ffb47f2b1437ac21e87a846ce
https://www.threads.com/@doktercamo/post/DWK2Iawk_6i,nur.habibie,2026-03-22 07:00:00+07:00,"Dok kalo sahur abis sebotol air mineral ml, absa subuh kencing mulu, wajar ga dok 😁",threads,2026-06-15 23:29:10.477375,threads,e91d8f2a032a29aa282e3db0a6030bc9
https://www.threads.com/@doktercamo/post/DWK2Iawk_6i,arthur_scolletta,2026-03-22 07:00:00+07:00,"Bagaimana kalau suka minum air putih, satu hari bisa - liter?",threads,2026-06-15 23:29:10.477375,threads,128a42fd4812293a863f2a03c9d13c67
https://www.threads.com/@doktercamo/post/DWK2Iawk_6i,iqbalnugro,2026-03-23 07:00:00+07:00,Gimana caranya tau berapa banyak kencing kita dok? Apakah harus pake gelas takar?,threads,2026-06-15 23:29:10.477375,threads,81b5ed6a8814877bcc7b1b07be9c0437
https://www.threads.com/@doktercamo/post/DWK2Iawk_6i,anggiegiovanni,2026-03-22 07:00:00+07:00,Penyakit yg merenggut nyawa adik ipar saya. Husnul Khatimah adek cantik 🥹🤲🏻,threads,2026-06-15 23:29:10.477375,threads,83e243fb22ccb431083924f438bd3b33
https://www.threads.com/@doktercamo/post/DWK2Iawk_6i,vinz_kho25,2026-03-22 07:00:00+07:00,Pernah baca di forum komunitas DI (diabetes inisipidus) Mereka sehari bisa minum - liter sehari…. Kencing mya jg sehari belasan liter Jd kyk air mengalir aja di badan mereka wkkw,threads,2026-06-15 23:29:10.477375,threads,efa70cf6d06347969e7852af6d52fc4a
https://www.threads.com/@dr.doddyrizqi/post/DVxezlnjxng,dr.doddyrizqi,2026-03-12 07:00:00+07:00,"Selamat hari ginjal sedunia, Dimana di indonesia penyebab gagal ginjal nomer adalah darah tinggi dan kedua diabetes yg tidak terkontrol Masih banyak yg menyepelekan, dan masih banyak stigma obat tensi dan diabet merusak ginjal, tapi justru sebaliknya Mbuh piye carane TENSI sama GULA mu kudu TERKONTROL Nb : target tensi < / , gula hba c <",threads,2026-06-15 23:29:10.477375,threads,1c4f7b51b05ccd87a892750eb7defc87
https://www.threads.com/@dr.doddyrizqi/post/DVxezlnjxng,fitriwahyuni228,2026-03-12 07:00:00+07:00,"Andai tidak dirujuk ke Internist akhir Desember kemarin karena tekanan darah selalu diatas / saya tidak akan tahu kalau hal tersebut bisa berpengaruh ke ginjal saya. Oleh dokter diagnosanya Secondary Hypertension, unspecified",threads,2026-06-15 23:29:10.477375,threads,b66856208ab3ac0af42106470398d826
https://www.threads.com/@dr.doddyrizqi/post/DVxezlnjxng,netui_kadneme,2026-03-12 07:00:00+07:00,Vidi darah tinggi atau diabetes?,threads,2026-06-15 23:29:10.477375,threads,8bb6e0a71dcb58324d90a57c24315129
https://www.threads.com/@dr.doddyrizqi/post/DVxezlnjxng,martinimerin,2026-03-12 07:00:00+07:00,Dok apakah benar batu ginjal ada unsur bawaan alias genetika? Soalnya ibu sy punya riwayat batu ginjal dan sekarang sy jg ada batunya di ginjal kanan dan kiri.,threads,2026-06-15 23:29:10.477375,threads,f36d43398fecbb3d273f4e327a4cba5d
https://www.threads.com/@dr.doddyrizqi/post/DVxezlnjxng,dr.doddyrizqi,2026-03-12 07:00:00+07:00,"Betul, ada kak",threads,2026-06-15 23:29:10.477375,threads,8e50643094bfce4570e1dd163fda8a80
https://www.threads.com/@dr.doddyrizqi/post/DVxezlnjxng,martinimerin,2026-03-12 07:00:00+07:00,"Ooh baik dok, terima kasih byk infonya 🙏🏼",threads,2026-06-15 23:29:10.477375,threads,37152ba8f7101b68663d7fc9bdab8556
https://www.threads.com/@dr.doddyrizqi/post/DVxezlnjxng,hanifarrasyadhrp,2026-03-13 07:00:00+07:00,Dok kenapa pasien HD walaupun sudah cuci darah sulit tidur? Bolehkah pasien HD konsumsi magnesium supaya bisa tidur nyenyak dok?,threads,2026-06-15 23:29:10.477375,threads,dd53e38d8bcddf2d157ba99609d41112
https://www.threads.com/@dr.doddyrizqi/post/DVxezlnjxng,dr.doddyrizqi,2026-03-13 07:00:00+07:00,"Jangan, nanti resiko hipermagnesemia kecuali sudah di cek lab dulu ka, sebaiknya memang di analisis dulu, apakah ada cairan di paru, nyeri kaki, atau problem psikis",threads,2026-06-15 23:29:10.477375,threads,fe20c0d9adccc5cc6fb2de58eaeda064
https://www.threads.com/@dr.doddyrizqi/post/DVxezlnjxng,wisuprawestri,2026-03-12 07:00:00+07:00,"Tadi ada istri pasien ke poli minta surat sakit. Suami gak ikut, katanya badannya sdh bengkak semua, gak mau dibawa ke IGD. Katanya sdh disuruh HD tp masih pikir"". Yg saya ingat beliau ada riwayat DM dan hipertensi. Ya salam.....terus buat apa surat sakit kalau kondisinya sdh perlu dirawat dan perlu HD",threads,2026-06-15 23:29:10.477375,threads,31694afec24879ab20c49965019817c9
https://www.threads.com/@dr.doddyrizqi/post/DVxezlnjxng,ipahamilah,2026-03-13 07:00:00+07:00,wingi wis tak kandani apik . Lha aku malah dinesoni mbok ku. Soale wegah karo obat tensi. Lha emboh piye carane...,threads,2026-06-15 23:29:10.477375,threads,3fdec6e10687ce389a323d652679e31d
https://www.threads.com/@dr.doddyrizqi/post/DVxezlnjxng,pentyendah,2026-03-12 07:00:00+07:00,Matur nuwon remindernya ya...semoga pasien HT dan DM pada aware ya,threads,2026-06-15 23:29:10.477375,threads,5f4b4232c194da75c3e2264c3a034e86
https://www.threads.com/@dr.doddyrizqi/post/DVxezlnjxng,dianpangestu.p.s,2026-03-12 07:00:00+07:00,"Alhamdulillah tensi dah perlahan turun ke / , semoga tahan terhadap godaan makanan gurih dan berminyak😭😭",threads,2026-06-15 23:29:10.477375,threads,bd5c37aebcd3e499ffb7e403f7638b80
https://www.threads.com/@st.antonius678/post/DWDcEbpEZwc,st.antonius678,2026-03-19 07:00:00+07:00,"Temen gue kurus sejak SMA. Makan banyak, gak gemuk-gemuk. Semua orang bilang dia beruntung. Metabolisme bagus katanya. Umur , dia check-up rutin. Hasilnya: diabetes tipe . Dokternya bilang gini: ""Berat badan lo normal. Tapi visceral fat lo seperti orang obesitas."" Gue yang denger ceritanya aja langsung diem. Ini yang ternyata selama ini kita salah paham:",threads,2026-06-15 23:29:10.477375,threads,016af06079cee0d9da5551a5b6b1f04e
https://www.threads.com/@st.antonius678/post/DWDcEbpEZwc,st.antonius678,2026-03-19 07:00:00+07:00,"Kurus bukan berarti sehat. Selama ini kita ngira orang kurus itu aman dari penyakit metabolik. Diabetes, fatty liver, tekanan darah tinggi, itu ""urusan orang gemuk."" Ternyata enggak. Yang menentukan risiko itu bukan berat badan lo. Tapi di mana lemak lo disimpan. Dan ada satu jenis lemak yang bisa bersembunyi di orang kurus sekalipun.",threads,2026-06-15 23:29:10.477375,threads,b20b2465ecf09de0809bef89c3a70577
https://www.threads.com/@st.antonius678/post/DWDcEbpEZwc,st.antonius678,2026-03-19 07:00:00+07:00,"Ada dua jenis lemak di tubuh lo. Lemak subkutan: yang ada di bawah kulit. Yang bikin perut buncit keliatan, paha berisi. Ini yang lo liat di cermin. Visceral fat: lemak yang nempel di organ dalam. Hati, pankreas, jantung, usus. Gak keliatan dari luar. Orang kurus bisa punya sedikit lemak subkutan tapi visceral fat yang tinggi. Dari luar kelihatan oke. Dari dalam, organnya lagi berjuang.",threads,2026-06-15 23:29:10.477375,threads,78d9c0b5bf97a0a5260a9183c4f3978b
https://www.threads.com/@st.antonius678/post/DWDcEbpEZwc,st.antonius678,2026-03-19 07:00:00+07:00,"Bayangkan dua kantong plastik. Kantong A penuh, melar ke mana-mana kelihatan dari luar. Kantong B kelihatan kosong dari luar, tapi isinya dipadatin rapat-rapat ke dalam. Itulah bedanya lemak subkutan vs visceral fat. Kantong B yang sebenernya lebih berbahaya. Tekanannya ke organ di dalam. Dan mayoritas alat ukur biasa termasuk timbangan gak bisa bedain dua kantong itu.",threads,2026-06-15 23:29:10.477375,threads,136a36ad9a19409549b27e0cbcdb7e94
https://www.threads.com/@st.antonius678/post/DWDcEbpEZwc,st.antonius678,2026-03-19 07:00:00+07:00,"Ini yang gue gak nyangka. Visceral fat tinggi itu bisa terjadi ke orang yang: — Jarang olahraga tapi berat badannya normal — Sering makan karbohidrat tinggi tapi kalorinya ""pas-pasan"" — Duduk – jam sehari tanpa gerak Gak harus gemuk. Gak harus makan banyak. Pola hidupnya yang bikin visceral fat numpuk diam-diam. Kayak debu di kipas angin tiap hari numpuk dikit-dikit, gak keliatan sampai tiba-tiba macet.",threads,2026-06-15 23:29:10.477375,threads,ee0d2274651be3090b3441dce1191daf
https://www.threads.com/@st.antonius678/post/DWDcEbpEZwc,st.antonius678,2026-03-19 07:00:00+07:00,"Dan ini yang paling jarang dibahas. Visceral fat itu aktif secara hormonal. Dia ngelepas zat kimia yang ganggu cara tubuh lo proses gula darah. Makanya bisa langsung nyambung ke diabetes tipe bahkan tanpa obesitas. Bukan cuma soal penampilan. Ini soal fungsi organ. Kayak baterai yang kelihatan penuh di layar HP, tapi konsumsi dayanya tinggi dari dalam dan bikin performa keseluruhan drop.",threads,2026-06-15 23:29:10.477375,threads,4791c8035b79f0971afa6c581e322d32
https://www.threads.com/@st.antonius678/post/DWDcEbpEZwc,st.antonius678,2026-03-19 07:00:00+07:00,"Fakta yang bikin gue bengong: Kondisi ini punya nama resmi: TOFI. Thin Outside, Fat Inside. Penelitian di UK menemukan sekitar dari orang dengan BMI ""normal"" ternyata punya kadar lemak tubuh setara obesitas. Mereka kelihatan kurus. Tapi profil kesehatannya mirip orang yang kelebihan berat badan. Dan mereka sendiri gak tau karena selama ini cuma nimbang badan.",threads,2026-06-15 23:29:10.477375,threads,a1417124e1fb90f85daa5036743ccb16
https://www.threads.com/@st.antonius678/post/DWDcEbpEZwc,st.antonius678,2026-03-19 07:00:00+07:00,"Nah ini yang agak menyebalkan. Gejala visceral fat tinggi itu hampir gak ada yang obvious. Bukan nyeri. Bukan bengkak. Bukan perubahan fisik yang keliatan. Yang biasa muncul perlahan: gampang capek, perut kembung, susah fokus, gula darah naik pelan-pelan. Semua itu gampang dikira ""kurang tidur"" atau ""kecapekan kerja."" Makanya banyak yang ketahuannya pas check-up kayak temen gue tadi.",threads,2026-06-15 23:29:10.477375,threads,dd048b26973d85a47ba1e26aa29393f1
https://www.threads.com/@st.antonius678/post/DWDcEbpEZwc,st.antonius678,2026-03-19 07:00:00+07:00,"Dan ini yang bikin hasilnya beda jauh. Kabar baiknya: visceral fat itu yang paling responsif terhadap perubahan gaya hidup. Turunin dulu visceral fat, hasilnya keliatan lebih cepat dibanding ngurangin lemak subkutan. Tapi syaratnya: lo harus tau level visceral fat lo sekarang. Kalau gak tau, lo gak bisa track apakah yang lo lakuin itu beneran efektif atau cuma nguras tenaga doang.",threads,2026-06-15 23:29:10.477375,threads,14a3000674e147ff6d59b578608a9ed9
https://www.threads.com/@st.antonius678/post/DWDcEbpEZwc,st.antonius678,2026-03-19 07:00:00+07:00,"Setelah cerita temen gue itu, gue mulai cek sendiri. Berat badan gue normal. BMI oke. Dari luar gak ada yang aneh. Tapi pas gue ukur komposisi tubuh, visceral fat gue ada di level . Batas aman itu di level – . Gue pas di ujungnya. Kalau gue gak ukur, gue gak akan tau. Dan gue mungkin santai-santai aja sampai tiba-tiba ketauan pas check-up kayak temen gue.",threads,2026-06-15 23:29:10.477375,threads,331253170bffbc54eb75278b4bab9a48
https://www.threads.com/@st.antonius678/post/DWDcEbpEZwc,st.antonius678,2026-03-19 07:00:00+07:00,"Dan ini yang bikin gue nyesel gak lakuin lebih awal. Ngukur visceral fat sekarang itu udah bisa dilakukan sendiri di rumah. Bukan cuma di klinik. Ada timbangan body composition yang pakai teknologi BIA sama yang dipakai dokter buat baca visceral fat level, body fat %, muscle mass, sampai resting metabolism. Lo tau angkanya. Lo bisa track perubahannya. Dan lo gak perlu nunggu check-up tahunan buat tau kondisi lo.",threads,2026-06-15 23:29:10.477375,threads,241e92f436a6d2d41e4ebc1fa60a58d0
https://www.threads.com/@st.antonius678/post/DWDcEbpEZwc,st.antonius678,2026-03-19 07:00:00+07:00,"Untuk ngecek-nya biar lebih praktis dirumah bisa pakai Omron Karada Scan HBF- 👉 s.shopee.co.id/ AJl … Dia ukur metrik sekaligus: visceral fat level, body fat %, muscle mass, resting metabolism, body age, BMI, dan berat badan semua dalam detik. Yang penting: visceral fat level-nya akurat dan konsisten. Bisa track dari bulan ke bulan. Harganya jauh lebih murah dibanding biaya check-up rutin tiap bulan.",threads,2026-06-15 23:29:10.477375,threads,6d9388a8c50fe80e13f4924c4756d0f2
https://www.threads.com/@st.antonius678/post/DWDcEbpEZwc,st.antonius678,2026-03-19 07:00:00+07:00,"Btw, ini panduan level visceral fat buat referensi: Level – → Aman Level – → Waspada, mulai perlu diperhatiin Level + → Risiko tinggi, perlu tindakan serius Kalau lo kurus dan belum pernah cek visceral fat, ini sign buat mulai. Bukan soal penampilan. Temen gue yang kurus itu buktinya. Save thread ini sebelum hilang dari feed.",threads,2026-06-15 23:29:10.477375,threads,b5985e3fc8e600e0c913b12c599f3e56
https://www.threads.com/@st.antonius678/post/DWDcEbpEZwc,ineznovindriastuti,2026-03-19 07:00:00+07:00,jadi ternyata ini jawaban kalo orang kurus tp kolesterolnya dicek tinggi bgt,threads,2026-06-15 23:29:10.477375,threads,f76a001d05b93d5466b211f690dbc67a
https://www.threads.com/@st.antonius678/post/DWDcEbpEZwc,hasrullah.haris,2026-03-19 07:00:00+07:00,Ini aman ya Kak? Kebetulan tahun lalu habis di check sama dokter perusahaan.,threads,2026-06-15 23:29:10.477375,threads,5c5e46644b68e21920864d53085e8737
https://www.threads.com/@st.antonius678/post/DWDcEbpEZwc,diskonkalori,2026-03-19 07:00:00+07:00,Usually this case happens to asian ppl due to genetics,threads,2026-06-15 23:29:10.477375,threads,41b2d01a77e1b6001b463399970c8833
https://www.threads.com/@st.antonius678/post/DWDcEbpEZwc,st.antonius678,2026-03-19 07:00:00+07:00,Bener banget! Makanya BMI standar kadang suka tricky buat orang Asia. Genetik kita emang cenderung lebih gampang numpuk lemak di organ dalam dibanding sekadar di bawah kulit.,threads,2026-06-15 23:29:10.477375,threads,f2da3719c7af71fc15f4c5cdd6d49030
https://www.threads.com/@st.antonius678/post/DWDcEbpEZwc,yulianingsih8869,2026-03-19 07:00:00+07:00,"Aku badan kurus, pernah ngerasa ga enak badan beberapa hari tanpa tau sebabnya. Cek kolesterol asam urat . Ga nyangka bisa kaya gitu",threads,2026-06-15 23:29:10.477375,threads,9f69d882fd11dfce88765a29b4209771
https://www.threads.com/@st.antonius678/post/DWDcEbpEZwc,st.antonius678,2026-03-19 07:00:00+07:00,"Persis kayak di utas, gejalanya emang sering diem-diem dan cuma kerasa 'gak enak badan' atau gampang capek doang. Karena badannya kurus, kita sering kecolongan dan nggak nyangka angkanya bisa segitu. Berhubung angkanya lumayan tinggi, saran gue kalau hasil cek lab-nya tinggi kayak gitu mending langsung konsul ke dokter aja ya kak biar dapet penanganan/diet yang pas. Dan next-nya dirutinin aja cek lab atau pantau komposisi tubuhnya biar nggak nebak-nebak lagi. Semangat & sehat selalu ya kak.",threads,2026-06-15 23:29:10.477375,threads,e48bb380e3d64991f4739aaa77aadce3
https://www.threads.com/@st.antonius678/post/DWDcEbpEZwc,yulianingsih8869,2026-03-20 07:00:00+07:00,"Iya, umur menjelang merasa santai karena kurus, ternyata oh ternyata.. mkasih kk infonya, insya Allah mulai jaga badan dan harus ke dokter. Sehat selalu juga kk..",threads,2026-06-15 23:29:10.477375,threads,85578d74d7c338de7e7f6ca83339c4bd
https://www.threads.com/@st.antonius678/post/DWDcEbpEZwc,galuhgitapratiwi,2026-03-19 07:00:00+07:00,"Baca utas ini bikin nambah pengetahuan, tp nambah bahan ovt saya juga😅",threads,2026-06-15 23:29:10.477375,threads,ef02b27a46ef16e350e533e5399f40e2
https://www.threads.com/@st.antonius678/post/DWDcEbpEZwc,joynerkitchen,2026-03-19 07:00:00+07:00,Jd utk menghilangkan lemak visceralnya itu bgmn mas? Rutin Olga ato rubah pola makannya?,threads,2026-06-15 23:29:10.477375,threads,c3d3d7cb194546ea1e0bb8d05f40836e
https://www.threads.com/@st.antonius678/post/DWDcEbpEZwc,bunda_tarsan,2026-03-19 07:00:00+07:00,"Aku beli timbangan yg komplit itu, bisa ngetrack visceral fat dan Alhamdulillah kadarnya",threads,2026-06-15 23:29:10.477375,threads,e5fc555959899b87da6b54161bebebe4
https://www.threads.com/@st.antonius678/post/DWDcEbpEZwc,purmana,2026-03-20 07:00:00+07:00,"Gw nge gym, otot naik, dada, paha dan tangan membesar tapi pinggang mengecil. BB masuk kategori overweight tapi body fat < %. Dengan semua effort gw buat sehat, malah seenaknya diejek oleh temen gw yang ""kurus""... ""Nih liat gw ga usah olahraga dan makan sembarangan aja badan gw udah bisa kurus"" 😂😂😂.",threads,2026-06-15 23:29:10.477375,threads,3f2229e78501b6185b9ff235a045eddb
https://www.threads.com/@st.antonius678/post/DWDcEbpEZwc,glaz.ziersmile,2026-03-20 07:00:00+07:00,"Saya rutin timbang bb yg bisa cek viceral fat rata , -",threads,2026-06-15 23:29:10.477375,threads,8ce02d6002b3abafb5807e3aa77f9108
https://www.threads.com/@st.antonius678/post/DWDcEbpEZwc,kaishananjani,2026-03-20 07:00:00+07:00,"Saya sejak dia hari lalu kepikiran. Saya makan dengan baik, tapi terlihat kurus. Jarang olahraga juga... Baca utas ini sampe selesai jadi ngerti kemungkinan itu.. Makasih pak",threads,2026-06-15 23:29:10.477375,threads,0490a51ebf477c1f14661db792b2ec0a
https://www.threads.com/@st.antonius678/post/DWDcEbpEZwc,puspa_april_sasyanto,2026-03-19 07:00:00+07:00,Dulu juga punya temen waktu SMK. Dia gemuk tapi kata dokter dia kurang gizi 🤦 Hal itu dijadiin becandaan temen nya,threads,2026-06-15 23:29:10.477375,threads,04e3185d9ab9713547ea7dc7542d3b99
https://www.threads.com/@st.antonius678/post/DWDcEbpEZwc,kristiani_naomi,2026-03-19 07:00:00+07:00,"Makasih info nya kak , aku termasuk org kurus tapi ada penyakit nya. Sekarang udah ada asam urat padahal umur masih an 😌",threads,2026-06-15 23:29:10.477375,threads,b2e3f5a5238d19c740d12cb9630ee80d
https://www.threads.com/@fadly_aja.ya/post/DRnwTJ1AfbZ,fadly_aja.ya,2025-11-29 07:00:00+07:00,"Gluten dan Neuropathy - Kesemutan yang Bukan Diabetes ""Tangan Kesemutan, Dikira Diabetes - Ternyata Celiac!"" Tangan dan kaki saya kesemutan terus, kebas. Terutama ujung jari. Makin lama makin parah. Dokter suspect diabetes → cek gula darah: NORMAL! HbA c: NORMAL! ""Mungkin neuropathy idiopathic"" - dikasih vitamin B complex. Nggak membaik.",threads,2026-06-15 23:29:10.477375,threads,78e0a44500e51437ce6919b138abf027
https://www.threads.com/@fadly_aja.ya/post/DRnwTJ1AfbZ,fadly_aja.ya,2025-11-29 07:00:00+07:00,"Setelah screening comprehensive: Celiac disease! Strict GF + high-dose B vitamins: bulan → kesemutan % berkurang. Thawani et al. ( ) dalam studi kohort besar menemukan peripheral neuropathy terjadi pada % pasien celiac yang tidak terdiagnosis, sering menjadi presenting symptom sebelum GI issues muncul. Celiac nggak cuma soal perut - bisa mulai dari nerve damage!",threads,2026-06-15 23:29:10.477375,threads,17c5a7a8be93143b82f6a5e228deaa8b
https://www.threads.com/@fadly_aja.ya/post/DRnwTJ1AfbZ,fadly_aja.ya,2025-11-29 07:00:00+07:00,"Types of Gluten-Related Neuropathy Type : Peripheral Sensory Neuropathy (paling umum - - % kasus) Symptoms: Tingling, numbness (kesemutan, kebas) ""Stocking-glove"" distribution (kaki dulu, terus tangan) Burning sensation di telapak kaki (terutama malam hari) Sensasi seperti ""pakai sarung tangan tebal"" atau ""jalan di atas kapas"" Pain sensitivity berkurang (nggak kerasa saat kena panas/tajam - bahaya!)",threads,2026-06-15 23:29:10.477375,threads,7f5322e2fbccc0c0a0440b09b18c49ae
https://www.threads.com/@fadly_aja.ya/post/DRnwTJ1AfbZ,fadly_aja.ya,2025-11-29 07:00:00+07:00,"Progression: Start di jari kaki Naik ke kaki bawah Lalu tangan Bisa progress ke proksimal (paha, lengan atas) kalau nggak treated Type : Autonomic Neuropathy ( - % kasus - lebih serius) Symptoms: Orthostatic hypotension (pusing saat berdiri) Heart rate irregularities Gastroparesis (lambung lambat empty - kembung parah) Bladder dysfunction (susah kencing atau nggak terkontrol) Sexual dysfunction Sweating abnormal (terlalu banyak atau nggak bisa)",threads,2026-06-15 23:29:10.477375,threads,6bdeee9187b3cba080a3dc1bd9eaff52
https://www.threads.com/@fadly_aja.ya/post/DRnwTJ1AfbZ,fadly_aja.ya,2025-11-29 07:00:00+07:00,"Type : Motor Neuropathy ( - % kasus - jarang) Symptoms: Muscle weakness (terutama kaki - susah jinjit, susah naik tangga) Foot drop (kaki nggak bisa angkat, tersandung sering) Muscle atrophy (mengecil) Cramping Fasciculations (kedutan otot) Type : Mononeuropathy (rare - % kasus) Symptoms: Single nerve affected Contoh: Carpal tunnel syndrome (median nerve) Ulnar neuropathy (siku) Peroneal neuropathy (kaki drop)",threads,2026-06-15 23:29:10.477375,threads,b2115420b5f87534ff9052fa546d2d2e
https://www.threads.com/@fadly_aja.ya/post/DRnwTJ1AfbZ,fadly_aja.ya,2025-11-29 07:00:00+07:00,"Ludvigsson et al. ( ) melaporkan kombinasi sensory-autonomic neuropathy paling umum, menekankan pentingnya evaluasi komprehensif neurologis pada pasien celiac.",threads,2026-06-15 23:29:10.477375,threads,123afe231cf73d914a4e98bf525b2698
https://www.threads.com/@fadly_aja.ya/post/DRnwTJ1AfbZ,ldvnbl,2025-11-30 07:00:00+07:00,"Dulu saya berfikir kenapa sih diluar negeri tuh anak bulenya kalau makan harus yang gluten free. Apa harus gluten free. Kayaknya di Indonesia ga ada tuh anak nya yg mesti gluten free segala. Semua dimakan dan aman aja. Sampai akhirnya terjadi di anak saya sendiri. Jadi kesimpulannya di Indonesia tuh bukan nya ga ada, tapi tidak menyadari dan kurang ilmu 😅",threads,2026-06-15 23:29:10.477375,threads,1135dd293082244517e1bb40861e400f
https://www.threads.com/@fadly_aja.ya/post/DRnwTJ1AfbZ,fadly_aja.ya,2025-11-30 07:00:00+07:00,Mmaanntttaapppp..bener bgt apa yg d sampaikan,threads,2026-06-15 23:29:10.477375,threads,90d95e555e7123997d8ce472b4a4269d
https://www.threads.com/@fadly_aja.ya/post/DRnwTJ1AfbZ,ila2_59,2025-11-29 07:00:00+07:00,"Ini, gejala saya. Hilangnya memang setelah pola makan gluten free",threads,2026-06-15 23:29:10.477375,threads,5f934ef08b9c9656700c6ac0cf6866d1
https://www.threads.com/@fadly_aja.ya/post/DRnwTJ1AfbZ,fadly_aja.ya,2025-11-29 07:00:00+07:00,Alhamdulillah,threads,2026-06-15 23:29:10.477375,threads,2afb4fd558cbe805a82b34f1ecb39433
https://www.threads.com/@fadly_aja.ya/post/DRnwTJ1AfbZ,ozarax,2025-11-29 07:00:00+07:00,Kalau kepala yang kesemutan kenapa ya? soalnya kepala tu suka tiba kesemutan.,threads,2026-06-15 23:29:10.477375,threads,c9b62f4d8c151972c7de015a9dbe26c5
https://www.threads.com/@fadly_aja.ya/post/DRnwTJ1AfbZ,fadly_aja.ya,2025-11-29 07:00:00+07:00,Tgl tua itu penyebabnya,threads,2026-06-15 23:29:10.477375,threads,251eb08072615c7175485bf6245572f4
https://www.threads.com/@fadly_aja.ya/post/DRnwTJ1AfbZ,journey_24exmed,2025-11-29 07:00:00+07:00,Macam mane nak diagnosis ?,threads,2026-06-15 23:29:10.477375,threads,c9e4e39bda999f7e7a80c04078d01b9e
https://www.threads.com/@fadly_aja.ya/post/DRnwTJ1AfbZ,fadly_aja.ya,2025-11-29 07:00:00+07:00,Silahkan d baca dan d ikutii thread sy,threads,2026-06-15 23:29:10.477375,threads,567907ab4684875b6b2e5f55dd594db2
https://www.threads.com/@fadly_aja.ya/post/DRnwTJ1AfbZ,lab_spesialist_bawono,2025-11-29 07:00:00+07:00,"Cara ceknya gmn y? Istri sy suka gt, dl pernah diet tnp nasi cm buah dan sayur jd lbh sehat dan fresh",threads,2026-06-15 23:29:10.477375,threads,6003c77bb69b5806afcab568fa5f5084
https://www.threads.com/@bjornnesy/post/DUU0sFIkpV_,bjornnesy,2026-02-04 07:00:00+07:00,good news buat penderita diabetes atau yg baru pre-diabetes ternyata olahraga ringan jam setelah makan seperti jalan kaki cepat selama menit atau lari pelan selama menit dengan incline minimal derajat menanjak bisa menurunkan kadar gula darah hingga - mg/dl sudah saya coba sendiri karena saya pre-diabet,threads,2026-06-15 23:29:10.477375,threads,e88cd95c6823480e8deca92b7e944b79
https://www.threads.com/@bjornnesy/post/DUU0sFIkpV_,herbmeal_official,2026-02-06 07:00:00+07:00,d kerennn mesti dpertahankan tuh kak,threads,2026-06-15 23:29:10.477375,threads,27e34dc0c3d5ed454cfb7f40032d9d7b
https://www.threads.com/@bjornnesy/post/DUU0sFIkpV_,xinau_li,2026-02-04 07:00:00+07:00,"Itu ada penelitiannya kok, tp mager nyari lagi, cari sendiri ya warga kalo penasaran, hehe",threads,2026-06-15 23:29:10.477375,threads,043607baed4cf62f5e2d6931a38b1e87
https://www.threads.com/@farahdhitafff/post/DWSb2haD1V4,rezanabillaa,2026-03-26 07:00:00+07:00,Lagi hamil cek HbA c parah bgt mualllll minum air gula 😭🤣,threads,2026-06-15 23:29:10.477375,threads,8c7381d8368853f86076ee3bc0d557db
https://www.threads.com/@farahdhitafff/post/DWSb2haD1V4,dinar.e,2026-03-26 07:00:00+07:00,Saya apoteker. Ga berani ngasih obat diabetes tanpa resep dokter. Ngeri banget efeknya kalo salah. Denger ada sejawat ngasih gitu rasanya ……… 😡😢,threads,2026-06-15 23:29:10.477375,threads,5acb60e09d24686445db7652f715d4bd
https://www.threads.com/@farahdhitafff/post/DWSb2haD1V4,nengekawidia,2026-03-26 07:00:00+07:00,"Iyaaa ihh aku pas baca jg langsung kagett, tiba-tiba bgt glimepirid (?), trus jd trust issue, kayanya itu yg ngasih bukan apoteker deh. Soalnya kalau apoteker mana berani langsung kasih gol sulfonilurea 😭",threads,2026-06-15 23:29:10.477375,threads,9672d7e2917948bbd2753eaeaa239a5c
https://www.threads.com/@farahdhitafff/post/DWSb2haD1V4,dinar.e,2026-03-26 07:00:00+07:00,"Iya aih. Aku mah udh nyuruh igd kayanya 😭🙏. Ya ttp meskipun bukan apotekernya, apotek kan dikepalai apoteker. Kalpun TTKnya, harusnya konfirmasi kalo ada case gt 🫠🙏",threads,2026-06-15 23:29:10.477375,threads,87e6427e89616a819ec4a5bdac10bb37
https://www.threads.com/@farahdhitafff/post/DWSb2haD1V4,farahdhitafff,2026-03-26 07:00:00+07:00,Kakkkk. Kemarin kan pas malem takbir tuh poli spesialis penyakit dalam kan pada tutup. Ke igd takut disuruh rawat inap. Apalagi besoknya lebaran kak. Sedangkan kondisi klinis ibu aku ga ada lemes ga ada ngantuk atau gatel-gatel. Kalau kondisi om aku yg gatel nya udah parah sebulanan. Melihat situasi yg seperti itu sy buru buru cari obat utk menstabilkan gula darah di hari itu. Besok mau cek hba c dulu kak. Setelah itu sy periksakan ke SpPD. Makasih sarannya ya kak 🤍,threads,2026-06-15 23:29:10.477375,threads,f8b76af7eadf31c3b8b37b24ceee182f
https://www.threads.com/@farahdhitafff/post/DWSb2haD1V4,farahdhitafff,2026-03-26 07:00:00+07:00,Baik terimakasih sarannya dok. Sebenernya diabetes juga bs dari stress berlebih ya dok?,threads,2026-06-15 23:29:10.477375,threads,ec894697f90d92372ee7e0cbf93bdafb
https://www.threads.com/@farahdhitafff/post/DWSb2haD1V4,rahmadi.rizki.dr,2026-03-26 07:00:00+07:00,"bisa jadi tapi banyakk kak penyebabnya, kolestrol dan asam uratnya bagaimana? obesitas atau tidak? aktivitas fisiknya bagaimana? ada genetik diabetes juga atau tidak?",threads,2026-06-15 23:29:10.477375,threads,416a8264670e0a65a12e0539eca3a32b
https://www.threads.com/@farahdhitafff/post/DWSb2haD1V4,farahdhitafff,2026-03-26 07:00:00+07:00,Baik kak. Jadi memang alat stik itu bisa expired ya ternyata? Senin depan baru bs bawa HbA c kak karena saya masih diluar kota. Makasih banyak insight nya 🙏,threads,2026-06-15 23:29:10.477375,threads,08acc10912bd76fd73789638615ad781
https://www.threads.com/@farahdhitafff/post/DWSb2haD1V4,finurikha_,2026-03-27 07:00:00+07:00,Iyaa kak di botol kemasannya ada tgl expirednya. Sama kak. Semoga membantu.,threads,2026-06-15 23:29:10.477375,threads,50154c7aff2b50659bad5c3af37fed0b
https://www.threads.com/@farahdhitafff/post/DWSb2haD1V4,farahdhitafff,2026-03-25 07:00:00+07:00,Iya katanya cek hba c sekalian ya kakkk. Huhu takut,threads,2026-06-15 23:29:10.477375,threads,2dc0258e09745ef0341e96e22951f9db
https://www.threads.com/@farahdhitafff/post/DWSb2haD1V4,farahdhitafff,2026-03-26 07:00:00+07:00,Susah kan kakkk. Cuma senin bsk mau kubawa periksa hba c dlu kakk Usia brp bapak mertuanya kak?,threads,2026-06-15 23:29:10.477375,threads,bf2b1b091a25b9853b478219acf143ba
https://www.threads.com/@farahdhitafff/post/DWSb2haD1V4,azkaulftnnsa,2026-03-26 07:00:00+07:00,kak. Semoga lekas membaik ya kak,threads,2026-06-15 23:29:10.477375,threads,ea63c7e9b782266024c8a8f8d5f11461
https://www.threads.com/@farahdhitafff/post/DWSb2haD1V4,farahdhitafff,2026-03-26 07:00:00+07:00,Kakkkk terima kasih banyak 🤍🤍🤍 Senin dpn aku baru di tempat dmn ibuku tinggal kak. InsyaaAllah senin dpn mau hba c dlu,threads,2026-06-15 23:29:10.477375,threads,96ddd2f80f939b3edcd3ef1a5ce2dddc
https://www.threads.com/@farahdhitafff/post/DWSb2haD1V4,farahdhitafff,2026-03-26 07:00:00+07:00,"Hai kaakk iya senin mau diajak periksa keduanya, baik om dan ibukuuu. Kl besok akunya msh blm di kota tempat ibuku tinggal.",threads,2026-06-15 23:29:10.477375,threads,39ffdd981752dd4e5cf36d0663d29b8d
https://www.threads.com/@farahdhitafff/post/DWSb2haD1V4,kpermata24,2026-03-27 07:00:00+07:00,Coba Mama suruh cek HbA c. Jd bisa tau gula darah bln terakhir.,threads,2026-06-15 23:29:10.477375,threads,8fa9928e3ee7bbf5367ded9f94e13fc8
https://www.threads.com/@farahdhitafff/post/DWSb2haD1V4,farahdhitafff,2026-03-26 07:00:00+07:00,Iya kakkk siap. Waktu itu malem takbir. Di lain sisi karena panik juga. Ini mau kubawa periksa HARI INI juga ga memungkinkan aku masih di malang,threads,2026-06-15 23:29:10.477375,threads,65f0154542e84bf56acc4db015eaa0b5
https://www.threads.com/@farahdhitafff/post/DWSb2haD1V4,farahdhitafff,2026-03-26 07:00:00+07:00,"Kakkk aku panik bgt waktu itu karena itu angka nya gak rendah. Takut ibu kenapa tapi juga beliau ga mau diajak ke IGD. Om juga begitu. Apalagi orgtua ya merasa dirinya ga kenapa susah kakkk susah mau edukasi orgtua ini. Besoknya lebaran lagiiii. Dipaksa ke RS pun gak akan mempan mikirin lebaran dulu. Ga bs aku jelasin disini, beliau (om & ibu) blg aku gpp udah gpp. Tapi aku yg kepikiran parah mana skrg msh mudik balik minggu. InsyaaAllah senin aku bw cek hba c kak. Makasih sarannya yaaa..",threads,2026-06-15 23:29:10.477375,threads,8dbe240a85bbea23612f55f195e48701
https://www.threads.com/@farahdhitafff/post/DWSb2haD1V4,edoagusta,2026-03-26 07:00:00+07:00,"Pertanyaannya apakah sticknya baru apa lama? Karena stick test itu ada shelf live nya juga, karena mertua juga diabet, ada alat cek gula suatu saat ketemu kadar gulanya ab padahal sebelumnya sudah bisa under dengan. Obat dan pola makan, kemudian langsung cek di lab ternyata ya sekitar an. Ternyata sticknya sudah lama dari dibuka lebih dari bulan. Coba beli stick baru lagi aja trus di cek",threads,2026-06-15 23:29:10.477375,threads,9e5e4ce88edf4bf2e020f30466700289
https://www.threads.com/@farahdhitafff/post/DWSb2haD1V4,shint____,2026-03-26 07:00:00+07:00,"Saya paham, ini masa lebaran. Kamu bisa ke apotik kayak guardian yg ada layanan cek gula darah. Ada yg tes gula darah sewaktu, atau dengan puasa. Kalau fix setinggi itu gula darahnya, langsung dibawa ke dokter mana sj yg buka ya. Jangan langsung dikasih obat. Bisa meninggal kalau hipoglikemi akibat minum obat gula yg tidak tepat dosisnya. Kalau kepepet bgt bisa ke halodoc atau alodokter.",threads,2026-06-15 23:29:10.477375,threads,e7a6a437f0533b1a61a06109bedb040b
https://www.threads.com/@farahdhitafff/post/DWSb2haD1V4,farahdhitafff,2026-03-26 07:00:00+07:00,Iyaa kakkk terima kasih sarannya. Kedua nya sdh stop obat dan mau periksa InsyaaAllah senin depan,threads,2026-06-15 23:29:10.477375,threads,0b88aaad192a5bcf5dcde71500c3cf34
https://www.threads.com/@farahdhitafff/post/DWSb2haD1V4,farahdhitafff,2026-03-26 07:00:00+07:00,"Kakkk km tau, ini kan cek gula nya pas malem takbir. Besoknya lebaran. Semua keluarga termasuk aku stop jajanan manis padahal itu kue suguhan kami sendiri. Aku dan ibuku jualan nastar juga kak. Cookies gitu deh pokonya. Jadi auto stoppppppp nyemilin 🥹🥲😂",threads,2026-06-15 23:29:10.477375,threads,250cda83c741a47905f917336726781c
https://www.threads.com/@lillasyifa/post/DUa6HEGkpww,herbmeal_official,2026-02-06 07:00:00+07:00,d KURANGI + mesti jaga/perbaiki metabolisme,threads,2026-06-15 23:29:10.477375,threads,0ffa3cca4b37bd89621488d7bced7ce3
https://www.threads.com/@lillasyifa/post/DUa6HEGkpww,hanyyyoung96world,2026-02-07 07:00:00+07:00,“Koma tidak memberi pemberitahuan. Kerusakan organ tidak mengirim surat peringatan. Dan rumah sakit tidak menerima alasan ‘saya tidak tahu’.”,threads,2026-06-15 23:29:10.477375,threads,4ce41d61a8b84889d302abafb8f8f153
https://www.threads.com/@lillasyifa/post/DUa6HEGkpww,ketosehat.id,2026-02-07 07:00:00+07:00,Saran akusi beli kue keto tanpa tepung dan gula di moaicheese. Gulanya murni stevia,threads,2026-06-15 23:29:10.477375,threads,ff86190d8e991aef2da168c78e19e93e
https://www.threads.com/@ratih.anggraaini/post/DUYk2lYk9NW,ratih.anggraaini,2026-02-05 07:00:00+07:00,"Warga thread Yang usia - an , tapi sampai saat ini ga minum Obat darah tinggi & kolestrol & diabetes Selamat ya..",threads,2026-06-15 23:29:10.477375,threads,c7131b0889979b31cff9c4e1ff97d954
https://www.threads.com/@ratih.anggraaini/post/DUYk2lYk9NW,ratih.anggraaini,2026-02-07 07:00:00+07:00,"Banyak yang DM aku nanya, gimana caranya tetap fit & nggak bergantung obat di usia +. Aku jawab satu-satu ya, pelan-pelan 🤍 Kalau ada yang mau ngobrol juga, DM aja.",threads,2026-06-15 23:29:10.477375,threads,2978a962e4bcfdcc3c6c0b51eeaa1a87
https://www.threads.com/@ratih.anggraaini/post/DUYk2lYk9NW,pujiharjoyakubm,2026-02-05 07:00:00+07:00,"Alhamdulillah Ananda, saya tahun lebih, tidak ada obat yang saya konsumsi , kecuali kalau sakit kepala minum obat terus tidur. Kopi sehari cangkir, makan semua makanan halal , kecuali yang saya tidak suka dari dulu. Tidak berolahraga, atau gym.",threads,2026-06-15 23:29:10.477375,threads,2cf83640673b279c6f5fc77cb245fc9d
https://www.threads.com/@ratih.anggraaini/post/DUYk2lYk9NW,endang_my,2026-02-06 07:00:00+07:00,"Aku umur ...ga minum obat darah tinggi, kolesterol dan diabetes...TAPI minum tamofen ( penyitas kanker payudara ) utk tahun ke depan....apa aku berhak ikut dapat ucapan "" selamat "" ?",threads,2026-06-15 23:29:10.477375,threads,6e6cf50f9dd1df95c9994646c5b0b9ab
https://www.threads.com/@ratih.anggraaini/post/DUYk2lYk9NW,arrytristanti,2026-02-05 07:00:00+07:00,"akhir gula darah saya tinggi sekali sampai kena neuropatik syaraf ,hampir bulan gak bisa jalan.....sejak itu rubah pola hidup....alhamdulilah skrg gula darah normal,stop obat....BB dari turun ,latihan angkat . beban tiap hari jam,joging mnt.....usia tahun bulan ini",threads,2026-06-15 23:29:10.477375,threads,f0f9bc6eb33ab683ceb0ba7926a809db
https://www.threads.com/@ratih.anggraaini/post/DUYk2lYk9NW,endang.hesty.54,2026-02-06 07:00:00+07:00,"Saya tahun dan sudah tahun lebih tidak pernah minum obat apapun termasuk vitamin yg berbentuk obat kimia, alhamdulillah sehat mampu jln kaki puluhan km",threads,2026-06-15 23:29:10.477375,threads,e69e128a61f664305e3f04b33b984730
https://www.threads.com/@ratih.anggraaini/post/DUYk2lYk9NW,sofianti_bt,2026-02-05 07:00:00+07:00,"tahun. TB , BB . Imut kan ya? Bersyukur sampai sekarang no kolesterol, no diabetes (papa meninggal di tahun ke- karena diabetes). No asam urat (masih mampu ikut run dan mendaki gunung setiap hari di tempat mengajar, di pedalaman). Kuncinya? Gaya hidup sehat: olah raga meski pun sekadar jogging pagi dan sore, banyak minum air putih, terapi sayur, jadi fruit lover sejak remaja. Satu lagi: selalu tersenyum (mungkin karena saya guru PAUD ya 😄)",threads,2026-06-15 23:29:10.477375,threads,6ea2097f74589669d635ea617e5d460c
https://www.threads.com/@ratih.anggraaini/post/DUYk2lYk9NW,inidia_coffee,2026-02-06 07:00:00+07:00,tambahin yg giginya masih lengkap ada gak yah?,threads,2026-06-15 23:29:10.477375,threads,f523f68c9e97264c038b78f10c20830d
https://www.threads.com/@ratih.anggraaini/post/DUYk2lYk9NW,bundaeabiyyukhanza,2026-02-05 07:00:00+07:00,"Aku ada tensi ketauan usia tth alhamdulillah langsung rubah pla hidup pola makan,awal diet IF, sekarang sdh bulan rutin jalan kan puasa senin dan minum rimpang an alhamdulillah tensi stabil tanpa obat-obatan",threads,2026-06-15 23:29:10.477375,threads,eeca0977b7497429134d273052ba4892
https://www.threads.com/@ratih.anggraaini/post/DUYk2lYk9NW,araymoe,2026-02-06 07:00:00+07:00,"Saya ( thn) sering ditertawakan temen kalo pas makan bareng-bareng. Saya kebetulan nggak doyan 'daleman', lele, gabus, lindung, tongkol, cumi-cumi, duren, Pete, jengkol dan tauco. Suatu hari ada MCU dari tempat kerja, asam urat, kolest dan guldar bagus semua. Saat ditanya ttg pola makan, sy jwb kalo nggak pernah makan spti yg sy sebutkan td. Om Dokter senyum sambil acungin jempol ☺",threads,2026-06-15 23:29:10.477375,threads,342383b7724f689b503ca45de9129884
https://www.threads.com/@ratih.anggraaini/post/DUYk2lYk9NW,fragrant.moon,2026-02-06 07:00:00+07:00,"Me, yo nggak minum obat darah tinggi, kolesterol, diabetes..tapi berjuang melawan gerd.. no body is perfect..👍",threads,2026-06-15 23:29:10.477375,threads,ee2d565b2ae70d251c9a3ce72ea7e135
https://www.threads.com/@ratih.anggraaini/post/DUYk2lYk9NW,dipendamdulu,2026-02-05 07:00:00+07:00,", hasil MCU selalu bagus jd ga butuh obat, usia biologis an Butuhnya: - olga rutin (sjk usia , msh butuh smp skrg) - jaga makan, yg sehat aja, comfort food sesekali boleh lah Udah itu aja, aman hidup",threads,2026-06-15 23:29:10.477375,threads,fa66e43df8a175fa0a4862a00a162fa4
https://www.threads.com/@ratih.anggraaini/post/DUYk2lYk9NW,listiaamir,2026-02-06 07:00:00+07:00,"Alhamdulilah menuju thn. Ngga ada minum obat kolesterol, darah tinggi atau diabetes. Smg kita selalu sehat. Aamiin",threads,2026-06-15 23:29:10.477375,threads,296a3bbba045f51f1aea020d5cc80149
https://www.threads.com/@ratih.anggraaini/post/DUYk2lYk9NW,nurlaela5702,2026-02-06 07:00:00+07:00,Alhamdulillah...saya ke dokter juga gk pernah... Sehatkanlah badanku dan mudahkanlah ibadahku dan rezekiku... Aamiin Yaarobbal'aallaamiin 🤲,threads,2026-06-15 23:29:10.477375,threads,c5ea69cd0e29832cc171ba9cbed3cca3
https://www.threads.com/@ratih.anggraaini/post/DUYk2lYk9NW,ratih.anggraaini,2026-02-06 07:00:00+07:00,Aamiin yra,threads,2026-06-15 23:29:10.477375,threads,78361a26d96bddfd2cc514d1f80d6eae
https://www.threads.com/@ratih.anggraaini/post/DUYk2lYk9NW,suara_kebenaran2610,2026-02-05 07:00:00+07:00,"Sy ga minum obat apapun. Tapi di kotak obat selalu sedia. Krn puasa ga sahur, pas buka makan sayur sedikit, telur wajib, ikan ayam daging ganti an, tahu tempe. Dah lama ga makan nasi. Sesekali cheating mkn kue, mie tp jarang banget. Buah jg ga. Tiap pagi cek tensi dan dargul. Kopi, teh ga.",threads,2026-06-15 23:29:10.477375,threads,37dee4399e6174cb4512dcec5a077437
https://www.threads.com/@ratih.anggraaini/post/DUYk2lYk9NW,yuliana_mahya,2026-02-06 07:00:00+07:00,"Maaf bu, tapi sahur itu sunah muakkad ( sangat dianjurkan ), makanlah walau sedikit, dan jaraknya jangan terlalu jauh dengan subuh",threads,2026-06-15 23:29:10.477375,threads,9a51e144426a8ca44c95d6e2fa0d5f59
https://www.threads.com/@ratih.anggraaini/post/DUYk2lYk9NW,faizarales8,2026-02-06 07:00:00+07:00,Alhamdulillah usia + Bismilah tdk akan menyentuh sampai akhir hayat.. Kobul ya Allah🤲🤲,threads,2026-06-15 23:29:10.477375,threads,da8e1497416acdd1d0e746b1318d3e3f
https://www.threads.com/@ratih.anggraaini/post/DUYk2lYk9NW,mamake_powerrangers,2026-02-05 07:00:00+07:00,"Alhamdulillah aku ga dn smg sll sehat, umurku th anak tp msh suka Olga zumba + kick boxing dn mengelola stres dg me time",threads,2026-06-15 23:29:10.477375,threads,c863c1cf93efac74f54b169c43ed340c
https://www.threads.com/@ratih.anggraaini/post/DUYk2lYk9NW,rosa_re,2026-02-06 07:00:00+07:00,Terima kasih .. saya th dan bulan ini hrs minum obat krn darderdor kena autoimmune dan hrs minum obat ckp keras dan banyak .. sehat badan dan jiwa ku 😅,threads,2026-06-15 23:29:10.477375,threads,1b9f38412471b2191d0c7bf8db0fe91b
https://www.threads.com/@ratih.anggraaini/post/DUYk2lYk9NW,rif_dementor,2026-02-07 07:00:00+07:00,"ke alhamdulillah belum konsumsi obat itu… rajin bekam Topung, olahraga jalan kaki, tenis, gym kadang paddle",threads,2026-06-15 23:29:10.477375,threads,95b109fe8e20d48a7ca66d3cac32e2e6
https://www.threads.com/@ratih.anggraaini/post/DUYk2lYk9NW,ummi.niyah,2026-02-06 07:00:00+07:00,"Alhamdulillah sy , so far so good, aman dr diabetes dan darting.",threads,2026-06-15 23:29:10.477375,threads,c2536d8e6e66984b564b7cb8d452b079
https://www.threads.com/@ratih.anggraaini/post/DUYk2lYk9NW,egga2425,2026-02-05 07:00:00+07:00,Terima kasiiihh..pakailah metode pola makan yg mindfull.. jangan over...aku udh stop minum manis sejak th yg lalu. Makan fast food bln sekali. Makan mie instan bln sekali.jus buah setiap hari. Yoghurt utk kesehataan pencernaan dan kewanitaan. Air putih minimal L.,threads,2026-06-15 23:29:10.477375,threads,51f1fccf79d76148b59d8d8cba8f36b5
https://www.threads.com/@ratih.anggraaini/post/DUYk2lYk9NW,primanez,2026-02-06 07:00:00+07:00,alhamdulillah masih menikmati sop kaki kambing dan duren,threads,2026-06-15 23:29:10.477375,threads,e3ad85dbe00b3f731130ecf14f36e0ab
https://www.threads.com/@ratih.anggraaini/post/DUYk2lYk9NW,delldjohan,2026-02-06 07:00:00+07:00,Alhamdulillah sy gak konsumsi obat apa .. pusing cuma gosok pake my kapak cukup. Jangankan saya .. mamaku th juga,threads,2026-06-15 23:29:10.477375,threads,6fc565962c017636b1f71c4a450c7bb5
https://www.threads.com/@ratih.anggraaini/post/DUYk2lYk9NW,uniiemurnie,2026-02-07 07:00:00+07:00,"Huhuhu aku baru tahun udah mnum obat psikiater, obat tensi pagie mlem obat jantung siang obat Gerd akud obat batu empedu 😭😭😭 doain aku y smoga cepet sembuh",threads,2026-06-15 23:29:10.477375,threads,d3e9935f50ec3d37259724cf1b0cfd7f
https://www.threads.com/@ratih.anggraaini/post/DUYk2lYk9NW,bungayghilang9,2026-02-06 07:00:00+07:00,"Saya umur menuju ,kakak saya dan kakak lg gigi masih utuh, Alhamdulillah tdk minum obat darah tinggi,no kole,no diabetes Kuncinya : Waktu kecil org tua saya tdk kasih anaknya minum manis,tdk makan gorengan/krupuk,tdk makan mie instan,tdk makan jajan manis,Chiki,es krim,no nasi goreng,tdk pernah minum obat warung,tiap hari makan nasi dan sayur,ayam goreng biasanya ayam kampung. Ibu saya seorg perawat,iziinn 🙏",threads,2026-06-15 23:29:10.477375,threads,3c602a0eaaf3c41427034a628e6970fa
https://www.threads.com/@christianwijay/post/DILvF-3JpFL?xmt=AQG0FeDDdBUZGK3Bi9KCUDrnrioom0JJMTNbx8vEchUVTg,christianwijay,2025-04-08 07:00:00+07:00,"Haii warga wargi thread, ada yg berjuang dengan diabetes? Sini yukk ngumpul, sy juga pejuang diabetes. GD sy selalu d atas dan harus bergantung dgn obat, kl uda pake obatpun GD sy masih . bulan lalu BB sy - , HbA C sy bulan lalu % normal kl d bawah %. Kl k dokter (biasa sy puskesmas) selalu diingatkan obat harus diminum seumur hidup. Wah ini bener bwt sy kuatir. Well, sy yakin ini bisa sembuh dan tidak bergantung obat lagi. Kondisi sy sekarang? Next",threads,2026-06-15 23:29:10.477375,threads,733cd2ac23507eed14f3d6939596e7e2
https://www.threads.com/@christianwijay/post/DILvF-3JpFL?xmt=AQG0FeDDdBUZGK3Bi9KCUDrnrioom0JJMTNbx8vEchUVTg,christianwijay,2025-04-08 07:00:00+07:00,"Ok ini kondisi saya sesudah bulan : . Bb sy kg (turun kg) . GD sy puasa (normal) . Sy sdh lepas obat (wah bersyukur bgt, bahagianya melebihi apapun) . HbA C sy, maaf blm update, krn blm waktunya, akan sy update kemudian hari. Ok trus apa strategi bulan ini yg sy lakukan? Next",threads,2026-06-15 23:29:10.477375,threads,44822a860172da4e7b4bb2f01ed88abf
https://www.threads.com/@christianwijay/post/DILvF-3JpFL?xmt=AQG0FeDDdBUZGK3Bi9KCUDrnrioom0JJMTNbx8vEchUVTg,christianwijay,2025-04-08 07:00:00+07:00,". Sy tidak makan nasi, mie, roti dan gula (ganti stevia) . % makan protein (ayam, sapi, ikan, telur) . % buah (cek indeks glikemiknya), singkong, beras porang . Defisit kalori (pake aplikasi fat secret bwt hitung) tiap hari dbawah kalori . Olahraga rutin min hari sekali, jenis olahrga : workout bodyweigth (youtube) angkat beban, lari, jalan kaki. . Tidur harus cukup min jam sehari. . Intermitten fasting jam. (Penting bgt) Yg punya masalah sama yuk sharing dong. Makasih",threads,2026-06-15 23:29:10.477375,threads,8a1de5d8f1f8fce9d45381c025e86a9d
https://www.threads.com/@christianwijay/post/DILvF-3JpFL?xmt=AQG0FeDDdBUZGK3Bi9KCUDrnrioom0JJMTNbx8vEchUVTg,irene_a93,2025-04-08 07:00:00+07:00,"nahh tuh kann DM sbnrnyaa masalah pola makan ajaa. Tapi herannya dokter disini kalo ngasi pola makan kayak takut ngebuang karbo...suru ganti nasi sama nasi merah 🤣. Snack disuru singkong ktnya lebih sehat. Sama jgn skip obat yaampuunn. Kenapa ga suru pola diet keto + IF aja sekalian, auto sembuh gausa minum obat lg",threads,2026-06-15 23:29:10.477375,threads,104c0148983c4f38ca1c29cef0f66874
https://www.threads.com/@christianwijay/post/DILvF-3JpFL?xmt=AQG0FeDDdBUZGK3Bi9KCUDrnrioom0JJMTNbx8vEchUVTg,irene_a93,2025-04-08 07:00:00+07:00,"btw kalo uda atur makanan yg ga karbo ga gula, menurut saya ga perlu defisit kalori sih hahaha. Itu perut dan hipotalamus udh alarmnya jalan...masi butu nutrisi ya dia laper, udh cukup ya uda kenyang. Soalnya saya perna praktekin pas diet low carb, bisa turun ke bb jaman saya SMP tanpa hitung an kalori nimbang makanan.",threads,2026-06-15 23:29:10.477375,threads,d6be5cb64deb5fb843d81be6739f46f7
https://www.threads.com/@christianwijay/post/DILvF-3JpFL?xmt=AQG0FeDDdBUZGK3Bi9KCUDrnrioom0JJMTNbx8vEchUVTg,rudykwang83,2025-04-08 07:00:00+07:00,Sampai saat ini setahu saya diabetes tidak dapat disembuhkan. Jika pemeriksaan gula darah rutin anda normal itu artinya gula darah anda terkontrol tapi bukan berarti sembuh dari diabetes. Saran saya cari dokter/ahli gizi untuk menentukan nutrisi harian yang sesuai untuk DM. Asupan di bawah cal/hari itu tidak sustainable jangka panjang dan justru tidak baik apalagi jika anda berolahraga. Proses recovery membutuhkan protein dan calorie harian di maintenance.,threads,2026-06-15 23:29:10.477375,threads,e9be5c7751a949f6e4e11848b256dd2c
https://www.threads.com/@christianwijay/post/DILvF-3JpFL?xmt=AQG0FeDDdBUZGK3Bi9KCUDrnrioom0JJMTNbx8vEchUVTg,czcerita,2025-04-08 07:00:00+07:00,"Betul👍 Jaga HbA c < , % bisa banget dilakukan tanpa obat an. Semangat ya👍",threads,2026-06-15 23:29:10.477375,threads,5249458ed29c88968f40d456fbe54347
https://www.threads.com/@christianwijay/post/DILvF-3JpFL?xmt=AQG0FeDDdBUZGK3Bi9KCUDrnrioom0JJMTNbx8vEchUVTg,christianwijay,2025-04-08 07:00:00+07:00,Wah menguatkan. Terima kasih bgt.,threads,2026-06-15 23:29:10.477375,threads,2193ed5177dfed423162f09876bc4946
https://www.threads.com/@christianwijay/post/DILvF-3JpFL?xmt=AQG0FeDDdBUZGK3Bi9KCUDrnrioom0JJMTNbx8vEchUVTg,kstubun3f11,2025-04-08 07:00:00+07:00,perlu jg di periksa kadar insulin dlm darah dan resistansi cell tubuh pd insulin untuk memastikan masalah dr pankreas atau insulin reseptor pd cell,threads,2026-06-15 23:29:10.477375,threads,1d30cea581a4175ab6bb878d65d2dd50
https://www.threads.com/@christianwijay/post/DILvF-3JpFL?xmt=AQG0FeDDdBUZGK3Bi9KCUDrnrioom0JJMTNbx8vEchUVTg,christianwijay,2025-04-08 07:00:00+07:00,Nah ni tes nya apa ya ? Krn memang kunci diabetes d bag ini nih.,threads,2026-06-15 23:29:10.477375,threads,8437141eb31fc47862a23e685b2dbbed
https://www.threads.com/@christianwijay/post/DILvF-3JpFL?xmt=AQG0FeDDdBUZGK3Bi9KCUDrnrioom0JJMTNbx8vEchUVTg,kstubun3f11,2025-04-09 07:00:00+07:00,dgn LPIR test di prodia atau lainnya,threads,2026-06-15 23:29:10.477375,threads,f2ae52e3985fcd4390394a9e933a54d5
https://www.threads.com/@christianwijay/post/DILvF-3JpFL?xmt=AQG0FeDDdBUZGK3Bi9KCUDrnrioom0JJMTNbx8vEchUVTg,christianwijay,2025-04-09 07:00:00+07:00,Oh baik. Thx,threads,2026-06-15 23:29:10.477375,threads,4cda7514821f3496d3da11496c27aade
https://www.threads.com/@christianwijay/post/DILvF-3JpFL?xmt=AQG0FeDDdBUZGK3Bi9KCUDrnrioom0JJMTNbx8vEchUVTg,krisnaadipradana,2025-04-08 07:00:00+07:00,"Om jangan lepas kontrol dokter. Dan jangan konsumsi gula buatan karena malah lebih berbahaya. Minum manis sehari kali aja. Saya pengen omnya tetap sehat, saya kehilangan orang kerabat karena diabetes dan tidak terkontrol dengan baik. Sehat selalu ya om.",threads,2026-06-15 23:29:10.477375,threads,c73a8c5702a8ef24540cc311399a2918
https://www.threads.com/@christianwijay/post/DILvF-3JpFL?xmt=AQG0FeDDdBUZGK3Bi9KCUDrnrioom0JJMTNbx8vEchUVTg,christianwijay,2025-04-08 07:00:00+07:00,Makasih doanya. Sy juga ngeri bgt sm ini penyakit. Keluarga sy jg ada yg meninggal krn ini.,threads,2026-06-15 23:29:10.477375,threads,9d2cb20bb6e0e78c5fd91d719403ef15
https://www.threads.com/@christianwijay/post/DILvF-3JpFL?xmt=AQG0FeDDdBUZGK3Bi9KCUDrnrioom0JJMTNbx8vEchUVTg,adolfitz,2025-04-09 07:00:00+07:00,"Miskonsepsi tentang ""sembuh"". Diabetes itu ketidakmampuan tubuh dalam menurunkan gula dalam darah. Ini kata kunci utamanya. Kalau asupan gula nya sedikit ya normalnya jga gula dalam darah akan sedikit, sehingganya ketidakmampuan insulin bisa diredam dengan gula yg memang sudah rendah dari sononya. Bagi yg bisa mengontrol sih bagus saja. Cuma bagi yg tidak bisa mengontrol itu terapi obat an jadi satu nya jalan",threads,2026-06-15 23:29:10.477375,threads,dc1f302aca35cd2e30d4c6e4e379a178
https://www.threads.com/@christianwijay/post/DILvF-3JpFL?xmt=AQG0FeDDdBUZGK3Bi9KCUDrnrioom0JJMTNbx8vEchUVTg,novena_mg,2025-04-08 07:00:00+07:00,Sama dg yg di lakukan paksu kak.. tambahan: kalau makan sayur dulu baru protein baru nasi ( - sendok) jadi lonjakan gula darahnya tdk terlalu tinggi.,threads,2026-06-15 23:29:10.477375,threads,87efed2a653317a12345f1056e03388f
https://www.threads.com/@christianwijay/post/DILvF-3JpFL?xmt=AQG0FeDDdBUZGK3Bi9KCUDrnrioom0JJMTNbx8vEchUVTg,n_yogi.p,2025-04-09 07:00:00+07:00,"setau sya diabetes tidak bisa sembuh, cuma penderita bisa mengontrol gd agar normal, dgn cara menjaga pola makan dan olahraga / istirahat teratur",threads,2026-06-15 23:29:10.477375,threads,57ea4810436a1d3f606246684c27f495
https://www.threads.com/@christianwijay/post/DILvF-3JpFL?xmt=AQG0FeDDdBUZGK3Bi9KCUDrnrioom0JJMTNbx8vEchUVTg,moses_k.s,2025-04-08 07:00:00+07:00,"Bisa lepas obat iya, bisa sembuh... ya sulit ngomongnya tergantung kondisi. Yg jelas mekanisme pengaturan gula sudah bermasalah.",threads,2026-06-15 23:29:10.477375,threads,40ba28d770e7e852f78ddfdb55a959a3
https://www.threads.com/@christianwijay/post/DILvF-3JpFL?xmt=AQG0FeDDdBUZGK3Bi9KCUDrnrioom0JJMTNbx8vEchUVTg,dbkurniawan,2025-04-09 07:00:00+07:00,Selama pankreas masi belom rusak harusnya masi bisa sembuh. Puasa dan mengurangi karbo akan melatih pankreas supaya peka lagi..,threads,2026-06-15 23:29:10.477375,threads,910978bf3a85caf5197dfca17a0d07e7
https://www.threads.com/@christianwijay/post/DILvF-3JpFL?xmt=AQG0FeDDdBUZGK3Bi9KCUDrnrioom0JJMTNbx8vEchUVTg,christianwijay,2025-04-09 07:00:00+07:00,Tantangan berat ini.,threads,2026-06-15 23:29:10.477375,threads,6c1cb00331b5e93b245b19a90f7845d9
https://www.threads.com/@christianwijay/post/DILvF-3JpFL?xmt=AQG0FeDDdBUZGK3Bi9KCUDrnrioom0JJMTNbx8vEchUVTg,iyan_darmawan2012,2025-04-08 07:00:00+07:00,Sudah jogging menit setiap pagi dan tidak makan malam?,threads,2026-06-15 23:29:10.477375,threads,3019f47d8c13246a844fb2d48198442a
https://www.threads.com/@christianwijay/post/DILvF-3JpFL?xmt=AQG0FeDDdBUZGK3Bi9KCUDrnrioom0JJMTNbx8vEchUVTg,christianwijay,2025-04-08 07:00:00+07:00,Jendela makan saya mulai dr jam siang sampai malam kak. Biasa d jam itu sy bagi sesi makan plus snack. Olahraga pagi menit wktu libur kemarin.,threads,2026-06-15 23:29:10.477375,threads,9ca2017d3d3e0bc13c1e705b476fc5a6
https://www.threads.com/@christianwijay/post/DILvF-3JpFL?xmt=AQG0FeDDdBUZGK3Bi9KCUDrnrioom0JJMTNbx8vEchUVTg,jorie.graham,2026-02-06 07:00:00+07:00,h I understand that my messages about Israel/Palestine are all being blocked or deleted here. I actually don't mind because the response from other users is so abusive it's not worth trying to communicate. But it is strange that my entire feed has been deleted. No big loss. I'm not that committed to it.,threads,2026-06-15 23:29:10.477375,threads,b9b618d5b4489091b64cc0f393302c7c
https://www.threads.com/@christianwijay/post/DILvF-3JpFL?xmt=AQG0FeDDdBUZGK3Bi9KCUDrnrioom0JJMTNbx8vEchUVTg,phucaname,2026-02-06 07:00:00+07:00,Threads h Squuuaaddd! Wassup with y'all? It's finally Friday!,threads,2026-06-15 23:29:10.477375,threads,edb812a17a9947965f6e59fec5018cd5
https://www.threads.com/@christianwijay/post/DILvF-3JpFL?xmt=AQG0FeDDdBUZGK3Bi9KCUDrnrioom0JJMTNbx8vEchUVTg,mackenzieheflin_,2026-02-06 07:00:00+07:00,"h What IF & hear me out.. You stopped laying in bed at night asking yourself “what’s keep my buyers up at night? What problem do they need solved so bad, they’d do anything to fix it?” And just focused on the transformation you’re solving. What results are they going to walk away with?? Because TRUTHFULLY my biggest regret in the + year I spent writing into the void was saying “they’re not buying, which means I don’t actually know my people….” And in reality? I just didn’t trust the outcome.",threads,2026-06-15 23:29:10.477375,threads,202dabc03782b50d87f8e6bf2ad8783b
https://www.threads.com/@christianwijay/post/DILvF-3JpFL?xmt=AQG0FeDDdBUZGK3Bi9KCUDrnrioom0JJMTNbx8vEchUVTg,samanthayoung.me,2026-02-06 07:00:00+07:00,"h If running your business under capitalism feels heavy, isolating, and like it all rests on your shoulders, you might be exactly who The Mycelial Network is for. You do not want to quit. You do not want “just hire people” to be the only answer. You want to be in community with other money misfits, black sheep, neurodivergent and spiritual business owners who get it. Come join us.",threads,2026-06-15 23:29:10.477375,threads,3fdd0ff5bf41401d1cee6bfd1d98cc0b
https://www.threads.com/@christianwijay/post/DILvF-3JpFL?xmt=AQG0FeDDdBUZGK3Bi9KCUDrnrioom0JJMTNbx8vEchUVTg,secretusliber,2026-02-06 07:00:00+07:00,"h Dear algo give me queer women, horror movie nerds and board gamers who love theme parks and s music",threads,2026-06-15 23:29:10.477375,threads,0d706b12d65f920b11794f44a37df3fc
https://www.threads.com/@doktercamo/post/DX5Pra7EzJp?xmt=AQG0FeDDdBUZGK3Bi9KCUDrnrioom0JJMTNbx8vEchUVTg,doktercamo,2026-05-03 07:00:00+07:00,"“Sejak Diabetes, saya stop nasi & tepung, treadmill jam tiap hari.” Tapi hasilnya? ⚠️ Gula darah > mg/dL 🏥 Masuk IGD, tidak sadar 🫁 Sesak nafas Kenapa bisa begitu? Ayo kita bahas ➡️",threads,2026-06-15 23:29:10.477375,threads,52bb419835b2e56d18b1eb592627188a
https://www.threads.com/@doktercamo/post/DX5Pra7EzJp?xmt=AQG0FeDDdBUZGK3Bi9KCUDrnrioom0JJMTNbx8vEchUVTg,andreaslimongan,2026-05-04 07:00:00+07:00,Karena tidak dibarengi latihan angkat beban dan asupan tinggi protein. Latihan kardio doank tidak bikin gula darah turun.,threads,2026-06-15 23:29:10.477375,threads,003535f43a486201e4ed6c5197d339b6
https://www.threads.com/@doktercamo/post/DX5Pra7EzJp?xmt=AQG0FeDDdBUZGK3Bi9KCUDrnrioom0JJMTNbx8vEchUVTg,krisss5__,2026-05-04 07:00:00+07:00,"Betul itu. Dikira aktivitas Aerobic sudah cukup, padahal belum. Perlu aktivitas Anaerobic juga seperti latihan beban",threads,2026-06-15 23:29:10.477375,threads,2ec629514179aed2c8f3ea0fcf6d5e80
https://www.threads.com/@doktercamo/post/DX5Pra7EzJp?xmt=AQG0FeDDdBUZGK3Bi9KCUDrnrioom0JJMTNbx8vEchUVTg,nunik_8915,2026-05-04 07:00:00+07:00,Penjelasan nya gak keliatan dok. Ulang buat utas baru aja dok.,threads,2026-06-15 23:29:10.477375,threads,35292d8cd5e8ec718f51c3fcef669ac2
https://www.threads.com/@doktercamo/post/DX5Pra7EzJp?xmt=AQG0FeDDdBUZGK3Bi9KCUDrnrioom0JJMTNbx8vEchUVTg,dabozky13,2026-05-04 07:00:00+07:00,"Saya cuma minum obat bulan, udah nya tidak pernah minum obat lagi. Hba normal selalu tiap bulan, intermitent fasting berat turun - kg. Jalan kaki lebih dari rb langkah tiap hari. Tidur dipaksain jam. Minum daun kelor malahan berapa bulan lalu drop gula darah",threads,2026-06-15 23:29:10.477375,threads,2c3e3e2568ad3edda4643e8063f532a3
https://www.threads.com/@doktercamo/post/DX5Pra7EzJp?xmt=AQG0FeDDdBUZGK3Bi9KCUDrnrioom0JJMTNbx8vEchUVTg,muhammad.okky.aditya,2026-05-04 07:00:00+07:00,"Saya HBA C .. Insulin obat udah kumplit, lalu ketemu dokter yang suruh latihan beban dan kardio, utk makan nasi sayur lauk bebas.. Alhamdulillah HBA C dalam waktu bukan turun ke dan lepas obat serta insulin Semoga istiqomah",threads,2026-06-15 23:29:10.477375,threads,f09c19b7c5edf5dac4708d6dbfa5c37e
https://www.threads.com/@doktercamo/post/DX5Pra7EzJp?xmt=AQG0FeDDdBUZGK3Bi9KCUDrnrioom0JJMTNbx8vEchUVTg,sahirathalib,2026-05-04 07:00:00+07:00,kak emg bisa ya lepas obat kalo udh ekena diabetess/insulin gitu?,threads,2026-06-15 23:29:10.477375,threads,20297f587b216c944507bdd6d8dd2cd3
https://www.threads.com/@doktercamo/post/DX5Pra7EzJp?xmt=AQG0FeDDdBUZGK3Bi9KCUDrnrioom0JJMTNbx8vEchUVTg,rethaaretha678,2026-05-04 07:00:00+07:00,"Bisa, dgn mengubah gaya hidup dan pola makan/minum",threads,2026-06-15 23:29:10.477375,threads,b4ed6a91d6bd75982ecacd8ea9339bc9
https://www.threads.com/@doktercamo/post/DX5Pra7EzJp?xmt=AQG0FeDDdBUZGK3Bi9KCUDrnrioom0JJMTNbx8vEchUVTg,hidayatthen8,2026-05-04 07:00:00+07:00,"Saya sejak di Amerika gula darah baru bisa terkontrol, diberi resep obat utk setahun/ bulan sekali ambil obatnya,kerja jam/hari berdiri/jalan hari/minggu makan nasi hanya kadang-kadang lebih sering oatmeal,ketika di Indonesia gula darah saya tidak terkontrol",threads,2026-06-15 23:29:10.477375,threads,5af70f8f752b26f1f50e137c0a9fa807
https://www.threads.com/@doktercamo/post/DX5Pra7EzJp?xmt=AQG0FeDDdBUZGK3Bi9KCUDrnrioom0JJMTNbx8vEchUVTg,dr.matthew_christopher,2026-05-04 07:00:00+07:00,"Hyperglicdmia ec susp DKA pasti ini, diabetic ketoacidosis kwkwkwkwk loading Fluid NS L/ jam ----> tpm Novorapid iu SC check jam nilai GCS, kalo dibawah saran intubazi target GDS check CBC, ur, cr, electrolyte, AGD kalo kalium aman bisa drip - iu/kgbn/jam atau biasanya iu/jam dr guideline kasih K kalo kalium dibawah atau normal - meq dalam NS pertahankan kalium dj - , kalo kalium diatas dichwck tiap jam kasih bicnat mmol",threads,2026-06-15 23:29:10.477375,threads,cec4013539cb3f5dbe459c90cc2165d3
https://www.threads.com/@doktercamo/post/DX5Pra7EzJp?xmt=AQG0FeDDdBUZGK3Bi9KCUDrnrioom0JJMTNbx8vEchUVTg,dr.matthew_christopher,2026-05-04 07:00:00+07:00,"harus rawat HCU,",threads,2026-06-15 23:29:10.477375,threads,63f2fab2eea5ea5061bfce77dbb766db
https://www.threads.com/@doktercamo/post/DX5Pra7EzJp?xmt=AQG0FeDDdBUZGK3Bi9KCUDrnrioom0JJMTNbx8vEchUVTg,denspriadi123,2026-05-04 07:00:00+07:00,"Puasa dokkk, makan cukup sekali ajaa bila usia lebih dari +. Makan sekali kenyang, energi yg dihasilkan bisa buat hari. Trus kurangi asupan karbohidrat, gula dan buah, perbanyak makan sayuran, protein dan lemak. Obat an cuma buat jangka pendek, gak bagus buat jangka panjangnya.",threads,2026-06-15 23:29:10.477375,threads,80d9c0ab29ecea8f09e7a79e0b51f4e3
https://www.threads.com/@doktercamo/post/DX5Pra7EzJp?xmt=AQG0FeDDdBUZGK3Bi9KCUDrnrioom0JJMTNbx8vEchUVTg,renny.rekinaa,2026-02-06 07:00:00+07:00,"d Solusinya paling mujarab adalah latihan angkat beban, itu manjur banget turunin gula darah, ga boong aku sampai skrng nge gym minimal seminggu kali, minum susu khusus diabetes juga untuk stabilin gula darahku, tiap hari wajib makan telur rebus, ikan, dll yang tinggi protein",threads,2026-06-15 23:29:10.477375,threads,5fa9ac88bad3036d3bb30fb88b73b2c3
https://www.threads.com/@doktercamo/post/DX5Pra7EzJp?xmt=AQG0FeDDdBUZGK3Bi9KCUDrnrioom0JJMTNbx8vEchUVTg,ka_rina800,2026-05-03 07:00:00+07:00,jam?? Tiap hari.?...,threads,2026-06-15 23:29:10.477375,threads,7f42678252d8a81f9fd4f4ee57808c46
https://www.threads.com/@doktercamo/post/DX5Pra7EzJp?xmt=AQG0FeDDdBUZGK3Bi9KCUDrnrioom0JJMTNbx8vEchUVTg,mimiitul,2026-05-04 07:00:00+07:00,minggu lalu tanpa gejala tes hba c krn mau cabut gigi. Hasil yg keluar hba c dan eAG minggu dpt metformin mg n glimepiride mg stlh gda . Seminggu kyk mayat hidup ga selera makan. periksa ke spesialis PD gda minggu ini masih glime dan galvus mg. Gd bangun tidur . jam stlh makan . Keluhan saya selalu lapar smp keringetan di jam antara makan berqt. Di jam dan jam,threads,2026-06-15 23:29:10.477375,threads,5dda40ed690de4c32a03825238fdd933
https://www.threads.com/@doktercamo/post/DX5Pra7EzJp?xmt=AQG0FeDDdBUZGK3Bi9KCUDrnrioom0JJMTNbx8vEchUVTg,sophiacatarinawidjaja,2026-05-04 07:00:00+07:00,"Klu hba c uda segitu , ga bisa cuma pake obat aja sih . Harus gerak juga. Cardio is the best . Tapi klu pusing yah coba konsul ke dokter gizi kak Mi.",threads,2026-06-15 23:29:10.477375,threads,4f04bd583a23c533aecc5b0573949e13
https://www.threads.com/@doktercamo/post/DX5Pra7EzJp?xmt=AQG0FeDDdBUZGK3Bi9KCUDrnrioom0JJMTNbx8vEchUVTg,vio_letsilver,2026-05-04 07:00:00+07:00,Penjelasannya dimana ya? Aku cariin gak ketemu,threads,2026-06-15 23:29:10.477375,threads,2b9cc19905b6a53059d5d1eef6379cda
https://www.threads.com/@doktercamo/post/DX5Pra7EzJp?xmt=AQG0FeDDdBUZGK3Bi9KCUDrnrioom0JJMTNbx8vEchUVTg,al_bulus,2026-05-04 07:00:00+07:00,Lha ini pembahasannya mana? Malah ngebahas pertanyaannya orang 🤣,threads,2026-06-15 23:29:10.477375,threads,6b6f5bd371b4c6891a99dc1776fcfda0
https://www.threads.com/@doktercamo/post/DX5Pra7EzJp?xmt=AQG0FeDDdBUZGK3Bi9KCUDrnrioom0JJMTNbx8vEchUVTg,benbali__,2026-05-04 07:00:00+07:00,"hba c , rutin cek setahun x IF dan minum cuka apel pagi bangun todur dan mau tidur",threads,2026-06-15 23:29:10.477375,threads,41223fda1c77b693902cd4878c1619a7
https://www.threads.com/@doktercamo/post/DX5Pra7EzJp?xmt=AQG0FeDDdBUZGK3Bi9KCUDrnrioom0JJMTNbx8vEchUVTg,rafafndi,2026-05-04 07:00:00+07:00,Penjelasannya mana dok di reply gk ada?,threads,2026-06-15 23:29:10.477375,threads,be51dd07846fd3d103e7d8f5e21fd136
https://www.threads.com/@doktercamo/post/DX5Pra7EzJp?xmt=AQG0FeDDdBUZGK3Bi9KCUDrnrioom0JJMTNbx8vEchUVTg,doktercamo,2026-05-04 07:00:00+07:00,Aneh juga padahal dipin,threads,2026-06-15 23:29:10.477375,threads,1a16a0c39b9ab6d80e60c0c73a303649
https://www.threads.com/@doktercamo/post/DX5Pra7EzJp?xmt=AQG0FeDDdBUZGK3Bi9KCUDrnrioom0JJMTNbx8vEchUVTg,iamyulifi,2026-05-04 07:00:00+07:00,"Pak dokter, kenapa GD puasa sy klu pagi lebih tinggi dari pada GD sewaktu, GD puasa , GD sewaktu .",threads,2026-06-15 23:29:10.477375,threads,3eb274f0878cdde06c0eb12feadc3404
https://www.threads.com/@doktercamo/post/DX5Pra7EzJp?xmt=AQG0FeDDdBUZGK3Bi9KCUDrnrioom0JJMTNbx8vEchUVTg,doktercamo,2026-05-04 07:00:00+07:00,Sebaiknya konsultasi medis dulu ya Kalau dari angka saja nanti penjelasannya kurang tepat,threads,2026-06-15 23:29:10.477375,threads,cd0efe31e5017e6dea79dcc3b0a25704
https://www.threads.com/@doktercamo/post/DX5Pra7EzJp?xmt=AQG0FeDDdBUZGK3Bi9KCUDrnrioom0JJMTNbx8vEchUVTg,avitaf_,2026-05-04 07:00:00+07:00,"Dok, saya pernah cek gula jam set malam. Keadaan emang udah makan, minum es dan camilan. Pas saya cek GD di angka , apa itu artinya tinggi atau masih normal ya dok? Krn kata perawat GD segitu termasuk tinggi tapi kata dokter jaga masih dalam batas normal krn cek nya malam hari",threads,2026-06-15 23:29:10.477375,threads,de45a9cff52fdb2053a6ccf19194c631
https://www.threads.com/@doktercamo/post/DX5Pra7EzJp?xmt=AQG0FeDDdBUZGK3Bi9KCUDrnrioom0JJMTNbx8vEchUVTg,herry.nugroho,2026-05-04 07:00:00+07:00,"Stop nasi dan tepung tapi es teh manis, boba, kopi gula aren tetap lanjut ya sama aja",threads,2026-06-15 23:29:10.477375,threads,176ea9c8224715858fbb3d54e1405e5e
https://www.threads.com/@doktercamo/post/DX5Pra7EzJp?xmt=AQG0FeDDdBUZGK3Bi9KCUDrnrioom0JJMTNbx8vEchUVTg,perdani80,2026-05-04 07:00:00+07:00,"Mnrt sy kalau pola tidur dan stress tdk dikelola ya tetap kadar gula darah akan tinggi. Tidur hrs - jam sehari, makan seimbang kombinasi ant protein, sayur dan karbo sesuai kebutuhan sehari, disamping latihan beban. Ga bisa hanya dihajar olahraga. Tlalu cape, guldar drop, stress marker naik malah gula gak turun . Cmiiw",threads,2026-06-15 23:29:10.477375,threads,d157a7a71364a10085117e0235fe62e3
https://www.threads.com/@doktercamo/post/DX5Pra7EzJp?xmt=AQG0FeDDdBUZGK3Bi9KCUDrnrioom0JJMTNbx8vEchUVTg,sheira_ki,2026-05-04 07:00:00+07:00,"betul tidur larut, banyak pikiran, cek gdp pagi 🫩 biasanya gdp sy",threads,2026-06-15 23:29:10.477375,threads,59e9c505872bee52c68e9c85af26ed09
https://www.threads.com/@doktercamo/post/DX5Pra7EzJp?xmt=AQG0FeDDdBUZGK3Bi9KCUDrnrioom0JJMTNbx8vEchUVTg,perdani80,2026-05-04 07:00:00+07:00,"Sama kak. Tdk semata pola makan yg salah, tp pola tidur dan stress jg ngaruh bgt. Sering begitu pas dicek hba c biasanya merah.",threads,2026-06-15 23:29:10.477375,threads,719b47bef3f7fe056013df7740745e08
https://www.threads.com/@doktercamo/post/DX5Pra7EzJp?xmt=AQG0FeDDdBUZGK3Bi9KCUDrnrioom0JJMTNbx8vEchUVTg,arika_irga,2026-05-04 07:00:00+07:00,"Sy cewek usia menuju tahun. msh obesitas bb di kg. Msh makan nasi, makan manis jg tp hba c sy di angka ..kolestrol asam urat pun normal..kunciny adalah latihan beban seminggu - x setelah latihan beban cardio menit. Sy sudah tahun rutin angkat beban. Kalo kerja hanya rebahan glukosa yg masuk ga akan kebakar jd energi.",threads,2026-06-15 23:29:10.477375,threads,27ccc1e8fd5086ca9f887e7714059896
https://www.threads.com/@doktercamo/post/DX5Pra7EzJp?xmt=AQG0FeDDdBUZGK3Bi9KCUDrnrioom0JJMTNbx8vEchUVTg,jimmmigambar,2026-05-04 07:00:00+07:00,"kalau tidak di barengi tidur yg berkualitas apalagi stress psikis sama aja bohong,, gak bakal turun Gd nya apalagi membaik",threads,2026-06-15 23:29:10.477375,threads,71d56426b104eea0041a5d76f73416cb
https://www.threads.com/@doktercamo/post/DX5Pra7EzJp?xmt=AQG0FeDDdBUZGK3Bi9KCUDrnrioom0JJMTNbx8vEchUVTg,reyryz_1607,2026-05-04 07:00:00+07:00,"Apakah KKA ?ketoasidosis diabetik? Stop Karbo > gak dapat energi > kirim signal ke otak kalo sel kelaparan > malah treadmill > organ hati terpaksa bikin glukosa baru dari protein > glukosa gak diserap karena insulin bermasalah > glukosa numpuk dalam darah jadi naik lebih dari > tubuh terpaksa memecah lemak dalam jumlah besar > menghasilkan limbah keton > pH darah turun menjadi sangat asam > paru paru otomatis harus buang kelebihan asam , makanya jadi sesak (kussmaul). Ya gak sih? @doktercamo",threads,2026-06-15 23:29:10.477375,threads,7e6905a58c73d08f8bf6d7715097c796
https://www.threads.com/@doktercamo/post/DX5Pra7EzJp?xmt=AQG0FeDDdBUZGK3Bi9KCUDrnrioom0JJMTNbx8vEchUVTg,bangggggaban,2026-05-04 07:00:00+07:00,Masih mencari penjelasan yg di pin itu,threads,2026-06-15 23:29:10.477375,threads,3f576635dabe74a0b68b40733e64ebe1
https://www.threads.com/@doktercamo/post/DX5Pra7EzJp?xmt=AQG0FeDDdBUZGK3Bi9KCUDrnrioom0JJMTNbx8vEchUVTg,jasonaaron,2026-02-06 07:00:00+07:00,"h ""I got a restless mind, it don't always do what I want it to."" --William Gay, Provinces of Night",threads,2026-06-15 23:29:10.477375,threads,05a71244d5bcb5338eab1d1fa2809ec9
https://www.threads.com/@doktercamo/post/DX5Pra7EzJp?xmt=AQG0FeDDdBUZGK3Bi9KCUDrnrioom0JJMTNbx8vEchUVTg,aliahsheffield,2026-02-06 07:00:00+07:00,blackbookthreads h This content is unavailable,threads,2026-06-15 23:29:10.477375,threads,05b442b337a687deb90926c8cdb32918
https://www.threads.com/@doktercamo/post/DX5Pra7EzJp?xmt=AQG0FeDDdBUZGK3Bi9KCUDrnrioom0JJMTNbx8vEchUVTg,skeletalcommander,2026-02-06 07:00:00+07:00,h Hate when people wear big hats. What are you trying to prove?,threads,2026-06-15 23:29:10.477375,threads,7a16f7a3a7cc78aa384ca926f3b67612
https://www.threads.com/@dr.gregorybudiman/post/DX9GDJuk7hQ?xmt=AQG0FeDDdBUZGK3Bi9KCUDrnrioom0JJMTNbx8vEchUVTg,dr.gregorybudiman,2026-05-05 07:00:00+07:00,"Barusan dengar ada pasien cerita, ayahnya kena diabetes, gula darahnya tinggi banget. Beliau sudah meninggal karena kena ginjal akibat sering minum obat diabetes. Hhhmmmm,,,, edukasi pelan ya,,,",threads,2026-06-15 23:29:10.477375,threads,532cfff1632a5e4adc165c426b9ef80c
https://www.threads.com/@dr.gregorybudiman/post/DX9GDJuk7hQ?xmt=AQG0FeDDdBUZGK3Bi9KCUDrnrioom0JJMTNbx8vEchUVTg,Pinned,2026-05-06 07:00:00+07:00,"Padahal obatnya ga bikin rusak ginjal, yang bikin rusak ginjal karena gula darahnya tinggi. Betul apa betul? Aku juga penderita diabetes sampai skrng konsumsi obat, yg penting jgn hanya mengandalkan obat, diimbangi sama olahraga, aku minum susu khusus diabetes juga buat stabilin gula darah, kurangi Karbo, banyakin makan realfood",threads,2026-06-15 23:29:10.477375,threads,8efb145b0893f03161da85f0a8a2f89f
https://www.threads.com/@dr.gregorybudiman/post/DX9GDJuk7hQ?xmt=AQG0FeDDdBUZGK3Bi9KCUDrnrioom0JJMTNbx8vEchUVTg,h4ldigital,2026-05-05 07:00:00+07:00,"Masyarakat kita sangat butuh edukasi ttg diabetes Dok. Kebanyakan masih gak paham, apa itu Diabetes tipe dan tipe . Tau nya cuma sakit gula basah dan gula kering 🤣",threads,2026-06-15 23:29:10.477375,threads,3cef9473f3f7644d900a668449a35ab6
https://www.threads.com/@dr.gregorybudiman/post/DX9GDJuk7hQ?xmt=AQG0FeDDdBUZGK3Bi9KCUDrnrioom0JJMTNbx8vEchUVTg,imabasfain,2026-05-05 07:00:00+07:00,"Betul dok. Hampir tmn"" ku yg tau aq DM sering tanya basah dan kering. Kadang aq bingung jg jelaskan krn aq dpt edukasi nya tipe dan tipe . Aq pasien yg sering banyak tanya ketika waktunya kontrol.",threads,2026-06-15 23:29:10.477375,threads,c6bb6c3edf4f8fd9d2105a9c6eef4135
https://www.threads.com/@dr.gregorybudiman/post/DX9GDJuk7hQ?xmt=AQG0FeDDdBUZGK3Bi9KCUDrnrioom0JJMTNbx8vEchUVTg,rere19__10,2026-05-05 07:00:00+07:00,"Bukannya obat² kyk gitu malah bagus buat ginjal,iya gak dok?",threads,2026-06-15 23:29:10.477375,threads,a19cb327e7666ce037ee6ee78a048a67
https://www.threads.com/@dr.gregorybudiman/post/DX9GDJuk7hQ?xmt=AQG0FeDDdBUZGK3Bi9KCUDrnrioom0JJMTNbx8vEchUVTg,poth__,2026-05-05 07:00:00+07:00,"apapun bentuk obatnya, pastinya bikin ginjal kerja ekstra jadi ya lebih baik tanpa obat an",threads,2026-06-15 23:29:10.477375,threads,b61cac5cc17aacb3554417fed93328ad
https://www.threads.com/@dr.gregorybudiman/post/DX9GDJuk7hQ?xmt=AQG0FeDDdBUZGK3Bi9KCUDrnrioom0JJMTNbx8vEchUVTg,rere19__10,2026-05-05 07:00:00+07:00,"Berarti kalau sakit diabet,jantung yg konsumsi obatnya jangka panjang,gak perlu minum obat gitu?",threads,2026-06-15 23:29:10.477375,threads,b2f3dee61cb845408bfa3351db81dabf
https://www.threads.com/@dr.gregorybudiman/post/DX9GDJuk7hQ?xmt=AQG0FeDDdBUZGK3Bi9KCUDrnrioom0JJMTNbx8vEchUVTg,lelaf.adillah,2026-05-05 07:00:00+07:00,Ibu aku dok.. Udh komplikasi diabetes stroke udh kena ginjal jg.. Dapet obatnya banyak jg.. Jd worry jg dok.. Aman gk yah dok obat banyak gt buat pasien diabet n gagal ginjal..,threads,2026-06-15 23:29:10.477375,threads,f8dbce81868c9b680979b13bbd743dae
https://www.threads.com/@dr.gregorybudiman/post/DX9GDJuk7hQ?xmt=AQG0FeDDdBUZGK3Bi9KCUDrnrioom0JJMTNbx8vEchUVTg,widyahningsih_,2026-05-05 07:00:00+07:00,Bapakku dok ! Jelas jelas gula ga mau banget dblg diabetes 😭 bapakku tipe orangtua ga mau dgr masukan smpe skrng bingung gmn cara buat dia sadar pdhal udah pernah msk rs gara” gula & d kasi suntikan insulin malah ngeyel 🙄,threads,2026-06-15 23:29:10.477375,threads,e7d02dcf789aa6700fb3ca2f3e6dc271
https://www.threads.com/@dr.gregorybudiman/post/DX9GDJuk7hQ?xmt=AQG0FeDDdBUZGK3Bi9KCUDrnrioom0JJMTNbx8vEchUVTg,nusantara.pdf,2026-05-06 07:00:00+07:00,Bapak saya pernah op diabet dok dan sampe sekarang masih minum obat insulin sehat ga kayak dulu lagi sakit-sakitan,threads,2026-06-15 23:29:10.477375,threads,05c62b7d65ac23ba24fbb02e59308da6
https://www.threads.com/@dr.gregorybudiman/post/DX9GDJuk7hQ?xmt=AQG0FeDDdBUZGK3Bi9KCUDrnrioom0JJMTNbx8vEchUVTg,keytrinas,2026-05-08 07:00:00+07:00,"Kak. Spill obat insulinnya dong,, ibuku jg lagi penderita diabetes",threads,2026-06-15 23:29:10.477375,threads,651f2a6fe515ade72fba8529791274f8
https://www.threads.com/@dr.gregorybudiman/post/DX9GDJuk7hQ?xmt=AQG0FeDDdBUZGK3Bi9KCUDrnrioom0JJMTNbx8vEchUVTg,nusantara.pdf,2026-05-08 07:00:00+07:00,Glimepiride. Lbh baik ke dokter ka setiap org beda- beda dosis nya bpk saya resep dari dokter,threads,2026-06-15 23:29:10.477375,threads,0a14877ba3564cb19e319921239868a9
https://www.threads.com/@dr.gregorybudiman/post/DX9GDJuk7hQ?xmt=AQG0FeDDdBUZGK3Bi9KCUDrnrioom0JJMTNbx8vEchUVTg,keytrinas,2026-05-08 07:00:00+07:00,Kalau yg herbal itu bagus apa enggk kak,threads,2026-06-15 23:29:10.477375,threads,6a67385425868d17058a76d6d674c299
https://www.threads.com/@dr.gregorybudiman/post/DX9GDJuk7hQ?xmt=AQG0FeDDdBUZGK3Bi9KCUDrnrioom0JJMTNbx8vEchUVTg,imabasfain,2026-05-05 07:00:00+07:00,"Pasien nya perlu edukasi dok. Bapakku DM dgn obat insulin. Bpk meninggal alhamdulillah ginjalnya sehat. Skrg aq udh tahun berjuang jg dgn DM. Minm obt Metf rm!n setiap hari rutin perbulan cek ginjal alhamdulillah ginjalku aman. Malah yg aq tau edukasi dr dokter rawat bpkku. Ketika gula darah tdk terkontrol, minum obat asal""an bahkan banyak pasien yg berbohong ke dokter dan keluargany katanya minum obt ternyata tdk. Yg mengakibatkan kerusakan ginjal. Keluarga nya menyalahkan obat diabetes nya",threads,2026-06-15 23:29:10.477375,threads,89718b98f635eb5afbd9ed46cef91e63
https://www.threads.com/@dr.gregorybudiman/post/DX9GDJuk7hQ?xmt=AQG0FeDDdBUZGK3Bi9KCUDrnrioom0JJMTNbx8vEchUVTg,budzvmcx,2026-05-05 07:00:00+07:00,"Mana ada org minum obat kena ginjal, emang pas minum gitu, ada ginjal melayang ke kita?",threads,2026-06-15 23:29:10.477375,threads,a29eda864ef3236a8c5387439d554f8a
https://www.threads.com/@dr.gregorybudiman/post/DX9GDJuk7hQ?xmt=AQG0FeDDdBUZGK3Bi9KCUDrnrioom0JJMTNbx8vEchUVTg,dr.gregorybudiman,2026-05-05 07:00:00+07:00,"Hehe,,, ada yg nimpuk ya",threads,2026-06-15 23:29:10.477375,threads,f85a17aaaf526fb88d5ba6fbed766eab
https://www.threads.com/@dr.gregorybudiman/post/DX9GDJuk7hQ?xmt=AQG0FeDDdBUZGK3Bi9KCUDrnrioom0JJMTNbx8vEchUVTg,diliv00,2026-05-05 07:00:00+07:00,"Mana dok, edukasi pelan nya ? Saya nungguin.",threads,2026-06-15 23:29:10.477375,threads,43156d7eb21281796df3195a5e744db1
https://www.threads.com/@dr.gregorybudiman/post/DX9GDJuk7hQ?xmt=AQG0FeDDdBUZGK3Bi9KCUDrnrioom0JJMTNbx8vEchUVTg,dr.gregorybudiman,2026-05-05 07:00:00+07:00,Hehe males ah 😅,threads,2026-06-15 23:29:10.477375,threads,3b6efa2115cde69e3d2c63a0985cc7b1
https://www.threads.com/@dr.gregorybudiman/post/DX9GDJuk7hQ?xmt=AQG0FeDDdBUZGK3Bi9KCUDrnrioom0JJMTNbx8vEchUVTg,windimaulana_,2026-05-05 07:00:00+07:00,"Ibu mertuaku matanya kabur hampir gabisa melihat , katanya gula darahnya sempet tinggi , tapi kata orang terdekat bukan diabetes cuma gula darah tinggi , jadi apa bener gitu dok ?",threads,2026-06-15 23:29:10.477375,threads,a6ef93fe170b8f49900a58f9683b2b21
https://www.threads.com/@dr.gregorybudiman/post/DX9GDJuk7hQ?xmt=AQG0FeDDdBUZGK3Bi9KCUDrnrioom0JJMTNbx8vEchUVTg,dr.gregorybudiman,2026-05-05 07:00:00+07:00,Diabetes itu tandanya gula darah yang tinggi bu,threads,2026-06-15 23:29:10.477375,threads,eed5b61fbfa0e052b6f1e6b347e82dd7
https://www.threads.com/@dr.gregorybudiman/post/DX9GDJuk7hQ?xmt=AQG0FeDDdBUZGK3Bi9KCUDrnrioom0JJMTNbx8vEchUVTg,dewirati2121,2026-05-05 07:00:00+07:00,Itu gmn dok? Suami ku diabet. Bs kena ginjal?,threads,2026-06-15 23:29:10.477375,threads,0bf6bbb0807d33eff86d8cac0a6489dd
https://www.threads.com/@dr.gregorybudiman/post/DX9GDJuk7hQ?xmt=AQG0FeDDdBUZGK3Bi9KCUDrnrioom0JJMTNbx8vEchUVTg,lelaf.adillah,2026-05-05 07:00:00+07:00,Biasanya klo udh kena diabet itu satu lingkaran kak sm penyakit lain termasuk gagal ginjal.. Klo gulanya gak terkontrol,threads,2026-06-15 23:29:10.477375,threads,96d444e6ad1d4342ff1d9f3023ec0ccb
https://www.threads.com/@dr.gregorybudiman/post/DX9GDJuk7hQ?xmt=AQG0FeDDdBUZGK3Bi9KCUDrnrioom0JJMTNbx8vEchUVTg,dewirati2121,2026-05-05 07:00:00+07:00,Iya dia masih aja minum minuman kemasan alasanya itu mama di botolnya % gula nya..,threads,2026-06-15 23:29:10.477375,threads,44ef5b2c22b3e82251ccea4b2f5a025f
https://www.threads.com/@dr.gregorybudiman/post/DX9GDJuk7hQ?xmt=AQG0FeDDdBUZGK3Bi9KCUDrnrioom0JJMTNbx8vEchUVTg,hafidzi76,2026-05-05 07:00:00+07:00,Edukasi orang belum berilmu akan lebih susah,threads,2026-06-15 23:29:10.477375,threads,0166752a8a5a0a21237e755bf27f8942
https://www.threads.com/@dr.gregorybudiman/post/DX9GDJuk7hQ?xmt=AQG0FeDDdBUZGK3Bi9KCUDrnrioom0JJMTNbx8vEchUVTg,yati.liana12,2026-05-05 07:00:00+07:00,Benarkah itu dok? Gimana dengan konsumi budenofalk dan urdafalk berbulan bulan apa bisa kena ginjal?,threads,2026-06-15 23:29:10.477375,threads,983a6d651eb63e3e4dd780d79aae59e1
https://www.threads.com/@dr.gregorybudiman/post/DX9GDJuk7hQ?xmt=AQG0FeDDdBUZGK3Bi9KCUDrnrioom0JJMTNbx8vEchUVTg,didik_img,2026-05-05 07:00:00+07:00,Faktor utama diabetes apa dok? Apakah keturunan itu benar?,threads,2026-06-15 23:29:10.477375,threads,5bb04c8e06ab4e4b6116452304b71a7a
https://www.threads.com/@dr.gregorybudiman/post/DX9GDJuk7hQ?xmt=AQG0FeDDdBUZGK3Bi9KCUDrnrioom0JJMTNbx8vEchUVTg,dapursybill,2026-05-05 07:00:00+07:00,Follow ah dok.. kakak ku meninggal Krn diabetes,threads,2026-06-15 23:29:10.477375,threads,d88980e590a324b73920906f37621702
https://www.threads.com/@dr.gregorybudiman/post/DX9GDJuk7hQ?xmt=AQG0FeDDdBUZGK3Bi9KCUDrnrioom0JJMTNbx8vEchUVTg,nunuk178,2026-05-05 07:00:00+07:00,Penting nih edukasi nya.lanjut Dok,threads,2026-06-15 23:29:10.477375,threads,2200e456793829901313bc410ad38fc0
https://www.threads.com/@dr.gregorybudiman/post/DX9GDJuk7hQ?xmt=AQG0FeDDdBUZGK3Bi9KCUDrnrioom0JJMTNbx8vEchUVTg,social_security_works,2026-02-06 07:00:00+07:00,Social Security h We are demanding that Congress hold DOGE accountable by: 🚨Leading investigations into any potential criminal behavior 🚨Reviewing federal contracts approved by DOGE officials 🚨Investigating AI programs deployed in federal agencies by DOGE for potential risks,threads,2026-06-15 23:29:10.477375,threads,bae4c3773a795398843ce895d8698771
https://www.threads.com/@dr.gregorybudiman/post/DX9GDJuk7hQ?xmt=AQG0FeDDdBUZGK3Bi9KCUDrnrioom0JJMTNbx8vEchUVTg,ua_arc,2026-02-06 07:00:00+07:00,h Do you preface White supremacy with “not all White people”?,threads,2026-06-15 23:29:10.477375,threads,d166cf8ab5bb428b9540d5e5c92f142f
https://www.threads.com/@dr.gregorybudiman/post/DX9GDJuk7hQ?xmt=AQG0FeDDdBUZGK3Bi9KCUDrnrioom0JJMTNbx8vEchUVTg,annazarves,2026-02-06 07:00:00+07:00,"h This is once again your weekly reminder that we should elect more women, especially more Black women.",threads,2026-06-15 23:29:10.477375,threads,60adb555878c9f991dc0ae376117bf2b
https://www.threads.com/@dr.gregorybudiman/post/DX9GDJuk7hQ?xmt=AQG0FeDDdBUZGK3Bi9KCUDrnrioom0JJMTNbx8vEchUVTg,feministajones,2026-02-06 07:00:00+07:00,h Imma get me some Fleet,threads,2026-06-15 23:29:10.477375,threads,3695f5694c1f55dcafd477deeda2a13d
https://www.threads.com/@dr.gregorybudiman/post/DX9GDJuk7hQ?xmt=AQG0FeDDdBUZGK3Bi9KCUDrnrioom0JJMTNbx8vEchUVTg,mzyal,2026-02-06 07:00:00+07:00,h days in Japan. Can I move here already?! I know everything is not as good as it seems. But I like that everyone is so….. organized 🥺,threads,2026-06-15 23:29:10.477375,threads,497a48456450edf800120d55106f642c
https://www.threads.com/@wisnu.segara/post/DYHhPQ-GL6C?xmt=AQG0FeDDdBUZGK3Bi9KCUDrnrioom0JJMTNbx8vEchUVTg,wisnu.segara,2026-02-06 07:00:00+07:00,"RS thread d Pas dapet pasien diabetes di Poli. 👨‍⚕️: ""Gula darah itu seperti kita bikin es teh bu, semakin banyak gulanya semakin kental. Jadi kurangi gulanya ya bu."" 🤷‍♀️: ""Dok, kalau gulanya tetap sendok tapi airnya saya banyakin gimana? Kan gak kental jadinya, gula darah saya jadi gak naik."" Berhubung pasiennya perempuan, saya yang minta maaf atas analogi saya 🙂",threads,2026-06-15 23:29:10.477375,threads,4f8fe6a2bc97276c0a74aa8d8e2dd47a
https://www.threads.com/@wisnu.segara/post/DYHhPQ-GL6C?xmt=AQG0FeDDdBUZGK3Bi9KCUDrnrioom0JJMTNbx8vEchUVTg,lovely_faratos,2026-02-06 07:00:00+07:00,d Pasien saya udah dijelasin tentang konsep indeks glikemik dengan bahasa sesederhana mungkin. Saya udah ga makan nasi Dok. Beberapa hari cuma makan bubur sumsum 🫠🫠🫠 GDS ++. Bye.,threads,2026-06-15 23:29:10.477375,threads,5a99d14313543b9a87b6444b831fd4b2
https://www.threads.com/@wisnu.segara/post/DYHhPQ-GL6C?xmt=AQG0FeDDdBUZGK3Bi9KCUDrnrioom0JJMTNbx8vEchUVTg,dipendamdulu,2026-02-06 07:00:00+07:00,"d No, it's not about the analogic. That's gender issue you bring here you should sorry about, Doc",threads,2026-06-15 23:29:10.477375,threads,df38225c3f893b4b6bb12281db51a41b
https://www.threads.com/@wisnu.segara/post/DYHhPQ-GL6C?xmt=AQG0FeDDdBUZGK3Bi9KCUDrnrioom0JJMTNbx8vEchUVTg,tikapratama9,2026-02-06 07:00:00+07:00,"d Padahal tinggal dijelasin aja ""tubuh kita itu kayak gelas, mau sebanyak apapun masukin airnya yang berada di gelas tetep satu gelas ini, yang lainnya tumpah. Begitupun darah di tubuh ibu, gak bisa ditambah sembarangan, kan gula darah ini gulanya di darah ibu bukan di teh"". Tapi dok, dulu juga aku pernah ketemu orang yang bikin kopi sachet tapi airnya segelas gede. Alasannya ""kalo airnya banyak kan jadi gak manis, kan dokter nyuruhnya jangan minum yang manis-manis"".",threads,2026-06-15 23:29:10.477375,threads,ed2a58cb0766fcb971636061e8a7d824
https://www.threads.com/@wisnu.segara/post/DYHhPQ-GL6C?xmt=AQG0FeDDdBUZGK3Bi9KCUDrnrioom0JJMTNbx8vEchUVTg,lepetitenutri,2026-02-06 07:00:00+07:00,d Jd inget pasien DM buat gula pasir sendiri dari tebu yg ditanam sendiri. Beliau meyakini buat sendiri jd aman ✋️,threads,2026-06-15 23:29:10.477375,threads,51a4a903622951098bca64fc84535127
https://www.threads.com/@wisnu.segara/post/DYHhPQ-GL6C?xmt=AQG0FeDDdBUZGK3Bi9KCUDrnrioom0JJMTNbx8vEchUVTg,dexjoin,2026-02-06 07:00:00+07:00,"d DOKTER WISNU!!!! SAYA PERNAH NGEJELASIN HAL YANG SAMA KE IBU SAYA 😂😂😂 karena saya emosian dan jawabnya cepat, setelah respond persis kyk kasus di atas yg ditambahin air sampe gk manis, saya tim paling lagi ""Yaudah boleh tapi ibu jawab aku dulu, mau gk teh nya dikasih tai kucing aku aduk sampe rata terus aku tambahin air putih sampe tai kucingnya gak berasa?"" Langsung diem nyengir wkwk, lalu aku jelasin lagi lanjutannya soal kandungan vs rasa.",threads,2026-06-15 23:29:10.477375,threads,9aaa07397c6eecc8827a368752a93a2b
https://www.threads.com/@wisnu.segara/post/DYHhPQ-GL6C?xmt=AQG0FeDDdBUZGK3Bi9KCUDrnrioom0JJMTNbx8vEchUVTg,wisnu.segara,2026-02-06 07:00:00+07:00,d Nah ini analoginya lebih masuk 😂,threads,2026-06-15 23:29:10.477375,threads,058cc579115b5bc07df8c441a0499153
https://www.threads.com/@wisnu.segara/post/DYHhPQ-GL6C?xmt=AQG0FeDDdBUZGK3Bi9KCUDrnrioom0JJMTNbx8vEchUVTg,tsukiarc,2026-02-06 07:00:00+07:00,"d Dok kalo misal saya beli chatime ukuran large, tapi ga langsung diminum sekaligus, minumnya seteguk"" aja bisa sampe harian baru habis, ini pengaruhnya gimana? Saya sehari konsumsi air mineral minimal liter",threads,2026-06-15 23:29:10.477375,threads,f004acc8289af1f1199749c21c4ed3ee
https://www.threads.com/@wisnu.segara/post/DYHhPQ-GL6C?xmt=AQG0FeDDdBUZGK3Bi9KCUDrnrioom0JJMTNbx8vEchUVTg,wisnu.segara,2026-02-06 07:00:00+07:00,"d Nah ini beda, yang terhitung adalah berapa konsumsi gula yang masuk ke tubuh perhari, bukan manis atau tidaknya apa yg dikonsumsi. Tapi ya itu, gula darah bukan hanya bersumber dari gula pasir atau semacamnya, tapi dari berbagai karbohidrat lain. Makanya sering disarankan kurangi jumlah nasi sehari, kurangi roti, dan sebagainya. Gitu...",threads,2026-06-15 23:29:10.477375,threads,f31d2cc070ae0392f54d8c1511868f57
https://www.threads.com/@wisnu.segara/post/DYHhPQ-GL6C?xmt=AQG0FeDDdBUZGK3Bi9KCUDrnrioom0JJMTNbx8vEchUVTg,tsukiarc,2026-02-06 07:00:00+07:00,"d nah saya udah mau minggu ini ga konsumsi nasi maupun karbo yang lain, tapi masih makan protein tapi yang deep fried 😭 ini gimana dok? 😭😭",threads,2026-06-15 23:29:10.477375,threads,bd76d579cf77ed8cbc6f69d0625381e1
https://www.threads.com/@wisnu.segara/post/DYHhPQ-GL6C?xmt=AQG0FeDDdBUZGK3Bi9KCUDrnrioom0JJMTNbx8vEchUVTg,wisnu.segara,2026-02-06 07:00:00+07:00,"d Kalau deep friednya sendiri akan menjenuhkan lemak dsri minyak yang kita pakai, otomatis kalau kita konsumsi, maka lemak jahat meningkat, yang akhirnya naikin kolesterol jahat (LDL). Deep fried ga langsung ngaruh ke gula, tapi tunggu dulu, apa yang di goreng pasti tetap mengandung karbo, meskipun itu daging tanpa lemak (misal dada ayam).",threads,2026-06-15 23:29:10.477375,threads,1121cf47cd13e6860b8e5c45ea7002b3
https://www.threads.com/@wisnu.segara/post/DYHhPQ-GL6C?xmt=AQG0FeDDdBUZGK3Bi9KCUDrnrioom0JJMTNbx8vEchUVTg,tsukiarc,2026-02-06 07:00:00+07:00,d wah terima kasih insight nya dok 🙏🏼🙏🏼🙏🏼🙏🏼,threads,2026-06-15 23:29:10.477375,threads,c6d26e66ee7e1ea5f931d9020b5efff3
https://www.threads.com/@wisnu.segara/post/DYHhPQ-GL6C?xmt=AQG0FeDDdBUZGK3Bi9KCUDrnrioom0JJMTNbx8vEchUVTg,erika.asdi,2026-02-06 07:00:00+07:00,"d Gula sendok makan (sekitar gram) utk teh segelas. Wah, berani sekali, mgkn punya banyak stok nyawa.",threads,2026-06-15 23:29:10.477375,threads,f05f065cc04023bb5f306228af877c7d
https://www.threads.com/@wisnu.segara/post/DYHhPQ-GL6C?xmt=AQG0FeDDdBUZGK3Bi9KCUDrnrioom0JJMTNbx8vEchUVTg,johan_riady,2026-02-06 07:00:00+07:00,"d Pertanyaan yang bagus, bs ttp dijelaskan dgn analogi dokter, maaf bu ibarat badan ibu gelas, dan airnya darah ibu, ibu tidak bisa memperbesar tubuh ibu dan menambahkan jumlah darah di tubuh ibu",threads,2026-06-15 23:29:10.477375,threads,90e603d890d9f7e0ee7bb07f0664bb08
https://www.threads.com/@wisnu.segara/post/DYHhPQ-GL6C?xmt=AQG0FeDDdBUZGK3Bi9KCUDrnrioom0JJMTNbx8vEchUVTg,wisnu.segara,2026-02-06 07:00:00+07:00,d Pas bgt 👍👍,threads,2026-06-15 23:29:10.477375,threads,29425324dd1d307a96da38a74136f273
https://www.threads.com/@wisnu.segara/post/DYHhPQ-GL6C?xmt=AQG0FeDDdBUZGK3Bi9KCUDrnrioom0JJMTNbx8vEchUVTg,pamali.sateh,2026-02-06 07:00:00+07:00,d Dok katanya ada batasan konsumsi gula per hari kan? Nah itu diresetnya jam kah? Atau direset pas kita tidur? 😶,threads,2026-06-15 23:29:10.477375,threads,1412973cce75353f8f4004ee40202766
https://www.threads.com/@wisnu.segara/post/DYHhPQ-GL6C?xmt=AQG0FeDDdBUZGK3Bi9KCUDrnrioom0JJMTNbx8vEchUVTg,wisnu.segara,2026-02-06 07:00:00+07:00,"d Dewasa laki sekitar gram per hari, dewasa perempuan gram per hari. Reset gula darah itu sebenarnya kurang tepat, karena tubuh kita memetabolisme gula tanpa henti. Jadi, itu tergantung sekali sama tingkat pembakaran kita. Jadi kapan kita tidur, kapan kita aktivitas harian, dan kapan olah raga. Tentunya, dalam hari, kebutuhan gula tertinggi yaitu saat aktivitas/ olah raga.",threads,2026-06-15 23:29:10.477375,threads,225c404fc653330668e9b92d939040a5
https://www.threads.com/@wisnu.segara/post/DYHhPQ-GL6C?xmt=AQG0FeDDdBUZGK3Bi9KCUDrnrioom0JJMTNbx8vEchUVTg,sepiceless,2026-02-06 07:00:00+07:00,"d Punten dok, yg dimaksud gram dan gram ini dalam bentuk gula pasir atau sudah termasuk bentuk gula yg lain (misal laktosa pd susu, fruktosa pd buah bahan)?",threads,2026-06-15 23:29:10.477375,threads,bf3251e723266d8af14e09654b9984be
https://www.threads.com/@wisnu.segara/post/DYHhPQ-GL6C?xmt=AQG0FeDDdBUZGK3Bi9KCUDrnrioom0JJMTNbx8vEchUVTg,wisnu.segara,2026-02-06 07:00:00+07:00,"d Sudah termasuk gula kompleks dari sumber lain, bahkan nasi pun ada glukosanya walaupun sangat sangat rendah, sayangnya nasi (yang tanpa gula secara langsung) alan tetap diubah oleh tubuh kita menjadi glukosa sebagai bahan baku energi. Tapi, yang terhitung gram atau gram itu adalah konsumsi glukosa dari luar, ga termasuk yang diubah oleh tubuh kita. Sekarang di intermet banyak kalkulator yang bisa mengkonversi jenis makanan kita ke kadar glukosa yang terkandung di dalamnya.",threads,2026-06-15 23:29:10.477375,threads,8092652550c14feee5667431c4bc0a4d
https://www.threads.com/@wisnu.segara/post/DYHhPQ-GL6C?xmt=AQG0FeDDdBUZGK3Bi9KCUDrnrioom0JJMTNbx8vEchUVTg,nurisa_aegis,2026-02-06 07:00:00+07:00,d Tapii logika pasiennya masuk juga dok. Karena analogi yg dokter sampaikan belum tuntas (menurut saya),threads,2026-06-15 23:29:10.477375,threads,320f842cc902947e4a2dce5599de99f2
https://www.threads.com/@wisnu.segara/post/DYHhPQ-GL6C?xmt=AQG0FeDDdBUZGK3Bi9KCUDrnrioom0JJMTNbx8vEchUVTg,ka_rina800,2026-02-06 07:00:00+07:00,"d Dok tanya apakah bawang putih encerkan darah, saya dlu tiap hri makan bwang putih nah kna pisau jariku..trus aja keluar tuh darah aneh aja ga mampet,misal kering kena senggol keluar lg drah nya gt",threads,2026-06-15 23:29:10.477375,threads,0cb81c1a8b57b19a9fc897b695dbd764
https://www.threads.com/@wisnu.segara/post/DYHhPQ-GL6C?xmt=AQG0FeDDdBUZGK3Bi9KCUDrnrioom0JJMTNbx8vEchUVTg,wisnu.segara,2026-02-06 07:00:00+07:00,"d Bawang putih memang punya efek ""anti-koagulasi"", artinya bisa menghambat pembekuan darah. Tapi kalau ada kasus seperti itu, baiknya jangan memikirkan penyebab saja, banya kemungkinan. Bisa aja memang ada penyakit lainnya.",threads,2026-06-15 23:29:10.477375,threads,4777179a3893cca3578475f07fdda375
https://www.threads.com/@wisnu.segara/post/DYHhPQ-GL6C?xmt=AQG0FeDDdBUZGK3Bi9KCUDrnrioom0JJMTNbx8vEchUVTg,makeup_andara,2026-02-06 07:00:00+07:00,"d Dok kenapa pas hamil gula darah saya rendah? (Range - ) Efeknya saya jadi sering lemes tiap kerja, dokter saya udah menyarankan untuk banyak makan buah an biar gak lemes, tapi naiknya gak terlalu signifikan dan masih sering lemes. Untuk berat badan janin alhamdulillah setiap bulannya sudah sesuai standar persentil %",threads,2026-06-15 23:29:10.477375,threads,1312f92b7032f492f738a0b2dbddb77a
https://www.threads.com/@wisnu.segara/post/DYHhPQ-GL6C?xmt=AQG0FeDDdBUZGK3Bi9KCUDrnrioom0JJMTNbx8vEchUVTg,wisnu.segara,2026-02-06 07:00:00+07:00,"d Karena gula darah kita ada di peredaran darah kita bu. Sedangkan saat hamil, kita berbagi darah dengan si janin dalam kandungan. Otomatis kita berbagi gula darah dan nutrisi lainnya juga. Tiap hari, janin bertumbuh, maka kebutuhannya akan gula darah juga meningkat. Nah jadi itu alasannya, kenapa meskipun ibu sudah konsumsi buah an gula darah tidak naik signifikan. Terbukti dari perkembangan bayi ibu yang bagus, jadi bisa kita simpulkan kalau gula darah ibu digunakan dengan baik oleh si janin.",threads,2026-06-15 23:29:10.477375,threads,5801f5601b83704b0fdf9c38c90803f6
https://www.threads.com/@wisnu.segara/post/DYHhPQ-GL6C?xmt=AQG0FeDDdBUZGK3Bi9KCUDrnrioom0JJMTNbx8vEchUVTg,lintang.mrs,2026-02-06 07:00:00+07:00,"d Mgkn bisa dijawab gini dok. 'Oiya bisa gula sendok airnya dibanyakin. Ibu ttp minum gelas, sisanya dikasih ke tetangga'. 🤭",threads,2026-06-15 23:29:10.477375,threads,5264d6c8001b9f975fa09ee3642ad414
https://www.threads.com/@wisnu.segara/post/DYHhPQ-GL6C?xmt=AQG0FeDDdBUZGK3Bi9KCUDrnrioom0JJMTNbx8vEchUVTg,wisnu.segara,2026-02-06 07:00:00+07:00,d Aduuuuuu,threads,2026-06-15 23:29:10.477375,threads,9ba2373a13945cefa0cff67b2cb997ab
https://www.threads.com/@wisnu.segara/post/DYHhPQ-GL6C?xmt=AQG0FeDDdBUZGK3Bi9KCUDrnrioom0JJMTNbx8vEchUVTg,homecare_bekasi_ners_rizki,2026-02-06 07:00:00+07:00,d Masa cuma makan kue sedikit Bisa naik gulanya Pas cek GDS ++ I Want To Break Free..... 🤣🫢😅😄,threads,2026-06-15 23:29:10.477375,threads,f102f417850775da0ada57723fbd0601
https://www.threads.com/@wisnu.segara/post/DYHhPQ-GL6C?xmt=AQG0FeDDdBUZGK3Bi9KCUDrnrioom0JJMTNbx8vEchUVTg,fionnacm,2026-02-06 07:00:00+07:00,"d Kue itu buat ngembangnya butuh gula, lalu biar enak rasanya jg adonannya ditambahin gula lagi, plus di luar hiasannya, entah itu coklat, icing, krim, selai, dsb jg dikasi gula, so gula plus plus. Makanya kenapa orang ln terutama dr barat tempat dimana cake diciptakan itu byk yg obesitas. Kue tradisional yg ga terlalu manis malah lebih aman, meski tetap hrs dibatasi klw udh ada diabetes.",threads,2026-06-15 23:29:10.477375,threads,69233dc77aadb6a01b676b693fddfeb7
https://www.threads.com/@wisnu.segara/post/DYHhPQ-GL6C?xmt=AQG0FeDDdBUZGK3Bi9KCUDrnrioom0JJMTNbx8vEchUVTg,homecare_bekasi_ners_rizki,2026-02-06 07:00:00+07:00,d Kalau saya Lebih ke Melarang Mutlak Apalagi jika Gulanya sudah lebih dari Paling kalau mau makan Ganti ke Telur Rebus Dan makanan non Karbo Minum cukup Air Kosongan 😅,threads,2026-06-15 23:29:10.477375,threads,269cb5f4c9f6c313bfa631e16f1e847d
https://www.threads.com/@wisnu.segara/post/DYHhPQ-GL6C?xmt=AQG0FeDDdBUZGK3Bi9KCUDrnrioom0JJMTNbx8vEchUVTg,fionnacm,2026-02-06 07:00:00+07:00,d This content is unavailable,threads,2026-06-15 23:29:10.477375,threads,7f20a26c7c7bdcb4a2ed8044f6324f19
https://www.threads.com/@wisnu.segara/post/DYHhPQ-GL6C?xmt=AQG0FeDDdBUZGK3Bi9KCUDrnrioom0JJMTNbx8vEchUVTg,fredywibisono,2026-02-06 07:00:00+07:00,"d mohon koreksi bila salah ya dok menurut saya klo mau minum teh ato kopi dengan gula sendok setidaknya itu skiplah sarapan, makan siang, camilan 🤣",threads,2026-06-15 23:29:10.477375,threads,f5bcee97f316442c2b3bcfb07b6fa18c
https://www.threads.com/@wisnu.segara/post/DYHhPQ-GL6C?xmt=AQG0FeDDdBUZGK3Bi9KCUDrnrioom0JJMTNbx8vEchUVTg,wisnu.segara,2026-02-06 07:00:00+07:00,"d Nah masalahnya lonjakan gula darah sekali konsumsi itu yang bahaya, apalagi kalau pasien sudah punya diabetes. Jadi tidak bisa jadi ""akumulasi"" atau ""balas dendam"", kurang lebih gitu",threads,2026-06-15 23:29:10.477375,threads,2b059c4213c4a5a512ad9949cede3664
https://www.threads.com/@wisnu.segara/post/DYHhPQ-GL6C?xmt=AQG0FeDDdBUZGK3Bi9KCUDrnrioom0JJMTNbx8vEchUVTg,hermawanprakoso,2026-02-06 07:00:00+07:00,"d Jwb Dok: Gpp Bu, tapi yg perlu ibu banyakin bukan air di teh manisnya Bu, ibu perlu tambahin jumlah darah di badan ibu, barulah bisa encer 😅",threads,2026-06-15 23:29:10.477375,threads,ac708f4da1622d83be20397c5916d093
https://www.threads.com/@wisnu.segara/post/DYHhPQ-GL6C?xmt=AQG0FeDDdBUZGK3Bi9KCUDrnrioom0JJMTNbx8vEchUVTg,nemuweb_id,2026-02-06 07:00:00+07:00,"d Kamu minum gelas dengan sendok dan liter dengan sendok, kalau habis semua , gula yang masuk sama sama sendok, tapi jika yang liter itu gari baru habis , yang masuk perhari setengah sendok",threads,2026-06-15 23:29:10.477375,threads,af59e5fef076a51fefd0432f16d2fbb7
https://www.threads.com/@wisnu.segara/post/DYHhPQ-GL6C?xmt=AQG0FeDDdBUZGK3Bi9KCUDrnrioom0JJMTNbx8vEchUVTg,zenhsb94,2026-02-06 07:00:00+07:00,"d Jika dibarengi tinggi serat dok? Eeh iseng aja, aku guldar cek bulan lalu sih, cuma karena dah ++ jadi pen lebih baik lagi",threads,2026-06-15 23:29:10.477375,threads,d2291cbde8a5d60c1e064b51d0b64c40
https://www.threads.com/@wisnu.segara/post/DYHhPQ-GL6C?xmt=AQG0FeDDdBUZGK3Bi9KCUDrnrioom0JJMTNbx8vEchUVTg,wisnu.segara,2026-02-06 07:00:00+07:00,"d Nah uniknya gula pasir, dia tinggi kadar glukosa sederhana, jadi dengan sangat mudah terserap dari usus ke darah kita. Jadi meskipun serat tinggi, gula tetep akan banyak yang masuk ke aliran darah dibanding terbuang bersama serat ke feses, kalah cepat gitu..",threads,2026-06-15 23:29:10.477375,threads,4b4434f095f4931738d8c26f134966bc
https://www.threads.com/@wisnu.segara/post/DYHhPQ-GL6C?xmt=AQG0FeDDdBUZGK3Bi9KCUDrnrioom0JJMTNbx8vEchUVTg,zenhsb94,2026-02-06 07:00:00+07:00,d Jadi sebaiknya dikurangi ya dok,threads,2026-06-15 23:29:10.477375,threads,e4c0a65a2e273ee37addc7e1a0ea67cc
https://www.threads.com/@wisnu.segara/post/DYHhPQ-GL6C?xmt=AQG0FeDDdBUZGK3Bi9KCUDrnrioom0JJMTNbx8vEchUVTg,beylatte_,2026-02-06 07:00:00+07:00,d Hahaha allahu ga kepikiran juga😭,threads,2026-06-15 23:29:10.477375,threads,1dc147935b580bc6260ad0bf90fbc5cf
https://www.threads.com/@wisnu.segara/post/DYHhPQ-GL6C?xmt=AQG0FeDDdBUZGK3Bi9KCUDrnrioom0JJMTNbx8vEchUVTg,zliciovs,2026-02-06 07:00:00+07:00,"d Aku pernah tanya hal yg sama, sm chat gpt ku. Dijawab ya gapapa asal km minum nya cm seteguk 😂. Diceramahin "" tubuh km ga mengenal manis atau ga manis, dia cm tau berapa banyak gula yg masuk""",threads,2026-06-15 23:29:10.477375,threads,6d92b31d95e85021a37abaab830d6a16
https://www.threads.com/@wisnu.segara/post/DYHhPQ-GL6C?xmt=AQG0FeDDdBUZGK3Bi9KCUDrnrioom0JJMTNbx8vEchUVTg,rahmatbudiman1982,2026-02-06 07:00:00+07:00,d Intinya pengidap diabet ini sebagian nya orang orang yg kecanduan gula dok,threads,2026-06-15 23:29:10.477375,threads,5b7ef4cacfe9499403084aa605d63520
https://www.threads.com/@wisnu.segara/post/DYHhPQ-GL6C?xmt=AQG0FeDDdBUZGK3Bi9KCUDrnrioom0JJMTNbx8vEchUVTg,rizalasrul,2026-02-06 07:00:00+07:00,"d Haha analoginya sudah tepat dok. Air di dalam gelas ibarat darah di dalam tubuh, kan ya? Jadi kita tidak bisa memperbanyak darah dalam tubuh karena ukuran tubuhnya segitu-gitu aja.",threads,2026-06-15 23:29:10.477375,threads,276244f6ebd955f8a553e738a219dba9
https://www.threads.com/@wisnu.segara/post/DYHhPQ-GL6C?xmt=AQG0FeDDdBUZGK3Bi9KCUDrnrioom0JJMTNbx8vEchUVTg,wisnu.segara,2026-02-06 07:00:00+07:00,d Betull 😂👍,threads,2026-06-15 23:29:10.477375,threads,4e0b6f4ce30ff36e743fa7b30e7c061d
https://www.threads.com/@wisnu.segara/post/DYHhPQ-GL6C?xmt=AQG0FeDDdBUZGK3Bi9KCUDrnrioom0JJMTNbx8vEchUVTg,agisramadhan07,2026-02-06 07:00:00+07:00,"d dok saya masih makan nasi, tapi pati resisten yg disimpen dulu di kulkas kadang jam kadang jam. porsi g/makan. sehari makan x gmn mnrt dokter",threads,2026-06-15 23:29:10.477375,threads,524ad1fb549253ce8c6a153777ddb59c
https://www.threads.com/@wisnu.segara/post/DYHhPQ-GL6C?xmt=AQG0FeDDdBUZGK3Bi9KCUDrnrioom0JJMTNbx8vEchUVTg,wisnu.segara,2026-02-06 07:00:00+07:00,"d Untuk kalori yang masuk ke tubuh antara nasi putih biasa dengan nasi putih yang dibekukan jam sebenernya ga jauh beda, hanya berbeda - % aja tingkat kalorinya. Tapi karna memiliki sifat pati resisten, di usus nasi putih yang dibekukan sebelumnya ga gamoang diurai, sehingga glukosa yang diserapnke darah ga setinggi nasi putih biasa. Jadi tujuannya bukan menurunkan kalori, tapi menjadi kontrol lonjakan gula darah setelah makan, begitu kurang lebih 🙏🏻",threads,2026-06-15 23:29:10.477375,threads,475b299bf04bef1c5bba02215a4983a3
https://www.threads.com/@wisnu.segara/post/DYHhPQ-GL6C?xmt=AQG0FeDDdBUZGK3Bi9KCUDrnrioom0JJMTNbx8vEchUVTg,agisramadhan07,2026-02-06 07:00:00+07:00,"d ya dok tujuannya utk mengontrol lonjakan gula, nah setelah makan jeda mnt saya selalu melakukan gerakan calf rise x dan jalan pake tumit menit. dan Alhamdulillah GD PP selalu di angka - an",threads,2026-06-15 23:29:10.477375,threads,a89a942db5a85043e82970829119fde4
https://www.threads.com/@wisnu.segara/post/DYHhPQ-GL6C?xmt=AQG0FeDDdBUZGK3Bi9KCUDrnrioom0JJMTNbx8vEchUVTg,wisnu.segara,2026-02-06 07:00:00+07:00,d Mantap 👍👍,threads,2026-06-15 23:29:10.477375,threads,632da9ae379b92cac96d6f086336caf4
https://www.threads.com/@wisnu.segara/post/DYHhPQ-GL6C?xmt=AQG0FeDDdBUZGK3Bi9KCUDrnrioom0JJMTNbx8vEchUVTg,agisramadhan07,2026-02-06 07:00:00+07:00,"d gpp kan gak di jeda mnt, hnya jeda semenit lgsg melakukan gerakan tersebut?",threads,2026-06-15 23:29:10.477375,threads,64f0117a4a7f4b68d9becc393197ada1
https://www.threads.com/@wisnu.segara/post/DYHhPQ-GL6C?xmt=AQG0FeDDdBUZGK3Bi9KCUDrnrioom0JJMTNbx8vEchUVTg,tiger.66038151,2026-02-06 07:00:00+07:00,"d Mau tanya dok, suami sy thn, makan nggak berlebihan, bb ideal, tapi memang suka makan gorengan dan kopi susu tanpa gula dan kurang olahraga,hba c , sebagai langkah awal untuk mengurangi hba c apakah cukup disiplin jalan kaki /menggerakkan otot betis setiap habis makan selama menit?",threads,2026-06-15 23:29:10.477375,threads,a4f83b1659f1826deef46c074cbca409
https://www.threads.com/@wisnu.segara/post/DYHhPQ-GL6C?xmt=AQG0FeDDdBUZGK3Bi9KCUDrnrioom0JJMTNbx8vEchUVTg,wisnu.segara,2026-02-06 07:00:00+07:00,"d Ini sudah masuk pre-diabetes, agar tidak jatuh ke diabetes, pola makan dan aktivitas harus di ubah. . Kalau suka kopi, cukup kopi hitam, cangkir/ hari. Pastikan tekanan darah tidak tinggi (< / ). . Gorengan salah satu tipe deep fried yang jahat sekali. Jadi karena sudah prediabet, lebih baik dihindari sama sekali. . Olah raga intensitas sedang s/d berat (jogging, bersepeda, atau kalau suka permainan bisa di tenis, futsal, bulu tangkis, atau semacamnya. MINIMAL menit perhari 🙏🏻",threads,2026-06-15 23:29:10.477375,threads,96f55c607573a768056d6ca21bc8f763
https://www.threads.com/@wisnu.segara/post/DYHhPQ-GL6C?xmt=AQG0FeDDdBUZGK3Bi9KCUDrnrioom0JJMTNbx8vEchUVTg,tiger.66038151,2026-02-06 07:00:00+07:00,"d Terima kasih banyak buat advise-nya, dok, sehat dan sukses selalu 🙏",threads,2026-06-15 23:29:10.477375,threads,e62d1ed149a07f0dd2ef145c045c1748
https://www.threads.com/@wisnu.segara/post/DYHhPQ-GL6C?xmt=AQG0FeDDdBUZGK3Bi9KCUDrnrioom0JJMTNbx8vEchUVTg,wisnu.segara,2026-02-06 07:00:00+07:00,"d Amin, semoga membantu gih 🙏🏻",threads,2026-06-15 23:29:10.477375,threads,776a331cb9c6552b9b38bc06837c4a1c
https://www.threads.com/@wisnu.segara/post/DYHhPQ-GL6C?xmt=AQG0FeDDdBUZGK3Bi9KCUDrnrioom0JJMTNbx8vEchUVTg,dewin_jae,2026-02-06 07:00:00+07:00,"d Dok, kl diabetes makan nasi jagung bagus gak? Pure nasi jagung, gakdi campur sama nasi putih.",threads,2026-06-15 23:29:10.477375,threads,de9f08820388d8165c2902cd41b0a553
https://www.threads.com/@wisnu.segara/post/DYHhPQ-GL6C?xmt=AQG0FeDDdBUZGK3Bi9KCUDrnrioom0JJMTNbx8vEchUVTg,wisnu.segara,2026-02-06 07:00:00+07:00,"d Secara nutrisi, jagung kandungan gulanya lebih rendah dsri nasi putih biasa. Tapi selain jenis, kita harus perhatikan porsi juga yaa, agar tujuan kita menurunkan konsumsi karbo tercapai 👍",threads,2026-06-15 23:29:10.477375,threads,427e3b7bb117bd464e84f28dfa7df97d
https://www.threads.com/@wisnu.segara/post/DYHhPQ-GL6C?xmt=AQG0FeDDdBUZGK3Bi9KCUDrnrioom0JJMTNbx8vEchUVTg,dewin_jae,2026-02-06 07:00:00+07:00,d Terimakasih banyak dok 🙏🙏,threads,2026-06-15 23:29:10.477375,threads,082e3f939157ab309b910e7847615ba3
https://www.threads.com/@wisnu.segara/post/DYHhPQ-GL6C?xmt=AQG0FeDDdBUZGK3Bi9KCUDrnrioom0JJMTNbx8vEchUVTg,anthony_faria,2026-02-06 07:00:00+07:00,h The application isn't the hard part. Believing your work is worth submitting is. Most designers lose opportunities because they talked themselves out of applying. Send it.,threads,2026-06-15 23:29:10.477375,threads,8b57ef01271d150d631606a22c326bb2
https://www.threads.com/@wisnu.segara/post/DYHhPQ-GL6C?xmt=AQG0FeDDdBUZGK3Bi9KCUDrnrioom0JJMTNbx8vEchUVTg,skootrmari,2026-02-06 07:00:00+07:00,h A lot of people point to MAGAs lack of response to January as a turning point of sorts; when they knew these people were fucked. But I knew them and the rest of us were fucked when he won an election after bragging about SAing women.,threads,2026-06-15 23:29:10.477375,threads,f1a8108e4920f4cc540cb7ee95160ef5
https://www.threads.com/@wisnu.segara/post/DYHhPQ-GL6C?xmt=AQG0FeDDdBUZGK3Bi9KCUDrnrioom0JJMTNbx8vEchUVTg,ragewithsage666,2026-02-06 07:00:00+07:00,"h It is not possible for me to be stressed or have my feelings hurt, what with the degree of weinerings I am receiving ✨daily✨ I don’t have time to frown!!! I’m busy!!!!!!",threads,2026-06-15 23:29:10.477375,threads,6f4c4e43febb1924884d7579a7169c04
https://www.threads.com/@rumahlesa/post/DUZfkoVD0wa?xmt=AQG0FeDDdBUZGK3Bi9KCUDrnrioom0JJMTNbx8vEchUVTg,rumahlesa,2026-02-06 07:00:00+07:00,Ijin tanya cemilan yang bagus buat penderita diabetes apa ya? Yang bisa awet juga.,threads,2026-06-15 23:29:10.477375,threads,3b62f465bcbc38d64062304980a4cac4
https://www.threads.com/@rumahlesa/post/DUZfkoVD0wa?xmt=AQG0FeDDdBUZGK3Bi9KCUDrnrioom0JJMTNbx8vEchUVTg,dienodin,2026-02-06 07:00:00+07:00,"Krupuk rambak/darokdok/kulit sapi. Yg goreng sendiri, kalo beli jadi itu garamnya byk banget",threads,2026-06-15 23:29:10.477375,threads,51aa21b64eed8aba8e389a76cc77602b
https://www.threads.com/@rumahlesa/post/DUZfkoVD0wa?xmt=AQG0FeDDdBUZGK3Bi9KCUDrnrioom0JJMTNbx8vEchUVTg,ririn.rosilla,2026-02-10 07:00:00+07:00,"diabetasol wafer sih kalo cari aman, itu zero sugar, jadi ga bikin gula darah naik. aku juga suka ngemil itu, apalagi nyambi nonton tv wkwkw",threads,2026-06-15 23:29:10.477375,threads,4d85452367faf1d55902323309fe417a
https://www.threads.com/@rumahlesa/post/DUZfkoVD0wa?xmt=AQG0FeDDdBUZGK3Bi9KCUDrnrioom0JJMTNbx8vEchUVTg,vaandila,2026-02-06 07:00:00+07:00,Diabetasol wafer kak s.shopee.co.id/ fy O…,threads,2026-06-15 23:29:10.477375,threads,37e7b7323fffe9ef9688ea844f2ab968
https://www.threads.com/@rumahlesa/post/DUZfkoVD0wa?xmt=AQG0FeDDdBUZGK3Bi9KCUDrnrioom0JJMTNbx8vEchUVTg,rumahlesa,2026-02-06 07:00:00+07:00,Wah Mkasih banyak ya kak,threads,2026-06-15 23:29:10.477375,threads,d06c1990bcefc1ec4a105cdc8aafa7fc
https://www.threads.com/@rumahlesa/post/DUZfkoVD0wa?xmt=AQG0FeDDdBUZGK3Bi9KCUDrnrioom0JJMTNbx8vEchUVTg,initaselistia,2026-02-06 07:00:00+07:00,Creakers yg rendah gula atau tnpa gula atau ada merk dari tropicanaslim,threads,2026-06-15 23:29:10.477375,threads,dd258212ee6239fa3d6e2fda5c83893d
https://www.threads.com/@rumahlesa/post/DUZfkoVD0wa?xmt=AQG0FeDDdBUZGK3Bi9KCUDrnrioom0JJMTNbx8vEchUVTg,rumahlesa,2026-02-06 07:00:00+07:00,Ada linknya kak,threads,2026-06-15 23:29:10.477375,threads,847ac7d64570baf392df00e57307fb57
https://www.threads.com/@rumahlesa/post/DUZfkoVD0wa?xmt=AQG0FeDDdBUZGK3Bi9KCUDrnrioom0JJMTNbx8vEchUVTg,inkind.id,2026-03-06 07:00:00+07:00,"Hi kak, izin ikut meramaikan threadnya 🤍 Kami punya solusi buat cemilan yang sehat buat sekeluarga. Dibuat tanpa tepung, tanpa gula, tanpa pewarna dan tanpa pengawet. Berbahan dasar kurma premium, kacang-kacangan tinggi nutrisi, cacao murni dan matcha ceremonial grade. Rasanya enak seperti kue gurih dan manisnya pas, bikin nagih. Bisa cek katalog kami di shopee.co.id/inkin… 📍Surabaya",threads,2026-06-15 23:29:10.477375,threads,c8ba7eb76dabc2e7dd2f09f35144787d
https://www.threads.com/@rumahlesa/post/DUZfkoVD0wa?xmt=AQG0FeDDdBUZGK3Bi9KCUDrnrioom0JJMTNbx8vEchUVTg,riizky.kaa,2026-02-12 07:00:00+07:00,"diabetasol wafer, ibuku penderita diabetes suka ngemil itu. pernah ibuku beli kripik langsung aku buang, daripada gula nya naik mending ku buang😅",threads,2026-06-15 23:29:10.477375,threads,0191b50d17b394f827ed89b3cc2cf385
https://www.threads.com/@rumahlesa/post/DUZfkoVD0wa?xmt=AQG0FeDDdBUZGK3Bi9KCUDrnrioom0JJMTNbx8vEchUVTg,feministajones,2026-02-06 07:00:00+07:00,"h There was an independent film that came out a while back made by a black woman. I saw it out a film festival and I thought it was absolutely terrible. I did not elaborate on that publicly, instead I just said that I don’t like it and I wouldn’t recommend it to anyone. The filmmaker blocked me and then went on a rant talking shit about how BW are the biggest haters ￼ Here’s the thing,",threads,2026-06-15 23:29:10.477375,threads,3a7967fde7243563806560d60e1eb0b3
https://www.threads.com/@rumahlesa/post/DUZfkoVD0wa?xmt=AQG0FeDDdBUZGK3Bi9KCUDrnrioom0JJMTNbx8vEchUVTg,tinamarsbooks,2026-02-06 07:00:00+07:00,h I’m having the hardest time sitting on ~things~ and keeping my mouth shut. What ever shall I do.,threads,2026-06-15 23:29:10.477375,threads,23b96eb2136f660bda3e494c623584bf
https://www.threads.com/@rumahlesa/post/DUZfkoVD0wa?xmt=AQG0FeDDdBUZGK3Bi9KCUDrnrioom0JJMTNbx8vEchUVTg,elizabethwarren,2026-02-06 07:00:00+07:00,"h Millions of Americans use buy-now-pay-later because they're stretched thin. The last thing they need is to be penalized on their credit score for it—especially with no transparency, no consistency, and no recourse. I’m demanding answers.",threads,2026-06-15 23:29:10.477375,threads,c3ff314956c21dcbb14c768dea816f34
https://www.threads.com/@rumahlesa/post/DUZfkoVD0wa?xmt=AQG0FeDDdBUZGK3Bi9KCUDrnrioom0JJMTNbx8vEchUVTg,simonsinek,2026-02-06 07:00:00+07:00,"h When people are financially invested, they want a return. When people are emotionally invested, they want to contribute.",threads,2026-06-15 23:29:10.477375,threads,ceb22404e735f647c195a67203d83824
https://www.threads.com/@senaara03/post/DWtAPYElF-L?xmt=AQG0FeDDdBUZGK3Bi9KCUDrnrioom0JJMTNbx8vEchUVTg,senaara03,2026-04-04 07:00:00+07:00,"Halooo... Aku pendatang baru di dunia diabetes. Yg terkena diabetes adalah ibuku, usia tahun. Kemarin gula darahnya melonjak dan hari ini sudah minggu di suntik insulin. Aku awan banget di dunia diabetes ini, yg punya pengalaman dengan diabetes (ortu/pejuang DM) boleh dong share disini apa yang boleh dan tidak boleh untuk penderita diabetes 🥲",threads,2026-06-15 23:29:10.477375,threads,dc93ff3f1692393e306baf659a2e7339
https://www.threads.com/@senaara03/post/DWtAPYElF-L?xmt=AQG0FeDDdBUZGK3Bi9KCUDrnrioom0JJMTNbx8vEchUVTg,senaara03,2026-04-05 07:00:00+07:00,"Terimakasih semua yg sudah share pengalaman diabetes di thread ini. Aku seneng bgt krna bnyak yg berhasil sembuh dr DM. Smga aku jg bisa merawat ibu sampai sembuh 🥲 Aku akan update perkembangan ibu dan perawatan yg aku lakukan disini, smg thread ini bisa bermanfaat bagi caregiver diabetes / penderita diabetes. Smg semua yg membaca termotivasi untuk sehat dan menjaga pola hidup sehat 😇",threads,2026-06-15 23:29:10.477375,threads,8426fc37b591d617841fb579c511232f
https://www.threads.com/@senaara03/post/DWtAPYElF-L?xmt=AQG0FeDDdBUZGK3Bi9KCUDrnrioom0JJMTNbx8vEchUVTg,senaara03,2026-04-05 07:00:00+07:00,". Kondisi awal Saat dirumah ibu sdh lemas parah selama hari, sebelum aku bw ke igd bener² lemes sampai gak bisa di bangunin. Di igd cek gula ternyata dan langsung opname . Opname Ibu opname selama hari, setiap hari di suntik insulin sebelum makan. Insulin sebelum makan x, insulin sebelum tidur x. Batas makan jam malam, diatas jam itu dilarang makan apapun sampai pagi dan hanya boleh minum air putih . Makanan Selama di rs ibu ttp makan nasi menu rs. Setiap hari cek gula pagi-sore",threads,2026-06-15 23:29:10.477375,threads,40a375eedb5df18bd06ce374b9107aae
https://www.threads.com/@senaara03/post/DWtAPYElF-L?xmt=AQG0FeDDdBUZGK3Bi9KCUDrnrioom0JJMTNbx8vEchUVTg,roycelimindra,2026-04-04 07:00:00+07:00,"Cuma mau bilang : - karbo, nasi, ubi, jagung, tepung, buah, gula, kerupuk, kue, Mie, roti =====> menaikkan gula darah - protein, serat, lemak sehat ======> tidak signifikan menaikkan gula darah Bikin meal plan : - pagi = gak boleh sentuh buah, karbo Makanlah telur, ayam, sapi, ikan - siang = nasi / serat, / protein, / karbo Buah / piring hanya boleh siang Krn siang waktu terbaik bakar gula - malam = nasi / serat, / protein, / karbo * tak boleh ngemil * olahraga rutin",threads,2026-06-15 23:29:10.477375,threads,f92d41e15af61551762cab309aa87e69
https://www.threads.com/@senaara03/post/DWtAPYElF-L?xmt=AQG0FeDDdBUZGK3Bi9KCUDrnrioom0JJMTNbx8vEchUVTg,kuntadewii,2026-04-06 07:00:00+07:00,"Pas banget aku juga lagi ngerawat ibuku yang kena diabetes. Kuncinya sabar, kalo orang tua emosi jangan ikut emosi ya kak, orang kena diabetes suka emosi. Cari makanan yg indeks glimeknya rendah kayak nasi merah, obat, ubi, dll, banyakin makan realfood. Beliin susu diabetasol kak untuk tambahan nutrisi, bisa untuk stabilin gula darah juga. Semangat ya kak",threads,2026-06-15 23:29:10.477375,threads,29644a2dbea9c5ce9ce5c9ff9552a60b
https://www.threads.com/@senaara03/post/DWtAPYElF-L?xmt=AQG0FeDDdBUZGK3Bi9KCUDrnrioom0JJMTNbx8vEchUVTg,elsa.harlie,2026-04-10 07:00:00+07:00,"Sama kayak aku minum susu diabetasol juga, biasanya aku mix sama alpukat. Enak banget ga boong, bikin ketagihan🤣",threads,2026-06-15 23:29:10.477375,threads,cb1445b852506c0b4a502d086e8114ed
https://www.threads.com/@senaara03/post/DWtAPYElF-L?xmt=AQG0FeDDdBUZGK3Bi9KCUDrnrioom0JJMTNbx8vEchUVTg,a.fatimah_jusri,2026-04-04 07:00:00+07:00,"Seringakan konsumsi sayur, pare,toge,kacang panjang,wortel, tumis, agar sensitifitas insulin bereaksi. No tepung, no nasi, no gula, no buah, kecuali pepaya, alpukat, stoberi. Camilannya kacang-kacangan untuk menstabilkan gula darah. Youghut. Saya juga tgl kmrn diopname hari gula darah . Alhamdulillah pola makan diubah, jalan pagi m, berjemur, umur saya th. Alhamdulilah mulai stabil.",threads,2026-06-15 23:29:10.477375,threads,210773ce8b888193015af912bd2cd255
https://www.threads.com/@senaara03/post/DWtAPYElF-L?xmt=AQG0FeDDdBUZGK3Bi9KCUDrnrioom0JJMTNbx8vEchUVTg,rusitarr,2026-04-04 07:00:00+07:00,"dijaga aja ya ka, usahakan gula darah harus selalu stabil dan anggota tuhuh jgn ada yg luka. takut kyk mamaku. maaf bukan nakutin ya. mamaku ada luka di kaki. gara didiemin krn dikira luka biasa, lukanya jd infeksi dan menyebar. ketambah gula darahnya lg tinggi. alhasil harus dioperasi. skrg masih proses penyembuhan. dan dokter blg ini bakal panjang prosesnya. makanan /minuman manis baiknya distop. buah jg, dicari tau dulu ya mana yg rendah indeks glikemiknya.",threads,2026-06-15 23:29:10.477375,threads,fd14fcac628e097a2c3db5e5ca569715
https://www.threads.com/@senaara03/post/DWtAPYElF-L?xmt=AQG0FeDDdBUZGK3Bi9KCUDrnrioom0JJMTNbx8vEchUVTg,rusitarr,2026-04-04 07:00:00+07:00,"kalo ada alat cek gula, cek sendiri sesekali gpp. buat skrining. jd kita bs evaluasi, kira kenapa kalo gulanya tinggi atau rendah bgt.",threads,2026-06-15 23:29:10.477375,threads,e3996c5482bbc8fe95a072e62cc54aca
https://www.threads.com/@senaara03/post/DWtAPYElF-L?xmt=AQG0FeDDdBUZGK3Bi9KCUDrnrioom0JJMTNbx8vEchUVTg,febyray,2026-04-04 07:00:00+07:00,"Rutin kontrol sih kak, mulai cari dokter penyakit dalam yg ftiendly dan enak di ajak diskusi, usahakan yg ibu kakak cocok ngobrol nya. Dampingi terus tiap kontrol, usahakan tidak gonta ganti pendamping, tapi kalau tidak bisa, selalu share sama anggota keluarga lain apa hasil kontrol mingguan atau bulanan. Pastikan BPJS aktif, karena DM dengan segala insulinnya yg mahal itu di tanggung BPJS. Next..",threads,2026-06-15 23:29:10.477375,threads,11d6ee24153d8993f29d3ea14311afb9
https://www.threads.com/@senaara03/post/DWtAPYElF-L?xmt=AQG0FeDDdBUZGK3Bi9KCUDrnrioom0JJMTNbx8vEchUVTg,febyray,2026-04-04 07:00:00+07:00,"Ortu payah di larang, untuk itu kita mesti tega soal disiplin makanan, kalau gak pake kalimat, ""kalau mama mau bebas makan, berarti mesti rutin suntik insulin, minum obat dan kontrol ke dokter"". Ke mamaku sih berhasil ya 😌",threads,2026-06-15 23:29:10.477375,threads,dd1bf0e85a732e3f82ee12932cd31940
https://www.threads.com/@senaara03/post/DWtAPYElF-L?xmt=AQG0FeDDdBUZGK3Bi9KCUDrnrioom0JJMTNbx8vEchUVTg,caloriestruck,2026-04-04 07:00:00+07:00,"Ayah punya diabet selama + tahun. Makan nasi porsi kecil, gak makan makanan olahan bergula kecuali gula jagung ke minuman (jarang). Gorengan masih tapi dikit. Buah apa aja tp makan di porsi. Skrg, kena jantung lagi karena setelah pensiun gak punya kegiatan, alhasil bb naik juga. Orang dgn diabet cepet capek dan badan mudah lemas. Jangan pernah skip obat+insulin+suplemen. Obat dr BPJS + beli sendiri. Alat yg ada di rumah, tensimeter + alat cek gula darah, kolestrol, dan asam urat.",threads,2026-06-15 23:29:10.477375,threads,c3b6c38373aa69344761a517f2c605e6
https://www.threads.com/@senaara03/post/DWtAPYElF-L?xmt=AQG0FeDDdBUZGK3Bi9KCUDrnrioom0JJMTNbx8vEchUVTg,halimahtaryadi,2026-04-05 07:00:00+07:00,"Halo Kak. Pastikan ibunya rajin kontrol yah kak, kurangin makanan berlemak dan goreng-gorengan. Buat jendela waktu makan, sarapan kurangin yang berminyak, mungkin rebus-rebusan. Awal bulan puasa, Ibuku malas kontrol selama bulan, alhasil gula melonjak ke sampai diarahkan ke IGD. Jadi, tolong jangan skip kontrol yah kak. Semangat! ☺️☺️",threads,2026-06-15 23:29:10.477375,threads,229e545201f1a01ae161c9a966acc642
https://www.threads.com/@senaara03/post/DWtAPYElF-L?xmt=AQG0FeDDdBUZGK3Bi9KCUDrnrioom0JJMTNbx8vEchUVTg,aryafrd,2026-04-05 07:00:00+07:00,"Halo ka, saya pernah ngerawat nenek saya yang kena diabetes. Harus sering kontrol rutin gula darah sama darah tingginya juga ka. Terus harus sabar ya ka ngadepin org diabetes.",threads,2026-06-15 23:29:10.477375,threads,ca370cf41b3575c8ba1ff8ee41d3ffa8
https://www.threads.com/@senaara03/post/DWtAPYElF-L?xmt=AQG0FeDDdBUZGK3Bi9KCUDrnrioom0JJMTNbx8vEchUVTg,candy_mochtar_usman,2026-04-04 07:00:00+07:00,"Saya wkt ketahuan diabetes jg tinggi, tp sama Dr di kasih obat, saya diet nasi hanya siang gram, pagi n malam oat meal/kukusan, kurangin gorengan, kopi sachet, tdk makan mie instan n pengawet, gula diet, makan buah, alhamdullilah dlm minggu normal, setelah itu saya jg makan, olah raga n minum obat rutin. Diabetes itu klo kita makannya teratur n kita jg, In Shaa Allah, stabil, asal kita tau batasannya.",threads,2026-06-15 23:29:10.477375,threads,96befcc14ccc845253e4708f20f372a5
https://www.threads.com/@senaara03/post/DWtAPYElF-L?xmt=AQG0FeDDdBUZGK3Bi9KCUDrnrioom0JJMTNbx8vEchUVTg,hartonotjung,2026-04-04 07:00:00+07:00,Coba mulai latihan angkat beban ringan,threads,2026-06-15 23:29:10.477375,threads,230919eeb06532350e826c4919a78ec7
https://www.threads.com/@senaara03/post/DWtAPYElF-L?xmt=AQG0FeDDdBUZGK3Bi9KCUDrnrioom0JJMTNbx8vEchUVTg,harsono5144,2026-04-04 07:00:00+07:00,"Cek hba c insya Alloh pasti tinggi turunkan stop obat caranya Puasa atau intermeeting fasting, olahraga cardio dan strength, zero atau low karbohidrat, banyak makan protein, serat stop gorengan, tepung, upf maximal tidur jam malam, usahakan banyak makan telor rebus kalau ada uang beli alpukat lakukan SD bln, insya Alloh gula normal kembali, Saya kemarin hba c , (gula ) komplikasi Neuropati, sekarang alhamdulillah , GDP , hrs dgn tekat kuat",threads,2026-06-15 23:29:10.477375,threads,2bc816c8131ba5115db6cec8454ba922
https://www.threads.com/@senaara03/post/DWtAPYElF-L?xmt=AQG0FeDDdBUZGK3Bi9KCUDrnrioom0JJMTNbx8vEchUVTg,neng_nenty,2026-04-04 07:00:00+07:00,bapak ibuku diabetes kak.. jadi sebagai caregiver pertama kali adalah memahami emosi orang tua.. dan harus sabarrrr baannnggeeettt klo dirasa lelah boleh istirahat jangan berhenti.. emosi amburadul soale.. hehe.. klo medis nya yaa dijalani aja sesuai dengan terapi dari dokter nyaa.. just that..,threads,2026-06-15 23:29:10.477375,threads,234f3199bdfc5447ea0803c6e74b20d5
https://www.threads.com/@senaara03/post/DWtAPYElF-L?xmt=AQG0FeDDdBUZGK3Bi9KCUDrnrioom0JJMTNbx8vEchUVTg,desipoftea,2026-04-04 07:00:00+07:00,"rutin minum obat dan suntik insulin sesuai instruksi dokter, rajin kontrol ke dokter, jaga tekanan darah tinggi agar diabetes tidak cepat merusak ginjal lewat tekanan darah yg tinggi sehingga harus cuci darah, makan senormalnya, jgn banyak atau bahkan ekstrim makan dikit/diet aneh , aktivitas fisik rutin yg santai. Jaga kelembapan kulit pakai lotion untuk mengurangi gatal . Sedia madu di kamar atau tas, jd kalau drop gulanya konsumsi madu.",threads,2026-06-15 23:29:10.477375,threads,b422ba0baad097687c8250cab0a45b3a
https://www.threads.com/@senaara03/post/DWtAPYElF-L?xmt=AQG0FeDDdBUZGK3Bi9KCUDrnrioom0JJMTNbx8vEchUVTg,kampayski,2026-04-05 07:00:00+07:00,Jgn lupa dalam hal pemberian insulin.... setelah suntik malah suntik lagi karena lupa.... resikonya hipoglikemi... salah satu efeknya dulu alm. Bapakku... buat rame orang dirumah... gak sadar tapi seperti ngamuk² gitu... kalau terjadi demikian(mudah²an gak ya)... jgn panik... dicor aja gulanya buat teh manis atau apa yg bisa naikin lagi gulanya secara cepat... Dietnya dijaga... Banyak minum air putih... Rajin olahraga... Rutin kontrol ke dokter...,threads,2026-06-15 23:29:10.477375,threads,c407b92b13b37dbac62df84b0f113373
https://www.threads.com/@senaara03/post/DWtAPYElF-L?xmt=AQG0FeDDdBUZGK3Bi9KCUDrnrioom0JJMTNbx8vEchUVTg,dieterapinn,2026-04-04 07:00:00+07:00,pola makan nya kak yang paling penting untuk diperbaiki,threads,2026-06-15 23:29:10.477375,threads,da84468cf2e400a3d248c040d627e534
https://www.threads.com/@senaara03/post/DWtAPYElF-L?xmt=AQG0FeDDdBUZGK3Bi9KCUDrnrioom0JJMTNbx8vEchUVTg,simplynisa88,2026-04-04 07:00:00+07:00,Rutin puasa jangan lupa kak,threads,2026-06-15 23:29:10.477375,threads,490c0024461b1e408294d2f1fd33faae
https://www.threads.com/@senaara03/post/DWtAPYElF-L?xmt=AQG0FeDDdBUZGK3Bi9KCUDrnrioom0JJMTNbx8vEchUVTg,samanthayoung.me,2026-02-06 07:00:00+07:00,"h As if my job losing two of my paychecks and my husband getting bronchitis wasn’t enough, I also just got diagnosed with ✨a UTI✨ 🙃",threads,2026-06-15 23:29:10.477375,threads,e86ac202c7a390ee51821b22e0a57151
https://www.threads.com/@senaara03/post/DWtAPYElF-L?xmt=AQG0FeDDdBUZGK3Bi9KCUDrnrioom0JJMTNbx8vEchUVTg,martinldart,2026-02-06 07:00:00+07:00,"h I'm so sick of the false ""Musk created jobs!"" narrative. We gave him $ illion so far, exactly how many jobs did that create? Don't bother looking it up, he used it to buy more Republicans.",threads,2026-06-15 23:29:10.477375,threads,cadfda58cb35ed5d794d4686acde199c
https://www.threads.com/@senaara03/post/DWtAPYElF-L?xmt=AQG0FeDDdBUZGK3Bi9KCUDrnrioom0JJMTNbx8vEchUVTg,essentiallyebonee,2026-02-06 07:00:00+07:00,NFL Threads h OH — the football girlies are going to LOVE this! 🙌🏾💕🏉 yahoosports,threads,2026-06-15 23:29:10.477375,threads,11ce7663be0c2d953c5d82eb883e7c78
https://www.threads.com/@senaara03/post/DWtAPYElF-L?xmt=AQG0FeDDdBUZGK3Bi9KCUDrnrioom0JJMTNbx8vEchUVTg,talynstormcrow,2026-02-06 07:00:00+07:00,h Oh yeah... I posted boob 😂 VIEWS DAYS APR – MAY,threads,2026-06-15 23:29:10.477375,threads,060d7fff1e31e6d286cece56bbe8fc6c
https://www.threads.com/@dheacory/post/DVNOf_8EpIa?xmt=AQG0FeDDdBUZGK3Bi9KCUDrnrioom0JJMTNbx8vEchUVTg,dheacory,2026-02-26 07:00:00+07:00,"Tanya serius, kenapa ya kalau yang udah punya diabetes, saat puasa dan tidak lagi mengonsumsi gula, pas dinpriksa gulanya malah tinggi?",threads,2026-06-15 23:29:10.477375,threads,1a643dcd523a109111186f053cbed28b
https://www.threads.com/@dheacory/post/DVNOf_8EpIa?xmt=AQG0FeDDdBUZGK3Bi9KCUDrnrioom0JJMTNbx8vEchUVTg,andymahendr,2026-02-26 07:00:00+07:00,"Gula darah itu naik turun sepanjang hari.. Kalo pagi cenderung tinggi karena pagi hari ada hormon kortisol, ini bukan gara stress, tapi memang jadwal hormon kortisol dirilis tiap pagi oleh kelenjar adrenal..😊",threads,2026-06-15 23:29:10.477375,threads,55231f944d275e26eee11228d25013c7
https://www.threads.com/@dheacory/post/DVNOf_8EpIa?xmt=AQG0FeDDdBUZGK3Bi9KCUDrnrioom0JJMTNbx8vEchUVTg,dheacory,2026-02-26 07:00:00+07:00,Trimakasih penjelasannya bang,threads,2026-06-15 23:29:10.477375,threads,93a4338e934aa3dbbd7ff66381a8cfdd
https://www.threads.com/@dheacory/post/DVNOf_8EpIa?xmt=AQG0FeDDdBUZGK3Bi9KCUDrnrioom0JJMTNbx8vEchUVTg,eli_setya.noverdison,2026-02-26 07:00:00+07:00,"Bisa karena faktor stres, kurang tidur, ada infeksi",threads,2026-06-15 23:29:10.477375,threads,d2be4ff8692d6facc0d9880cca25220a
https://www.threads.com/@dheacory/post/DVNOf_8EpIa?xmt=AQG0FeDDdBUZGK3Bi9KCUDrnrioom0JJMTNbx8vEchUVTg,andragaspol16,2026-02-26 07:00:00+07:00,Seharusnya kalo ngk punya diabetes posisi puasa normnya turun kalo naik pas habis makan..,threads,2026-06-15 23:29:10.477375,threads,5065bd44d848757507abb9465404c4d8
https://www.threads.com/@dheacory/post/DVNOf_8EpIa?xmt=AQG0FeDDdBUZGK3Bi9KCUDrnrioom0JJMTNbx8vEchUVTg,yunitayeniii,2026-02-26 07:00:00+07:00,"bisa jadi salah di menu sahurnya, ga konsumsi gula belum tentu gula darahnya baik. btw aku penderita juga kak, biasanya sahur makan butir telur rebus+minum susu diabetasol buat stabilin gula darah. nanti waktu sahur jangan bales dendam makan asal asalan, pilih karbohidrat kompleks, banyakin proteinnya juga",threads,2026-06-15 23:29:10.477375,threads,87f65277391e4369b215e384a919c08d
https://www.threads.com/@dheacory/post/DVNOf_8EpIa?xmt=AQG0FeDDdBUZGK3Bi9KCUDrnrioom0JJMTNbx8vEchUVTg,lif_cholifah0612,2026-02-26 07:00:00+07:00,Faktor stres biasanya kak. Berkaitan dengan sistem tubuh,threads,2026-06-15 23:29:10.477375,threads,408be9c64d18c3e21ccbe304a6132a54
https://www.threads.com/@dheacory/post/DVNOf_8EpIa?xmt=AQG0FeDDdBUZGK3Bi9KCUDrnrioom0JJMTNbx8vEchUVTg,dheacory,2026-02-26 07:00:00+07:00,"Ohh gitu ya kak, padahal sedang di rawat makanannya pun dalam pengawasan, pas mau CT scan kan puasa dlu kak, dan di chek kg gulanya, ehh tinggi an 😩",threads,2026-06-15 23:29:10.477375,threads,f5da533de0677486eddd64357f3c1023
https://www.threads.com/@dheacory/post/DVNOf_8EpIa?xmt=AQG0FeDDdBUZGK3Bi9KCUDrnrioom0JJMTNbx8vEchUVTg,lif_cholifah0612,2026-02-26 07:00:00+07:00,Iya kak. Klo stres tubuh otomatis naikin gula darah kak. Semoga kondisi kk lekas membaik ya,threads,2026-06-15 23:29:10.477375,threads,614c1fb12d08fb4e566d3776be50f4a5
https://www.threads.com/@dheacory/post/DVNOf_8EpIa?xmt=AQG0FeDDdBUZGK3Bi9KCUDrnrioom0JJMTNbx8vEchUVTg,dheacory,2026-02-26 07:00:00+07:00,"Bukan aku kak, tapi temen ku pas kemo, udah kayak ibu aku",threads,2026-06-15 23:29:10.477375,threads,6a635ff4105bb7e749f15f60fb10324d
https://www.threads.com/@dheacory/post/DVNOf_8EpIa?xmt=AQG0FeDDdBUZGK3Bi9KCUDrnrioom0JJMTNbx8vEchUVTg,lif_cholifah0612,2026-02-26 07:00:00+07:00,Iya kak. Kirain kk. Semoga beliau lekas diangkat penyakitnya,threads,2026-06-15 23:29:10.477375,threads,e51a2fdd3a1cb6996b21098d5194f513
https://www.threads.com/@dheacory/post/DVNOf_8EpIa?xmt=AQG0FeDDdBUZGK3Bi9KCUDrnrioom0JJMTNbx8vEchUVTg,a_drial,2026-02-26 07:00:00+07:00,Udah gak konsumsi gula. Yang masuk kedalam mulut ketika sahur & berbuka tinggi Karbo juga gak kak?,threads,2026-06-15 23:29:10.477375,threads,b71ed27d2d08d48412269cb561060d36
https://www.threads.com/@dheacory/post/DVNOf_8EpIa?xmt=AQG0FeDDdBUZGK3Bi9KCUDrnrioom0JJMTNbx8vEchUVTg,dheacory,2026-02-26 07:00:00+07:00,"Enggak bang, hanya protein dan sayur",threads,2026-06-15 23:29:10.477375,threads,6bad33ecabf9c0143373689652d60f04
https://www.threads.com/@dheacory/post/DVNOf_8EpIa?xmt=AQG0FeDDdBUZGK3Bi9KCUDrnrioom0JJMTNbx8vEchUVTg,oishi_tv,2026-02-26 07:00:00+07:00,Di check pake strip mandiri kak? Setelah atau sebelum makan?,threads,2026-06-15 23:29:10.477375,threads,60f51fc78929cffcdffadde9164dddcf
https://www.threads.com/@dheacory/post/DVNOf_8EpIa?xmt=AQG0FeDDdBUZGK3Bi9KCUDrnrioom0JJMTNbx8vEchUVTg,dheacory,2026-02-26 07:00:00+07:00,"Tidak kak, ini sedang di rawat kak, jd di chek sama susternya",threads,2026-06-15 23:29:10.477375,threads,370a90f14965aa15fc8826690b73ef8c
https://www.threads.com/@dheacory/post/DVNOf_8EpIa?xmt=AQG0FeDDdBUZGK3Bi9KCUDrnrioom0JJMTNbx8vEchUVTg,oishi_tv,2026-02-26 07:00:00+07:00,"Faktornya bs ada bbrp hal, kemungkinan krn lg dirawat RS, hormon mood tidak seimbang. Sy aja klo lagi nemenin ibu wktu dirawat, bawaannya feeling blue, apalagi pasien sdh pasti scr sadar atau tidak, merasa stress. Kebetulan bpkku jg penderita diabetes, beliau saat puasa awalnya tinggi tp skr masuk kategori normal ke tinggi(krn efek lansia). Kuncinya ada di jangan stop mendadak asupan glukosa. Pelan aja Apalagi puasa, ada saat dimana terjadi lonjakan gula saat berbuka",threads,2026-06-15 23:29:10.477375,threads,aadedc57644b63b2532a56a25eeab85d
https://www.threads.com/@dheacory/post/DVNOf_8EpIa?xmt=AQG0FeDDdBUZGK3Bi9KCUDrnrioom0JJMTNbx8vEchUVTg,dheacory,2026-02-26 07:00:00+07:00,"Ohh gitu kak, jadi nasi makan aja ya kak",threads,2026-06-15 23:29:10.477375,threads,6654dfc421d1f2afdcd7c90eea46a503
https://www.threads.com/@dheacory/post/DVNOf_8EpIa?xmt=AQG0FeDDdBUZGK3Bi9KCUDrnrioom0JJMTNbx8vEchUVTg,oishi_tv,2026-02-26 07:00:00+07:00,"Normal aja, perbanyak air putih. Klo Bpk ku menghadapi lonjakan kadar gula saat lebaran nanti, tiap hari minum teh kayu manis. Scr medis terbukti dapat meningkatkan sensitifitas insulin. Tp obat ttp diminum",threads,2026-06-15 23:29:10.477375,threads,b64574c46d4e7d4582b25d4927acf2b5
https://www.threads.com/@dheacory/post/DVNOf_8EpIa?xmt=AQG0FeDDdBUZGK3Bi9KCUDrnrioom0JJMTNbx8vEchUVTg,garyvee,2026-02-06 07:00:00+07:00,h Deploy joy for others and don’t allow it to trigger your own insecurities,threads,2026-06-15 23:29:10.477375,threads,8badb24685fb1565b438ecf5fad5b35a
https://www.threads.com/@dheacory/post/DVNOf_8EpIa?xmt=AQG0FeDDdBUZGK3Bi9KCUDrnrioom0JJMTNbx8vEchUVTg,itschristybowie,2026-02-06 07:00:00+07:00,"h My biggest flex is not how much money I make. It’s how much I can afford to say no when something no longer feels fully aligned. This week I made a HUGE pivot in my business. The kind where you cut off a major revenue stream, redesign offers that are already selling, and completely change the structure while everyone else is telling you to just “keep scaling what works.” 😅🙃😅",threads,2026-06-15 23:29:10.477375,threads,6b8169a905bdefa5fc0952f6698ee916
https://www.threads.com/@dheacory/post/DVNOf_8EpIa?xmt=AQG0FeDDdBUZGK3Bi9KCUDrnrioom0JJMTNbx8vEchUVTg,laurenlopes.author,2026-02-06 07:00:00+07:00,h WHO LIKES RETELLINGS,threads,2026-06-15 23:29:10.477375,threads,1d64c758126cbe35ffb0e04b5dcaef26
https://www.threads.com/@dheacory/post/DVNOf_8EpIa?xmt=AQG0FeDDdBUZGK3Bi9KCUDrnrioom0JJMTNbx8vEchUVTg,ellie_annnnne,2026-02-06 07:00:00+07:00,h Sometimes I think about the fact that I’m used as an object lesson for what happens when you sin at the church I grew up in and honestly that kinda makes me happy.,threads,2026-06-15 23:29:10.477375,threads,47bd857cd214b6cfefe3b2e65ebe6c11
https://www.threads.com/@dheacory/post/DVNOf_8EpIa?xmt=AQG0FeDDdBUZGK3Bi9KCUDrnrioom0JJMTNbx8vEchUVTg,feministajones,2026-02-06 07:00:00+07:00,h I am currently offering two classes in research methods but Threads think I’m too dumb to know how to research treatments for constipation Amazing.,threads,2026-06-15 23:29:10.477375,threads,409efd3087c73d58b541a3966d599513
https://www.threads.com/@wenitr1605/post/DTkDa6_j74O?xmt=AQG0FeDDdBUZGK3Bi9KCUDrnrioom0JJMTNbx8vEchUVTg,wenitr1605,2026-01-16 07:00:00+07:00,"Ibuku penderita diabetes ada kira tahun.. obat diabetes rutin diminum tiap pagi, ditambah lagi minum ramuan jahe kunyit sereh dan kayu manis buat bantu nurunin kadar gula nya.. tapi mentok nya turun hanya diangka sebelum makan kadang an.. lalu ada org yg anjurin minum jus buah bit, alhamdulillah baru diminum seminggu ee gula darah puasa nya turun jadi ... Suatu pencapaian yg luar biasa.. ini masih terus konsumsi semoga bisa lepas obat... Aamiin",threads,2026-06-15 23:29:10.477375,threads,67fc392f2c8fdd671b12908c0a914270
https://www.threads.com/@wenitr1605/post/DTkDa6_j74O?xmt=AQG0FeDDdBUZGK3Bi9KCUDrnrioom0JJMTNbx8vEchUVTg,annisyachair,2026-01-16 07:00:00+07:00,Akuuu jg sering bikin jus bit kk Aku jg jualin eh banyak yg minat Paling enak mix apel nanas jahe,threads,2026-06-15 23:29:10.477375,threads,5e455815824db1ec49e4277717148243
https://www.threads.com/@wenitr1605/post/DTkDa6_j74O?xmt=AQG0FeDDdBUZGK3Bi9KCUDrnrioom0JJMTNbx8vEchUVTg,mightyellow,2026-01-16 07:00:00+07:00,"kalau rutin minum buat bit jangan lebih dari ml per hari kak, dan jangan lupa rutin juga cek fungsi ginjal. Semoga sehat kembali ibunya",threads,2026-06-15 23:29:10.477375,threads,eb980d4f3b69071f0edd0dbf859f959e
https://www.threads.com/@wenitr1605/post/DTkDa6_j74O?xmt=AQG0FeDDdBUZGK3Bi9KCUDrnrioom0JJMTNbx8vEchUVTg,wenitr1605,2026-01-17 07:00:00+07:00,Iya terima kasih kk,threads,2026-06-15 23:29:10.477375,threads,f5ce877812d93a5c1bbb80f909c6d143
https://www.threads.com/@wenitr1605/post/DTkDa6_j74O?xmt=AQG0FeDDdBUZGK3Bi9KCUDrnrioom0JJMTNbx8vEchUVTg,lutfi_bw,2026-01-16 07:00:00+07:00,Cara yg paling bagus adalah dgn puasa,threads,2026-06-15 23:29:10.477375,threads,245edd739da98cc13092515d04cd3ac4
https://www.threads.com/@wenitr1605/post/DTkDa6_j74O?xmt=AQG0FeDDdBUZGK3Bi9KCUDrnrioom0JJMTNbx8vEchUVTg,d_darma_wati,2026-01-16 07:00:00+07:00,jangan lupa jaga aktivitas fisik dan kelola stress Stress bisa bikin tiba-tiba GD melonjak Salam sehat buat ibunya,threads,2026-06-15 23:29:10.477375,threads,02d59734babe5b83b2f9794dbde52a06
https://www.threads.com/@wenitr1605/post/DTkDa6_j74O?xmt=AQG0FeDDdBUZGK3Bi9KCUDrnrioom0JJMTNbx8vEchUVTg,wenitr1605,2026-01-16 07:00:00+07:00,"Iya kk, terima kasih doa nya",threads,2026-06-15 23:29:10.477375,threads,dfefe03246fb1b23500f953cf726e21a
https://www.threads.com/@wenitr1605/post/DTkDa6_j74O?xmt=AQG0FeDDdBUZGK3Bi9KCUDrnrioom0JJMTNbx8vEchUVTg,srieharmisiregar,2026-01-17 07:00:00+07:00,Bit nya berapa buah dan di jus dengan berapa cc air? Pakai juicer atau blender? Diminum pagi /siang/malam? Diminum perut kosong atau habis makan? Maaf nanya krn sy mau ikutin spt itu,threads,2026-06-15 23:29:10.477375,threads,a60142088b3ef11ef2774610ac518346
https://www.threads.com/@wenitr1605/post/DTkDa6_j74O?xmt=AQG0FeDDdBUZGK3Bi9KCUDrnrioom0JJMTNbx8vEchUVTg,wenitr1605,2026-01-17 07:00:00+07:00,Pake blender kk.. minum nya sore kalo ibuku setelah makan,threads,2026-06-15 23:29:10.477375,threads,a75ee213dc727837c308dd7444878446
https://www.threads.com/@wenitr1605/post/DTkDa6_j74O?xmt=AQG0FeDDdBUZGK3Bi9KCUDrnrioom0JJMTNbx8vEchUVTg,nurulainicans,2026-01-16 07:00:00+07:00,Selama minum jus..obat dokternya di minum gak kak Terus minum jusnya sehari berapa kali..,threads,2026-06-15 23:29:10.477375,threads,b2ae84e2a0d7912ca3fce86a44ad083f
https://www.threads.com/@wenitr1605/post/DTkDa6_j74O?xmt=AQG0FeDDdBUZGK3Bi9KCUDrnrioom0JJMTNbx8vEchUVTg,wenitr1605,2026-01-16 07:00:00+07:00,"Untuk sementarara ini masih, karna minum jus buah bit nya baru satu minggu... Tapi gula darah puasa sudah mulai bagus.. minum jus nya sekali sehari saja",threads,2026-06-15 23:29:10.477375,threads,4ffc17c90d8697b523fa4d7181c29e13
https://www.threads.com/@wenitr1605/post/DTkDa6_j74O?xmt=AQG0FeDDdBUZGK3Bi9KCUDrnrioom0JJMTNbx8vEchUVTg,nurulainicans,2026-01-16 07:00:00+07:00,Makasih infonya .karena saya juga diabet,threads,2026-06-15 23:29:10.477375,threads,4e027f8f432f58a2cf43642288e49ea1
https://www.threads.com/@wenitr1605/post/DTkDa6_j74O?xmt=AQG0FeDDdBUZGK3Bi9KCUDrnrioom0JJMTNbx8vEchUVTg,laukpauksemarang,2026-01-16 07:00:00+07:00,Wah terimakasih infonya kak Aku mau coba juga Guldar tdnya Tp pengen jadi normal guldarnya,threads,2026-06-15 23:29:10.477375,threads,206a763021441c6372399ddd4b25c5e4
https://www.threads.com/@wenitr1605/post/DTkDa6_j74O?xmt=AQG0FeDDdBUZGK3Bi9KCUDrnrioom0JJMTNbx8vEchUVTg,wenitr1605,2026-01-16 07:00:00+07:00,"Aamiin coba aja kak, btw minum jus buah bit beserta ampas nya ya kak, karna ibuku seperti itu minum nya...",threads,2026-06-15 23:29:10.477375,threads,5a65844326b0bed8cca88cb0a93d82e7
https://www.threads.com/@wenitr1605/post/DTkDa6_j74O?xmt=AQG0FeDDdBUZGK3Bi9KCUDrnrioom0JJMTNbx8vEchUVTg,dheekahanie,2026-01-17 07:00:00+07:00,"Waduh thx masukannya kak...itu jusnya pahit ga y? Blum pernah coba..btw, kalo dokter blum nganjurin lepas obat tetep ya kak ibunya harus minum..diabetes setauku emang harus minum obat",threads,2026-06-15 23:29:10.477375,threads,af1d39b426477e9a2cd67cd653d4ff6e
https://www.threads.com/@wenitr1605/post/DTkDa6_j74O?xmt=AQG0FeDDdBUZGK3Bi9KCUDrnrioom0JJMTNbx8vEchUVTg,wenitr1605,2026-01-17 07:00:00+07:00,"Gak pait buah nya kk, seger... Iya masih minum obat jg ibu sy...",threads,2026-06-15 23:29:10.477375,threads,6bb77e06b11d736a0eb28cae09918b95
https://www.threads.com/@wenitr1605/post/DTkDa6_j74O?xmt=AQG0FeDDdBUZGK3Bi9KCUDrnrioom0JJMTNbx8vEchUVTg,tigo.wibowo,2026-01-17 07:00:00+07:00,"kak, jng bercanda, bit dibilang seger 😁",threads,2026-06-15 23:29:10.477375,threads,aee14495fdc61d2481fe1d46498fbdf2
https://www.threads.com/@wenitr1605/post/DTkDa6_j74O?xmt=AQG0FeDDdBUZGK3Bi9KCUDrnrioom0JJMTNbx8vEchUVTg,wenitr1605,2026-01-17 07:00:00+07:00,Hahaha seger menjurus ke anyep dikit kk 🤭,threads,2026-06-15 23:29:10.477375,threads,a202f9b14333113e48bc7fe5ec3bb3d5
https://www.threads.com/@wenitr1605/post/DTkDa6_j74O?xmt=AQG0FeDDdBUZGK3Bi9KCUDrnrioom0JJMTNbx8vEchUVTg,annisa.ghina.imaniar,2026-01-17 07:00:00+07:00,"Tetep gabisa lepas obat kak, bisa tinggi lagi walaupun tetap minum buah bit, bahaya nanti ginjalnya",threads,2026-06-15 23:29:10.477375,threads,35c89884bc6063b5bb3c6ec7449fab6d
https://www.threads.com/@wenitr1605/post/DTkDa6_j74O?xmt=AQG0FeDDdBUZGK3Bi9KCUDrnrioom0JJMTNbx8vEchUVTg,wenitr1605,2026-01-17 07:00:00+07:00,Iya kk terima kasih,threads,2026-06-15 23:29:10.477375,threads,cda0e633b94360e5016302a2d6966634
https://www.threads.com/@wenitr1605/post/DTkDa6_j74O?xmt=AQG0FeDDdBUZGK3Bi9KCUDrnrioom0JJMTNbx8vEchUVTg,nusantara.pdf,2026-01-17 07:00:00+07:00,"Ka kalau dokter sudah ada bilang minum obat seumur hidup tolong ikuti aja apa kata dokter, dokter itu lebih tau. Biasanya kalau obat di stop minum bakal komplikasi.",threads,2026-06-15 23:29:10.477375,threads,0cfd2fc78640a2a4f245d3012d97339d
https://www.threads.com/@wenitr1605/post/DTkDa6_j74O?xmt=AQG0FeDDdBUZGK3Bi9KCUDrnrioom0JJMTNbx8vEchUVTg,liongvincentchristian,2026-01-17 07:00:00+07:00,Masalahnya tidak ada penyakit yg bisa beneran sembuh. Yang ada cuma meredam gejala. Rutin meredam sambil diperhitungkan efek samping obat akan mengakibatkan perlu obat lain. Idealnya tindakan meredam tidak memiliki efek samping sehingga aman jika pemakaian terus menumpuk seumur hidup.,threads,2026-06-15 23:29:10.477375,threads,4f76aee2f32d61e3ebf79316a4b42dc3
https://www.threads.com/@wenitr1605/post/DTkDa6_j74O?xmt=AQG0FeDDdBUZGK3Bi9KCUDrnrioom0JJMTNbx8vEchUVTg,sag.ittaria,2026-01-17 07:00:00+07:00,"Jaga makan, olahraga setelah makan, jangan lepas obat tanpa rekomendasi dokter ya. Konsultasikan juga ke dokternya apakah boleh minum jus bit seperti itu, takut ada efek sampingnya. Saya hanya minum obat dokter, jaga pola hidup sehat, alhamdulillah lepas obat. Semoga ibunya bisa lepas obat juga ya🙂",threads,2026-06-15 23:29:10.477375,threads,142f39eaff6d37903107e0f8b6f84ab4
https://www.threads.com/@wenitr1605/post/DTkDa6_j74O?xmt=AQG0FeDDdBUZGK3Bi9KCUDrnrioom0JJMTNbx8vEchUVTg,wenitr1605,2026-01-17 07:00:00+07:00,Aamiinn makasih kk,threads,2026-06-15 23:29:10.477375,threads,ff928f10b2775a46249468ac1bb5b795
https://www.threads.com/@wenitr1605/post/DTkDa6_j74O?xmt=AQG0FeDDdBUZGK3Bi9KCUDrnrioom0JJMTNbx8vEchUVTg,yuliyeti16,2026-01-16 07:00:00+07:00,Minum jusnya kapan? Apa sebelum sarapan apa kapan saja?,threads,2026-06-15 23:29:10.477375,threads,ca3f5321c3aff80c92ac3dc1f62d3bcd
https://www.threads.com/@wenitr1605/post/DTkDa6_j74O?xmt=AQG0FeDDdBUZGK3Bi9KCUDrnrioom0JJMTNbx8vEchUVTg,wenitr1605,2026-01-17 07:00:00+07:00,Kalo ibuku biasanya sore hari kk,threads,2026-06-15 23:29:10.477375,threads,103a232e7df33d4c3d92e920848c8108
https://www.threads.com/@wenitr1605/post/DTkDa6_j74O?xmt=AQG0FeDDdBUZGK3Bi9KCUDrnrioom0JJMTNbx8vEchUVTg,triwahyuni_sk,2026-01-16 07:00:00+07:00,Minumnya berapa kali sehari? Berapa gelas?,threads,2026-06-15 23:29:10.477375,threads,45a9767cbe186515f05c5208ddfa176b
https://www.threads.com/@wenitr1605/post/DTkDa6_j74O?xmt=AQG0FeDDdBUZGK3Bi9KCUDrnrioom0JJMTNbx8vEchUVTg,wenitr1605,2026-01-16 07:00:00+07:00,Minum nya cukup kali sehari.. buah bit nya dijus dgn sedikit air lalu diminum beserta ampasnya,threads,2026-06-15 23:29:10.477375,threads,83dc4c1dce0fcdfc352b52f39b7065e0
https://www.threads.com/@wenitr1605/post/DTkDa6_j74O?xmt=AQG0FeDDdBUZGK3Bi9KCUDrnrioom0JJMTNbx8vEchUVTg,gendhismomy,2026-01-16 07:00:00+07:00,Berarti mentah yaa? Soalnya ada jg yg ngasih tau bisa minum rebusannya,threads,2026-06-15 23:29:10.477375,threads,d4e2c6a3baf61cac6e4673e2150b0ca2
https://www.threads.com/@wenitr1605/post/DTkDa6_j74O?xmt=AQG0FeDDdBUZGK3Bi9KCUDrnrioom0JJMTNbx8vEchUVTg,wenitr1605,2026-01-16 07:00:00+07:00,Kalo ibuku di jus mentah kk,threads,2026-06-15 23:29:10.477375,threads,38b02d546d9dd090de92a7cefa986edf
https://www.threads.com/@wenitr1605/post/DTkDa6_j74O?xmt=AQG0FeDDdBUZGK3Bi9KCUDrnrioom0JJMTNbx8vEchUVTg,candy_mochtar_usman,2026-01-16 07:00:00+07:00,Klo gula darah masih tinggi setelah minum obat sebaiknya k Dr Internist di cari penyebabnya,threads,2026-06-15 23:29:10.477375,threads,9439d6845b440c408c590d548de333cf
https://www.threads.com/@wenitr1605/post/DTkDa6_j74O?xmt=AQG0FeDDdBUZGK3Bi9KCUDrnrioom0JJMTNbx8vEchUVTg,vivi.hannafi,2026-01-17 07:00:00+07:00,Kalo saya lebih suka di makan mentah enak mirip bengkuang rasanya,threads,2026-06-15 23:29:10.477375,threads,56f62c23bd0102fac66a6077782cc718
https://www.threads.com/@wenitr1605/post/DTkDa6_j74O?xmt=AQG0FeDDdBUZGK3Bi9KCUDrnrioom0JJMTNbx8vEchUVTg,governorshapiro,2026-02-06 07:00:00+07:00,"h ALL of our neighboring states have raised their minimum wage. If we want our next generation to stay here in Pennsylvania and contribute to our economy, then we need to raise our minimum wage. The PA House has done its part. It’s time for Senate Republicans to follow their lead.",threads,2026-06-15 23:29:10.477375,threads,f15dc56fe3929e1512c3d338931159e8
https://www.threads.com/@wenitr1605/post/DTkDa6_j74O?xmt=AQG0FeDDdBUZGK3Bi9KCUDrnrioom0JJMTNbx8vEchUVTg,ellen_mint_author,2026-02-06 07:00:00+07:00,h Remember when MAGA were threatening to turn Trump into a second pope?,threads,2026-06-15 23:29:10.477375,threads,32f7e5b02e5f7a2622fbe91fd5f28991
https://www.threads.com/@wenitr1605/post/DTkDa6_j74O?xmt=AQG0FeDDdBUZGK3Bi9KCUDrnrioom0JJMTNbx8vEchUVTg,her.name.is.what,2026-02-06 07:00:00+07:00,chronicillness h I saw the post of the woman who said she gets enraged when childless people say they're tired. *Laughs in chronic illness and post-exertional malaise*,threads,2026-06-15 23:29:10.477375,threads,5bb057a93019d059241d7cff3cf97494
https://www.threads.com/@wenitr1605/post/DTkDa6_j74O?xmt=AQG0FeDDdBUZGK3Bi9KCUDrnrioom0JJMTNbx8vEchUVTg,tsmarymagdalene,2026-02-06 07:00:00+07:00,h changing my name to Dusty Nugget,threads,2026-06-15 23:29:10.477375,threads,64606ba52e5a3a331ec2546dffb7e6b0
https://www.threads.com/@wenitr1605/post/DTkDa6_j74O?xmt=AQG0FeDDdBUZGK3Bi9KCUDrnrioom0JJMTNbx8vEchUVTg,jjackyliang,2026-02-06 07:00:00+07:00,h sentiment is slowly shifting against a certain lab,threads,2026-06-15 23:29:10.477375,threads,d202f2f4e11103d96985c3255e89c387
https://www.threads.com/@shirouchaaa/post/DVVkKgmgXFz?xmt=AQG0FeDDdBUZGK3Bi9KCUDrnrioom0JJMTNbx8vEchUVTg,shirouchaaa,2026-03-01 07:00:00+07:00,"Temanku baru saja meninggal karena diabetes udah cuci darah seminggu x. Karena minum kukubima dll. Ga tau selebihnya Sedangkan aku juga mayan parah minumnya, minuman racikan kopi gula aren eskrim, kadang kukubima dll. Ga olahraga. Kalau boleh tau ada yang tau nggak sih ciri atau gejala diabetes yang akan memburuk?",threads,2026-06-15 23:29:10.477375,threads,e0bef2117adce72385cff4f202e01821
https://www.threads.com/@shirouchaaa/post/DVVkKgmgXFz?xmt=AQG0FeDDdBUZGK3Bi9KCUDrnrioom0JJMTNbx8vEchUVTg,shirouchaaa,2026-03-01 07:00:00+07:00,Ngeri baca komentar nya. 😭,threads,2026-06-15 23:29:10.477375,threads,39d2332498b6758c74000fc6a224158e
https://www.threads.com/@shirouchaaa/post/DVVkKgmgXFz?xmt=AQG0FeDDdBUZGK3Bi9KCUDrnrioom0JJMTNbx8vEchUVTg,aldipungki,2026-03-01 07:00:00+07:00,"Bukan ngeri kita hanya menasehati saja , saya diabetes+hipertensi di usia tahun ketahuan diabetes hipertensi di usia gaya hidup di rubah lebih sehat + obat dan rajin kontrol dan cek gula+tensi alhamdulillah sdh lebih stabil intinya segera cek daripada nunggu ada komplikasi",threads,2026-06-15 23:29:10.477375,threads,22f849df7485066ecfc56906a768c2c9
https://www.threads.com/@shirouchaaa/post/DVVkKgmgXFz?xmt=AQG0FeDDdBUZGK3Bi9KCUDrnrioom0JJMTNbx8vEchUVTg,aldipungki,2026-03-01 07:00:00+07:00,"Hipertensi kalau tidak terkontrol yang kena bisa jantung, ginjal, struk , diabet kalau tidak segera di kontrol yang kena bisa ke mana² sama serperti hioertensi + kalau mata jadi kabur sampai buta , luka tidak bisa kunjung sembuh bisa berahir amputasi dll",threads,2026-06-15 23:29:10.477375,threads,5becf22ca5d55a6e8dd27908c6aaf57d
https://www.threads.com/@shirouchaaa/post/DVVkKgmgXFz?xmt=AQG0FeDDdBUZGK3Bi9KCUDrnrioom0JJMTNbx8vEchUVTg,shirouchaaa,2026-03-02 07:00:00+07:00,"Terimakasih sudah kasih saran. Aku bingung balas gimana karena agak takut aja, tapi aku baca kok.",threads,2026-06-15 23:29:10.477375,threads,17ca92c1b1440c6d7ff896b2ab506bf9
https://www.threads.com/@shirouchaaa/post/DVVkKgmgXFz?xmt=AQG0FeDDdBUZGK3Bi9KCUDrnrioom0JJMTNbx8vEchUVTg,aldipungki,2026-03-01 07:00:00+07:00,"Diabet tidak akan terasa sama seperti hipertensi , kalaumau cek darah gula puasa sama gula pp , tapi ciri umumnya suka kencing malam hari tidak hanya sekali bisa berulang kali ada yang mata kabur , bb turun drastis tapi paling rnak cek gula darah saja intinya kalau gula puasa di atas itu sdh masuk pre kalau diatas - sdh diabetes gula pp di atas sdh pasti diabetes",threads,2026-06-15 23:29:10.477375,threads,7cf022247046c84b71dad85b6de82c5b
https://www.threads.com/@shirouchaaa/post/DVVkKgmgXFz?xmt=AQG0FeDDdBUZGK3Bi9KCUDrnrioom0JJMTNbx8vEchUVTg,aldipungki,2026-03-01 07:00:00+07:00,Sedini mungkin ketahuan akan meminimalisir kerusakan organ mau diabet ataupun hipertensi dan pasti kalau sdh + harus minum obat tidak boleh putus karena itu initinya,threads,2026-06-15 23:29:10.477375,threads,25573a1ceaa09f3ca31ce38411813093
https://www.threads.com/@shirouchaaa/post/DVVkKgmgXFz?xmt=AQG0FeDDdBUZGK3Bi9KCUDrnrioom0JJMTNbx8vEchUVTg,mataharijinggaaja,2026-03-01 07:00:00+07:00,"Ke lab aja ka test hba c. Karena gejala beda beda Ketiduran di kantor, lagi meeting tau ngorok, leher hitam, siku hitam, ada kutil tumbuh, kesemutan, gatal gatal, luka ga sembuh, pipis terus terutama kebangun saat tidur buat pipis.",threads,2026-06-15 23:29:10.477375,threads,d4720b0351e6512e19bfcf242f3a9417
https://www.threads.com/@shirouchaaa/post/DVVkKgmgXFz?xmt=AQG0FeDDdBUZGK3Bi9KCUDrnrioom0JJMTNbx8vEchUVTg,hutagalungfm,2026-03-02 07:00:00+07:00,"Kalau cuma buat tegakkin diagnosis ga perlu amat sih periksa hba c, cuku gula darah puasa dan jam stlah ditambah gejala P",threads,2026-06-15 23:29:10.477375,threads,a4b2197ab00365c73a0d114f6575922a
https://www.threads.com/@shirouchaaa/post/DVVkKgmgXFz?xmt=AQG0FeDDdBUZGK3Bi9KCUDrnrioom0JJMTNbx8vEchUVTg,story_of_redward,2026-03-01 07:00:00+07:00,diabetes itu lebih banyak dpengaruhi oleh keturunan...apabila ortu atau kakek nenek ada yg diabetes ..kemungkinan % lebih akan terkena...apabila tdk ada...menurut saya aman aman saja ....paling paling kl makannya tdk terkontrol ya ujung nya kena kolesterol Dan stroke pembuluh darah,threads,2026-06-15 23:29:10.477375,threads,d976036666d672de352914466b93e6bb
https://www.threads.com/@shirouchaaa/post/DVVkKgmgXFz?xmt=AQG0FeDDdBUZGK3Bi9KCUDrnrioom0JJMTNbx8vEchUVTg,yogsadius,2026-03-01 07:00:00+07:00,Bang puasa jam trus lngsung ke lab rumah sakit aja. Ambil paket MCU darah lengkap. Kalau perut abang besar sklian usg abdomen juga. Buat kira kira cek darah urin lengkap itu - njuta. Yang sama paket ekg ronsen usg abdomen diatas itu Lebih baik deteksi sejak dini bang. Diabetes “the mother of all desease” Pintu komplikasi berbagai penyakit,threads,2026-06-15 23:29:10.477375,threads,44f70e3a689a36114c5fcb8ef63ea066
https://www.threads.com/@shirouchaaa/post/DVVkKgmgXFz?xmt=AQG0FeDDdBUZGK3Bi9KCUDrnrioom0JJMTNbx8vEchUVTg,magdalena_aqnes,2026-03-01 07:00:00+07:00,"Suka haus, pipis terus, lapar tak tertahankan tp BB turun drastis. Klu mau tahu sebaiknya tes gula darah. Mulai skrg stop dulu minum manis, sirup². Makan nasi putih msh OK tp ya jumlahnya disesuaikan yg bagus. Klu uda kena diabetes, ada obat yg hrs rajin dikonsumsi spy gula darah terkontrol.",threads,2026-06-15 23:29:10.477375,threads,dbff77fddf6e9abc806df5ecd2778fec
https://www.threads.com/@shirouchaaa/post/DVVkKgmgXFz?xmt=AQG0FeDDdBUZGK3Bi9KCUDrnrioom0JJMTNbx8vEchUVTg,icaica1203,2026-03-02 07:00:00+07:00,Malam sring kencing Sering lapar walau makan banyak Ngantukan Badan tiba kurus,threads,2026-06-15 23:29:10.477375,threads,30c6bf37df05a610d95e89f4321c4c31
https://www.threads.com/@shirouchaaa/post/DVVkKgmgXFz?xmt=AQG0FeDDdBUZGK3Bi9KCUDrnrioom0JJMTNbx8vEchUVTg,yokky_s777,2026-03-01 07:00:00+07:00,"Tdk usah meraba . Tdk usah mengira . Ke lab saja. Periksa: HBA C, GD puasa, GD jpp. Biar jelas. Soale klo bicara gejala, biasanya stadium awal blm bergejala. Gangguan organ klo sdh std lanjut, baru memberikan gejala & keluhan. Skalian cek jg bgmn fungsi ginjalnya di lab.",threads,2026-06-15 23:29:10.477375,threads,9a91558353a86a577344472f13c99790
https://www.threads.com/@shirouchaaa/post/DVVkKgmgXFz?xmt=AQG0FeDDdBUZGK3Bi9KCUDrnrioom0JJMTNbx8vEchUVTg,pringadisurya,2026-03-01 07:00:00+07:00,Tes darah saja sudah. Kalau angkanya lewat batas tertentu ya sudah diabetes. Kalau angkanya kelewat banyak ya parah.,threads,2026-06-15 23:29:10.477375,threads,32ce6ae2362a41da3f3a13aa17a41a5d
https://www.threads.com/@shirouchaaa/post/DVVkKgmgXFz?xmt=AQG0FeDDdBUZGK3Bi9KCUDrnrioom0JJMTNbx8vEchUVTg,vanepan13,2026-03-01 07:00:00+07:00,Kulit leher hitam,threads,2026-06-15 23:29:10.477375,threads,424011a4a8347bc13a29a5eda1e56e3d
https://www.threads.com/@shirouchaaa/post/DVVkKgmgXFz?xmt=AQG0FeDDdBUZGK3Bi9KCUDrnrioom0JJMTNbx8vEchUVTg,han.dy88,2026-03-02 07:00:00+07:00,Yg bner bang ? Kok baru denger,threads,2026-06-15 23:29:10.477375,threads,e290d5193d485218d71411b3d5d4be5d
https://www.threads.com/@shirouchaaa/post/DVVkKgmgXFz?xmt=AQG0FeDDdBUZGK3Bi9KCUDrnrioom0JJMTNbx8vEchUVTg,ancancah,2026-03-01 07:00:00+07:00,"Saya diabetes type ...saran saya cek gula darah aja ke dokter/puskesmas/ atau rumah sakit..atau bisa beli alat cek gula darah (glucometer)..klo hasilnya jam setelah makan dibawah mg/dl..berarti aman..klo diatas - mg/dl berarti pradiabetes..diatas mg/dl diabetes,",threads,2026-06-15 23:29:10.477375,threads,7d70d3fddc2125babc9391106cb5fb00
https://www.threads.com/@shirouchaaa/post/DVVkKgmgXFz?xmt=AQG0FeDDdBUZGK3Bi9KCUDrnrioom0JJMTNbx8vEchUVTg,cerlta_kakl,2026-03-31 07:00:00+07:00,"seperti yg abang bilang. luruskan mindset. positif thinking & jaga hati. cukup kepala yg mumet tp jgn ijinin bawa masuk kehati. klo mindset udh sehat, inshaaAllah utk ngembaliin kesehatan fisik jd lebih memungkinkan. Mudah an 🙏🏼",threads,2026-06-15 23:29:10.477375,threads,d065e07e41bd496fefe6fff127462660
https://www.threads.com/@shirouchaaa/post/DVVkKgmgXFz?xmt=AQG0FeDDdBUZGK3Bi9KCUDrnrioom0JJMTNbx8vEchUVTg,hasan.muharram,2026-03-02 07:00:00+07:00,Kaki bengkak di bagian punggung kaki. Pergelangan kaki dan sekitar jempol terasa nyeri. Perubahan warna kulit pada punggung kaki san sekitar jari kaki.,threads,2026-06-15 23:29:10.477375,threads,8345547c1cfd0f1adfdd8da2fce140fa
https://www.threads.com/@shirouchaaa/post/DVVkKgmgXFz?xmt=AQG0FeDDdBUZGK3Bi9KCUDrnrioom0JJMTNbx8vEchUVTg,hendrik_awuy,2026-03-02 07:00:00+07:00,Percayalah. Kalau ciri diabetes sudah muncul bisa dibilang sudah parah. Jadi lebih baik stop langsung atau langsung rajin beli polis asuransi,threads,2026-06-15 23:29:10.477375,threads,913bd7a340cf7d09a431fa5a74bcecda
https://www.threads.com/@shirouchaaa/post/DVVkKgmgXFz?xmt=AQG0FeDDdBUZGK3Bi9KCUDrnrioom0JJMTNbx8vEchUVTg,programmer30an,2026-03-01 07:00:00+07:00,Kukub*ma emang enak tuh. Makanya aku gak sering-sering minumnya. Mending kopi item sih cuman ya namanya manusia ya normal craving minuman yang manis-manis begitu,threads,2026-06-15 23:29:10.477375,threads,16a5e737d1686f091478a8eb0e3ef463
https://www.threads.com/@shirouchaaa/post/DVVkKgmgXFz?xmt=AQG0FeDDdBUZGK3Bi9KCUDrnrioom0JJMTNbx8vEchUVTg,shinta_traveller01,2026-03-02 07:00:00+07:00,"Salah satu cirinya sering kencing di malam hari, jd kalau kencing lebih dari x langsung cek gula darahnya aja",threads,2026-06-15 23:29:10.477375,threads,b9c4a77e4538f92fd643ebd079b34a4a
https://www.threads.com/@shirouchaaa/post/DVVkKgmgXFz?xmt=AQG0FeDDdBUZGK3Bi9KCUDrnrioom0JJMTNbx8vEchUVTg,bjornnesy,2026-03-01 07:00:00+07:00,"jam setelah makan pergi ke apotik, minta cek gula darah. klo gula darah tembus antara - itu berarti lu masuk pre-diabetes, tapi klo udah diatas lu fix udah kena diabetes. tahu kan kenapa diabetes disebut silent killer? karena klo badan lu udah limit lu bakal kolaps tanpa warning",threads,2026-06-15 23:29:10.477375,threads,ee6ce83ce913f38689ddd7a95abf3aee
https://www.threads.com/@shirouchaaa/post/DVVkKgmgXFz?xmt=AQG0FeDDdBUZGK3Bi9KCUDrnrioom0JJMTNbx8vEchUVTg,erina_azz16,2026-03-02 07:00:00+07:00,Cek lab ke puskesmas aja bang pakai BPJS gratis. Bilang mau cek darah lengkap. Kalo bayar pun paling rb an. Aku dan suamiku tiap bulan sekali cek di puskesmas,threads,2026-06-15 23:29:10.477375,threads,4bbd24b7c45455c30bde66d1f4633917
https://www.threads.com/@shirouchaaa/post/DVVkKgmgXFz?xmt=AQG0FeDDdBUZGK3Bi9KCUDrnrioom0JJMTNbx8vEchUVTg,ihsan_azf,2026-03-01 07:00:00+07:00,cek gula darah aja bang.. mayan terjangkau itu diklinik.. kalau dari fisik temen ane yg kena diabetes.. (maaf) lehernya gelap bang.. 🙏,threads,2026-06-15 23:29:10.477375,threads,3b6ad79a4b841e43e031be45738f939e
https://www.threads.com/@shirouchaaa/post/DVVkKgmgXFz?xmt=AQG0FeDDdBUZGK3Bi9KCUDrnrioom0JJMTNbx8vEchUVTg,idahapsarii,2026-03-04 07:00:00+07:00,"aku penderita diabetes, dulu gejala awal sering pipis malem hari, mudah haus & laper juga. minuman kemasan dihindari kak, kalo pengen minum manis pake gula pengganti nulife sweetener/stevia biar lebih aman",threads,2026-06-15 23:29:10.477375,threads,34cf2dad2577769686233f0c6509089c
https://www.threads.com/@shirouchaaa/post/DVVkKgmgXFz?xmt=AQG0FeDDdBUZGK3Bi9KCUDrnrioom0JJMTNbx8vEchUVTg,fananigram,2026-03-02 07:00:00+07:00,Rajin Olahraga pun ginjal tetep kerja keras nyaring minuman itu.. minum oralit aja klo suka olahraga..ama penuhi kebutuhan air putih itu wajib. .,threads,2026-06-15 23:29:10.477375,threads,fc3742a123f947314ce211d0e00a9a46
https://www.threads.com/@shirouchaaa/post/DVVkKgmgXFz?xmt=AQG0FeDDdBUZGK3Bi9KCUDrnrioom0JJMTNbx8vEchUVTg,elsa.harlie,2026-03-06 07:00:00+07:00,"mudah laper, sering pipis, ngantukan. kalo berasa udah kerasa itu rutin olahraga angkat beban, otot bisa nyerap glukosa. kalo pengen minum manis ganti gula nya pake nulife diabetasol biar aman",threads,2026-06-15 23:29:10.477375,threads,ab71ba81538cc0cd015d6a0063af3513
https://www.threads.com/@shirouchaaa/post/DVVkKgmgXFz?xmt=AQG0FeDDdBUZGK3Bi9KCUDrnrioom0JJMTNbx8vEchUVTg,knewgoat,2026-02-06 07:00:00+07:00,h I don’t know which artists needs to hear this but Biggie gave the world albums and yall still can’t touch him.,threads,2026-06-15 23:29:10.477375,threads,1f1dbd95e4dd963db6a401a13d80a3ae
https://www.threads.com/@shirouchaaa/post/DVVkKgmgXFz?xmt=AQG0FeDDdBUZGK3Bi9KCUDrnrioom0JJMTNbx8vEchUVTg,anarchotradwife,2026-02-06 07:00:00+07:00,"h at this point I firmly believe that ""it's not left vs. right, it's top vs. bottom"" is an anti-communist psyop disguised as class consciousness, based purely on how many normies latched on to it immediately and how it seems designed to muddy the waters of political discourse by ignoring the entire history of explicitly left-wing organizing in the US",threads,2026-06-15 23:29:10.477375,threads,e2b0fa5113dc5113793ba503343e78a1
https://www.threads.com/@shirouchaaa/post/DVVkKgmgXFz?xmt=AQG0FeDDdBUZGK3Bi9KCUDrnrioom0JJMTNbx8vEchUVTg,thejustinwelsh,2026-02-06 07:00:00+07:00,"h The longer I'm alive, the more I notice that % of people overcomplicate living well. Learn to earn money on your own, keep yourself in good physical shape, and build strong relationships. Congrats. You've won.",threads,2026-06-15 23:29:10.477375,threads,2ee0b8a63893e62526e481da4e223142
https://www.threads.com/@shirouchaaa/post/DVVkKgmgXFz?xmt=AQG0FeDDdBUZGK3Bi9KCUDrnrioom0JJMTNbx8vEchUVTg,pschoett,2026-02-06 07:00:00+07:00,h We're talking about voting law controversies in Intro to American Politics today so I have to go and update my slide where I present an outline of the Voting Rights Act and update it for yet another precedent -breaking Supreme Court decision... *sigh*,threads,2026-06-15 23:29:10.477375,threads,dc7d8feeadf2fbc028cb265c455f16b5
https://www.threads.com/@roycelimindra/post/DVsVPuLknNL?xmt=AQG0FeDDdBUZGK3Bi9KCUDrnrioom0JJMTNbx8vEchUVTg,roycelimindra,2026-03-10 07:00:00+07:00,"Setelah tahun rutin melakukan Medical Check Up (pemeriksaan kesehatan umum) untuk deteksi penyakit di usia tahun akhirnya saya sadar kesalahan ini : [Catatan : bukan saran medis, ini hanyalah perenungan dari sisi pasien] Penyakit tidak datang tiba tiba, diabetes selalu datang dari pre diabetes dan Gula Darah Puasa yang terlihat lebih tinggi. Gagal ginjal Kronis tidak terjadi tiba tiba, tetapi dari tensi tinggi, gejala asam urat tinggi dan penurunan fungsi ginjal secara bertahap.",threads,2026-06-15 23:29:10.477375,threads,ab86284b7f1a186b234b7ef6457d33e9
https://www.threads.com/@roycelimindra/post/DVsVPuLknNL?xmt=AQG0FeDDdBUZGK3Bi9KCUDrnrioom0JJMTNbx8vEchUVTg,roycelimindra,2026-03-10 07:00:00+07:00,MCU untuk deteksi dini penyakit sebelum sakitnya parah Dan sudah terlambat untuk ditangani Berikut adalah alasan kenapa banyak orang tidak melakukan MCU / deteksi dini : . Biayanya mahal atau alasan ekonomi . Gak rela keluar uang setahun sekali untuk deteksi dini . Takut menghadapi kenyataan kalau badannya gak sehat . Merasa cek Darah tidak penting / merasa sehat karena tidak ada gejala sakit . Tidak tau untuk apa dan apa saja yg harus dicek / ketidaktahuan tentang kesehatan,threads,2026-06-15 23:29:10.477375,threads,5dae926cb5d61e7fdf6c820c02d86373
https://www.threads.com/@roycelimindra/post/DVsVPuLknNL?xmt=AQG0FeDDdBUZGK3Bi9KCUDrnrioom0JJMTNbx8vEchUVTg,roycelimindra,2026-03-10 07:00:00+07:00,"Tidak pernah MCU menjadi risiko ketika sudah sakit (umumnya sudah parah) Sedangkan orang orang yang rutin melakukan MCU ternyata juga gak luput dari kesalahan Kesalahan orang yg MCU : - mereka cek, tapi mereka bandel atau tidak mengerjakan PR bagian mana dari kesehatan mereka yg perlu jadi perhatian khusus untuk segera diperbaiki Mereka tidak mengubah pola makan, mereka juga tidak mengubah gaya hidup sehingga Tujuan MCU supaya orang melakukan Perubahan supaya lebih sehat tidak terjadi",threads,2026-06-15 23:29:10.477375,threads,68c029d937f63dda5d5b8a869dec9b9a
https://www.threads.com/@roycelimindra/post/DVsVPuLknNL?xmt=AQG0FeDDdBUZGK3Bi9KCUDrnrioom0JJMTNbx8vEchUVTg,roycelimindra,2026-03-10 07:00:00+07:00,"Barusan sy konsultasi dengan teman sy seorang dokter, beliau mengatakan bahwa ada kesalahan minor Namun jarang disadari yaitu : - mereka yg rutin Check Up Namun mereka lalai dan tidak membandingkan hasil terdahulu dengan hasil terkini setelah mereka melakukan Perubahan pola makan Dan olahraga Tujuan dari membandingkan adalah mengkonfirmasi Dan mengkoreksi pola makan, olahraga, dan gaya hidup kita sehingga kita tau dengan pasti apa yg kita lakukan LAYAK DIPERJUANGKAN Ada yg mau menambahkan?",threads,2026-06-15 23:29:10.477375,threads,36c4b9ff417b69c17d4b833fb39ca89f
https://www.threads.com/@roycelimindra/post/DVsVPuLknNL?xmt=AQG0FeDDdBUZGK3Bi9KCUDrnrioom0JJMTNbx8vEchUVTg,roycelimindra,2026-03-10 07:00:00+07:00,Buat temen temen yg baca UTAS saya apa aja yg perlu diperiksa pada saat MCU untuk deteksi awal penyakit bisa nonton ini Ijin share ya Dok @dokterdecsa 🙏🙏🙏 Terima kasih Pak Dokter youtu.be/ ZZn… youtube.com Medical Check Up (MCU) : Cara TERBAIK memonitor KESEHATANMU dari PENYAKIT TERSEMBUNYI,threads,2026-06-15 23:29:10.477375,threads,f1675abeee6aca41a66912dcc9b7995d
https://www.threads.com/@roycelimindra/post/DVsVPuLknNL?xmt=AQG0FeDDdBUZGK3Bi9KCUDrnrioom0JJMTNbx8vEchUVTg,arsulakso,2026-03-10 07:00:00+07:00,Prediabetes kl ga diobati akna jadi diabetes beneran. Paling diperlambat jika gaya hidup sehat. Jika diobati mungkin akan reverse,threads,2026-06-15 23:29:10.477375,threads,766a93f1ec5c2837981c15b8fc1f9aca
https://www.threads.com/@roycelimindra/post/DVsVPuLknNL?xmt=AQG0FeDDdBUZGK3Bi9KCUDrnrioom0JJMTNbx8vEchUVTg,roycelimindra,2026-03-10 07:00:00+07:00,"Benar, prediabetes lebih mudah diobati daripada diabetes Deteksi dini bisa segera merubah pola makan Dan gaya hidup, itulah fungsinya Medical Check Up Terima kasih sudah berkomentar 😊🙏",threads,2026-06-15 23:29:10.477375,threads,7cac01955256917c851dd09e97fd5b90
https://www.threads.com/@roycelimindra/post/DVsVPuLknNL?xmt=AQG0FeDDdBUZGK3Bi9KCUDrnrioom0JJMTNbx8vEchUVTg,kuntadewii,2026-04-06 07:00:00+07:00,"Diabetes maupun hipertensi itu silent killer, merusak dari dalam. Semenjak ibuku kena diabetes mikir banget kondisi ibuku, mikir diriku sendiri apakah akan turun ke anaknya. Sampai skrng ga pernah stok gula lagi dirumah, aku kalo masak atau bikin minum manis pake gula pengganti nulife diabetasol atau Stevia, takut banget kalo pake gula",threads,2026-06-15 23:29:10.477375,threads,1a388c3470f462a7e8cc741bf603c218
https://www.threads.com/@roycelimindra/post/DVsVPuLknNL?xmt=AQG0FeDDdBUZGK3Bi9KCUDrnrioom0JJMTNbx8vEchUVTg,roycelimindra,2026-04-06 07:00:00+07:00,"Keren Kesadarannya kak 😊🙏 Uji cerita : saya skrg sudah menemukan keseimbangan antara pola makan yg nyaman, Namun tetap menjaga risiko diabetes tetap rendah, daripada hidup dalam ketakutan. Fyi di kepala sy ada tumor yg mana sedang saya jaga supaya tidak kembali besar. Thn ukurannya cm kubik Sekarang ukurannya cm kubik Mungkin mengecil karena Pola makan sy rendah karbohidrat Dan rendah gula",threads,2026-06-15 23:29:10.477375,threads,11efa2cdd33ee3a7c15903a86f1e4a17
https://www.threads.com/@roycelimindra/post/DVsVPuLknNL?xmt=AQG0FeDDdBUZGK3Bi9KCUDrnrioom0JJMTNbx8vEchUVTg,roycelimindra,2026-04-06 07:00:00+07:00,"Kita mesti menemukan ""Dietary Adherence"" versi kita sendiri yang Artinya : kepatuhan, ketaatan, kesetiaan terhadap aturan, rekomendasi pola makan yg sedang kita jalankan. Sejauh mana kita bisa patuh, taat Dan hasilnya bagus atau jelek, penilaian dilakukan di Medical Check Up, PR apa yg perlu kita perbaiki Sehat sehat selalu kak 😊🙏",threads,2026-06-15 23:29:10.477375,threads,a9803bc8f09eb4a1cacdd32f7a3f9378
https://www.threads.com/@roycelimindra/post/DVsVPuLknNL?xmt=AQG0FeDDdBUZGK3Bi9KCUDrnrioom0JJMTNbx8vEchUVTg,andymahendr,2026-03-10 07:00:00+07:00,"Ijin menambahkan, yaitu kemampuan kita orang awam utk membaca sendiri hasil mcu kita.. Dengan memahami angka yg tertera, kita bisa validasi pemahaman kita bersama tenaga kesehatan nanti saat konsul.. Angka itu representasi kita, dan harusnya kita yg paling memahami diri kita sendiri.. Imho..😊👍",threads,2026-06-15 23:29:10.477375,threads,c704eba3769b4b792d5228217d3ce0cf
https://www.threads.com/@roycelimindra/post/DVsVPuLknNL?xmt=AQG0FeDDdBUZGK3Bi9KCUDrnrioom0JJMTNbx8vEchUVTg,roycelimindra,2026-03-10 07:00:00+07:00,Ini bener banget 💯 Seratus buat kakak Sebagai contoh : Jika SGOT nya tinggi (ini biasanya orgnya suka minum alkohol) Jika SGPT tinggi (kemungkinan besar orgnya obesitas Dan perutnya buncit) Terima kasih sudah berkomentar,threads,2026-06-15 23:29:10.477375,threads,dbd0e34948c6b0999c36be510af6342e
https://www.threads.com/@roycelimindra/post/DVsVPuLknNL?xmt=AQG0FeDDdBUZGK3Bi9KCUDrnrioom0JJMTNbx8vEchUVTg,enung_nurbadzuri,2026-03-10 07:00:00+07:00,"Besok jadwal saya cek diabetes, asam urat dan kolesterol.. Tiap bulan rutin cek hal itu.. Tapi saya bingung. Bagusnya di jam berapa yaa cek gula darahnya ? Saya baru cek cek itu aja. Yang lainnya belum. Soalnya ke rumah sakit jaraknya jauh. Mendengerkan penjelasannya jadi pengen MCU deh. Benerann deh harus maksain.",threads,2026-06-15 23:29:10.477375,threads,61a4fa3967f143a3aa5118f6e9562b70
https://www.threads.com/@roycelimindra/post/DVsVPuLknNL?xmt=AQG0FeDDdBUZGK3Bi9KCUDrnrioom0JJMTNbx8vEchUVTg,roycelimindra,2026-03-10 07:00:00+07:00,"Bagusnya jam setelah terakhir kali kakak makan malam. Misal jam makan malam, maka cek nya jam pagi, jangan jam pagi karena puasa jam jadinya gambaran gula darah jadi terlalu bagus, alias kurang akurat 🙏 Sebaiknya MCU kak Cek gula darah, asam urat Dan kolesterol hanya digunakan jika kondisi diabetes saja",threads,2026-06-15 23:29:10.477375,threads,a74b8c3b6cd9d670f748b649dfdf1bd1
https://www.threads.com/@roycelimindra/post/DVsVPuLknNL?xmt=AQG0FeDDdBUZGK3Bi9KCUDrnrioom0JJMTNbx8vEchUVTg,liaikromah,2026-03-10 07:00:00+07:00,Om doain ya semoga tahun ini saya memberanikan diri buat MCU Karna udh masuk usia thn,threads,2026-06-15 23:29:10.477375,threads,f61417d9d4dffb7b0aeaf2cb8c4f533b
https://www.threads.com/@roycelimindra/post/DVsVPuLknNL?xmt=AQG0FeDDdBUZGK3Bi9KCUDrnrioom0JJMTNbx8vEchUVTg,roycelimindra,2026-03-11 07:00:00+07:00,"Semoga hasilnya bagus 💯 Hasil lab bukanlah sesuatu yg perlu ditakuti kecuali kakak datang dengan kondisi gangguan kesehatan yg mengarah pada organ ginjal (bisa kok dibaca di Internet) Jika hasilnya Gula darah tinggi, komposisi kolesterol jelek, asam urat, hati mengarah pada perlemakan, yang seperti ini tinggal diubah pola makan Dan gaya hidup nya aja Dan bagi kebanyakan orang, perubahan makan Dan gaya hidup lebih sulit daripada sekedar tarik darah dan melihat hasilnya Semangat kak ✊",threads,2026-06-15 23:29:10.477375,threads,771d7926cd6c6c5ed462961c44104989
https://www.threads.com/@roycelimindra/post/DVsVPuLknNL?xmt=AQG0FeDDdBUZGK3Bi9KCUDrnrioom0JJMTNbx8vEchUVTg,liaikromah,2026-03-11 07:00:00+07:00,Alhamdullilah udh tahun ini udh ubah pola makan Cuma gak berani untuk MCU Takut bawaan ny Takut sama hasil ny,threads,2026-06-15 23:29:10.477375,threads,24a94e66b7d7c97ccd089cb2c3ba4b05
https://www.threads.com/@roycelimindra/post/DVsVPuLknNL?xmt=AQG0FeDDdBUZGK3Bi9KCUDrnrioom0JJMTNbx8vEchUVTg,roycelimindra,2026-03-11 07:00:00+07:00,"Lebih Takut lagi kalau cek lab saat sudah sakit kak Mungkin bukan Takut, tapi belum siap untuk tau",threads,2026-06-15 23:29:10.477375,threads,480ff217ced47d55bec6042a4438b58a
https://www.threads.com/@roycelimindra/post/DVsVPuLknNL?xmt=AQG0FeDDdBUZGK3Bi9KCUDrnrioom0JJMTNbx8vEchUVTg,liaikromah,2026-03-11 07:00:00+07:00,Terimakasih ya om untuk support ny,threads,2026-06-15 23:29:10.477375,threads,99d6b2e728b4066334e4bad3cd59e30b
https://www.threads.com/@roycelimindra/post/DVsVPuLknNL?xmt=AQG0FeDDdBUZGK3Bi9KCUDrnrioom0JJMTNbx8vEchUVTg,rheny_indrawati,2026-03-10 07:00:00+07:00,Dan biasanya ada perbedaan hasil antara lab satu dengan lab yang lain.. Itu gimana kak???,threads,2026-06-15 23:29:10.477375,threads,3433f7383d007ccd9298aeaae9024338
https://www.threads.com/@roycelimindra/post/DVsVPuLknNL?xmt=AQG0FeDDdBUZGK3Bi9KCUDrnrioom0JJMTNbx8vEchUVTg,roycelimindra,2026-03-10 07:00:00+07:00,"Sesama Lab swasta Dan lab RS sy Belum pernah membandingkan, umumnya hasilnya gak terlalu berbeda Namun jika membandingkan lab Dan puskesmas ini bisa berbeda jauh. Misalnya alat cek tusuk jari (GD, asam urat, dan Total Kolesterol) dibanding pengecekan dari darah yg diambil dari pembuluh darah. Puskesmas pasti tidak selengkap lab, puskesmas hanya pengecekan darah yg umum umum saja, sedangkan lab besar selain cek darah, juga ada alat USG, sinar X, dan MRI Kira kira gambarannya seperti ini",threads,2026-06-15 23:29:10.477375,threads,5a74f0cf5f33588f6bac9a747721df2d
https://www.threads.com/@roycelimindra/post/DVsVPuLknNL?xmt=AQG0FeDDdBUZGK3Bi9KCUDrnrioom0JJMTNbx8vEchUVTg,rheny_indrawati,2026-03-11 07:00:00+07:00,Aku periksa di lab. Swasta. Awalnya sih mau periksa di puskesmas cuma dokternya belum kasih. Akhirnya aku ke lab. Swasta. Hasil gula puasaku tinggi klu gak salah ingat . Karna merasa aku beberapa bulan terakhir lagi berusaha mengurangi gula+IF akhirnya aku memutuskan untuk periksa di lab. Swasta yang satunya keesokan harinya. Dan hasil gula puasaku menjadi .,threads,2026-06-15 23:29:10.477375,threads,8ae47dd0d29f883b87bd7b3799771b6f
https://www.threads.com/@roycelimindra/post/DVsVPuLknNL?xmt=AQG0FeDDdBUZGK3Bi9KCUDrnrioom0JJMTNbx8vEchUVTg,roycelimindra,2026-03-11 07:00:00+07:00,"Bagus kak ketauan Gula darah nya tinggi Ini sy kirimkan panduan pola makan buat Mengontrol gula darah Yg perlu diperhatikan : - IF atau tidak IF tidak jadi masalah sepanjang porsi karbonya dibatasi - saya sehari x makan (tanpa ngemil) Pagi no karbo, stop minuman manis, siang dan malam porsi karbo cm / , lauknya dibanyakin - urutan makan mulai dari Serat, protein Dan karbo makan bersama sama - usahakan jalan kaki menit / naik turun tangga setelah makan berat Semoga segera remisi 🙏",threads,2026-06-15 23:29:10.477375,threads,f130dbe036a88094a0b59b650ba27ee6
https://www.threads.com/@roycelimindra/post/DVsVPuLknNL?xmt=AQG0FeDDdBUZGK3Bi9KCUDrnrioom0JJMTNbx8vEchUVTg,rheny_indrawati,2026-03-11 07:00:00+07:00,Masalahnya hasil yg satunya normal. Jadi bingung kan?? Ataukah ada hubungannya periksa saat lagi IF??,threads,2026-06-15 23:29:10.477375,threads,ec17d56d9bf83455f3cb6f4b9dac25d3
https://www.threads.com/@roycelimindra/post/DVsVPuLknNL?xmt=AQG0FeDDdBUZGK3Bi9KCUDrnrioom0JJMTNbx8vEchUVTg,piisu.pichuu,2026-03-10 07:00:00+07:00,Kalo cek darah di puskes kan harus ada surat pengantar ya. Itu berarti harus periksa ke dokter dulu kah meski ga sakit?,threads,2026-06-15 23:29:10.477375,threads,e256f394fca8a02ab684e7a5d1da3097
https://www.threads.com/@roycelimindra/post/DVsVPuLknNL?xmt=AQG0FeDDdBUZGK3Bi9KCUDrnrioom0JJMTNbx8vEchUVTg,roycelimindra,2026-03-10 07:00:00+07:00,"Gak perlu kak, gak perlu surat pengantar Dari hasil lab, kakak tinggal konsultasi ke dokter untuk baca kan hasilnya",threads,2026-06-15 23:29:10.477375,threads,860fac18b2adf39af27bb9d4f9f459bf
https://www.threads.com/@roycelimindra/post/DVsVPuLknNL?xmt=AQG0FeDDdBUZGK3Bi9KCUDrnrioom0JJMTNbx8vEchUVTg,itskatarnett,2026-02-06 07:00:00+07:00,h The thing about being told you’ll be left behind if you don’t use AI is that the argument presumes I want to go where they’re going. But I don’t. I can’t be late to a party I had no intention of ever attending.,threads,2026-06-15 23:29:10.477375,threads,b82b4204c5fadb827fa3a8cbc9c9fa56
https://www.threads.com/@roycelimindra/post/DVsVPuLknNL?xmt=AQG0FeDDdBUZGK3Bi9KCUDrnrioom0JJMTNbx8vEchUVTg,ericamvogel,2026-02-06 07:00:00+07:00,"h Y’all, my -year-old son is in his first major relationship, and it's so cute, and it makes me so happy to see him flourish with his girlfriend.",threads,2026-06-15 23:29:10.477375,threads,fdeb61ca679a3d3ecc87f26816c19e10
https://www.threads.com/@roycelimindra/post/DVsVPuLknNL?xmt=AQG0FeDDdBUZGK3Bi9KCUDrnrioom0JJMTNbx8vEchUVTg,hormozi,2026-02-06 07:00:00+07:00,"h If both people feel like they got the better end of the deal, you should do the deal. Applies to the most important deals in life: marriage, business, and splitting cookies.",threads,2026-06-15 23:29:10.477375,threads,029bc28c15588461476a4673f419d127
https://www.threads.com/@roycelimindra/post/DVsVPuLknNL?xmt=AQG0FeDDdBUZGK3Bi9KCUDrnrioom0JJMTNbx8vEchUVTg,mwi.invest,2026-02-06 07:00:00+07:00,"AI Threads h Next week, Google will announce/release: Gemini % Gemini % Both % Show results % votes · Ends in : :",threads,2026-06-15 23:29:10.477375,threads,a8d481832ad541b5b092443b7ce4a625
https://www.threads.com/@roycelimindra/post/DVsVPuLknNL?xmt=AQG0FeDDdBUZGK3Bi9KCUDrnrioom0JJMTNbx8vEchUVTg,radthanael,2026-02-06 07:00:00+07:00,"h Chicago is a cool city. The food scene, the river bifurcating downtown, the really big lake. I didn’t love when one of its citizens crunched the side of my rental car because he thought he could merge *through* me, but all in all? This is a great place. I need to see if I can get over to Wrigley.",threads,2026-06-15 23:29:10.477375,threads,a3d25369163623882cc33e9c9b8ef015
