source_id,video_topic,content,like,date,comment_clean,platform,reply_count,clean_comment,comment_length,engagement_score,load_timestamp,data_source,content_hash
z5IVMUzASzk,diabetes_mellitus_gejala_penyebab,"Halo, Min!<br><br>Terima kasih banyak videonya, materinya keren banget dan gampang dipahami.<br><br>Saya mahasiswa yang sedang ada proyek kuliah untuk bikin website edukasi bagi warga di desa. Boleh minta izin, ya, untuk menggunakan video ini sebagai materi di website kami? Saya akan embed videonya dan pastinya tetap mencantumkan kredit ke channel ini.<br><br>Terima kasih banyak atas bantuannya!",0,2025-08-31 22:27:12+07:00,halo minterima kasih banyak videonya materinya keren banget dan gampang dipahamisaya mahasiswa yang sedang ada proyek kuliah untuk bikin website edukasi bagi warga di desa boleh minta izin ya untuk menggunakan video ini sebagai materi di website kami saya akan embed videonya dan pastinya tetap mencantumkan kredit ke channel initerima kasih banyak atas bantuannya,youtube,,,,,2026-06-15 23:29:10.563446,youtube,22c72c68ee5aa1bfe0d7d5641cfdbd69
BlO24liTpQ0,penjelasan_diabetes_mellitus,Bisa sembuh.,0,2026-03-10 16:22:15+07:00,bisa sembuh,youtube,,,,,2026-06-15 23:29:10.563446,youtube,136f74f1f7dc38676b47ba1e08d4bf92
BlO24liTpQ0,penjelasan_diabetes_mellitus,Mau nanya dok istri saya uda kenak dm dok gulanya 2024 skitar 400 450 tpi sekarang uda turun 235 apa bisa sembuh dok,0,2026-02-18 18:48:20+07:00,mau nanya dok istri saya uda kenak dm dok gulanya skitar tpi sekarang uda turun apa bisa sembuh dok,youtube,,,,,2026-06-15 23:29:10.563446,youtube,fb1ef0cd343fcdb46737365a04da3f16
BlO24liTpQ0,penjelasan_diabetes_mellitus,Permisi dokter mitos atau bukan 🙏kalau habis makan tidur bisa memicu penyakit diabetes .,0,2025-12-21 07:16:36+07:00,permisi dokter mitos atau bukan kalau habis makan tidur bisa memicu penyakit diabetes,youtube,,,,,2026-06-15 23:29:10.563446,youtube,83d0726cf37115958f0b609d06a59be0
BlO24liTpQ0,penjelasan_diabetes_mellitus,"Terimaksih dr,materi",0,2025-03-22 10:28:10+07:00,terimaksih drmateri,youtube,,,,,2026-06-15 23:29:10.563446,youtube,8d1a1e9445ec058c74c37f393d423340
BlO24liTpQ0,penjelasan_diabetes_mellitus,Apakah berbahaya Dokter penyakit Diabetes Mellitus itu?,0,2024-11-24 08:19:59+07:00,apakah berbahaya dokter penyakit diabetes mellitus itu,youtube,,,,,2026-06-15 23:29:10.563446,youtube,8823fdf92a0f57e427b5b20946018b38
BlO24liTpQ0,penjelasan_diabetes_mellitus,Pagi dok.sya suda 4 thn sya kna diabetes 3 bln lalu sya drawat seblum drawat sya tdk perna sesak minggy sya pulang ko sya jadi sedak knpa yadok trmkasi,0,2024-10-02 06:27:50+07:00,pagi doksya suda thn sya kna diabetes bln lalu sya drawat seblum drawat sya tdk perna sesak minggy sya pulang ko sya jadi sedak knpa yadok trmkasi,youtube,,,,,2026-06-15 23:29:10.563446,youtube,5925fd2b7d9ce16bdc4130a75cfa3ebf
BlO24liTpQ0,penjelasan_diabetes_mellitus,Makch pak dokter nasehatnya semoga jadi hidayah Aamin yrb 🤲🏻🤲🏻😇😇❤❤,0,2024-05-11 00:02:35+07:00,makch pak dokter nasehatnya semoga jadi hidayah aamin yrb,youtube,,,,,2026-06-15 23:29:10.563446,youtube,4b5325ab976b91b23a504c032ce51f25
BlO24liTpQ0,penjelasan_diabetes_mellitus,"5 pilar pola hidup sehat<br>1. Kelola stres<br>2. Cukup tidur 7-9 jam<br>3. Olahraga minimal 30 menit/hari<br>4. Konsumsi karbohidrat kompleks, konsumsi lemak baik, dan protein tanpa lemak jenuh<br>5. Puasa atau IF<br>Salam sehat dari GDN 65 Channel",3,2024-04-23 08:03:15+07:00,pilar pola hidup sehat kelola stres cukup tidur jam olahraga minimal menithari konsumsi karbohidrat kompleks konsumsi lemak baik dan protein tanpa lemak jenuh puasa atau ifsalam sehat dari gdn channel,youtube,,,,,2026-06-15 23:29:10.563446,youtube,e036274fe6ef6de6f0a51da6dff87f0d
BlO24liTpQ0,penjelasan_diabetes_mellitus,"<a href=""https://www.youtube.com/watch?v=eM_bcr45448"">https://youtu.be/eM_bcr45448?si=K-3NRbB7PcK_ups-</a>",0,2024-02-16 09:13:02+07:00,,youtube,,,,,2026-06-15 23:29:10.563446,youtube,be3629504263bbb2434cd3e689b0f31b
BlO24liTpQ0,penjelasan_diabetes_mellitus,"Saya sering merasa lapar,haus sering kencing dan badan mudah lelah susah beraktivitas sehari&quot;",0,2023-12-04 18:49:00+07:00,saya sering merasa laparhaus sering kencing dan badan mudah lelah susah beraktivitas sehariquot,youtube,,,,,2026-06-15 23:29:10.563446,youtube,3dd0e69f851a6603f4e002fe0d676034
BlO24liTpQ0,penjelasan_diabetes_mellitus,TIDAK BOLEH MINUM OBAT DIWAKTU SAKIT KARENA MINUM OBAT BIKIN PENYAKIT.,0,2023-09-07 02:10:27+07:00,tidak boleh minum obat diwaktu sakit karena minum obat bikin penyakit,youtube,,,,,2026-06-15 23:29:10.563446,youtube,cc38a5aa2fc94257b5a80af88cc5d330
BlO24liTpQ0,penjelasan_diabetes_mellitus,Tidak boleh minum obat diwaktu sakit kalau minum obat diwaktu sakit nanti jadi penyakit,2,2023-09-01 03:33:06+07:00,tidak boleh minum obat diwaktu sakit kalau minum obat diwaktu sakit nanti jadi penyakit,youtube,,,,,2026-06-15 23:29:10.563446,youtube,6a33f1b42f25904f4b95bba5641d0674
BlO24liTpQ0,penjelasan_diabetes_mellitus,Makasih ya kak penjelasannya sangat mudah dimengerti,0,2023-08-24 15:32:45+07:00,makasih ya kak penjelasannya sangat mudah dimengerti,youtube,,,,,2026-06-15 23:29:10.563446,youtube,ae4894897eb9776935cde5817e02a9d5
BlO24liTpQ0,penjelasan_diabetes_mellitus,sangat bermanfaat,0,2023-08-22 23:36:09+07:00,sangat bermanfaat,youtube,,,,,2026-06-15 23:29:10.563446,youtube,3ebe75279af829a9aafb31cbd0b89913
BlO24liTpQ0,penjelasan_diabetes_mellitus,"Dok, izin bertanya kalau air kencing dikerumunin semut itu artiya diabetes ya dok? Terima kasih dok semoga sukses &amp; sehat selalu, salam hangat dari Kalimantan 🙏",0,2023-08-09 07:31:35+07:00,dok izin bertanya kalau air kencing dikerumunin semut itu artiya diabetes ya dok terima kasih dok semoga sukses amp sehat selalu salam hangat dari kalimantan,youtube,,,,,2026-06-15 23:29:10.563446,youtube,b06dd07c416f459287e22748a4f8d118
BlO24liTpQ0,penjelasan_diabetes_mellitus,"terimakasih ilmunya dokter, sehat terus dokter",1,2023-07-28 13:27:33+07:00,terimakasih ilmunya dokter sehat terus dokter,youtube,,,,,2026-06-15 23:29:10.563446,youtube,d44335b320b8355381fee787a8f2e6eb
BlO24liTpQ0,penjelasan_diabetes_mellitus,Saya pernah melihat video di youtube ttg bagaimana insulin tidak mampu membawa gula di dalam darah masuk ke dalam sel karena adanya intramyocelluler lipid. Karena itu kadar gula di dalam darah bertambah terus tidak tercerna menjadi energi. Video² ttg intramyocelluler lipid ini kebanyakan dlm bhs inggris. Tapi saya juga satu penjelasan dari akun body kalibrasi ttg lemak pada sel ini yg mencegah insulin membawa gula ke dalam sel.,0,2023-06-23 08:19:48+07:00,saya pernah melihat video di youtube ttg bagaimana insulin tidak mampu membawa gula di dalam darah masuk ke dalam sel karena adanya intramyocelluler lipid karena itu kadar gula di dalam darah bertambah terus tidak tercerna menjadi energi video² ttg intramyocelluler lipid ini kebanyakan dlm bhs inggris tapi saya juga satu penjelasan dari akun body kalibrasi ttg lemak pada sel ini yg mencegah insulin membawa gula ke dalam sel,youtube,,,,,2026-06-15 23:29:10.563446,youtube,b31975e5dddf44f848c3ae0c85e12147
BlO24liTpQ0,penjelasan_diabetes_mellitus,"Malam dr sung, saya Ridwan seorang penderita Diabetes, Cholestrol dan Asam Urat. Apa makanan yang dapat saya makan dan makanan yang harus saya hindari?",0,2023-06-22 22:01:27+07:00,malam dr sung saya ridwan seorang penderita diabetes cholestrol dan asam urat apa makanan yang dapat saya makan dan makanan yang harus saya hindari,youtube,,,,,2026-06-15 23:29:10.563446,youtube,d0cb3af64a6ae2fe3e3182bdeb046707
BlO24liTpQ0,penjelasan_diabetes_mellitus,Kalau madu boleh dokter cuma 1 sendok tiap pagi,0,2023-06-08 04:53:46+07:00,kalau madu boleh dokter cuma sendok tiap pagi,youtube,,,,,2026-06-15 23:29:10.563446,youtube,fcfe4954e50630fa706ff66e73809c30
BlO24liTpQ0,penjelasan_diabetes_mellitus,Ttimksih dok sngt mudah di pahami...tdinya gula saya sangat tinggi. Stlh saya rajin jln pgi hmpir stiap pagi stlah sholat subuh -+ 5-6km gula saya sdh normal .+ Mengurangi yg mnis&quot;.tks dok🙏🙏,4,2023-05-22 19:57:20+07:00,ttimksih dok sngt mudah di pahamitdinya gula saya sangat tinggi stlh saya rajin jln pgi hmpir stiap pagi stlah sholat subuh km gula saya sdh normal mengurangi yg mnisquottks dok,youtube,,,,,2026-06-15 23:29:10.563446,youtube,7d7d1df70f79c337c59288b50a957eaf
BlO24liTpQ0,penjelasan_diabetes_mellitus,1. Apa penyebab diabetes melitus sebenarnya?<br>2. Apa penyebab diabetes melitus kering atau basah?,0,2023-04-02 19:11:52+07:00,apa penyebab diabetes melitus sebenarnya apa penyebab diabetes melitus kering atau basah,youtube,,,,,2026-06-15 23:29:10.563446,youtube,7e113cb73c63a26f6b3fa3ef202e6117
BlO24liTpQ0,penjelasan_diabetes_mellitus,dokter sy mau bertanya:kenapa sy sering pusing dan lemas serta mengantuk setelah makan. apa karna sy kurang tidur krn memang sy tdk pernah tidur cukup paling lama 5_6 jam atau krn ada penyakit lain dok.,0,2023-01-06 17:48:33+07:00,dokter sy mau bertanyakenapa sy sering pusing dan lemas serta mengantuk setelah makan apa karna sy kurang tidur krn memang sy tdk pernah tidur cukup paling lama _ jam atau krn ada penyakit lain dok,youtube,,,,,2026-06-15 23:29:10.563446,youtube,ca4918b410434534c45145ef11630cd6
BlO24liTpQ0,penjelasan_diabetes_mellitus,Bukan penyebab obat ny apa,0,2022-12-02 08:40:59+07:00,bukan penyebab obat ny apa,youtube,,,,,2026-06-15 23:29:10.563446,youtube,1068f2572a2a0f9cb680470d38db5d68
BlO24liTpQ0,penjelasan_diabetes_mellitus,Pengobatan barat dan timur???,0,2022-09-04 16:52:57+07:00,pengobatan barat dan timur,youtube,,,,,2026-06-15 23:29:10.563446,youtube,e0a24ecd79f16ff713f712f6ec54e8d6
BlO24liTpQ0,penjelasan_diabetes_mellitus,makasih Dok sangat bermanfaat ilmu yg diberi kan,0,2022-08-19 21:26:21+07:00,makasih dok sangat bermanfaat ilmu yg diberi kan,youtube,,,,,2026-06-15 23:29:10.563446,youtube,015bff4ca531d64beb21c31127c0888d
BlO24liTpQ0,penjelasan_diabetes_mellitus,minum mizuco ka hidup sehat tanpa obat,0,2022-08-18 20:03:50+07:00,minum mizuco ka hidup sehat tanpa obat,youtube,,,,,2026-06-15 23:29:10.563446,youtube,619b946380497dd131ae57810a160244
BlO24liTpQ0,penjelasan_diabetes_mellitus,"Mulut adalah sumber kesehatan dan sumber kesakitan &quot;Ade Rai&quot;<br>Otot adalah tempat pembuangan gula terbesar, jadi olahraga terbaik untuk org yg diabet adalah gym. Karena gym memerlukan tenaga dari gula. <br>Dan jangan lupa pola makan dijaga",0,2022-07-17 07:07:45+07:00,mulut adalah sumber kesehatan dan sumber kesakitan quotade raiquototot adalah tempat pembuangan gula terbesar jadi olahraga terbaik untuk org yg diabet adalah gym karena gym memerlukan tenaga dari gula dan jangan lupa pola makan dijaga,youtube,,,,,2026-06-15 23:29:10.563446,youtube,c1b5d7a89e981c0ed712e2e8df527cc7
BlO24liTpQ0,penjelasan_diabetes_mellitus,Maaf dokter mau tanya <br>Benarkah kata org zaman dulu klo kita setelah makan nasi Trus tidur bisa menaikan kadar gula dlm tubuh<br>Minta penjelasan nya dokter🙏mksh☺️,1,2022-06-05 19:01:55+07:00,maaf dokter mau tanya benarkah kata org zaman dulu klo kita setelah makan nasi trus tidur bisa menaikan kadar gula dlm tubuhminta penjelasan nya doktermksh,youtube,,,,,2026-06-15 23:29:10.563446,youtube,eeadb10ab2eadb46494eed46d2b8edba
BlO24liTpQ0,penjelasan_diabetes_mellitus,kalau abis makan tidur dan selalu begitu bisa jadi . cuma kalau jarang jarang mah gpp.,0,2023-01-08 21:33:45+07:00,kalau abis makan tidur dan selalu begitu bisa jadi cuma kalau jarang jarang mah gpp,youtube,,,,,2026-06-15 23:29:10.563446,youtube,7ee520641a47f93852216fe34bba90e7
BlO24liTpQ0,penjelasan_diabetes_mellitus,Dok coba dong jelasin kenapa ada orang yang ga bisa berkeringat walaupun udah olahraga!,0,2022-04-21 08:47:56+07:00,dok coba dong jelasin kenapa ada orang yang ga bisa berkeringat walaupun udah olahraga,youtube,,,,,2026-06-15 23:29:10.563446,youtube,4aa86775a523aa451061c682a7af984b
BlO24liTpQ0,penjelasan_diabetes_mellitus,Sukses selalu,0,2022-04-01 05:58:29+07:00,sukses selalu,youtube,,,,,2026-06-15 23:29:10.563446,youtube,ecde755039f2bbdfcb0fc33aad517d30
BlO24liTpQ0,penjelasan_diabetes_mellitus,Setuju sekali dr...,0,2022-04-01 05:58:14+07:00,setuju sekali dr,youtube,,,,,2026-06-15 23:29:10.563446,youtube,6ce6c6207228f1a214cf678a09b936b5
BlO24liTpQ0,penjelasan_diabetes_mellitus,"byk mksih dokter,nasehatya,,,saya lebih hati2jaga badan",0,2022-02-05 21:17:33+07:00,byk mksih dokternasehatyasaya lebih hatijaga badan,youtube,,,,,2026-06-15 23:29:10.563446,youtube,210087010dfabf3296c2671422750f2b
BlO24liTpQ0,penjelasan_diabetes_mellitus,"Pagi dok , saya komplikasi ,jantung sdh psg ring ,dm ,hypertensi ,fungsi ginjal terganggu.dll , rajin mkn obt rs , <br>Apakah saya bisa konsumsi herbalife nutrition ?tolong pencerahan dok",0,2022-02-03 18:37:24+07:00,pagi dok saya komplikasi jantung sdh psg ring dm hypertensi fungsi ginjal terganggudll rajin mkn obt rs apakah saya bisa konsumsi herbalife nutrition tolong pencerahan dok,youtube,,,,,2026-06-15 23:29:10.563446,youtube,29aa4c025557693ec9c0745dfb33fef7
BlO24liTpQ0,penjelasan_diabetes_mellitus,Minum teh kelor saja pak. Rebus bentar daun kelor segenggam. Hangat diminum daun utk lalapan.. setiap hari,0,2023-02-18 08:11:53+07:00,minum teh kelor saja pak rebus bentar daun kelor segenggam hangat diminum daun utk lalapan setiap hari,youtube,,,,,2026-06-15 23:29:10.563446,youtube,30e878bd73d66758f8eddec306f48bfe
BlO24liTpQ0,penjelasan_diabetes_mellitus,great info!! thanks dok,0,2022-01-17 21:48:00+07:00,great info thanks dok,youtube,,,,,2026-06-15 23:29:10.563446,youtube,845e0950c0b2b24532b5e0cc12e3de0b
BlO24liTpQ0,penjelasan_diabetes_mellitus,"Makasi dok atas ilmunya, salam dari anggota PPNI yg kini jadi petani😁",0,2022-01-07 08:55:51+07:00,makasi dok atas ilmunya salam dari anggota ppni yg kini jadi petani,youtube,,,,,2026-06-15 23:29:10.563446,youtube,58d01d5ccf1c0dc6309d6c723d4b2794
BlO24liTpQ0,penjelasan_diabetes_mellitus,Dok sy penderita diabetes kaki saya sering panas seperti terbakar terutama telapak kaki gimana cara menghilangkan rasa panas ini,0,2021-12-28 18:29:58+07:00,dok sy penderita diabetes kaki saya sering panas seperti terbakar terutama telapak kaki gimana cara menghilangkan rasa panas ini,youtube,,,,,2026-06-15 23:29:10.563446,youtube,bf32612c07628d87442f739aa2aec7b4
BlO24liTpQ0,penjelasan_diabetes_mellitus,dokter saya kan katanya kena gula tpi tak pernah pipis malam dan haus serta bnyk makan lalu kenapa ya dok mohon jwb nya dokter,0,2021-12-05 10:06:44+07:00,dokter saya kan katanya kena gula tpi tak pernah pipis malam dan haus serta bnyk makan lalu kenapa ya dok mohon jwb nya dokter,youtube,,,,,2026-06-15 23:29:10.563446,youtube,efb7389f8a20846a18651fdae7bd44dc
BlO24liTpQ0,penjelasan_diabetes_mellitus,"Terima kasih dokter 👍👍 ilmu baru ,agar lebih disiplin dalam menerap kan gaya hidup dan pola makan ...",0,2021-11-19 20:43:32+07:00,terima kasih dokter ilmu baru agar lebih disiplin dalam menerap kan gaya hidup dan pola makan,youtube,,,,,2026-06-15 23:29:10.563446,youtube,f2b1e8953474da415d018b2d1380cacb
BlO24liTpQ0,penjelasan_diabetes_mellitus,Semoga lekas sembuh untuk para pasien,1,2021-10-30 09:36:27+07:00,semoga lekas sembuh untuk para pasien,youtube,,,,,2026-06-15 23:29:10.563446,youtube,71784cb05589a9b05d9cc3c43f39c8f5
BlO24liTpQ0,penjelasan_diabetes_mellitus,Bahas jg dong dok dm tipe 1 🥺,0,2021-10-24 07:50:25+07:00,bahas jg dong dok dm tipe,youtube,,,,,2026-06-15 23:29:10.563446,youtube,4b9bbe8d9d520e064a1b6bbec1e2163c
BlO24liTpQ0,penjelasan_diabetes_mellitus,makasii dok sangat berguna,0,2021-10-07 13:20:59+07:00,makasii dok sangat berguna,youtube,,,,,2026-06-15 23:29:10.563446,youtube,07f2ddb9459bdd7655aa877475fd1d52
BlO24liTpQ0,penjelasan_diabetes_mellitus,Dok saya penderita diabet udah 7th lebih sekarang tangan sama kaki kaya yg kesemutan kenapa ya?,0,2021-10-03 20:30:47+07:00,dok saya penderita diabet udah th lebih sekarang tangan sama kaki kaya yg kesemutan kenapa ya,youtube,,,,,2026-06-15 23:29:10.563446,youtube,8ae412fdb8e949da173a00a7a0e4adf7
BlO24liTpQ0,penjelasan_diabetes_mellitus,"Kenapa kalau di laboratorium gula darah puasa normalnya 100, gula darah setelah 2 jam makan 140... Mohon dijawab dok, terima kasih...",0,2021-10-03 18:38:45+07:00,kenapa kalau di laboratorium gula darah puasa normalnya gula darah setelah jam makan mohon dijawab dok terima kasih,youtube,,,,,2026-06-15 23:29:10.563446,youtube,beb4a4dc66ba623a405f6630b13a45a6
BlO24liTpQ0,penjelasan_diabetes_mellitus,Bagemana tidak..orng jawa jaman dulu sudah makan pecel(lotek)..itu lo...sayuran yg bumbuny pke kacang dimakan siang2 sueger....itu dalemnya kan...sayur2an kacang2an...,0,2021-10-03 00:08:14+07:00,bagemana tidakorng jawa jaman dulu sudah makan pecellotekitu losayuran yg bumbuny pke kacang dimakan siang suegeritu dalemnya kansayuran kacangan,youtube,,,,,2026-06-15 23:29:10.563446,youtube,eeb832d692da2db530afa323bb01712e
BlO24liTpQ0,penjelasan_diabetes_mellitus,"Dok...saya menderita diabetes.,.tp saya tidak pernah mengalami gejala&quot; seperti haus,sering kencing,n makan banyak...bahkan waktu gula darah saya naik sampai diatas 200 mg/dl tidak merasa apa&quot;",0,2021-09-24 12:24:21+07:00,doksaya menderita diabetestp saya tidak pernah mengalami gejalaquot seperti haussering kencingn makan banyakbahkan waktu gula darah saya naik sampai diatas mgdl tidak merasa apaquot,youtube,,,,,2026-06-15 23:29:10.563446,youtube,2a7a673f58ee6841bae510f9f646978e
BlO24liTpQ0,penjelasan_diabetes_mellitus,Boleh tau pola makan nya bagaimana sampai bisa kena diabetes?,0,2023-06-14 12:26:03+07:00,boleh tau pola makan nya bagaimana sampai bisa kena diabetes,youtube,,,,,2026-06-15 23:29:10.563446,youtube,d3754abcaeb11ff04ac71a175a2f7a58
BlO24liTpQ0,penjelasan_diabetes_mellitus,Terimakasih Dokter 🙏,0,2021-08-12 16:34:11+07:00,terimakasih dokter,youtube,,,,,2026-06-15 23:29:10.563446,youtube,00438e2f5d6b56ddb67a41cdcd9a22f6
BlO24liTpQ0,penjelasan_diabetes_mellitus,Terimakasih dr sung Sangat bermanfaat sekali pencerahannya.,0,2021-08-11 11:30:20+07:00,terimakasih dr sung sangat bermanfaat sekali pencerahannya,youtube,,,,,2026-06-15 23:29:10.563446,youtube,18c8756724b220fdb26b0a56ece3f77a
BlO24liTpQ0,penjelasan_diabetes_mellitus,"Dok, dikatakan berhenti konsumsi obat tu kadar gula berapa<br>....apa jika dikatakan minum obat apa boleh kitu minum obat herbal...",0,2021-08-07 09:53:08+07:00,dok dikatakan berhenti konsumsi obat tu kadar gula berapaapa jika dikatakan minum obat apa boleh kitu minum obat herbal,youtube,,,,,2026-06-15 23:29:10.563446,youtube,4722ba107418ca9d24d085e84a635419
BlO24liTpQ0,penjelasan_diabetes_mellitus,deskripsinya sangat bermanfaat dan membantu. trimakasih banyak Dok.,0,2021-08-06 21:53:13+07:00,deskripsinya sangat bermanfaat dan membantu trimakasih banyak dok,youtube,,,,,2026-06-15 23:29:10.563446,youtube,89061ea5b4d4e16d69b58df538b7465c
BlO24liTpQ0,penjelasan_diabetes_mellitus,Trimakasih,0,2021-07-22 14:10:11+07:00,trimakasih,youtube,,,,,2026-06-15 23:29:10.563446,youtube,ca8c6a8d7ad95690d86c1d39dd509706
BlO24liTpQ0,penjelasan_diabetes_mellitus,Terima kasih dokter pertanyaan sudah terjawab semuga bermamfaat,1,2021-07-15 19:28:18+07:00,terima kasih dokter pertanyaan sudah terjawab semuga bermamfaat,youtube,,,,,2026-06-15 23:29:10.563446,youtube,2f77b5bee4fb15280aef9eec2acd46f2
BlO24liTpQ0,penjelasan_diabetes_mellitus,Terima kasih infonya dr Sung,0,2021-07-07 16:21:15+07:00,terima kasih infonya dr sung,youtube,,,,,2026-06-15 23:29:10.563446,youtube,e063ef3679c2edf51e3ce9e8f4b20479
BlO24liTpQ0,penjelasan_diabetes_mellitus,ikuti dokter sung kawan,1,2021-07-04 22:50:16+07:00,ikuti dokter sung kawan,youtube,,,,,2026-06-15 23:29:10.563446,youtube,050130c8cfb4e60c0f8c2cb863777a99
BlO24liTpQ0,penjelasan_diabetes_mellitus,"trims baxak pak dokter,bru<br>sy dpt info sebagus ini",1,2021-07-04 22:49:47+07:00,trims baxak pak dokterbrusy dpt info sebagus ini,youtube,,,,,2026-06-15 23:29:10.563446,youtube,3bfdb4c1c6a4fc595b202acb208e3d77
BlO24liTpQ0,penjelasan_diabetes_mellitus,Docter sung saya mau tanya nih..kenapa disaat saya cek up gula darah sebelum dan sesudah makan kok hampir sama?contoh sebelum makan 98 sesudah makan 100,0,2021-06-21 20:08:43+07:00,docter sung saya mau tanya nihkenapa disaat saya cek up gula darah sebelum dan sesudah makan kok hampir samacontoh sebelum makan sesudah makan,youtube,,,,,2026-06-15 23:29:10.563446,youtube,0210284baf52bce6520b6d339415e3c7
BlO24liTpQ0,penjelasan_diabetes_mellitus,"Dok saya tidak suka manis, tapi guladarah saya tinggi sampai 400, itu sebabnya apa dok, terima kasih",0,2021-06-13 05:11:03+07:00,dok saya tidak suka manis tapi guladarah saya tinggi sampai itu sebabnya apa dok terima kasih,youtube,,,,,2026-06-15 23:29:10.563446,youtube,93b1e0e4b9c6c035200e5be667cb907e
BlO24liTpQ0,penjelasan_diabetes_mellitus,THANKS DOK,0,2021-05-31 05:30:18+07:00,thanks dok,youtube,,,,,2026-06-15 23:29:10.563446,youtube,b9b18fd2ba9fbaee1f52b54c98c3dd60
BlO24liTpQ0,penjelasan_diabetes_mellitus,Saya tidak haus tidak lapar tpi kna gula darah,0,2021-05-05 17:26:21+07:00,saya tidak haus tidak lapar tpi kna gula darah,youtube,,,,,2026-06-15 23:29:10.563446,youtube,70fbd82a2dd47c34216a05ed113d1cc1
BlO24liTpQ0,penjelasan_diabetes_mellitus,Saya bergejala tapi kalau tes lab hba1c normal ya,0,2021-04-26 12:56:26+07:00,saya bergejala tapi kalau tes lab hbac normal ya,youtube,,,,,2026-06-15 23:29:10.563446,youtube,d4cbeb4f0e4eec5854f4052ab6e9302e
BlO24liTpQ0,penjelasan_diabetes_mellitus,Pak dokter.saya minta untuk masukkan ke group WA,0,2021-04-24 17:09:18+07:00,pak doktersaya minta untuk masukkan ke group wa,youtube,,,,,2026-06-15 23:29:10.563446,youtube,89119f2e9fe73891f391e914d927810b
BlO24liTpQ0,penjelasan_diabetes_mellitus,Terimakasih pak dokter...,0,2021-04-19 04:06:33+07:00,terimakasih pak dokter,youtube,,,,,2026-06-15 23:29:10.563446,youtube,e7b270bc8a851bb1c25c59510db6f1f9
BlO24liTpQ0,penjelasan_diabetes_mellitus,Sangat bermanfaat dr.Sung,0,2021-03-21 19:38:10+07:00,sangat bermanfaat drsung,youtube,,,,,2026-06-15 23:29:10.563446,youtube,7294d7022b55fb9996f6fa04d85bc323
BlO24liTpQ0,penjelasan_diabetes_mellitus,"Dua² tipe tersebut, namanya sana? <br>Diabetes melitus?",0,2021-03-21 18:57:50+07:00,dua² tipe tersebut namanya sana diabetes melitus,youtube,,,,,2026-06-15 23:29:10.563446,youtube,e92fe11f09d24e217cf6e55392ddb884
BlO24liTpQ0,penjelasan_diabetes_mellitus,"Sangat bermanfaat, thanks Dr sung👍",0,2021-03-15 03:58:05+07:00,sangat bermanfaat thanks dr sung,youtube,,,,,2026-06-15 23:29:10.563446,youtube,2cc63472b7d0e87e01f0b9e9f7c30f7f
BlO24liTpQ0,penjelasan_diabetes_mellitus,Trima kasih dok....jelas sekali,0,2021-03-12 23:02:10+07:00,trima kasih dokjelas sekali,youtube,,,,,2026-06-15 23:29:10.563446,youtube,3303a43d8a5a39b8c7714ddf9f9a179b
BlO24liTpQ0,penjelasan_diabetes_mellitus,Oh ya dok emang bnr penyakit diabetes itu penyebab utama y karena faktor genetik..,0,2021-02-12 06:09:52+07:00,oh ya dok emang bnr penyakit diabetes itu penyebab utama y karena faktor genetik,youtube,,,,,2026-06-15 23:29:10.563446,youtube,8f615ea495d8bb0f75c7c75090afb62b
BlO24liTpQ0,penjelasan_diabetes_mellitus,Terima kasih dok atas penjelasan y.,0,2021-02-12 06:08:41+07:00,terima kasih dok atas penjelasan y,youtube,,,,,2026-06-15 23:29:10.563446,youtube,098d22cbf363a8716f33d618b0bbd038
BlO24liTpQ0,penjelasan_diabetes_mellitus,Trmksh dok,0,2021-02-03 15:01:19+07:00,trmksh dok,youtube,,,,,2026-06-15 23:29:10.563446,youtube,4234a723a05cf2bd005d23bcd6579b0b
BlO24liTpQ0,penjelasan_diabetes_mellitus,"Benar sekali 👍<br>Kemarin sy bc hasil penelitian kementerian kesehatan sambiloto mampu menurunkan gula darah ( diabetes) sampai 36% sy juga bc hal penelitian berbagai universitas yg kesimpulan nya untuk berbagai macam penyakit.<br>Sy juga bc statement Rektor universitas Airlangga bahwa sambiloto bisa mencegah menyembuhkan covid.<br>Ada juga testimoni dokter Nyoman suci widyastati ttg si raja pahit ini tlh menyembuhkan covid,demam dll<br><br>stlh membaca itu semua sy kmdn mghubungi teman yg Herbalis trnyata dia buat racikan sempurna yaitu sambiloto, hobattusauda ( obat segala penyakit kecuali kematian HR Bukhari ) &amp; Ginseng.<br>Hub bpk Andin jika mau obat nya di WA 087877096042<br><br>tuk cegah semua sakit di atas Sy beli 3 botol tuk klrga krna gak mahal ( Alhamdulillah badan kok sehat &amp; fit banget, entang rasanya, cuaca hujan, angin kencang gini biasanya kumat sakit aku,eee engggak )",0,2021-01-30 17:38:37+07:00,benar sekali kemarin sy bc hasil penelitian kementerian kesehatan sambiloto mampu menurunkan gula darah diabetes sampai sy juga bc hal penelitian berbagai universitas yg kesimpulan nya untuk berbagai macam penyakitsy juga bc statement rektor universitas airlangga bahwa sambiloto bisa mencegah menyembuhkan covidada juga testimoni dokter nyoman suci widyastati ttg si raja pahit ini tlh menyembuhkan coviddemam dllstlh membaca itu semua sy kmdn mghubungi teman yg herbalis trnyata dia buat racikan sempurna yaitu sambiloto hobattusauda obat segala penyakit kecuali kematian hr bukhari amp ginsenghub bpk andin jika mau obat nya di wa tuk cegah semua sakit di atas sy beli botol tuk klrga krna gak mahal alhamdulillah badan kok sehat amp fit banget entang rasanya cuaca hujan angin kencang gini biasanya kumat sakit akueee engggak,youtube,,,,,2026-06-15 23:29:10.563446,youtube,5f77b641e3242ce601836fef12b750af
BlO24liTpQ0,penjelasan_diabetes_mellitus,Diabetes.hipertensi.jantung.asma.parkinson dll.enggak bisa sembuh dan harus minum obat seumur hidup,0,2021-01-21 07:09:09+07:00,diabeteshipertensijantungasmaparkinson dllenggak bisa sembuh dan harus minum obat seumur hidup,youtube,,,,,2026-06-15 23:29:10.563446,youtube,dab3e98f1991bb2a6ac6134bf316b339
BlO24liTpQ0,penjelasan_diabetes_mellitus,Kamsia Dokter SUNG !!!,0,2021-01-14 02:33:44+07:00,kamsia dokter sung,youtube,,,,,2026-06-15 23:29:10.563446,youtube,630ef8d7fa7e8250ae336057d87fbb6b
BlO24liTpQ0,penjelasan_diabetes_mellitus,Intinya diabetes disebabkan oleh terlalu banyak memakan maknn yg banyak mengandung kadar gula tinggi.... <br>Kalo pankreas sudah rusak gimana cara memperbaiki nya,1,2021-01-09 00:09:09+07:00,intinya diabetes disebabkan oleh terlalu banyak memakan maknn yg banyak mengandung kadar gula tinggi kalo pankreas sudah rusak gimana cara memperbaiki nya,youtube,,,,,2026-06-15 23:29:10.563446,youtube,0794ba684d1999b8a33bf4c9b758e8d1
BlO24liTpQ0,penjelasan_diabetes_mellitus,Puji tuhan. Gula darah 2j makan 260. sy diet+ jaga makan udah normal lagi.,0,2021-01-06 17:09:46+07:00,puji tuhan gula darah j makan sy diet jaga makan udah normal lagi,youtube,,,,,2026-06-15 23:29:10.563446,youtube,d598ede9735c0c048c261e9632f50dc3
BlO24liTpQ0,penjelasan_diabetes_mellitus,Maksudnya gimana pak,0,2021-03-16 15:52:30+07:00,maksudnya gimana pak,youtube,,,,,2026-06-15 23:29:10.563446,youtube,483240bdbead5e1d21976d50047e0141
BlO24liTpQ0,penjelasan_diabetes_mellitus,"Gula darah 2 jam setelah makan kemarin sampai 260. Dgn diet dan jaga makan, kembali normal. Tapi ya gitu diabet tetap diabet, klo makan ga dijaga gula naik lagi. Haha, intinya mulut harus dijaga gaboleh ngegas terus.",0,2021-03-17 23:07:34+07:00,gula darah jam setelah makan kemarin sampai dgn diet dan jaga makan kembali normal tapi ya gitu diabet tetap diabet klo makan ga dijaga gula naik lagi haha intinya mulut harus dijaga gaboleh ngegas terus,youtube,,,,,2026-06-15 23:29:10.563446,youtube,94b0ed7e4429ff74960f4ef67f4c7522
BlO24liTpQ0,penjelasan_diabetes_mellitus,Trimakasih dokter...sangat bermanfaat bangeeddd,0,2021-01-05 11:16:37+07:00,trimakasih doktersangat bermanfaat bangeeddd,youtube,,,,,2026-06-15 23:29:10.563446,youtube,b936e3d211640f2040ead1278dab53f0
BlO24liTpQ0,penjelasan_diabetes_mellitus,Selamat mlm dok.. saya perokok dan kopi.jarang makan tapi sy gemuk.akhir akhir ini bau mulut yg keluar dari kerongkongan bau nya kayak bangkai. Solusinya dok?? Terimakasih sebelumnya,0,2020-12-23 19:50:42+07:00,selamat mlm dok saya perokok dan kopijarang makan tapi sy gemukakhir akhir ini bau mulut yg keluar dari kerongkongan bau nya kayak bangkai solusinya dok terimakasih sebelumnya,youtube,,,,,2026-06-15 23:29:10.563446,youtube,650471712ab7402c116baaaec0120a32
BlO24liTpQ0,penjelasan_diabetes_mellitus,Terima kasih dokter skrg sy faham mengenai diabetes,0,2020-12-20 05:08:44+07:00,terima kasih dokter skrg sy faham mengenai diabetes,youtube,,,,,2026-06-15 23:29:10.563446,youtube,6258e34e0ac3a9dddb5310302fb9dbdd
BlO24liTpQ0,penjelasan_diabetes_mellitus,Penyakit gula kolestrol darah tinggi itu mebayakan,1,2020-12-15 11:24:22+07:00,penyakit gula kolestrol darah tinggi itu mebayakan,youtube,,,,,2026-06-15 23:29:10.563446,youtube,8b3db73740529d4aa27a327219b3a5ea
BlO24liTpQ0,penjelasan_diabetes_mellitus,"Aslmlkum wb dok saya mau tanya dok, apakah penderita dia tes itu boleh makan sgala buah misal nya sawo jeruk anggur dn lain,, trmksh",0,2020-12-14 15:17:44+07:00,aslmlkum wb dok saya mau tanya dok apakah penderita dia tes itu boleh makan sgala buah misal nya sawo jeruk anggur dn lain trmksh,youtube,,,,,2026-06-15 23:29:10.563446,youtube,932198ba0c001980dbd87b4f054329c2
BlO24liTpQ0,penjelasan_diabetes_mellitus,"dok umur saya 24 tahun skrng, saya mengalami salah satu ciri-ciri yg dok katakan yaitu buang air kecil terus menerus, apakah saya mulai terkena diabetes ?",0,2020-12-12 15:06:44+07:00,dok umur saya tahun skrng saya mengalami salah satu ciriciri yg dok katakan yaitu buang air kecil terus menerus apakah saya mulai terkena diabetes,youtube,,,,,2026-06-15 23:29:10.563446,youtube,ba069dcd2332b6579901896174d393f7
BlO24liTpQ0,penjelasan_diabetes_mellitus,Assalamualaikum/salam sejahtera..Sy dari HQ Oraz Kapsul Peria Katak..Tuan/puan nak tahu info lebih lanjut ORAZ PERIA KATAK klik link Whatsapp utk sbrang pertanyaan. Terima Kasih<br>.<br>​@t​,0,2020-12-06 15:17:12+07:00,assalamualaikumsalam sejahterasy dari hq oraz kapsul peria kataktuanpuan nak tahu info lebih lanjut oraz peria katak klik link whatsapp utk sbrang pertanyaan terima kasiht,youtube,,,,,2026-06-15 23:29:10.563446,youtube,087c6333a74706e152e2af884700e9f1
BlO24liTpQ0,penjelasan_diabetes_mellitus,Buah pisang apa baik untuk org diabetes,1,2020-11-30 21:29:14+07:00,buah pisang apa baik untuk org diabetes,youtube,,,,,2026-06-15 23:29:10.563446,youtube,836255a63c9dee0a720f5aef1c176a8c
BlO24liTpQ0,penjelasan_diabetes_mellitus,"Org yg kena diabetes yg tinggi 400 ,tubuhnya gatal gatal",0,2020-11-30 21:31:11+07:00,org yg kena diabetes yg tinggi tubuhnya gatal gatal,youtube,,,,,2026-06-15 23:29:10.563446,youtube,d96ddcc2e098dfecc96aaef1b19593b2
BlO24liTpQ0,penjelasan_diabetes_mellitus,"Pentingbagi penderita diabetes bahwa ,<br>Cermati apa spesifikasi,character obatnya,dan bagaimana obat bekerja ditubuh<br>anda ? dan Apa efeknya dari hasil minum obat tsb ?Selesaikan mencermati video<br>episode pertama sampai episode delapan.Dan video berjudul Aksesmudah masuk kedalam channel ini di youtube harap ketik suharyanto445",0,2020-11-20 11:22:37+07:00,pentingbagi penderita diabetes bahwa cermati apa spesifikasicharacter obatnyadan bagaimana obat bekerja ditubuhanda dan apa efeknya dari hasil minum obat tsb selesaikan mencermati videoepisode pertama sampai episode delapandan video berjudul aksesmudah masuk kedalam channel ini di youtube harap ketik suharyanto,youtube,,,,,2026-06-15 23:29:10.563446,youtube,9d2b5d920a85c10e2052a8dd4da76597
BlO24liTpQ0,penjelasan_diabetes_mellitus,&quot;Kau adalah apa yang kau makan&quot;,0,2020-11-07 10:53:20+07:00,quotkau adalah apa yang kau makanquot,youtube,,,,,2026-06-15 23:29:10.563446,youtube,23c511fddfe27b211695d4f5a36ae606
BlO24liTpQ0,penjelasan_diabetes_mellitus,"Salam sehat dokter,,maaf mama saya keturunan diabetes ,tiap kali pemeriksaan darah lengkap,,hasil tes semua normal tp mama merasakan sakit dlm tubuh terutama dlm tulang dr pinggang sampe jari2 kaki,,akhirnya mama mengkonsumsi obat diabetes dan makanannya pun di atur,,kamsia utk pembelajarannya dokter",0,2020-11-05 08:59:19+07:00,salam sehat doktermaaf mama saya keturunan diabetes tiap kali pemeriksaan darah lengkaphasil tes semua normal tp mama merasakan sakit dlm tubuh terutama dlm tulang dr pinggang sampe jari kakiakhirnya mama mengkonsumsi obat diabetes dan makanannya pun di aturkamsia utk pembelajarannya dokter,youtube,,,,,2026-06-15 23:29:10.563446,youtube,f53d1772d1c5e03059071f3851f2fc2c
BlO24liTpQ0,penjelasan_diabetes_mellitus,Sangat jelas dan bermanfaat.... Maturnuwun dokter...,0,2020-10-23 20:44:33+07:00,sangat jelas dan bermanfaat maturnuwun dokter,youtube,,,,,2026-06-15 23:29:10.563446,youtube,a2aefcf981aef9ee2323c7b2e52eb168
BlO24liTpQ0,penjelasan_diabetes_mellitus,"Dr saya udah 3 hr kecing trs menerus tenggorokan rasax haus pinginx minum &quot; trs barusan aq cek ternyata gula darahx 309 , kolertrol 180 , asam urat 3,6 , setelah aq minum obat kencingx udah mendingan dan udah tdk haus lg , apa obatx berarti udah reaksi t dokter , tlg penjelasanx",0,2020-10-19 11:04:47+07:00,dr saya udah hr kecing trs menerus tenggorokan rasax haus pinginx minum quot trs barusan aq cek ternyata gula darahx kolertrol asam urat setelah aq minum obat kencingx udah mendingan dan udah tdk haus lg apa obatx berarti udah reaksi t dokter tlg penjelasanx,youtube,,,,,2026-06-15 23:29:10.563446,youtube,55dad9649fc700ee3d2edfc4855eaa73
BlO24liTpQ0,penjelasan_diabetes_mellitus,Iya dok suami saya sekarang berbat jln,0,2020-10-17 20:21:30+07:00,iya dok suami saya sekarang berbat jln,youtube,,,,,2026-06-15 23:29:10.563446,youtube,960704010fce113b3777e64a6f87971c
BlO24liTpQ0,penjelasan_diabetes_mellitus,"Jadi cepet tua gan .. saya baru tahu ini yg sy alami diabetes ternyata.. sering haus sering kencing, pengen ngemil, sering kesemutan, gampang lelah .. udah deh besok ga minum tuak lagi wkwkwk... <br>Mata punya freckles sama rambut beruban...",0,2020-10-16 04:38:00+07:00,jadi cepet tua gan saya baru tahu ini yg sy alami diabetes ternyata sering haus sering kencing pengen ngemil sering kesemutan gampang lelah udah deh besok ga minum tuak lagi wkwkwk mata punya freckles sama rambut beruban,youtube,,,,,2026-06-15 23:29:10.563446,youtube,259664fc6ffa202ac49f1c13a7a67e81
BlO24liTpQ0,penjelasan_diabetes_mellitus,Terima kasih dokter atas pemaparannya.,0,2020-10-15 20:43:18+07:00,terima kasih dokter atas pemaparannya,youtube,,,,,2026-06-15 23:29:10.563446,youtube,8fbce0ef35ca7e616687a7b119a99c9b
BlO24liTpQ0,penjelasan_diabetes_mellitus,Ijin bertanya dok.Penderita diabetes dalam semalam pipis brp kali ?,0,2020-09-26 22:48:00+07:00,ijin bertanya dokpenderita diabetes dalam semalam pipis brp kali,youtube,,,,,2026-06-15 23:29:10.563446,youtube,b2971e5e1bc4911a69bb15bef9329c13
BlO24liTpQ0,penjelasan_diabetes_mellitus,"Dok, ibu saya punya penyakit diabet kering, ibu saya pernah pake suntik insulin dan sekarang udah ngga pake, tapi sekarang tulang tulang dan sendinya ngerasa pegel yg mungkin lebih sakit kadang sampe nangis, apa bener itu dari efek insulin dulu? Tolong penjelasannya dok",0,2020-09-20 23:43:37+07:00,dok ibu saya punya penyakit diabet kering ibu saya pernah pake suntik insulin dan sekarang udah ngga pake tapi sekarang tulang tulang dan sendinya ngerasa pegel yg mungkin lebih sakit kadang sampe nangis apa bener itu dari efek insulin dulu tolong penjelasannya dok,youtube,,,,,2026-06-15 23:29:10.563446,youtube,ad89823f3929d67d3993173ded164bbe
BlO24liTpQ0,penjelasan_diabetes_mellitus,penjelasan yang sangat detail dan mudah dipahami...terima kasih ilmunya Dr. sung..,6,2020-09-12 10:59:12+07:00,penjelasan yang sangat detail dan mudah dipahamiterima kasih ilmunya dr sung,youtube,,,,,2026-06-15 23:29:10.563446,youtube,0e94b424100f123f43e68e2c96786c90
BlO24liTpQ0,penjelasan_diabetes_mellitus,"Mau tanya dok , apakah boleh makan pisang, telor .",0,2020-09-10 17:03:07+07:00,mau tanya dok apakah boleh makan pisang telor,youtube,,,,,2026-06-15 23:29:10.563446,youtube,70551eadb2657280e128cf25cd7c544d
BlO24liTpQ0,penjelasan_diabetes_mellitus,"Dok tanya bagi penderita diabetes,<br>1. Apakah boleh minum trus saat haus atau ada takarannya sehari harus minum 2ltr atau 3ltr?<br>2. Apakah boleh minum tiap hari teh manis pakai gula mera?<br><br>3.bagai mana menaikkan berat badan makanan apa yg hrs di makan dan mknn apa yg di pantang?<br>Mksh...",0,2020-09-09 20:18:07+07:00,dok tanya bagi penderita diabetes apakah boleh minum trus saat haus atau ada takarannya sehari harus minum ltr atau ltr apakah boleh minum tiap hari teh manis pakai gula merabagai mana menaikkan berat badan makanan apa yg hrs di makan dan mknn apa yg di pantangmksh,youtube,,,,,2026-06-15 23:29:10.563446,youtube,561da18a497f25712be2153e911fb1b0
BlO24liTpQ0,penjelasan_diabetes_mellitus,"Penjelasan yg di beri kan,menyampai kan lnformasi lebih lanjut,mantap &amp; jelas.<br>Okey,thank you Sahabat baik ku.😊.<br>&quot;Salam From Malaysia.&quot; 🇱🇷 😊.<br>From - your best friend, Ani.<br>Salam hebat luar biasa...!!",1,2020-09-06 11:58:36+07:00,penjelasan yg di beri kanmenyampai kan lnformasi lebih lanjutmantap amp jelasokeythank you sahabat baik kuquotsalam from malaysiaquot from your best friend anisalam hebat luar biasa,youtube,,,,,2026-06-15 23:29:10.563446,youtube,090b68e8a6f78d06de5a4efbf0e21463
BlO24liTpQ0,penjelasan_diabetes_mellitus,Gg bndera inggeris,0,2021-02-05 22:09:01+07:00,gg bndera inggeris,youtube,,,,,2026-06-15 23:29:10.563446,youtube,dd3fed18faf2f09969885965549d4b81
BlO24liTpQ0,penjelasan_diabetes_mellitus,Tks dr Sung utk infonya,0,2020-08-28 15:10:13+07:00,tks dr sung utk infonya,youtube,,,,,2026-06-15 23:29:10.563446,youtube,71a2a26109d65e1eed03b37361f27e26
BlO24liTpQ0,penjelasan_diabetes_mellitus,Abang saya baru meningal dok karna dia betes kering.,0,2020-08-25 14:16:11+07:00,abang saya baru meningal dok karna dia betes kering,youtube,,,,,2026-06-15 23:29:10.563446,youtube,b42646548b67e3bdc08d45c94a4b9901
BlO24liTpQ0,penjelasan_diabetes_mellitus,"<a href=""https://www.youtube.com/watch?v=_wNmA_cCgGU"">https://youtu.be/_wNmA_cCgGU</a>",0,2020-08-23 14:55:47+07:00,,youtube,,,,,2026-06-15 23:29:10.563446,youtube,541b6a720c7a1b2b7b77ef237e773940
BlO24liTpQ0,penjelasan_diabetes_mellitus,KENAPA YAH DIABETES ADA DI DUNIA INI 😭,0,2020-08-19 20:40:11+07:00,kenapa yah diabetes ada di dunia ini,youtube,,,,,2026-06-15 23:29:10.563446,youtube,6c6f7a27ce92306d862e6c92efd81c6a
BlO24liTpQ0,penjelasan_diabetes_mellitus,Xde kn bgus😅,0,2020-12-29 19:17:58+07:00,xde kn bgus,youtube,,,,,2026-06-15 23:29:10.563446,youtube,31939efe00f404b5840e31e91152066a
BlO24liTpQ0,penjelasan_diabetes_mellitus,Hahahaaa.. Sgt faham dok.. Meskipun telat nontonnya..,0,2020-08-15 21:00:41+07:00,hahahaaa sgt faham dok meskipun telat nontonnya,youtube,,,,,2026-06-15 23:29:10.563446,youtube,9adb7855f0efb6e6c38337adbb751077
BlO24liTpQ0,penjelasan_diabetes_mellitus,"<a href=""https://www.youtube.com/watch?v=7BIKuZMaj0s"">https://youtu.be/7BIKuZMaj0s</a><br>@afc.petrus<br>WA. 081280977225",0,2020-08-15 10:19:12+07:00,,youtube,,,,,2026-06-15 23:29:10.563446,youtube,9cb7c6911f6a3f1c20b40413388d9d0b
BlO24liTpQ0,penjelasan_diabetes_mellitus,Dok makanan yang tepat apa Dok .dan kenapa berat badan tidak bertambah,0,2020-08-15 00:58:06+07:00,dok makanan yang tepat apa dok dan kenapa berat badan tidak bertambah,youtube,,,,,2026-06-15 23:29:10.563446,youtube,321084e70a3804bcc2b5ab7bb2c8fc9c
BlO24liTpQ0,penjelasan_diabetes_mellitus,"Dokter Sung pajenengan pernah menjelaskan akibat terjadinya penyakit dibetes penjelasan dari panjenegan : &quot; protein diubah menjadi = glukosa = gula dalam darah = melalui penyaringan insulin = terjadinya kerusakan pada pankreas di sebabkan glutatonin / glikogen yang masuk kedalam sel2 dalam darah.<br> <br>kalau saya bisa menjelaskan lebih rinci apakah saya akan di bebaskan Bapak Dokter 🙏 harapan saya di bebaskan geh <br><br>kesimpulan saya pribadi tetap mencontek panjenegan geh 🙏<br><br>terjadinya Diabetes.<br>dibetes atau penyakit diabetes itu timbul karena adanya kegagalan pada bagian kelenjar pankreas,yang letaknya jauh di dalam perut.salah satu fungsi dari kelenjar ini adalah untuk menghasilkan hormon yang di namai Insulin,yang langsung masuk kedalam aliran darah.sejumlah gula yang kita makan misalnya terdapat banyak macam - macam makanan geh kan.yang makanan tersebut dapat menghasilkan energi.selebihnya ( ini ilmu Dokter Sung) di simpan dalam hati sebagai senyawa yang di namakan glutatonin atau glikogen,yang nantinya akan di ubah kembali menjadi gula bila di perlukan dengan tujuan untuk menghasilkan energi.tetapi jika kekurangan Insulin dalam tubuh gula yang tadinya di simpan atau sebenarnya disimpan untuk penggunaan di waktu yang akan datang,akan tetapi berada dalam aliran darah ? sejumlah gula yang berlebihan/ berlebih ini akan keluar dari badan kedalam air seni tetapi jumlah tetap tidak dapat diterima masih terdapat dalam aliran darah dan inilah yang menyebabkan seseorang itu mengalami timbulnya gejala diabetes.<br><br>kerena ibu saya juga mengalami hal serupa mohon bimbingan jika saya salah jika benar saya mohon di bebaskan ? geh 🙏",0,2020-08-14 20:11:58+07:00,dokter sung pajenengan pernah menjelaskan akibat terjadinya penyakit dibetes penjelasan dari panjenegan quot protein diubah menjadi glukosa gula dalam darah melalui penyaringan insulin terjadinya kerusakan pada pankreas di sebabkan glutatonin glikogen yang masuk kedalam sel dalam darah kalau saya bisa menjelaskan lebih rinci apakah saya akan di bebaskan bapak dokter harapan saya di bebaskan geh kesimpulan saya pribadi tetap mencontek panjenegan geh terjadinya diabetesdibetes atau penyakit diabetes itu timbul karena adanya kegagalan pada bagian kelenjar pankreasyang letaknya jauh di dalam perutsalah satu fungsi dari kelenjar ini adalah untuk menghasilkan hormon yang di namai insulinyang langsung masuk kedalam aliran darahsejumlah gula yang kita makan misalnya terdapat banyak macam macam makanan geh kanyang makanan tersebut dapat menghasilkan energiselebihnya ini ilmu dokter sung di simpan dalam hati sebagai senyawa yang di namakan glutatonin atau glikogenyang nantinya akan di ubah kembali menjadi gula bila di perlukan dengan tujuan untuk menghasilkan energitetapi jika kekurangan insulin dalam tubuh gula yang tadinya di simpan atau sebenarnya disimpan untuk penggunaan di waktu yang akan datangakan tetapi berada dalam aliran darah sejumlah gula yang berlebihan berlebih ini akan keluar dari badan kedalam air seni tetapi jumlah tetap tidak dapat diterima masih terdapat dalam aliran darah dan inilah yang menyebabkan seseorang itu mengalami timbulnya gejala diabeteskerena ibu saya juga mengalami hal serupa mohon bimbingan jika saya salah jika benar saya mohon di bebaskan geh,youtube,,,,,2026-06-15 23:29:10.563446,youtube,9a1ca94196993876b01beff05a967920
BlO24liTpQ0,penjelasan_diabetes_mellitus,Dok kadar gula darah yg normal itu berapa sih dok??? Makasih dok,0,2020-08-14 19:50:27+07:00,dok kadar gula darah yg normal itu berapa sih dok makasih dok,youtube,,,,,2026-06-15 23:29:10.563446,youtube,3cf423a50405cceb3bb29dfe92f07f78
BlO24liTpQ0,penjelasan_diabetes_mellitus,"<a href=""https://www.youtube.com/watch?v=NkPv5_wE9Gw"">https://youtu.be/NkPv5_wE9Gw</a><br>diabetes dan permasalahan 1 (pertama)<br>diabetes merupakan masalah yang komplex yang harus di tangani secara bersama sama sejak dini. <br>Penanganan yang baik merupakan cara jitu mencegah komplikasi <br>Stroke <br>Serangan jantung koroner <br>Kelumpuhan <br>Kebutaan <br>Gagal ginjal sehingga harus cuci darah<br><br><a href=""https://www.youtube.com/watch?v=N1HFOXX3sX4"">https://youtu.be/N1HFOXX3sX4</a><br>Diabetes dan permasalahan 2<br>Video ini merupakan kelanjutan dari video sebelumnya. Dimana dibahas soal diabetes yang sering menjadi salah kaprah soal penanganan penyakit ini.<br>Pengertian yang benar akan membuat kondisi kesehatan pasien diabetes lebih baik.<br><br>Jangan lupa menonton video 1 dan 2 ya<br>Jangan lupa subscribe like dan komentarnya di kolom pendapat.",0,2020-07-31 13:40:58+07:00,dan permasalahan pertamadiabetes merupakan masalah yang komplex yang harus di tangani secara bersama sama sejak dini penanganan yang baik merupakan cara jitu mencegah komplikasi stroke serangan jantung koroner kelumpuhan kebutaan gagal ginjal sehingga harus cuci darah dan permasalahan video ini merupakan kelanjutan dari video sebelumnya dimana dibahas soal diabetes yang sering menjadi salah kaprah soal penanganan penyakit inipengertian yang benar akan membuat kondisi kesehatan pasien diabetes lebih baikjangan lupa menonton video dan yajangan lupa subscribe like dan komentarnya di kolom pendapat,youtube,,,,,2026-06-15 23:29:10.563446,youtube,3d06c92216da87acc4b68edd75de6d60
BlO24liTpQ0,penjelasan_diabetes_mellitus,"Penjelasan yg mantap,bermanfaat &amp; jelas,mengenai Diabetes Mellitus.<br>Okey,thank you Sahabat baik ku.😊.<br>&quot;Friendship Forever.&quot;😊😊💝.<br>From - your best friend, Ani.",0,2020-07-30 20:54:02+07:00,penjelasan yg mantapbermanfaat amp jelasmengenai diabetes mellitusokeythank you sahabat baik kuquotfriendship foreverquotfrom your best friend ani,youtube,,,,,2026-06-15 23:29:10.563446,youtube,e0f5b6d1dd3cc8a74b0c03d37c752a63
BlO24liTpQ0,penjelasan_diabetes_mellitus,Trm ksh dok smg bermamfaat,0,2020-07-17 14:02:17+07:00,trm ksh dok smg bermamfaat,youtube,,,,,2026-06-15 23:29:10.563446,youtube,5a7de431ed04cd2874c21dd9d1f117df
BlO24liTpQ0,penjelasan_diabetes_mellitus,"Thank you My best friend,di atas setiap penjelasan nya.Mengenai Diabetes Mellitus.<br>Okey,thanks ya Sahabat baik ku.😊.<br>&quot;Friendship Forever.&quot;😊😊💝.<br>From - your best friend, Ani,Trengganu, Malaysia.<br>Salam hebat luar biasa...!!",0,2020-07-13 04:59:58+07:00,thank you my best frienddi atas setiap penjelasan nyamengenai diabetes mellitusokeythanks ya sahabat baik kuquotfriendship foreverquotfrom your best friend anitrengganu malaysiasalam hebat luar biasa,youtube,,,,,2026-06-15 23:29:10.563446,youtube,2786ddb347b20a2f1bd374b79d779826
BlO24liTpQ0,penjelasan_diabetes_mellitus,"Memberi kan informasi mengenai Diabetes Mellitus secara terperinci,mantap &amp; jelas.<br>Okey,thank you Sahabat baik ku.😊.<br>From - your best friend, Ani.😊.",0,2020-08-21 18:39:37+07:00,memberi kan informasi mengenai diabetes mellitus secara terperincimantap amp jelasokeythank you sahabat baik kufrom your best friend ani,youtube,,,,,2026-06-15 23:29:10.563446,youtube,e752e1b3990de39c112dacaac1aa4621
BlO24liTpQ0,penjelasan_diabetes_mellitus,Dok...gmn utk kesehatan pankreas.,0,2020-07-10 20:19:28+07:00,dokgmn utk kesehatan pankreas,youtube,,,,,2026-06-15 23:29:10.563446,youtube,227a61ccdc1df3e7e725c099ff7f2baf
BlO24liTpQ0,penjelasan_diabetes_mellitus,"Dok coba bahas orang yang biasa mukbang makan dengan porsi jumbo, apakah ada kelainan atau bagaimana?",1,2020-06-23 19:03:41+07:00,dok coba bahas orang yang biasa mukbang makan dengan porsi jumbo apakah ada kelainan atau bagaimana,youtube,,,,,2026-06-15 23:29:10.563446,youtube,b9f609bc5d18cbe35ac25a71a8405e25
BlO24liTpQ0,penjelasan_diabetes_mellitus,"<a href=""https://www.youtube.com/watch?v=MBSKtUbcT30"">https://youtu.be/MBSKtUbcT30</a>",0,2020-08-30 08:03:06+07:00,,youtube,,,,,2026-06-15 23:29:10.563446,youtube,bf6e7fa17bfe82b56e9bd97155ccfff1
BlO24liTpQ0,penjelasan_diabetes_mellitus,Tks dok infonya,0,2020-06-19 18:52:06+07:00,tks dok infonya,youtube,,,,,2026-06-15 23:29:10.563446,youtube,38747fd7231eec843a028e2b3beaae62
BlO24liTpQ0,penjelasan_diabetes_mellitus,yang mau saya tanyakan apakah dengan kadar gulaku yg 250 aku masih bisa sembuh total dok klo aku bisa menjaga pola makan saya.dan makanan apa yg baik untuk saya dok,0,2020-06-16 06:05:10+07:00,yang mau saya tanyakan apakah dengan kadar gulaku yg aku masih bisa sembuh total dok klo aku bisa menjaga pola makan sayadan makanan apa yg baik untuk saya dok,youtube,,,,,2026-06-15 23:29:10.563446,youtube,32a3f97b7cb994f22af42290075e7660
BlO24liTpQ0,penjelasan_diabetes_mellitus,nah semalem aku cek gula darah ku.aku kaget dok.naik jadi 250.emang aku akui dokkarna aku mrasa aman.habis lebaran ini aku suka nyoba bikin kuwe kuwe.otomatis aku makan juga kuwe kuwe itu.,0,2020-06-16 06:03:01+07:00,nah semalem aku cek gula darah kuaku kaget doknaik jadi emang aku akui dokkarna aku mrasa amanhabis lebaran ini aku suka nyoba bikin kuwe kuweotomatis aku makan juga kuwe kuwe itu,youtube,,,,,2026-06-15 23:29:10.563446,youtube,642806262851fc4b535cba2cb489b6eb
BlO24liTpQ0,penjelasan_diabetes_mellitus,nah habis lebaran ini aku sakit gigi biasanya munum obat 2 atau 3 kali udah sembuh.tpi kali ini udah habis obat beberapa tablet kok nggk sembuh sembuh,0,2020-06-16 06:00:25+07:00,nah habis lebaran ini aku sakit gigi biasanya munum obat atau kali udah sembuhtpi kali ini udah habis obat beberapa tablet kok nggk sembuh sembuh,youtube,,,,,2026-06-15 23:29:10.563446,youtube,12a7a35b18a47a15d0d9792a13b8d284
BlO24liTpQ0,penjelasan_diabetes_mellitus,kemudian 7 bulan kemudian aku cek lagi udah turun jdi 165.setelah itu aku nggk prnah cek lagi dok.nah bln agustus kemaren aku cek lagi gula darahku jdi 170.kemudian bln febroari aku cek lagi dok turun lagi jadi 100,0,2020-06-16 05:58:05+07:00,kemudian bulan kemudian aku cek lagi udah turun jdi setelah itu aku nggk prnah cek lagi doknah bln agustus kemaren aku cek lagi gula darahku jdi kemudian bln febroari aku cek lagi dok turun lagi jadi,youtube,,,,,2026-06-15 23:29:10.563446,youtube,87e7d1d17b9bd2670c800e0a16aa9c15
BlO24liTpQ0,penjelasan_diabetes_mellitus,mau tanya dok.selama ini saya cek gula darah saya 7 tahun lalu 210.saya kaget dok.padahal aku juarang sekali yg namanya minum teh manis atau yg lain lainnya,0,2020-06-16 05:53:17+07:00,mau tanya dokselama ini saya cek gula darah saya tahun lalu saya kaget dokpadahal aku juarang sekali yg namanya minum teh manis atau yg lain lainnya,youtube,,,,,2026-06-15 23:29:10.563446,youtube,d6964dd5dec642f769a4067f7a51afe6
BlO24liTpQ0,penjelasan_diabetes_mellitus,Trimakasih dok smoga bermanfaat,0,2020-06-01 10:26:48+07:00,trimakasih dok smoga bermanfaat,youtube,,,,,2026-06-15 23:29:10.563446,youtube,813f49ab9366bae4445bf63bac60c8ea
BlO24liTpQ0,penjelasan_diabetes_mellitus,"Kesemutan pada jari dan telapak tangan saat bangun tidur, apa termasuk gejala diabetes, ya dokter ?",0,2020-05-25 17:16:23+07:00,kesemutan pada jari dan telapak tangan saat bangun tidur apa termasuk gejala diabetes ya dokter,youtube,,,,,2026-06-15 23:29:10.563446,youtube,35a0879d043ddd7a99942ad5dddf5d7d
BlO24liTpQ0,penjelasan_diabetes_mellitus,Terima kasih byk docter atas pencerahannya smg doctr sehat selalu,0,2020-05-12 00:34:35+07:00,terima kasih byk docter atas pencerahannya smg doctr sehat selalu,youtube,,,,,2026-06-15 23:29:10.563446,youtube,b7f104314be1cadd85499572f8dcf554
BlO24liTpQ0,penjelasan_diabetes_mellitus,"<a href=""https://tehdia-herbal-diabetes.business.site/?utm_source=gmb&amp;utm_medium=referral"">https://tehdia-herbal-diabetes.business.site/?utm_source=gmb&amp;utm_medium=referral</a> <br><br>TEHDIA merupakan ramuan eksklusif teh terbaik dan daun stevia yang mengandung senyawa stevosida. Steviosida merupakan bahan pemanis alami yang tidak berkalori dan dapat mengendalikan kadar gula darah (hipoglikemik). Mekanisme steviosida mengendalikan kadar gula darah adalah sebagai berikut: dalam tubuh steviosida akan mengalami hidrolisis di usus halus menjadi steviolbiosida yang dengan segera akan diubah menjadi steviol. Steviol ini yang akan meningkatkan aktivitas insulin di dalam tubuh sehingga kadar gula dalam darah akan menurun, sehingga stevia berpotensi untuk antidiabetes dan dapat mencegah penyakit Diabetes Melitus. <br> <br>Daun stevia memiliki rasa manis sekitar 200 hingga 300 kali gula biasa, namun memiliki <br>nol kalori, sehingga daun stevia dapat digunakan sebagai gula pengganti alami (natural sweetener) yang lebih sehat dan tidak menyebabkan kenaikan gula darah, bahkan membantu mengendalikan kadar gula darah. TEHDIA menjadi satu-satunya teh manis alami yang diseduh tanpa mengunakan penambahan gula, sangat baik dinikmati oleh siapapun tanpa takut diabetes. <br> <br>TEHDIA: Teh Manis Alami tanpa Takut Diabetes, merupakan minuman teh fungsional (nutrasetikal) yang mempunyai khasiat untuk membantu mengendalikan kadar gula darah, teh ini merupakan produk riset Fakultas Farmasi Unpad dan telah menerima sertifikasi dari LPPOM MUI sebagai produk halal. <br> <br>Assalamu’alaikum saya Tovik Saleh <br>Yang di Bandung dan Daerah di Indonesia yang mau jadi reseller atau untuk konsumsi sendiri <br>085721204494 (Chatt Wa Online di PC) <br>Terima Kasih <br>Wassalamu’alaikum Wr. Wb.",0,2020-05-06 05:58:03+07:00,tehdia merupakan ramuan eksklusif teh terbaik dan daun stevia yang mengandung senyawa stevosida steviosida merupakan bahan pemanis alami yang tidak berkalori dan dapat mengendalikan kadar gula darah hipoglikemik mekanisme steviosida mengendalikan kadar gula darah adalah sebagai berikut dalam tubuh steviosida akan mengalami hidrolisis di usus halus menjadi steviolbiosida yang dengan segera akan diubah menjadi steviol steviol ini yang akan meningkatkan aktivitas insulin di dalam tubuh sehingga kadar gula dalam darah akan menurun sehingga stevia berpotensi untuk antidiabetes dan dapat mencegah penyakit diabetes melitus daun stevia memiliki rasa manis sekitar hingga kali gula biasa namun memiliki nol kalori sehingga daun stevia dapat digunakan sebagai gula pengganti alami natural sweetener yang lebih sehat dan tidak menyebabkan kenaikan gula darah bahkan membantu mengendalikan kadar gula darah tehdia menjadi satusatunya teh manis alami yang diseduh tanpa mengunakan penambahan gula sangat baik dinikmati oleh siapapun tanpa takut diabetes tehdia teh manis alami tanpa takut diabetes merupakan minuman teh fungsional nutrasetikal yang mempunyai khasiat untuk membantu mengendalikan kadar gula darah teh ini merupakan produk riset fakultas farmasi unpad dan telah menerima sertifikasi dari lppom mui sebagai produk halal assalamualaikum saya tovik saleh yang di bandung dan daerah di indonesia yang mau jadi reseller atau untuk konsumsi sendiri chatt wa online di pc terima kasih wassalamualaikum wr wb,youtube,,,,,2026-06-15 23:29:10.563446,youtube,03c59519ce487ad5f8e92bdff335d66e
BlO24liTpQ0,penjelasan_diabetes_mellitus,Dr sung bisa me receh hehehe,0,2020-05-03 21:16:44+07:00,dr sung bisa me receh hehehe,youtube,,,,,2026-06-15 23:29:10.563446,youtube,1bd5e09da6b7d37c388578f39beb8520
BlO24liTpQ0,penjelasan_diabetes_mellitus,"Dok,,sakit gigi ato gigi bergoyang lalu putus apa cenderung terkena kencing manis",0,2020-05-02 15:31:00+07:00,doksakit gigi ato gigi bergoyang lalu putus apa cenderung terkena kencing manis,youtube,,,,,2026-06-15 23:29:10.563446,youtube,0c1c92fd067515b88a1f5cfa5a2bfca3
BlO24liTpQ0,penjelasan_diabetes_mellitus,"<a href=""https://www.youtube.com/watch?v=6pl2m78Hmm0"">https://youtu.be/6pl2m78Hmm0</a>",0,2020-04-29 06:53:09+07:00,,youtube,,,,,2026-06-15 23:29:10.563446,youtube,6c0c27f76516d487fd30b1d834de5361
BlO24liTpQ0,penjelasan_diabetes_mellitus,"👍👍👍 thanks Dok ,,,!!!",0,2020-04-22 12:03:17+07:00,thanks dok,youtube,,,,,2026-06-15 23:29:10.563446,youtube,7de361aca891a45a7479e4d3b6705fdf
BlO24liTpQ0,penjelasan_diabetes_mellitus,Terima kasih dok utk penjelasannya menambah pengetahuan sy walaupun ada sedikit rasa sedih krn langsung teringat alm suami yg meninggal krn penyakit kencing manis,0,2020-04-21 18:30:47+07:00,terima kasih dok utk penjelasannya menambah pengetahuan sy walaupun ada sedikit rasa sedih krn langsung teringat alm suami yg meninggal krn penyakit kencing manis,youtube,,,,,2026-06-15 23:29:10.563446,youtube,1745208a2dd79cd7315b26e71742dbb6
BlO24liTpQ0,penjelasan_diabetes_mellitus,"Menyampai kan informasi mengenai diabetes mellitus,utk pengetahuan setiap individu.Agar mendapat informasi yg bermanfaat,mengenai diabetes mellitus &amp; mengerti dgn jelas.<br>Okey,thank you buat Sahabat baik ku,di sana.😊.<br>&quot; Friendship Forever.&quot;😊😊💖.<br>From - your best friend, Ani,Trengganu, Malaysia.<br> Salam hebat luar biasa...!!",0,2020-04-09 08:43:01+07:00,menyampai kan informasi mengenai diabetes mellitusutk pengetahuan setiap individuagar mendapat informasi yg bermanfaatmengenai diabetes mellitus amp mengerti dgn jelasokeythank you buat sahabat baik kudi sanaquot friendship foreverquotfrom your best friend anitrengganu malaysia salam hebat luar biasa,youtube,,,,,2026-06-15 23:29:10.563446,youtube,81a7dc5b88f48a2b7eb9ca1de608c68a
BlO24liTpQ0,penjelasan_diabetes_mellitus,"Thank you My best friend,di atas setiap penjelasan nya,mengenai Diabetes Melitus.Yang sangat bermanfaat.<br>Okey,thanks ya,My best friend.😊.<br>&quot; Friendship forever.&quot;😊😊💖.<br> From - your best friend, Ani,Trengganu, Malaysia.<br> Salam hebat luar biasa...!!",2,2020-03-19 11:50:56+07:00,thank you my best frienddi atas setiap penjelasan nyamengenai diabetes melitusyang sangat bermanfaatokeythanks yamy best friendquot friendship foreverquot from your best friend anitrengganu malaysia salam hebat luar biasa,youtube,,,,,2026-06-15 23:29:10.563446,youtube,ae59e85d1806a3e7f8be13b312310949
BlO24liTpQ0,penjelasan_diabetes_mellitus,"Informasi yg di sampai kan,memberi kan informasi yg terperinci &amp; jelas,mengenai Diabetes Mellitus.<br>Okey,thank you,Sahabat baik ku.😊.<br>From - your best friend, Ani.😊.",0,2020-05-06 19:34:03+07:00,informasi yg di sampai kanmemberi kan informasi yg terperinci amp jelasmengenai diabetes mellitusokeythank yousahabat baik kufrom your best friend ani,youtube,,,,,2026-06-15 23:29:10.563446,youtube,9edb5577c4ce4376ac22230bb8b0d4f7
BlO24liTpQ0,penjelasan_diabetes_mellitus,"Thank you My best friend,di atas informasi nya.Yang sangat bermanfaat.<br>Okey,thanks ya,Sahabat baik ku,di sana.😊.<br>From - your best friend, Ani.😊.",0,2020-05-21 20:24:15+07:00,thank you my best frienddi atas informasi nyayang sangat bermanfaatokeythanks yasahabat baik kudi sanafrom your best friend ani,youtube,,,,,2026-06-15 23:29:10.563446,youtube,243ded821d433be2b9c73cc0fc73b92b
BlO24liTpQ0,penjelasan_diabetes_mellitus,Sangat mengerti penjelasan dokter sung sangat detail terimakasih dokter,1,2020-03-16 13:35:53+07:00,sangat mengerti penjelasan dokter sung sangat detail terimakasih dokter,youtube,,,,,2026-06-15 23:29:10.563446,youtube,435313d8fa29d9e1f203e831640b7da8
BlO24liTpQ0,penjelasan_diabetes_mellitus,Gula Drah syh tinggi yg normal brpa dok?,1,2020-03-11 10:25:04+07:00,gula drah syh tinggi yg normal brpa dok,youtube,,,,,2026-06-15 23:29:10.563446,youtube,be907c7c0c9a617e85f2d94e929d3cee
BlO24liTpQ0,penjelasan_diabetes_mellitus,Sangat di pengerti saran &quot;y,0,2020-03-10 16:31:26+07:00,sangat di pengerti saran quoty,youtube,,,,,2026-06-15 23:29:10.563446,youtube,49ec2c1804c138ab58aa81ecaf159785
BlO24liTpQ0,penjelasan_diabetes_mellitus,Hadir dok saya mau bertanya bagaimana cara pencegahan dm dok wassalam,0,2020-02-22 19:25:08+07:00,hadir dok saya mau bertanya bagaimana cara pencegahan dm dok wassalam,youtube,,,,,2026-06-15 23:29:10.563446,youtube,7ef940e56b4af2489e90394e5ed34c05
BlO24liTpQ0,penjelasan_diabetes_mellitus,Trm ksh dr....semoga dr di ksh kshtn....amiiin...👍👍👍,0,2020-02-21 11:44:16+07:00,trm ksh drsemoga dr di ksh kshtnamiiin,youtube,,,,,2026-06-15 23:29:10.563446,youtube,652e9e565ac22b5262cf60aa0367d849
BlO24liTpQ0,penjelasan_diabetes_mellitus,Enak dok ngejelasinya mudH di mengerti,1,2020-02-21 03:52:22+07:00,enak dok ngejelasinya mudh di mengerti,youtube,,,,,2026-06-15 23:29:10.563446,youtube,446004fdb229a7a7e13390921e0199a2
BlO24liTpQ0,penjelasan_diabetes_mellitus,Dok apa punya penyakit diabetes bsa ber ujung kematian,0,2020-02-20 09:56:59+07:00,dok apa punya penyakit diabetes bsa ber ujung kematian,youtube,,,,,2026-06-15 23:29:10.563446,youtube,537c567fddf392ffb991b00051f3babe
BlO24liTpQ0,penjelasan_diabetes_mellitus,Minum air yg banyak bisa menurunkan diabetes,0,2020-02-18 14:44:07+07:00,minum air yg banyak bisa menurunkan diabetes,youtube,,,,,2026-06-15 23:29:10.563446,youtube,1f99203034e5b84b14c275dd2d80ceb2
BlO24liTpQ0,penjelasan_diabetes_mellitus,klw kita sering minum otomatis kita sring kencing kan ??? <br>G mn dong klw gak minum juga gak baik kan .,0,2020-02-15 14:37:58+07:00,klw kita sering minum otomatis kita sring kencing kan g mn dong klw gak minum juga gak baik kan,youtube,,,,,2026-06-15 23:29:10.563446,youtube,16a0394bbdae5d0e788407a7527762ba
BlO24liTpQ0,penjelasan_diabetes_mellitus,Terimakasih atas penjelasan dr Sung sangat berguna banget buatkami,0,2020-02-12 17:34:01+07:00,terimakasih atas penjelasan dr sung sangat berguna banget buatkami,youtube,,,,,2026-06-15 23:29:10.563446,youtube,f1f3575f918e47523d951e0b844866cc
BlO24liTpQ0,penjelasan_diabetes_mellitus,your intro too loud than your voice,0,2020-02-11 21:28:18+07:00,your intro too loud than your voice,youtube,,,,,2026-06-15 23:29:10.563446,youtube,678e82726b2a229acc08660ece83e8ff
BlO24liTpQ0,penjelasan_diabetes_mellitus,dok apakah penyakit diabetes hnya org yg sudah tua saja?atau yg masih remaja juga berpotensi kena diabetes ?,0,2020-02-06 23:20:59+07:00,dok apakah penyakit diabetes hnya org yg sudah tua sajaatau yg masih remaja juga berpotensi kena diabetes,youtube,,,,,2026-06-15 23:29:10.563446,youtube,ac2c54cc7c5ecf96cb0246d84937316b
BlO24liTpQ0,penjelasan_diabetes_mellitus,"<a href=""https://tehdia-herbal-diabetes.business.site/?utm_source=gmb&amp;utm_medium=referral"">https://tehdia-herbal-diabetes.business.site/?utm_source=gmb&amp;utm_medium=referral</a> <br>TEHDIA merupakan ramuan eksklusif teh terbaik dan daun stevia yang mengandung senyawa stevosida. Steviosida merupakan bahan pemanis alami yang tidak berkalori dan dapat mengendalikan kadar gula darah (hipoglikemik). Mekanisme steviosida mengendalikan kadar gula darah adalah sebagai berikut: dalam tubuh steviosida akan mengalami hidrolisis di usus halus menjadi steviolbiosida yang dengan segera akan diubah menjadi steviol. Steviol ini yang akan meningkatkan aktivitas insulin di dalam tubuh sehingga kadar gula dalam darah akan menurun, sehingga stevia berpotensi untuk antidiabetes dan dapat mencegah penyakit Diabetes Melitus. <br> <br>Daun stevia memiliki rasa manis sekitar 200 hingga 300 kali gula biasa, namun memiliki <br>nol kalori, sehingga daun stevia dapat digunakan sebagai gula pengganti alami (natural sweetener) yang lebih sehat dan tidak menyebabkan kenaikan gula darah, bahkan membantu mengendalikan kadar gula darah. TEHDIA menjadi satu-satunya teh manis alami yang diseduh tanpa mengunakan penambahan gula, sangat baik dinikmati oleh siapapun tanpa takut diabetes. <br> <br>TEHDIA: Teh Manis Alami tanpa Takut Diabetes, merupakan minuman teh fungsional (nutrasetikal) yang mempunyai khasiat untuk membantu mengendalikan kadar gula darah, teh ini merupakan produk riset Fakultas Farmasi Unpad dan telah menerima sertifikasi dari LPPOM MUI sebagai produk halal. <br> <br>Assalamu’alaikum saya Tovik Saleh <br>Yang di Bandung dan Daerah di Indonesia yang mau jadi reseller atau untuk konsumsi sendiri <br>085721204494 (Chatt Wa Online di PC) <br>Terima Kasih <br>Wassalamu’alaikum Wr. Wb.",0,2020-05-06 06:00:35+07:00,tehdia merupakan ramuan eksklusif teh terbaik dan daun stevia yang mengandung senyawa stevosida steviosida merupakan bahan pemanis alami yang tidak berkalori dan dapat mengendalikan kadar gula darah hipoglikemik mekanisme steviosida mengendalikan kadar gula darah adalah sebagai berikut dalam tubuh steviosida akan mengalami hidrolisis di usus halus menjadi steviolbiosida yang dengan segera akan diubah menjadi steviol steviol ini yang akan meningkatkan aktivitas insulin di dalam tubuh sehingga kadar gula dalam darah akan menurun sehingga stevia berpotensi untuk antidiabetes dan dapat mencegah penyakit diabetes melitus daun stevia memiliki rasa manis sekitar hingga kali gula biasa namun memiliki nol kalori sehingga daun stevia dapat digunakan sebagai gula pengganti alami natural sweetener yang lebih sehat dan tidak menyebabkan kenaikan gula darah bahkan membantu mengendalikan kadar gula darah tehdia menjadi satusatunya teh manis alami yang diseduh tanpa mengunakan penambahan gula sangat baik dinikmati oleh siapapun tanpa takut diabetes tehdia teh manis alami tanpa takut diabetes merupakan minuman teh fungsional nutrasetikal yang mempunyai khasiat untuk membantu mengendalikan kadar gula darah teh ini merupakan produk riset fakultas farmasi unpad dan telah menerima sertifikasi dari lppom mui sebagai produk halal assalamualaikum saya tovik saleh yang di bandung dan daerah di indonesia yang mau jadi reseller atau untuk konsumsi sendiri chatt wa online di pc terima kasih wassalamualaikum wr wb,youtube,,,,,2026-06-15 23:29:10.563446,youtube,0c61340f9dab4c4727079fa3f632bf28
BlO24liTpQ0,penjelasan_diabetes_mellitus,Gejala-gejala orang yg kena diabetes?,0,2020-02-06 23:13:40+07:00,gejalagejala orang yg kena diabetes,youtube,,,,,2026-06-15 23:29:10.563446,youtube,b12c85c16e9a711926aed532e12547d4
BlO24liTpQ0,penjelasan_diabetes_mellitus,Dokter shu sangat ramah,0,2020-02-03 07:41:44+07:00,dokter shu sangat ramah,youtube,,,,,2026-06-15 23:29:10.563446,youtube,0cad6adb694d3af973e97aa0652c39f4
BlO24liTpQ0,penjelasan_diabetes_mellitus,Untuk Anda Yang kesulitan untuk merawat Luka diabetes chat disini <br>085710340867,0,2020-01-26 18:39:04+07:00,untuk anda yang kesulitan untuk merawat luka diabetes chat disini,youtube,,,,,2026-06-15 23:29:10.563446,youtube,8895cd05b223e5c7b8e52fbeaa0a52de
BlO24liTpQ0,penjelasan_diabetes_mellitus,"KADAR GULA 500 ML AWAL 2020 UHD+ BY CV syahrulryunazusanagasawa5955@<a href=""http://gmail.com/"">gmail.com</a> HP REDMI NOTE 5 PRO AI PLUS AMAZING HD+ 4K 5K + 8K 9} HP 085370933184",0,2020-01-18 00:25:58+07:00,kadar gula ml awal uhd by cv syahrulryunazusanagasawagmailcom hp redmi note pro ai plus amazing hd k k k hp,youtube,,,,,2026-06-15 23:29:10.563446,youtube,66e0b84e9e060327fb85ac814377f29a
BlO24liTpQ0,penjelasan_diabetes_mellitus,Dokter sebelumnya saya minta maaf .suami saya diabetes tapi badanya kurus na saya tanyakan itu diabetes apa dan apa boleh minum obat Glimepiride na minumnya pagi atau sore seaudah makan apa sebelumakan Teri makasih 🙏,0,2020-01-16 20:54:35+07:00,dokter sebelumnya saya minta maaf suami saya diabetes tapi badanya kurus na saya tanyakan itu diabetes apa dan apa boleh minum obat glimepiride na minumnya pagi atau sore seaudah makan apa sebelumakan teri makasih,youtube,,,,,2026-06-15 23:29:10.563446,youtube,37bf074537122f78bb2816ac56763763
BlO24liTpQ0,penjelasan_diabetes_mellitus,ada gak ya komunitas untuk mencegah diabetes?,1,2020-01-13 19:22:40+07:00,ada gak ya komunitas untuk mencegah diabetes,youtube,,,,,2026-06-15 23:29:10.563446,youtube,150df86a212be9bd67f469651edb6abe
BlO24liTpQ0,penjelasan_diabetes_mellitus,Mantap..penjelasanya...the best teacher,0,2020-01-13 05:57:16+07:00,mantappenjelasanyathe best teacher,youtube,,,,,2026-06-15 23:29:10.563446,youtube,2603a160a6b42600f53f8a4951b321bc
BlO24liTpQ0,penjelasan_diabetes_mellitus,Sangat bermanfaat dok,0,2020-01-06 11:06:46+07:00,sangat bermanfaat dok,youtube,,,,,2026-06-15 23:29:10.563446,youtube,7a9eb1c76e46ed05f6286f11c3292e87
BlO24liTpQ0,penjelasan_diabetes_mellitus,Izin share,0,2020-01-05 19:36:18+07:00,izin share,youtube,,,,,2026-06-15 23:29:10.563446,youtube,52b7f730182edcfd73da149e2fe09066
BlO24liTpQ0,penjelasan_diabetes_mellitus,Dok sy mo tanya apa ada hubungan ny vagina gatal dgn penyakit diabetes mohon penjelasan ny dok,0,2020-01-04 22:56:07+07:00,dok sy mo tanya apa ada hubungan ny vagina gatal dgn penyakit diabetes mohon penjelasan ny dok,youtube,,,,,2026-06-15 23:29:10.563446,youtube,1589087f93d33289fbb478b29e9ef3e1
BlO24liTpQ0,penjelasan_diabetes_mellitus,"Maaf bantu jawab, karena penyakit diabetes sangat rentan kena infeksi..salah satunya infeksi miss v..",0,2020-06-08 20:44:23+07:00,maaf bantu jawab karena penyakit diabetes sangat rentan kena infeksisalah satunya infeksi miss v,youtube,,,,,2026-06-15 23:29:10.563446,youtube,4eefaa5a976fb24ba0dd9b503eb9c086
BlO24liTpQ0,penjelasan_diabetes_mellitus,Ada kok suplemen yang bisa menyembuhkan tanpa operasi pula dan aman untuk tubuh.Banyak testimoni2 orang yg bener2 sembuh total karena minum suplemen ini.Yang mau sembuh bisa langsung hub 087717888876,1,2020-01-01 15:53:38+07:00,ada kok suplemen yang bisa menyembuhkan tanpa operasi pula dan aman untuk tubuhbanyak testimoni orang yg bener sembuh total karena minum suplemen iniyang mau sembuh bisa langsung hub,youtube,,,,,2026-06-15 23:29:10.563446,youtube,fc7a18402baeffd2f8a8ca725db87a61
BlO24liTpQ0,penjelasan_diabetes_mellitus,Apakah sakit diabetes suka keringat dingin,0,2019-12-28 18:38:35+07:00,apakah sakit diabetes suka keringat dingin,youtube,,,,,2026-06-15 23:29:10.563446,youtube,f92a4317326dee1cfea57636755de72f
BlO24liTpQ0,penjelasan_diabetes_mellitus,"Dok kalo sari tebu, apa bisa menyrbabkan diabetes",1,2019-12-23 09:02:55+07:00,dok kalo sari tebu apa bisa menyrbabkan diabetes,youtube,,,,,2026-06-15 23:29:10.563446,youtube,89f38b87cbded560072e43e9915dd67f
BlO24liTpQ0,penjelasan_diabetes_mellitus,"Temanku umur 24 udah kena Diabetes kakinya membusuk .kok bisa ya dok, pdahal umurnya masih muda?",0,2019-12-22 07:56:10+07:00,temanku umur udah kena diabetes kakinya membusuk kok bisa ya dok pdahal umurnya masih muda,youtube,,,,,2026-06-15 23:29:10.563446,youtube,2950cdf48ba22e61b90c0eeae544d25e
BlO24liTpQ0,penjelasan_diabetes_mellitus,Trima kasih,0,2019-12-06 21:44:52+07:00,trima kasih,youtube,,,,,2026-06-15 23:29:10.563446,youtube,f1c165b914ea482846f636ea50cfe070
BlO24liTpQ0,penjelasan_diabetes_mellitus,Klo untuk menyehatkan pankreas itu gmn dok ?,0,2019-12-06 20:26:52+07:00,klo untuk menyehatkan pankreas itu gmn dok,youtube,,,,,2026-06-15 23:29:10.563446,youtube,fcc4120c6d78e9651f68b1fd964f329b
BlO24liTpQ0,penjelasan_diabetes_mellitus,Extreme beud ya jaman dulu wkwkw,4,2019-11-27 13:02:29+07:00,extreme beud ya jaman dulu wkwkw,youtube,,,,,2026-06-15 23:29:10.563446,youtube,c20aad40cd98d85480bbb0bc589c0213
BlO24liTpQ0,penjelasan_diabetes_mellitus,BERMANFAAT..langsung gua subscribe. Makasih ilmunya sngt jls..,2,2019-11-14 18:31:38+07:00,bermanfaatlangsung gua subscribe makasih ilmunya sngt jls,youtube,,,,,2026-06-15 23:29:10.563446,youtube,782fad58ad21074854a7f3bba827e056
BlO24liTpQ0,penjelasan_diabetes_mellitus,"Alhamdulillah lewat perantara produk herbal dari china, penyakit diabetes ayah saya sembuh.<br><br>More info wa<br>085241422519",0,2019-11-12 00:14:10+07:00,alhamdulillah lewat perantara produk herbal dari china penyakit diabetes ayah saya sembuhmore info wa,youtube,,,,,2026-06-15 23:29:10.563446,youtube,2aff43a37c689bde64b1dc41e89adecc
BlO24liTpQ0,penjelasan_diabetes_mellitus,"Semua info nya ssngat bermanfaat sekali ,trimakasih dok",1,2019-11-10 12:07:36+07:00,semua info nya ssngat bermanfaat sekali trimakasih dok,youtube,,,,,2026-06-15 23:29:10.563446,youtube,bbfdb804e0ea97107a64fbf3963403f8
BlO24liTpQ0,penjelasan_diabetes_mellitus,mf dok mau naya...apa diabetes boleh makan singkong...??mksh,0,2019-11-09 22:46:37+07:00,mf dok mau nayaapa diabetes boleh makan singkongmksh,youtube,,,,,2026-06-15 23:29:10.563446,youtube,502eda5adfbdc49be66683b7d21d1d96
BlO24liTpQ0,penjelasan_diabetes_mellitus,Dokter sering ngintip catetan ah wkwk,1,2019-11-06 22:04:00+07:00,dokter sering ngintip catetan ah wkwk,youtube,,,,,2026-06-15 23:29:10.563446,youtube,6650dc059fb63875a49e64ce05db23de
BlO24liTpQ0,penjelasan_diabetes_mellitus,Obat stres adalah istirahat dan minum obat,0,2019-11-01 15:30:22+07:00,obat stres adalah istirahat dan minum obat,youtube,,,,,2026-06-15 23:29:10.563446,youtube,9947da2e7979dd2e92156230387ca48a
BlO24liTpQ0,penjelasan_diabetes_mellitus,Dokter .apakah orang tua saja yang bisa terkena diabetes,1,2019-10-24 22:43:46+07:00,dokter apakah orang tua saja yang bisa terkena diabetes,youtube,,,,,2026-06-15 23:29:10.563446,youtube,26e952fe64342df88752baf59a585457
BlO24liTpQ0,penjelasan_diabetes_mellitus,"Perumpamaan nya lebih tepat kalau darah itu adalah kendaraan (vehicle) pembuluh darah itu jalan raya (conduit) dan hormon seperti insulin, serta nutris, oksigen dan carbon-dioksida itu adalah penumpang.",0,2019-10-20 18:36:40+07:00,perumpamaan nya lebih tepat kalau darah itu adalah kendaraan vehicle pembuluh darah itu jalan raya conduit dan hormon seperti insulin serta nutris oksigen dan carbondioksida itu adalah penumpang,youtube,,,,,2026-06-15 23:29:10.563446,youtube,e1e713971df6a5c0684fdd5234069f8d
BlO24liTpQ0,penjelasan_diabetes_mellitus,Terimakasih,0,2019-10-18 22:14:27+07:00,terimakasih,youtube,,,,,2026-06-15 23:29:10.563446,youtube,0eb96992811ea5eb04c775abe3df1789
BlO24liTpQ0,penjelasan_diabetes_mellitus,Makasih dok infonya👍,2,2019-10-12 13:16:49+07:00,makasih dok infonya,youtube,,,,,2026-06-15 23:29:10.563446,youtube,0e6bcb35675079af5293a5e9d8dc64a2
BlO24liTpQ0,penjelasan_diabetes_mellitus,"Malam dok,<br>Dok,gula saya cuma 84,..itu normal ga waktu d cek saya abis mkn...",1,2019-10-10 18:37:12+07:00,malam dokdokgula saya cuma itu normal ga waktu d cek saya abis mkn,youtube,,,,,2026-06-15 23:29:10.563446,youtube,b8c48fb43f7a72be4d70b4b1e90daf4e
BlO24liTpQ0,penjelasan_diabetes_mellitus,Sangat normal,0,2019-11-28 11:21:02+07:00,sangat normal,youtube,,,,,2026-06-15 23:29:10.563446,youtube,f7f7b7ee576031a8364894f5a90b430a
BlO24liTpQ0,penjelasan_diabetes_mellitus,"Menit <a href=""https://www.youtube.com/watch?v=BlO24liTpQ0&amp;t=315"">5:15</a> auto ngakak Dok 🙃",3,2019-10-10 03:28:56+07:00,menit auto ngakak dok,youtube,,,,,2026-06-15 23:29:10.563446,youtube,ac5c6ccc9e59cc9ab0f527fb88866441
BlO24liTpQ0,penjelasan_diabetes_mellitus,"Dok, setiap hari saya Meminum air skitar 500ML. Dan saya sering keluar masuk toilet utk buang air kecil.<br>Apakah Hal itu normal atau Malah Berbahaya?<br><br>Oh iya, setiap hari saya Juga mengonsumsi buah/sayur, sperti 5 batang Wortel per hari(direbus)..<br>Aman gak? Atau malah dapat memicu Gula??? Kan Buah juga Mengandung gula.",0,2019-10-07 08:52:36+07:00,dok setiap hari saya meminum air skitar ml dan saya sering keluar masuk toilet utk buang air kecilapakah hal itu normal atau malah berbahayaoh iya setiap hari saya juga mengonsumsi buahsayur sperti batang wortel per haridirebusaman gak atau malah dapat memicu gula kan buah juga mengandung gula,youtube,,,,,2026-06-15 23:29:10.563446,youtube,137ca2f2bccd8abec91c81ff5905dc9e
BlO24liTpQ0,penjelasan_diabetes_mellitus,Dr sung. Kencing manis apa bisa memnyebabkan seluruh tubuh gatal&quot;,1,2019-10-05 22:39:30+07:00,dr sung kencing manis apa bisa memnyebabkan seluruh tubuh gatalquot,youtube,,,,,2026-06-15 23:29:10.563446,youtube,c7e23cad20fae7b8a674f171094c82bc
BlO24liTpQ0,penjelasan_diabetes_mellitus,"Iya mba.. Itu Salah satu akibat diabètes... Ayah saya juga gatal2 trus di garuk jadi luka, akhirnya lukanya membesar dan dokter vonis amputasi. Tapi alhamdulilah sembuh borok nya gula darahnya jg normal dgn konsumsi arang aktif mba.. Kalo membutuhkan ini nmr toko herbal yg jualnya wa 0812 2026 9210..",1,2019-11-28 07:21:30+07:00,iya mba itu salah satu akibat diabètes ayah saya juga gatal trus di garuk jadi luka akhirnya lukanya membesar dan dokter vonis amputasi tapi alhamdulilah sembuh borok nya gula darahnya jg normal dgn konsumsi arang aktif mba kalo membutuhkan ini nmr toko herbal yg jualnya wa,youtube,,,,,2026-06-15 23:29:10.563446,youtube,d248846107f55153ad79ce1929a2fffc
BlO24liTpQ0,penjelasan_diabetes_mellitus,@makanankesehatan4066 daerah mana mbak ini klo boleh tau,0,2019-12-20 12:10:18+07:00,makanankesehatan daerah mana mbak ini klo boleh tau,youtube,,,,,2026-06-15 23:29:10.563446,youtube,a771e84344f26958ef2b75b6bcccf898
BlO24liTpQ0,penjelasan_diabetes_mellitus,Xie Xie dr Sung membagi ilmu mu unk semua orang smoga senantiasa di berkati oleh yg Maha kuasa amin,0,2019-10-04 12:44:57+07:00,xie xie dr sung membagi ilmu mu unk semua orang smoga senantiasa di berkati oleh yg maha kuasa amin,youtube,,,,,2026-06-15 23:29:10.563446,youtube,3542f91a2ed765d82eb19bd48d697536
BlO24liTpQ0,penjelasan_diabetes_mellitus,"Gak papa Klo ketemu pacar manis, Dokternya receh🤣",6,2019-10-02 10:10:51+07:00,gak papa klo ketemu pacar manis dokternya receh,youtube,,,,,2026-06-15 23:29:10.563446,youtube,b141e20b7fa3de998e338369a4b2c882
BlO24liTpQ0,penjelasan_diabetes_mellitus,Gda sy klo makan nasi kok naik ni gmn dr...,0,2019-09-27 18:21:11+07:00,gda sy klo makan nasi kok naik ni gmn dr,youtube,,,,,2026-06-15 23:29:10.563446,youtube,3c8fad2a84c5e6c91ca74b7dd7a07a75
BlO24liTpQ0,penjelasan_diabetes_mellitus,Trimakasih pak...smoga bermanfaat ..,0,2019-09-25 23:54:52+07:00,trimakasih paksmoga bermanfaat,youtube,,,,,2026-06-15 23:29:10.563446,youtube,dedf57e029d9232f81b4b17bc4533b8b
BlO24liTpQ0,penjelasan_diabetes_mellitus,"Klo punya penyakit diabet itu ap bolh pnya anak donk, beresiko tdk",1,2019-09-25 06:35:27+07:00,klo punya penyakit diabet itu ap bolh pnya anak donk beresiko tdk,youtube,,,,,2026-06-15 23:29:10.563446,youtube,7d8c000561adeccc01d5b1617a56150f
BlO24liTpQ0,penjelasan_diabetes_mellitus,Sangat beresiko bu... Lebih baik kontrol dulu gula darahnya... Diabètes saya sembuh total minum arang aktif mba.. Kalo membutuhkan ini nmr toko herbal yg jual nya wa 0812 2026 9210,0,2019-11-28 07:11:01+07:00,sangat beresiko bu lebih baik kontrol dulu gula darahnya diabètes saya sembuh total minum arang aktif mba kalo membutuhkan ini nmr toko herbal yg jual nya wa,youtube,,,,,2026-06-15 23:29:10.563446,youtube,aa7377f7b3b098e7bbe805dd3cb4e37b
BlO24liTpQ0,penjelasan_diabetes_mellitus,Klo sy kencing trus menerus sehari bisa 9 x trus bgani mna cra mengibatin ny dok,1,2019-09-25 06:32:31+07:00,klo sy kencing trus menerus sehari bisa x trus bgani mna cra mengibatin ny dok,youtube,,,,,2026-06-15 23:29:10.563446,youtube,556c95e6836a9f178e2fee1652af9b67
BlO24liTpQ0,penjelasan_diabetes_mellitus,"Dok saya ibu berusia 50 th, 2bln yg lalu masuk rumah sakit karena DBD ternyata saya terkna <br> Diabet, dan cek darah, gulanya 323, cek lagi furun tinggal 300,cek yg ke tiga 270 cek yg terakhir 1minggu yg lalu 117. Apa saya sudah dinyatakan sembuh dok, dan saya berhenti dulu konsomsi obatnya. Tapi saya masih menjaga makan saya. Makasih jawabanny dokter.",1,2019-09-21 11:59:33+07:00,dok saya ibu berusia th bln yg lalu masuk rumah sakit karena dbd ternyata saya terkna diabet dan cek darah gulanya cek lagi furun tinggal cek yg ke tiga cek yg terakhir minggu yg lalu apa saya sudah dinyatakan sembuh dok dan saya berhenti dulu konsomsi obatnya tapi saya masih menjaga makan saya makasih jawabanny dokter,youtube,,,,,2026-06-15 23:29:10.563446,youtube,b266dd4d84dbfdc5dc557192f6078a56
BlO24liTpQ0,penjelasan_diabetes_mellitus,"Nampaknya Dokter sung ini orangnya Ramah ya,",0,2019-09-18 20:18:05+07:00,nampaknya dokter sung ini orangnya ramah ya,youtube,,,,,2026-06-15 23:29:10.563446,youtube,666dd516d06765a7de50bb77e45caf9d
BlO24liTpQ0,penjelasan_diabetes_mellitus,"Dok... Apa Pasangan kita Ada yg Punya Penyakit Diabetes bs Menular kepasangan kita<br>Contoh,,, Suamiku Ada Diabetes, AQU gk Punya penyakit diabetes, Wkt Bbrp bln yg Lalu AQU cex gula Darah ku 68, Eh bbrp hr gk bs tdr Pagiii hr AQU cez koq 133,<br>Trz Gmna solusinya Dok.. Mkch",1,2019-09-12 09:09:37+07:00,dok apa pasangan kita ada yg punya penyakit diabetes bs menular kepasangan kitacontoh suamiku ada diabetes aqu gk punya penyakit diabetes wkt bbrp bln yg lalu aqu cex gula darah ku eh bbrp hr gk bs tdr pagiii hr aqu cez koq trz gmna solusinya dok mkch,youtube,,,,,2026-06-15 23:29:10.563446,youtube,4d5b347f8e0cf99309a9a5aeb2910f9f
BlO24liTpQ0,penjelasan_diabetes_mellitus,"Dok.. kalau rajin olahraga tetapi juga di imbangi dg makan yg manis2 biar ada energi saat berolahraga, itu gmn ya dok?",3,2019-09-11 23:12:11+07:00,dok kalau rajin olahraga tetapi juga di imbangi dg makan yg manis biar ada energi saat berolahraga itu gmn ya dok,youtube,,,,,2026-06-15 23:29:10.563446,youtube,48fbc660c2bead6a228ff2faf0c2b3ec
BlO24liTpQ0,penjelasan_diabetes_mellitus,"Setelah 4th gimana kak hasilnya makan makanan manis, masih sehat atau udah kena diabetes?",0,2023-11-19 09:53:47+07:00,setelah th gimana kak hasilnya makan makanan manis masih sehat atau udah kena diabetes,youtube,,,,,2026-06-15 23:29:10.563446,youtube,ab46ae0671154b45d59e143d777940ec
BlO24liTpQ0,penjelasan_diabetes_mellitus,"Terima kasih infonya dok..mau tanya,bagaimana menaikkan berat badan bagi penderita diabetes?????",0,2019-09-09 21:55:30+07:00,terima kasih infonya dokmau tanyabagaimana menaikkan berat badan bagi penderita diabetes,youtube,,,,,2026-06-15 23:29:10.563446,youtube,cd28482b7d581ba9e098819fbe63a715
BlO24liTpQ0,penjelasan_diabetes_mellitus,@Puji Rosita Dewi saya bantu jawab agak susah sih diabetes nya dulu harus di sembuhkan,0,2019-12-09 18:31:58+07:00,puji rosita dewi saya bantu jawab agak susah sih diabetes nya dulu harus di sembuhkan,youtube,,,,,2026-06-15 23:29:10.563446,youtube,523aca937805e4929ecff1244a752b60
BlO24liTpQ0,penjelasan_diabetes_mellitus,@mujibalfaruq99 kenapa ya susah,0,2022-01-27 06:47:32+07:00,mujibalfaruq kenapa ya susah,youtube,,,,,2026-06-15 23:29:10.563446,youtube,9e4317ffc08e5961b5aaecc180b29651
BlO24liTpQ0,penjelasan_diabetes_mellitus,Dokter sung penjelasannya buat saya senyum2 😉. Makasih dr sung,2,2019-09-08 20:36:23+07:00,dokter sung penjelasannya buat saya senyum makasih dr sung,youtube,,,,,2026-06-15 23:29:10.563446,youtube,3ab0ce5a823b5d3c8f59f18e4e2979c8
BlO24liTpQ0,penjelasan_diabetes_mellitus,"Assalamualaikum. Sekedar berbagi info. Alhamdulillah tetangga dan teman saya mengkonsumsi produk herbal, diabetesnya dalam jangka waktu satu bulan sembuh. <br>Untuk info produk hub WA 082296615271.",0,2019-09-03 23:20:53+07:00,assalamualaikum sekedar berbagi info alhamdulillah tetangga dan teman saya mengkonsumsi produk herbal diabetesnya dalam jangka waktu satu bulan sembuh untuk info produk hub wa,youtube,,,,,2026-06-15 23:29:10.563446,youtube,247a9de093d3c084af4c2df9b05d8582
BlO24liTpQ0,penjelasan_diabetes_mellitus,Produk apa tu,0,2020-09-03 19:21:35+07:00,produk apa tu,youtube,,,,,2026-06-15 23:29:10.563446,youtube,d472a84d9f9e813df153857014f32473
BlO24liTpQ0,penjelasan_diabetes_mellitus,Boleh kah minum air kelapa muda para penderita diabetess,0,2019-09-03 03:08:32+07:00,boleh kah minum air kelapa muda para penderita diabetess,youtube,,,,,2026-06-15 23:29:10.563446,youtube,6fa302870f0d9fb0b618e4fd992f0c4e
BlO24liTpQ0,penjelasan_diabetes_mellitus,Saya banyak minum jika haus berat. Jangan jangan kena diabetes,0,2019-08-27 03:43:42+07:00,saya banyak minum jika haus berat jangan jangan kena diabetes,youtube,,,,,2026-06-15 23:29:10.563446,youtube,1ae0da473cb479eca1762d0e00bdeae5
BlO24liTpQ0,penjelasan_diabetes_mellitus,Maksih dok 🙏🙏,0,2019-08-26 22:41:42+07:00,maksih dok,youtube,,,,,2026-06-15 23:29:10.563446,youtube,4bb49e418fda279dd07a30c6abc6a04c
BlO24liTpQ0,penjelasan_diabetes_mellitus,Dok apa benar jika kurang tidur bisa menimbulkan gejala seperti diabetes?,0,2019-08-23 14:00:46+07:00,dok apa benar jika kurang tidur bisa menimbulkan gejala seperti diabetes,youtube,,,,,2026-06-15 23:29:10.563446,youtube,e858885fb204fbe54e69b56fdeae9b78
BlO24liTpQ0,penjelasan_diabetes_mellitus,"oh, ternyata asal muasal kata &quot;KENCING MANIS&quot; dari sini to <a href=""https://www.youtube.com/watch?v=BlO24liTpQ0&amp;t=376"">06:16</a>",6,2019-08-19 20:51:42+07:00,oh ternyata asal muasal kata quotkencing manisquot dari sini to,youtube,,,,,2026-06-15 23:29:10.563446,youtube,9e14dfd9f9eb20529f470cdef515acd1
BlO24liTpQ0,penjelasan_diabetes_mellitus,Kencing gua asin anying,0,2020-07-17 23:48:13+07:00,kencing gua asin anying,youtube,,,,,2026-06-15 23:29:10.563446,youtube,ce4ad902d45823c50dca80c13533ead0
BlO24liTpQ0,penjelasan_diabetes_mellitus,"Gimana ya kalo orang kena diabetes langsung aja, belajar ajian rawarontek, kan regerenasi tubuh cepat tuh",0,2019-08-17 01:42:51+07:00,gimana ya kalo orang kena diabetes langsung aja belajar ajian rawarontek kan regerenasi tubuh cepat tuh,youtube,,,,,2026-06-15 23:29:10.563446,youtube,9ff8786966457341df7ca2549215d800
BlO24liTpQ0,penjelasan_diabetes_mellitus,Makasi bgt dok,0,2019-08-16 08:35:21+07:00,makasi bgt dok,youtube,,,,,2026-06-15 23:29:10.563446,youtube,5237ab2edd56c790c5b0affbc4bd0753
BlO24liTpQ0,penjelasan_diabetes_mellitus,Dan puter ini trus buat penjelasan kasus sndri,0,2019-08-16 08:35:08+07:00,dan puter ini trus buat penjelasan kasus sndri,youtube,,,,,2026-06-15 23:29:10.563446,youtube,5c7c5f552cbc8d6d99f6d1e5b98c8c40
BlO24liTpQ0,penjelasan_diabetes_mellitus,Kenapa ada aja jokes ini wkwkl,0,2019-08-16 08:33:39+07:00,kenapa ada aja jokes ini wkwkl,youtube,,,,,2026-06-15 23:29:10.563446,youtube,df9bcd7b5c504d872dfe16e197b91e13
BlO24liTpQ0,penjelasan_diabetes_mellitus,Kalo makan banyak protein bisa membantu penyembuhan luka tidak pada penderita diabetes?<br>Kan di video sebelumnya kekurangan protein bisa menyebabkan luka sulit kering/sembuh.,1,2019-08-12 10:48:04+07:00,kalo makan banyak protein bisa membantu penyembuhan luka tidak pada penderita diabeteskan di video sebelumnya kekurangan protein bisa menyebabkan luka sulit keringsembuh,youtube,,,,,2026-06-15 23:29:10.563446,youtube,f0e2b1e4c69efe8df91c9297109046c2
BlO24liTpQ0,penjelasan_diabetes_mellitus,Ayah saya luka borok di kaki karena diabetes sembuh dgn minum dan di oleskan arang aktif.. Padahal dokter sudah vonis amputasi.. Kalo membutuhkan ini nmr toko herbal yg jualnya kak.. Wa 0812 2026 9210..semoga bermanfaat..,1,2019-11-28 07:16:47+07:00,ayah saya luka borok di kaki karena diabetes sembuh dgn minum dan di oleskan arang aktif padahal dokter sudah vonis amputasi kalo membutuhkan ini nmr toko herbal yg jualnya kak wa semoga bermanfaat,youtube,,,,,2026-06-15 23:29:10.563446,youtube,74dd1106eff590110896e728bd83a93b
BlO24liTpQ0,penjelasan_diabetes_mellitus,"Hello dokter sung!🙋Selamat pagi.Buat best friend tersayang di sana,semoga dok,berada di dlm keadaan sihat &amp; ceria selalu ya,my best friend.😊.lnformasi yg di sampai kan,mengenai diabetes dapat memberi kan kesedaran,mengenai kepentingan menjaga pola makan secara sehat &amp; baik.Serta mengubah gaya hidup ke arah yg lebih baik &amp; berkualiti.Demi kehidupan yg lebih baik &amp; bermakna.Okey,thank you my best friend,di atas informasi yg berguna.😊.<br> &quot; salam persahabatan &amp; salam sayang.&quot;😊😊💖.<br> From - your best friend, Ani trengganu m&#39;sia.<br> Salam hebat luar biasa....!!",0,2019-08-10 08:04:26+07:00,hello dokter sungselamat pagibuat best friend tersayang di sanasemoga dokberada di dlm keadaan sihat amp ceria selalu yamy best friendlnformasi yg di sampai kanmengenai diabetes dapat memberi kan kesedaranmengenai kepentingan menjaga pola makan secara sehat amp baikserta mengubah gaya hidup ke arah yg lebih baik amp berkualitidemi kehidupan yg lebih baik amp bermaknaokeythank you my best frienddi atas informasi yg berguna quot salam persahabatan amp salam sayangquot from your best friend ani trengganu msia salam hebat luar biasa,youtube,,,,,2026-06-15 23:29:10.563446,youtube,37d0e6d3c05e71df0ac50114c6f2d556
BlO24liTpQ0,penjelasan_diabetes_mellitus,"Terimakasih dr sung, acara anda sangat bermanfaat buat saya",0,2019-08-08 07:44:30+07:00,terimakasih dr sung acara anda sangat bermanfaat buat saya,youtube,,,,,2026-06-15 23:29:10.563446,youtube,acf56608e2d7e16103471d90090eeac4
BlO24liTpQ0,penjelasan_diabetes_mellitus,"siang dokter,,,,kemarin saya medical,,,,tp hasilnya glukosa 3+ apakah benar saya sudah terkena diabetes yg sudah parah,, trima kasih 🙏🙏🙏",1,2019-08-06 13:28:50+07:00,siang dokterkemarin saya medicaltp hasilnya glukosa apakah benar saya sudah terkena diabetes yg sudah parah trima kasih,youtube,,,,,2026-06-15 23:29:10.563446,youtube,1165ab0be08e05176d990d767a541e37
BlO24liTpQ0,penjelasan_diabetes_mellitus,Dok kalo rasanya pengen kencing terus tapi pas di toilet ga bisa keluar gimana?,0,2019-08-05 14:23:55+07:00,dok kalo rasanya pengen kencing terus tapi pas di toilet ga bisa keluar gimana,youtube,,,,,2026-06-15 23:29:10.563446,youtube,e3a5cb03f569557a50a3357aa557793f
BlO24liTpQ0,penjelasan_diabetes_mellitus,"Itu kalo tidak infeksi saluran kencing ,kandung kemih atau ada batu.. Minum arang aktif aja kak.. Sebentar jg sembuh.. Kalo membutuhkan ini nmr toko herbal yg jualnya wa 0812 2026 9210..",0,2019-11-28 11:23:30+07:00,itu kalo tidak infeksi saluran kencing kandung kemih atau ada batu minum arang aktif aja kak sebentar jg sembuh kalo membutuhkan ini nmr toko herbal yg jualnya wa,youtube,,,,,2026-06-15 23:29:10.563446,youtube,d8f48b1a22cb3203f86d8d4505d895ca
BlO24liTpQ0,penjelasan_diabetes_mellitus,"Dok klau saya tiap Hari kncing trs ,kencing trasa panas trs hrus bgmna dok tolong minta penjelasa nnya,,apkah trmasuk diabetes",0,2019-08-05 11:54:35+07:00,dok klau saya tiap hari kncing trs kencing trasa panas trs hrus bgmna dok tolong minta penjelasa nnyaapkah trmasuk diabetes,youtube,,,,,2026-06-15 23:29:10.563446,youtube,aeb50bf64273ddd3bc474977f170ba62
BlO24liTpQ0,penjelasan_diabetes_mellitus,"Itu mah bukan diabètes mba paling jg gangguan ginjal atau infeksi saluran kencing... Saya jg dulu pernah pipis perih perut bawah sakit, tapi sembuh minum arang aktif mba.. Sampe skrg gak kambuh... Ini saya share toko herbal yg jualnya wa 0812 2026 9210..",0,2019-11-28 11:35:45+07:00,itu mah bukan diabètes mba paling jg gangguan ginjal atau infeksi saluran kencing saya jg dulu pernah pipis perih perut bawah sakit tapi sembuh minum arang aktif mba sampe skrg gak kambuh ini saya share toko herbal yg jualnya wa,youtube,,,,,2026-06-15 23:29:10.563446,youtube,8adfd2b80ef07a9f0fbfb5751c56f0e1
BlO24liTpQ0,penjelasan_diabetes_mellitus,Makasih ilmunya,0,2019-07-25 13:49:06+07:00,makasih ilmunya,youtube,,,,,2026-06-15 23:29:10.563446,youtube,fb01a0ecb87adc51842c8f597a285bd9
BlO24liTpQ0,penjelasan_diabetes_mellitus,Makasih dok atas ilmu yg diberikan pada kita.<br>Kami tunggu vidio selanjutnya ttg karbohidrat yg baik bagi tubuh manusia.<br>Sebab saya jg sedang mencari karbohidrat yg baik selain gandum dan beras merah.,0,2019-07-23 14:52:27+07:00,makasih dok atas ilmu yg diberikan pada kitakami tunggu vidio selanjutnya ttg karbohidrat yg baik bagi tubuh manusiasebab saya jg sedang mencari karbohidrat yg baik selain gandum dan beras merah,youtube,,,,,2026-06-15 23:29:10.563446,youtube,223cff4bd8de3f609e138e88524133ae
BlO24liTpQ0,penjelasan_diabetes_mellitus,"Maklumat yg di bahas kan,menjelas kan info mengenai diabetes &amp; faktor penyebab nya,secara terperinci &amp; jelas.Agar individu yg mengalami nya,dapat mengetahui &amp; memahami mengenai diabetes secara jelas.Supaya dapat di tangani dgn sebaik nya.Demi kesihatan yg lebih baik &amp; berkualiti.Okey, thank you so much,my best friend.😊.<br> &quot; Friendship forever.&quot;😊😊💖.<br> From - your best friend, Ani trengganu m&#39;sia.<br> Salam hebat luar biasa....!!",0,2019-07-21 18:38:06+07:00,maklumat yg di bahas kanmenjelas kan info mengenai diabetes amp faktor penyebab nyasecara terperinci amp jelasagar individu yg mengalami nyadapat mengetahui amp memahami mengenai diabetes secara jelassupaya dapat di tangani dgn sebaik nyademi kesihatan yg lebih baik amp berkualitiokey thank you so muchmy best friend quot friendship foreverquot from your best friend ani trengganu msia salam hebat luar biasa,youtube,,,,,2026-06-15 23:29:10.563446,youtube,e6e348bc742bdd7f4532ad0a9b169bb6
BlO24liTpQ0,penjelasan_diabetes_mellitus,"Dok, apa bener klau cewek raup wajahnya manis banget, itu tanda ada penyakit diabetes/gula ?",1,2019-07-19 17:07:55+07:00,dok apa bener klau cewek raup wajahnya manis banget itu tanda ada penyakit diabetesgula,youtube,,,,,2026-06-15 23:29:10.563446,youtube,70dc54e467f707ecbd4ae1f35cbe0e8d
BlO24liTpQ0,penjelasan_diabetes_mellitus,trimakasih dok,0,2019-07-14 22:38:44+07:00,trimakasih dok,youtube,,,,,2026-06-15 23:29:10.563446,youtube,bda9563cbeeeac00003a8f361f61a37a
BlO24liTpQ0,penjelasan_diabetes_mellitus,"Sekitar 2 bulan yang lalu saya punya keluarga yang menderita diabetes. Beliau mengalami luka dibagian kaki dan tak kunjung sembuh, sampai akhirnya beliau dibawa ke Rumah sakit. Tetapi sekitar 1 bulan lebih tidak ada perkembangan sama sekali dan lukanya bertambah parah. Dokter menyarankan untuk amputasi saja supaya lukanya tidak menjalar kemana-mana, pihak keluarga keberatan untuk dilakukan amputasi dan meminta untuk pulang ke rumah. Disitulah saya menyarankan untuk mencoba konsumsi produk tiens : shutang, calsium, diacont, dan chitin chitosan kurang lebih 20 hari luka yang tadinya membusuk mulai membaik. Satu bulan kemudian lukanya benar-benar sembuh total dan beliau sudah bisa jalan lagi sekarang. Produk tiens memang luar biasa dahsyat. Karena telah terbukti khasiatnya. Jadi saya disini berbagi info untuk anda yang mempunyai keluhan diabetes.. Untuk info lebih lengkap tentang produk at dmna dpt membelinya bisa hub 085298902358 ......",0,2019-07-11 16:41:48+07:00,sekitar bulan yang lalu saya punya keluarga yang menderita diabetes beliau mengalami luka dibagian kaki dan tak kunjung sembuh sampai akhirnya beliau dibawa ke rumah sakit tetapi sekitar bulan lebih tidak ada perkembangan sama sekali dan lukanya bertambah parah dokter menyarankan untuk amputasi saja supaya lukanya tidak menjalar kemanamana pihak keluarga keberatan untuk dilakukan amputasi dan meminta untuk pulang ke rumah disitulah saya menyarankan untuk mencoba konsumsi produk tiens shutang calsium diacont dan chitin chitosan kurang lebih hari luka yang tadinya membusuk mulai membaik satu bulan kemudian lukanya benarbenar sembuh total dan beliau sudah bisa jalan lagi sekarang produk tiens memang luar biasa dahsyat karena telah terbukti khasiatnya jadi saya disini berbagi info untuk anda yang mempunyai keluhan diabetes untuk info lebih lengkap tentang produk at dmna dpt membelinya bisa hub,youtube,,,,,2026-06-15 23:29:10.563446,youtube,5680ff00684f74113724dfa4f1258ec2
BlO24liTpQ0,penjelasan_diabetes_mellitus,Buah yg boleh di makan orang diabetes ap saja dok.,0,2019-07-04 21:32:46+07:00,buah yg boleh di makan orang diabetes ap saja dok,youtube,,,,,2026-06-15 23:29:10.563446,youtube,b73db7a76b81d6a58fa8927b02f4e8f0
BlO24liTpQ0,penjelasan_diabetes_mellitus,"terimakasih dr Sung, unt pencerahannya, dr mau tanya... bagaimana perawatan penderita retinopathy pada diabetes, terimakasih.",0,2019-07-02 17:16:47+07:00,terimakasih dr sung unt pencerahannya dr mau tanya bagaimana perawatan penderita retinopathy pada diabetes terimakasih,youtube,,,,,2026-06-15 23:29:10.563446,youtube,ddce77396239617c9b843d36da52b8d5
BlO24liTpQ0,penjelasan_diabetes_mellitus,Mkch dok sung,0,2019-07-01 06:44:28+07:00,mkch dok sung,youtube,,,,,2026-06-15 23:29:10.563446,youtube,e153ae9169a68fa9270953e26b4cacbd
BlO24liTpQ0,penjelasan_diabetes_mellitus,Dok saya punya gejla sering pengen buang air kencing terus waktunya dri mulai jam 6.tapi saya sebalik nya paling jarang minum .jdi gejla apa penyakit saya ini,0,2019-06-28 03:03:06+07:00,dok saya punya gejla sering pengen buang air kencing terus waktunya dri mulai jam tapi saya sebalik nya paling jarang minum jdi gejla apa penyakit saya ini,youtube,,,,,2026-06-15 23:29:10.563446,youtube,521262189831032aa3891801a596d2d2
BlO24liTpQ0,penjelasan_diabetes_mellitus,Sering BAK Dipagi dan siang Hari adalah Hal Yang Normal Bahkan Baik untuk Tubuh apabila dibarengi Minum Banyak atau sekitar 2 Liter Air mineral. Namun akan tidak wajar apabila Jika Kencing Dimalam Hari lebih dari 3 Kali. Selain itu Juga Baru Selesai Makan Selang waktu 2 Jam Perut Sudah lapar Banget. Dan Badan lemah,0,2019-12-18 11:15:13+07:00,sering bak dipagi dan siang hari adalah hal yang normal bahkan baik untuk tubuh apabila dibarengi minum banyak atau sekitar liter air mineral namun akan tidak wajar apabila jika kencing dimalam hari lebih dari kali selain itu juga baru selesai makan selang waktu jam perut sudah lapar banget dan badan lemah,youtube,,,,,2026-06-15 23:29:10.563446,youtube,cf231e3c8106bacdf943d490cad1acf7
BlO24liTpQ0,penjelasan_diabetes_mellitus,"@ikhwanhafiz saya jga kencing ...sering min um....8 gelas sehari,,tp klo mlm ga kencing siang doang.........",0,2020-08-17 08:43:49+07:00,ikhwanhafiz saya jga kencing sering min um gelas seharitp klo mlm ga kencing siang doang,youtube,,,,,2026-06-15 23:29:10.563446,youtube,9b165220f8a7e1c8c76944c004599b43
BlO24liTpQ0,penjelasan_diabetes_mellitus,089656113494,0,2019-06-22 03:13:18+07:00,,youtube,,,,,2026-06-15 23:29:10.563446,youtube,fe65d1a2bd68be35de6dddccaad6004e
BlO24liTpQ0,penjelasan_diabetes_mellitus,P 085370933184,0,2020-01-18 00:28:21+07:00,p,youtube,,,,,2026-06-15 23:29:10.563446,youtube,5cfa47e323bfb5c4a18a5c0d8fdcbf58
BlO24liTpQ0,penjelasan_diabetes_mellitus,Dokter tolong mohon bikin grup WA jilid 2 demi kemanusiaan dokter (TOLONG),1,2019-06-22 03:12:47+07:00,dokter tolong mohon bikin grup wa jilid demi kemanusiaan dokter tolong,youtube,,,,,2026-06-15 23:29:10.563446,youtube,f1e558bc08dcb3a05a435ba6ecc1119d
BlO24liTpQ0,penjelasan_diabetes_mellitus,Suamiku punya sakit kecing manis.apa boleh ya punya anak lagi,0,2019-06-19 10:47:36+07:00,suamiku punya sakit kecing manisapa boleh ya punya anak lagi,youtube,,,,,2026-06-15 23:29:10.563446,youtube,3f405d0ce45b1f474555dd2caa2e229d
BlO24liTpQ0,penjelasan_diabetes_mellitus,Dok apakah pernah membahas penyakit hipertiroidisme dok..kalau belum tolong bahas dok..,0,2019-06-17 22:14:44+07:00,dok apakah pernah membahas penyakit hipertiroidisme dokkalau belum tolong bahas dok,youtube,,,,,2026-06-15 23:29:10.563446,youtube,71a0824b890d60b847415e49ebed3340
BlO24liTpQ0,penjelasan_diabetes_mellitus,Termksh doctor information nya sbb suami saya gula darahnya tinggi,2,2019-06-17 21:30:37+07:00,termksh doctor information nya sbb suami saya gula darahnya tinggi,youtube,,,,,2026-06-15 23:29:10.563446,youtube,5b86872f83e98cd20d40d6fc35dfad73
BlO24liTpQ0,penjelasan_diabetes_mellitus,"Serasa punya dokter pribadi,,, makasih dokter penjelasannya",0,2019-06-10 07:53:32+07:00,serasa punya dokter pribadi makasih dokter penjelasannya,youtube,,,,,2026-06-15 23:29:10.563446,youtube,cebbadeb242c0d656a239aab43a3dacc
BlO24liTpQ0,penjelasan_diabetes_mellitus,"Hello dokter sung! Selamat malam.Semoga dok, berada di dlm keadaan sihat &amp; sukses selalu.lnformasi yg di sampai kan, mengutara kan, info &amp; panduan yg berguna serta bermanfaat, mengenai penyakit diabetes melitus &amp; penyebab nya.Selain daripada itu, dapat menambah kan pengetahuan mengenai diabetes melitus bagi individu yg mengalami nya, agar dapat mengubah pola hidup, ke arah yg lebih sihat &amp; lebih baik, demi kehidupan yg lebih baik &amp; bermakna.Okey,thank you dok, di atas informasi yg berguna.<br> &quot; salam persahabatan &amp; salam sayang&quot;😊😊.<br> From - your best friend, Ani trengganu m&#39;sia.<br> Salam hebat luar biasa.....!!",0,2019-06-09 21:36:33+07:00,hello dokter sung selamat malamsemoga dok berada di dlm keadaan sihat amp sukses selalulnformasi yg di sampai kan mengutara kan info amp panduan yg berguna serta bermanfaat mengenai penyakit diabetes melitus amp penyebab nyaselain daripada itu dapat menambah kan pengetahuan mengenai diabetes melitus bagi individu yg mengalami nya agar dapat mengubah pola hidup ke arah yg lebih sihat amp lebih baik demi kehidupan yg lebih baik amp bermaknaokeythank you dok di atas informasi yg berguna quot salam persahabatan amp salam sayangquot from your best friend ani trengganu msia salam hebat luar biasa,youtube,,,,,2026-06-15 23:29:10.563446,youtube,dcc3fd8e9134f11db5e66d7b05710a11
BlO24liTpQ0,penjelasan_diabetes_mellitus,Saya paham dok...,1,2019-06-09 12:44:56+07:00,saya paham dok,youtube,,,,,2026-06-15 23:29:10.563446,youtube,368ceca34278c4f625e23bf18a21ebe6
BlO24liTpQ0,penjelasan_diabetes_mellitus,Gula darah saya kabunya gatal2,0,2019-06-06 22:06:53+07:00,gula darah saya kabunya gatal,youtube,,,,,2026-06-15 23:29:10.563446,youtube,ef532305cda797a72685c69475cb1132
BlO24liTpQ0,penjelasan_diabetes_mellitus,Bos dokter..saya sudah pernah belajar ilmu dokter 3 tahun...diabetes itu yg di obati jantungnya..dikarenakan jantungnya lemah indikasinya pompa darah lemah..penyebaran darah jd terhambat..jadilah pengentalan..jadi memacu jantung alternatif terbaiknya..,0,2019-06-01 01:02:15+07:00,bos doktersaya sudah pernah belajar ilmu dokter tahundiabetes itu yg di obati jantungnyadikarenakan jantungnya lemah indikasinya pompa darah lemahpenyebaran darah jd terhambatjadilah pengentalanjadi memacu jantung alternatif terbaiknya,youtube,,,,,2026-06-15 23:29:10.563446,youtube,4f2631a9d0e5c562b7b2fbb127744c14
BlO24liTpQ0,penjelasan_diabetes_mellitus,"<a href=""https://www.youtube.com/watch?v=BlO24liTpQ0&amp;t=185"">3:05</a> voice crack",1,2019-05-31 05:18:47+07:00,voice crack,youtube,,,,,2026-06-15 23:29:10.563446,youtube,deb5643190c89c55eddaaf31d4636bf4
BlO24liTpQ0,penjelasan_diabetes_mellitus,Dok apakah air seni yang banyak dikerumuni semut merupakan salah satu indikasi diabet?,0,2019-05-26 14:32:22+07:00,dok apakah air seni yang banyak dikerumuni semut merupakan salah satu indikasi diabet,youtube,,,,,2026-06-15 23:29:10.563446,youtube,3fa3c322bc33e5ea023ef87b1ecab5a3
BlO24liTpQ0,penjelasan_diabetes_mellitus,Teriakasih Dokter....🙏🙏🙏😇,0,2019-05-26 01:12:22+07:00,teriakasih dokter,youtube,,,,,2026-06-15 23:29:10.563446,youtube,233a90b9f047bc3508195ec956618949
BlO24liTpQ0,penjelasan_diabetes_mellitus,Dok apa penyebab bekas luka diabetes pada jari kelingking luka lagi mohon penjelasan nya dok,0,2019-05-25 15:58:53+07:00,dok apa penyebab bekas luka diabetes pada jari kelingking luka lagi mohon penjelasan nya dok,youtube,,,,,2026-06-15 23:29:10.563446,youtube,c20c99d36834060e0925c9a915b3a364
BlO24liTpQ0,penjelasan_diabetes_mellitus,Dok menular gk ?,0,2019-05-15 19:24:08+07:00,dok menular gk,youtube,,,,,2026-06-15 23:29:10.563446,youtube,49958525729cad31c16135b207a3189f
BlO24liTpQ0,penjelasan_diabetes_mellitus,Dokter sung.jika pemakaian insulin dlm jangka panjang bisa mengakibatkan kematian gk pada pasien Diabetes,0,2019-05-13 15:48:08+07:00,dokter sungjika pemakaian insulin dlm jangka panjang bisa mengakibatkan kematian gk pada pasien diabetes,youtube,,,,,2026-06-15 23:29:10.563446,youtube,b6a5774c27e3711732cee07939036722
BlO24liTpQ0,penjelasan_diabetes_mellitus,"Dokter saya mo tanya klw makan nasi merah atau ubi pengganti karbohidrat,ap boleh atau klw makan gorengan 1/2 potong dlm sehari boleh terimakasih",5,2019-05-11 21:32:08+07:00,dokter saya mo tanya klw makan nasi merah atau ubi pengganti karbohidratap boleh atau klw makan gorengan potong dlm sehari boleh terimakasih,youtube,,,,,2026-06-15 23:29:10.563446,youtube,ff092f84b897af0c80ec071e3ef1bbae
BlO24liTpQ0,penjelasan_diabetes_mellitus,LONG TERM CARE .....VERY EXPENSIVE.......LONG LIFE NEED.....GOOD LIFE...................PLEASE INSURE TO BE SURE.....................AMEN FROM BOISE IDAHO USA,0,2019-05-10 04:33:56+07:00,long term care very expensivelong life needgood lifeplease insure to be sureamen from boise idaho usa,youtube,,,,,2026-06-15 23:29:10.563446,youtube,9ca98620cb3611ed322e8652af67c5c5
BlO24liTpQ0,penjelasan_diabetes_mellitus,GOOD JOBS.......JELAS DAN TEGAS.....GOOD LUCK........FROM BOISE IDAHO USA,0,2019-05-10 04:32:22+07:00,good jobsjelas dan tegasgood luckfrom boise idaho usa,youtube,,,,,2026-06-15 23:29:10.563446,youtube,baa2ec6e56109b7c7dac6f69b9baa627
BlO24liTpQ0,penjelasan_diabetes_mellitus,Dok minta patof diabetes tipe 1 dan 2 dong,0,2019-05-09 23:48:08+07:00,dok minta patof diabetes tipe dan dong,youtube,,,,,2026-06-15 23:29:10.563446,youtube,0b9634dc1b7b3c589d321c6cefc3aee2
BlO24liTpQ0,penjelasan_diabetes_mellitus,"Dr yg baik ,mau tya kenapa air kencing berbusa,dr mkn saya kena debtetes ya .kadang air kencing di krubutin semut.",0,2019-05-09 16:07:57+07:00,dr yg baik mau tya kenapa air kencing berbusadr mkn saya kena debtetes ya kadang air kencing di krubutin semut,youtube,,,,,2026-06-15 23:29:10.563446,youtube,0cb5edda652f7fe003e3c172c62924d3
BlO24liTpQ0,penjelasan_diabetes_mellitus,Dok diabetes bisa hilang gk,0,2019-05-09 11:10:57+07:00,dok diabetes bisa hilang gk,youtube,,,,,2026-06-15 23:29:10.563446,youtube,fa12f684b2f0bfc02fbe71d502ff7cc9
BlO24liTpQ0,penjelasan_diabetes_mellitus,Dokter apakah gula aren atau gula merah aman ya di konsumsi,1,2019-05-01 05:29:44+07:00,dokter apakah gula aren atau gula merah aman ya di konsumsi,youtube,,,,,2026-06-15 23:29:10.563446,youtube,7b9ee15406262a3baa9ac0f5eabd2073
BlO24liTpQ0,penjelasan_diabetes_mellitus,Apakah diabetes bisa dg pengobatan bekam (sedot darah)?,1,2019-04-27 14:34:00+07:00,apakah diabetes bisa dg pengobatan bekam sedot darah,youtube,,,,,2026-06-15 23:29:10.563446,youtube,49f9a8f1827b222c071ace15509f8794
BlO24liTpQ0,penjelasan_diabetes_mellitus,"Terima kasih .dokter...dokter lucu ich,,,.suka bercanda juga..😊🤗",7,2019-04-18 01:05:05+07:00,terima kasih dokterdokter lucu ichsuka bercanda juga,youtube,,,,,2026-06-15 23:29:10.563446,youtube,c2c5d51ad9738fe9ea5cdf52d59466c8
BlO24liTpQ0,penjelasan_diabetes_mellitus,"Terima kasih informasinya dok, sangat informatif",0,2019-04-10 23:33:24+07:00,terima kasih informasinya dok sangat informatif,youtube,,,,,2026-06-15 23:29:10.563446,youtube,7bf3dfd9729a0b313e575ccb729df3b6
BlO24liTpQ0,penjelasan_diabetes_mellitus,"Dok bagimana kalo lidah pecah2 dan kalo minum air pedihs,tolong di jawab pak dok terima kasih",2,2019-04-05 19:48:18+07:00,dok bagimana kalo lidah pecah dan kalo minum air pedihstolong di jawab pak dok terima kasih,youtube,,,,,2026-06-15 23:29:10.563446,youtube,392d342fe73e5c1aff117dcf6fd529fd
BlO24liTpQ0,penjelasan_diabetes_mellitus,"salam sejaterah dokter,bagaimana cara untuk merawat buasir????",2,2019-04-04 10:13:53+07:00,salam sejaterah dokterbagaimana cara untuk merawat buasir,youtube,,,,,2026-06-15 23:29:10.563446,youtube,746dfd0d3205b38dc0a8ab4dc23a9913
BlO24liTpQ0,penjelasan_diabetes_mellitus,dok apakah deabetes bisa di sembuhkan soalx bapak sy deabetes tp skrg udah sehat kembali terus kata dokterx setelah cek dia di katakan sembuh mohon solusix dok,0,2019-03-29 16:04:16+07:00,dok apakah deabetes bisa di sembuhkan soalx bapak sy deabetes tp skrg udah sehat kembali terus kata dokterx setelah cek dia di katakan sembuh mohon solusix dok,youtube,,,,,2026-06-15 23:29:10.563446,youtube,8346157dfe9a2ec884eaf366c7641d9f
BlO24liTpQ0,penjelasan_diabetes_mellitus,"Boleh tahu, bapaknya minum obat apa?",0,2019-05-18 16:28:22+07:00,boleh tahu bapaknya minum obat apa,youtube,,,,,2026-06-15 23:29:10.563446,youtube,2bc6294a44f688d40a73ba2692ee4635
BlO24liTpQ0,penjelasan_diabetes_mellitus,@generosa6829 glimepirede sama pare dan daun insulin dokter,0,2019-05-18 17:51:01+07:00,generosa glimepirede sama pare dan daun insulin dokter,youtube,,,,,2026-06-15 23:29:10.563446,youtube,e90fbb1a34e15ba967f1c9bde94e9a6f
BlO24liTpQ0,penjelasan_diabetes_mellitus,Minum kencing minum kencing gt aja.. Kalo gak minum takut knp2.. Katanya harus banyak minum hmmm😢,0,2019-03-27 12:19:41+07:00,minum kencing minum kencing gt aja kalo gak minum takut knp katanya harus banyak minum hmmm,youtube,,,,,2026-06-15 23:29:10.563446,youtube,53b61262d00ac96c083d129ca36db692
BlO24liTpQ0,penjelasan_diabetes_mellitus,Saya sebagai mahasiswa sangat senang dengan penjelasan dokter<br>Terimakasih dokter,0,2019-03-26 09:13:50+07:00,saya sebagai mahasiswa sangat senang dengan penjelasan dokterterimakasih dokter,youtube,,,,,2026-06-15 23:29:10.563446,youtube,0ca5967bab2faafd661c1b5f41365127
BlO24liTpQ0,penjelasan_diabetes_mellitus,Puasa itu baik,0,2019-03-26 07:38:26+07:00,puasa itu baik,youtube,,,,,2026-06-15 23:29:10.563446,youtube,a4e42b5675f9791be129173228472b7d
BlO24liTpQ0,penjelasan_diabetes_mellitus,"Dok saya kalo mengkonsumsi yang manis efeknya ngantuk dok, saya juga termasuk orang yang tidak hobi mengkonsumsi manis dok. Apa kadar gula saya sedang naik tinggi atau apa dok??",0,2019-03-15 18:41:43+07:00,dok saya kalo mengkonsumsi yang manis efeknya ngantuk dok saya juga termasuk orang yang tidak hobi mengkonsumsi manis dok apa kadar gula saya sedang naik tinggi atau apa dok,youtube,,,,,2026-06-15 23:29:10.563446,youtube,627e0510c3db22f5c7a0dbdbec35b87d
BlO24liTpQ0,penjelasan_diabetes_mellitus,"Biasanya ngntuk, sering kencing, mudah lelah",0,2019-03-30 18:30:21+07:00,biasanya ngntuk sering kencing mudah lelah,youtube,,,,,2026-06-15 23:29:10.563446,youtube,b5bc12c499bcaf86e7503e6606e10c05
BlO24liTpQ0,penjelasan_diabetes_mellitus,"jika anda, teman atau saudara mengalami masalah diabetes dan ingin coba terapi stemcell skrg sdh ada nano teknologi stemcell baru dari jepang dari DNA placenta telur salmon 100% dr jepang terbukti kl mau tanya coba kontak saja ke WA 081284660701 semoga membantu kesembuhan dan memperbaiki organ pankreas krn saudara sy sdh bs sembuh dgn harga terjangkau resmi sdh ada BPOM dan HALAL",0,2019-03-15 14:42:20+07:00,jika anda teman atau saudara mengalami masalah diabetes dan ingin coba terapi stemcell skrg sdh ada nano teknologi stemcell baru dari jepang dari dna placenta telur salmon dr jepang terbukti kl mau tanya coba kontak saja ke wa semoga membantu kesembuhan dan memperbaiki organ pankreas krn saudara sy sdh bs sembuh dgn harga terjangkau resmi sdh ada bpom dan halal,youtube,,,,,2026-06-15 23:29:10.563446,youtube,f80e7fbc8750a0fc48389d5538920622
BlO24liTpQ0,penjelasan_diabetes_mellitus,Dr mo tanya klo ciri 2 diabet 1 &amp; 2 ketahuan bagimana terimakasih atas enjelasan nya,0,2019-03-15 11:50:33+07:00,dr mo tanya klo ciri diabet amp ketahuan bagimana terimakasih atas enjelasan nya,youtube,,,,,2026-06-15 23:29:10.563446,youtube,0ccb4c6d6c185ca02101f08efbce82bd
BlO24liTpQ0,penjelasan_diabetes_mellitus,berapakah gula yang harus kita konsumsi tiap harinya?,0,2019-03-14 13:40:07+07:00,berapakah gula yang harus kita konsumsi tiap harinya,youtube,,,,,2026-06-15 23:29:10.563446,youtube,5a568d1e73a80d3e909741a84a3d54d7
BlO24liTpQ0,penjelasan_diabetes_mellitus,"saya ingin bertanya, Berpakah ukuran yang harus kita konsumsi tiap harinya ?",2,2019-03-14 13:39:12+07:00,saya ingin bertanya berpakah ukuran yang harus kita konsumsi tiap harinya,youtube,,,,,2026-06-15 23:29:10.563446,youtube,98ba7f12128d63a08e55a5b66ac0e827
BlO24liTpQ0,penjelasan_diabetes_mellitus,Komsumsi gula perharian tu 3 sendok makan sdgkn garam perhari itu satu sendok teh,0,2020-02-15 14:52:49+07:00,komsumsi gula perharian tu sendok makan sdgkn garam perhari itu satu sendok teh,youtube,,,,,2026-06-15 23:29:10.563446,youtube,b5de727fdc35b1ff50857d98ee6c9a69
BlO24liTpQ0,penjelasan_diabetes_mellitus,"Terima kasih,,Dokter..sangat senang lht vidio ini,,",0,2019-03-14 09:47:11+07:00,terima kasihdoktersangat senang lht vidio ini,youtube,,,,,2026-06-15 23:29:10.563446,youtube,9e3bb1b773ad9e9b1d13dc1f8221f319
BlO24liTpQ0,penjelasan_diabetes_mellitus,Thx dok.. sangat berguna,0,2019-03-13 09:45:48+07:00,thx dok sangat berguna,youtube,,,,,2026-06-15 23:29:10.563446,youtube,b8dedfa787eada29ddd423203ba5ab09
BlO24liTpQ0,penjelasan_diabetes_mellitus,😃😃 lucu juga guroannya dok,1,2019-03-12 11:14:42+07:00,lucu juga guroannya dok,youtube,,,,,2026-06-15 23:29:10.563446,youtube,c3cd68a6a0c584a17725c00731407d02
BlO24liTpQ0,penjelasan_diabetes_mellitus,We Kon yang di tanyakan jenis jenis bukan tahap terjadinya diabetes,0,2019-03-11 21:43:44+07:00,we kon yang di tanyakan jenis jenis bukan tahap terjadinya diabetes,youtube,,,,,2026-06-15 23:29:10.563446,youtube,e28d43fdb93e34b3862fe4e623cb86dd
BlO24liTpQ0,penjelasan_diabetes_mellitus,ijin share,0,2019-03-09 09:29:50+07:00,ijin share,youtube,,,,,2026-06-15 23:29:10.563446,youtube,c61612d75e3c6e35db6ad7f02e84d951
BlO24liTpQ0,penjelasan_diabetes_mellitus,"maaf Dok sy mau tanya. gula darah sy setelah makan 267 tp sy tdk merasa ngantuk seperti penderita diabetes, buang air kecil jg tdk sering dan sy tdk merasa lapar. sy sdh berobat dan minum obat secara teratur. apakah gula darah sy bisa normal kembali?",0,2019-03-08 17:55:36+07:00,maaf dok sy mau tanya gula darah sy setelah makan tp sy tdk merasa ngantuk seperti penderita diabetes buang air kecil jg tdk sering dan sy tdk merasa lapar sy sdh berobat dan minum obat secara teratur apakah gula darah sy bisa normal kembali,youtube,,,,,2026-06-15 23:29:10.563446,youtube,d430f48d54c6770a0fce022aca64e720
BlO24liTpQ0,penjelasan_diabetes_mellitus,Lebih jelas dr pada dosen saya,0,2019-03-07 10:47:29+07:00,lebih jelas dr pada dosen saya,youtube,,,,,2026-06-15 23:29:10.563446,youtube,2cd2e6185a3d415a9e11f3a8e1bc8bdd
BlO24liTpQ0,penjelasan_diabetes_mellitus,"dok klo metabolisme sindrom sama tdk dgn diabetes? suami sy gula Puasa 275 trigleserida 313 katanya metabolisme sindrom.. apakah termasuk dlm diabetes? tensi normal, asam urat baik.trima kasih",0,2019-03-06 20:18:53+07:00,dok klo metabolisme sindrom sama tdk dgn diabetes suami sy gula puasa trigleserida katanya metabolisme sindrom apakah termasuk dlm diabetes tensi normal asam urat baiktrima kasih,youtube,,,,,2026-06-15 23:29:10.563446,youtube,7c2f86b907506b2896010b2534493d99
BlO24liTpQ0,penjelasan_diabetes_mellitus,"Yaudah masuk penderita diabètes mba.. Minum arang aktif aja mas.. Dulu gula darah, tekanan, kolesterol, trigilesrid, asam urat saya tinggi mba.. Dalam 10 hari normal minum arang aktif.. Ini saya share nmr toko herbal yg jualnya wa 0812 2026 9210..semoga bermanfaat",0,2019-11-28 11:31:45+07:00,yaudah masuk penderita diabètes mba minum arang aktif aja mas dulu gula darah tekanan kolesterol trigilesrid asam urat saya tinggi mba dalam hari normal minum arang aktif ini saya share nmr toko herbal yg jualnya wa semoga bermanfaat,youtube,,,,,2026-06-15 23:29:10.563446,youtube,f7e339d95ddf5bee26f3ef4946c9dca2
BlO24liTpQ0,penjelasan_diabetes_mellitus,"Saya pernah melalukan cek diebetes 4 tahun lalu, dan saya ada diebetes, <br>17 mmol/L, terlalu tinggi, <br>Pernah berpuasa dan paling mnim 13mmol/L. Dan pernah hampir 30mmol/L...<br>Dan saya tidak pernah berobat, sehinggakan saat ini saya merasakan tubuh saya sudah makin melemah,<br>Gusi saya sering bermasalah dan merah2, kulit kepala saya gatal dan berketombe byk sekali, tubuh saya sering gatal2 dan seakan cacar, tidak byak cuma sedikit saja, kuku saya mulai muncul garis2, apakah saya perlu berobat? Atau cuma perlu ubah pola makan dan cara hidup?ada yang kasih tau ke saya bhwa sy perlu ubah makanan dan melakukan olahraga dan tidak perlu berobat... <br>bagaimana ya?",0,2019-03-06 04:01:51+07:00,saya pernah melalukan cek diebetes tahun lalu dan saya ada diebetes mmoll terlalu tinggi pernah berpuasa dan paling mnim mmoll dan pernah hampir mmolldan saya tidak pernah berobat sehinggakan saat ini saya merasakan tubuh saya sudah makin melemahgusi saya sering bermasalah dan merah kulit kepala saya gatal dan berketombe byk sekali tubuh saya sering gatal dan seakan cacar tidak byak cuma sedikit saja kuku saya mulai muncul garis apakah saya perlu berobat atau cuma perlu ubah pola makan dan cara hidupada yang kasih tau ke saya bhwa sy perlu ubah makanan dan melakukan olahraga dan tidak perlu berobat bagaimana ya,youtube,,,,,2026-06-15 23:29:10.563446,youtube,414a702fcaf804f665efe03ef886aae4
BlO24liTpQ0,penjelasan_diabetes_mellitus,"saran saya ,jauhi makanan pantangannya , makan bawang putih tunggal 12 buah bawang bombay 2 buah jeruk nipis 3 jangan di kupas lalu blender semua jadi 1, setelah makan 1sendok 3kali sehari buktikan selama 1bulan cek darah lagi setelah itu rutin makan selama 6 bulan ,dan disarankan joging harus sering setidaknya 2jam sehari",0,2019-03-30 10:16:07+07:00,saran saya jauhi makanan pantangannya makan bawang putih tunggal buah bawang bombay buah jeruk nipis jangan di kupas lalu blender semua jadi setelah makan sendok kali sehari buktikan selama bulan cek darah lagi setelah itu rutin makan selama bulan dan disarankan joging harus sering setidaknya jam sehari,youtube,,,,,2026-06-15 23:29:10.563446,youtube,5744e62e946e10acc289653d5adeca07
BlO24liTpQ0,penjelasan_diabetes_mellitus,"Aku banget sering ingin buang air kecil,terus haus trs MLM pun dan lper terus,",0,2019-03-05 09:39:43+07:00,aku banget sering ingin buang air kecilterus haus trs mlm pun dan lper terus,youtube,,,,,2026-06-15 23:29:10.563446,youtube,9405e725407bafd8d124d41108509c4f
BlO24liTpQ0,penjelasan_diabetes_mellitus,"bisa dipastikan 80% diabetes, ada baiknya cek kadar gula,",0,2019-03-30 10:08:04+07:00,bisa dipastikan diabetes ada baiknya cek kadar gula,youtube,,,,,2026-06-15 23:29:10.563446,youtube,6f3d9f297fe2e978639b2780658b83db
BlO24liTpQ0,penjelasan_diabetes_mellitus,"saya jg nih, apa udah periksa?",0,2019-07-29 19:46:45+07:00,saya jg nih apa udah periksa,youtube,,,,,2026-06-15 23:29:10.563446,youtube,90997cc05425cbce65654d0fbece5b2e
BlO24liTpQ0,penjelasan_diabetes_mellitus,makan banyak sayuran.... pastikan setiap makan ada sayur..... sayur yang kita makan akan memastikan setiap karbohidrat yang dimakan walaupun berlebih tidak akan menjadi diabetes.... <br><br><br>kalau tidak makan sayur bisa dipastikan bahwa satu saat anda akan mengidap penyakit diabetes dan saya juga,0,2019-02-28 09:10:58+07:00,makan banyak sayuran pastikan setiap makan ada sayur sayur yang kita makan akan memastikan setiap karbohidrat yang dimakan walaupun berlebih tidak akan menjadi diabetes kalau tidak makan sayur bisa dipastikan bahwa satu saat anda akan mengidap penyakit diabetes dan saya juga,youtube,,,,,2026-06-15 23:29:10.563446,youtube,c964932b65aeb2267a34328234991a20
BlO24liTpQ0,penjelasan_diabetes_mellitus,Dok misalkan di waktu umur 16-20 kita sering kencing tetapi minumnya banyak sekali apakah itu kena penyakit diabetes,0,2019-02-27 21:52:05+07:00,dok misalkan di waktu umur kita sering kencing tetapi minumnya banyak sekali apakah itu kena penyakit diabetes,youtube,,,,,2026-06-15 23:29:10.563446,youtube,0a80c12451fb3f85afe80966428ceee2
BlO24liTpQ0,penjelasan_diabetes_mellitus,"bantu jawab , bisa jadi itu , cek kadar gula, kalau tidak bisa konflikasi bisa rusak ginjal hati dll",0,2019-03-30 10:09:52+07:00,bantu jawab bisa jadi itu cek kadar gula kalau tidak bisa konflikasi bisa rusak ginjal hati dll,youtube,,,,,2026-06-15 23:29:10.563446,youtube,293a46926b82cd5a0b4d9eea90aeda46
BlO24liTpQ0,penjelasan_diabetes_mellitus,"Apakah kencing manis itu warnanya kuning atau bening?🤔.....saya gak tau,soalnya saya masih di bawah umur dewasa😂",0,2019-02-24 16:42:39+07:00,apakah kencing manis itu warnanya kuning atau beningsaya gak tausoalnya saya masih di bawah umur dewasa,youtube,,,,,2026-06-15 23:29:10.563446,youtube,864a769e05aa402943cb41af22c3820e
BlO24liTpQ0,penjelasan_diabetes_mellitus,"Tdk ada hubungan dgn warna kencing, warna kencing pengaruh terhadap jumlah air yg diminum. Jika kuning, berarti kurang minumnya (dehidrasi)",0,2019-06-04 01:25:14+07:00,tdk ada hubungan dgn warna kencing warna kencing pengaruh terhadap jumlah air yg diminum jika kuning berarti kurang minumnya dehidrasi,youtube,,,,,2026-06-15 23:29:10.563446,youtube,e501534b29237a0fbcfaae54924e91a3
BlO24liTpQ0,penjelasan_diabetes_mellitus,Trimakasih dokter.,0,2019-02-21 04:22:57+07:00,trimakasih dokter,youtube,,,,,2026-06-15 23:29:10.563446,youtube,ebc1badec1a98aac21added154605a02
BlO24liTpQ0,penjelasan_diabetes_mellitus,Gmn ngatasi ngilu d kaki pada penderita diabetes...,0,2019-02-19 23:47:39+07:00,gmn ngatasi ngilu d kaki pada penderita diabetes,youtube,,,,,2026-06-15 23:29:10.563446,youtube,a26d00169dfee2768367f101c03dbbc2
BlO24liTpQ0,penjelasan_diabetes_mellitus,Thanks doctor informasi nya😊,0,2019-02-19 23:41:45+07:00,thanks doctor informasi nya,youtube,,,,,2026-06-15 23:29:10.563446,youtube,92f6a7c1f89624f91a42b94b4c2e8322
BlO24liTpQ0,penjelasan_diabetes_mellitus,Thanks........,0,2019-02-19 19:28:51+07:00,thanks,youtube,,,,,2026-06-15 23:29:10.563446,youtube,35e78e3c262a98df94825ca06869c712
BlO24liTpQ0,penjelasan_diabetes_mellitus,Jomblo kelamaan bisa menyebabkan diabetes,2,2019-02-18 00:25:17+07:00,jomblo kelamaan bisa menyebabkan diabetes,youtube,,,,,2026-06-15 23:29:10.563446,youtube,fd57639aff2abaa953de6eb89afc1496
BlO24liTpQ0,penjelasan_diabetes_mellitus,Aashyiiapp,0,2019-03-02 19:02:42+07:00,aashyiiapp,youtube,,,,,2026-06-15 23:29:10.563446,youtube,ccfa864e49fe5da81e9734197c03dd4a
BlO24liTpQ0,penjelasan_diabetes_mellitus,dokter sya kuat kncing dari masih kcil smpe skrang umurku26 ttp aja kuat kncing,0,2019-02-16 12:32:37+07:00,dokter sya kuat kncing dari masih kcil smpe skrang umurku ttp aja kuat kncing,youtube,,,,,2026-06-15 23:29:10.563446,youtube,736c1c2baaac3f8a81273cdb63617616
BlO24liTpQ0,penjelasan_diabetes_mellitus,Berkat vidio ini sakit panas saya sudh turun trimkasih,4,2019-02-16 10:36:34+07:00,berkat vidio ini sakit panas saya sudh turun trimkasih,youtube,,,,,2026-06-15 23:29:10.563446,youtube,d348e8d58b3e72befe39829ffa99fc13
BlO24liTpQ0,penjelasan_diabetes_mellitus,Alhamdulillah...tks dokter atas penjelasan nya sangat membantu sekali,0,2019-02-15 05:57:19+07:00,alhamdulillahtks dokter atas penjelasan nya sangat membantu sekali,youtube,,,,,2026-06-15 23:29:10.563446,youtube,67b8781df4535da58569f992fbc26d48
BlO24liTpQ0,penjelasan_diabetes_mellitus,"Dok,<br>Kadar gula darah saya 2,5 jam setelah makan 90 apakah itu normal dok atau kena diabetes",1,2019-01-24 03:26:32+07:00,dokkadar gula darah saya jam setelah makan apakah itu normal dok atau kena diabetes,youtube,,,,,2026-06-15 23:29:10.563446,youtube,10b7ed50e237b5e4862ff0909b847e7c
BlO24liTpQ0,penjelasan_diabetes_mellitus,Normal biiingiitssss,0,2021-01-12 15:35:48+07:00,normal biiingiitssss,youtube,,,,,2026-06-15 23:29:10.563446,youtube,4c18dc69400071c764a718f24981be29
BlO24liTpQ0,penjelasan_diabetes_mellitus,"<b>TQ.DOK....SANGAT SIMPEL MENERANGKANNYA, GAMPANG MENCERNAKAN, DOKTER JUGA LUCU DENGAN CONTOHNYA....ACUNG JEMPOL BUAT DOKTER SUNG.</b>",0,2019-01-22 08:21:22+07:00,tqdoksangat simpel menerangkannya gampang mencernakan dokter juga lucu dengan contohnyaacung jempol buat dokter sung,youtube,,,,,2026-06-15 23:29:10.563446,youtube,1324e87a786724d3e73671e9a4891217
BlO24liTpQ0,penjelasan_diabetes_mellitus,Makasih Dr Sun sangat bermamfaat,0,2019-01-21 21:37:15+07:00,makasih dr sun sangat bermamfaat,youtube,,,,,2026-06-15 23:29:10.563446,youtube,ca0dc60401d97e58318ed0688cf0a873
BlO24liTpQ0,penjelasan_diabetes_mellitus,kalo 106..termasuk diabetes bukan,0,2019-01-18 08:21:55+07:00,kalo termasuk diabetes bukan,youtube,,,,,2026-06-15 23:29:10.563446,youtube,691649c97b34342e4d0063afb6c96bdc
BlO24liTpQ0,penjelasan_diabetes_mellitus,Selamat siang dok.mau naya ibu saya diabet udah 18 th.sekarang usunya udah luka.gimana ya dok biar bisa sembuh infeksi ususbya.soalnya klu udah kambuh kasian ga tahan dok.makasih dokter sung.,0,2019-01-10 14:35:09+07:00,selamat siang dokmau naya ibu saya diabet udah thsekarang usunya udah lukagimana ya dok biar bisa sembuh infeksi ususbyasoalnya klu udah kambuh kasian ga tahan dokmakasih dokter sung,youtube,,,,,2026-06-15 23:29:10.563446,youtube,ce0537751f1a7308bda27a9ee644516c
BlO24liTpQ0,penjelasan_diabetes_mellitus,Solusi diabetes yg Aman alami tanpa efrk samping TERBUKTI mEDIS..memperbaiki kerja pankreas dan memproduksi insulin hingga normal kembali.menumbuhkan jaringan yg busuk n rusak.sel yg rusak diperbaiki sehinggal luka diabet menutup kembali +6282226835159,0,2019-01-09 12:17:04+07:00,solusi diabetes yg aman alami tanpa efrk samping terbukti medismemperbaiki kerja pankreas dan memproduksi insulin hingga normal kembalimenumbuhkan jaringan yg busuk n rusaksel yg rusak diperbaiki sehinggal luka diabet menutup kembali,youtube,,,,,2026-06-15 23:29:10.563446,youtube,87f3c0742d15d3be96f28779a2b2fa63
BlO24liTpQ0,penjelasan_diabetes_mellitus,"dok , buah-buahan yg kadar gulanya tinggi apa bisa menyebabkan diabetes ?",3,2019-01-07 17:16:30+07:00,dok buahbuahan yg kadar gulanya tinggi apa bisa menyebabkan diabetes,youtube,,,,,2026-06-15 23:29:10.563446,youtube,6749c19b44d8c7580da28cd96b72dc4d
BlO24liTpQ0,penjelasan_diabetes_mellitus,Makasih ya ilmunya,0,2018-12-31 21:26:36+07:00,makasih ya ilmunya,youtube,,,,,2026-06-15 23:29:10.563446,youtube,54fe22e985294a3a5dbb22f67f57ad3e
BlO24liTpQ0,penjelasan_diabetes_mellitus,Terima kasih bnyak atas info&amp; ilmu ny Dok.. Smga ini mnjadi amal ibadah utk dok Sung.. Hanya Tuhan yg bs mbalas kbaikan dok Sung... Smga dok slalu sehat &amp; slalu dlm lindungan Tuhan YME.. <br>Aamiin...,1,2018-12-23 07:35:26+07:00,terima kasih bnyak atas infoamp ilmu ny dok smga ini mnjadi amal ibadah utk dok sung hanya tuhan yg bs mbalas kbaikan dok sung smga dok slalu sehat amp slalu dlm lindungan tuhan yme aamiin,youtube,,,,,2026-06-15 23:29:10.563446,youtube,ca75b09e9cfe04f9b4799678570d3483
BlO24liTpQ0,penjelasan_diabetes_mellitus,Krna diabetes..kaka ipar saya over tempramen bgt. Grabak geubuk kaya setan,0,2018-12-19 14:24:35+07:00,krna diabeteskaka ipar saya over tempramen bgt grabak geubuk kaya setan,youtube,,,,,2026-06-15 23:29:10.563446,youtube,4e2c6e99cd181b4834dd9ecfb1aea7c6
BlO24liTpQ0,penjelasan_diabetes_mellitus,Suruh minum arang aktif kak supaya normal kadar gulanya... Kalo membutuhkan ini nmr toko herbal yg jualnya wa 0812 2026 9210...,0,2019-11-28 11:25:29+07:00,suruh minum arang aktif kak supaya normal kadar gulanya kalo membutuhkan ini nmr toko herbal yg jualnya wa,youtube,,,,,2026-06-15 23:29:10.563446,youtube,188723ea5881629084a6430fed1c1955
BlO24liTpQ0,penjelasan_diabetes_mellitus,Imunterapi : Mencerdaskan dan memperkuat sistem imun. 30x lebih kuat daripada herbal dalam mempercepat proses penyembuhan . Konsultasi hub 08562922909,1,2018-12-11 07:48:14+07:00,imunterapi mencerdaskan dan memperkuat sistem imun x lebih kuat daripada herbal dalam mempercepat proses penyembuhan konsultasi hub,youtube,,,,,2026-06-15 23:29:10.563446,youtube,bea9f3073397a31699db2f8810a379b2
BlO24liTpQ0,penjelasan_diabetes_mellitus,"dok maaf mau tanya, kaki saya bagian telapak atas itu awalnya gatal, saya garuk2 trus luka, dia mengering tapi gk hilang2 dan wrnanya menghitam bekasnya kelihatan bgt, kdang dia sakit.. itu kira2 diabetes gk ya?? tapi cuma berbekas kaya koreng gtu, udh 3 bulan gk hilang2",0,2018-12-10 18:38:25+07:00,dok maaf mau tanya kaki saya bagian telapak atas itu awalnya gatal saya garuk trus luka dia mengering tapi gk hilang dan wrnanya menghitam bekasnya kelihatan bgt kdang dia sakit itu kira diabetes gk ya tapi cuma berbekas kaya koreng gtu udh bulan gk hilang,youtube,,,,,2026-06-15 23:29:10.563446,youtube,0ebf22ef939e4b373992fa7e84b3df7f
BlO24liTpQ0,penjelasan_diabetes_mellitus,"wah², ternyata benar. org itu klo sdh trkena kencing manis memang susah menghindari manis² meski pun sdh tau dampak pnyakit yg dia derita slma ni tp pola makan msh bebas, apa ajah di lahap trmsk buah yg asem² roti selai, lbh aneh nya tempat tidur pun penuh dengan makanan ringan yg sepatutnya dikonsumsi olh anak sd. Ak bertanya padamu dok,. apakah jenis penyakit ini bisa menular? tkmsh. Soalnya tmen krja sya terkena pnyakit ini tp dia sebulan sekali checkup darah",0,2018-12-05 19:48:05+07:00,wah² ternyata benar org itu klo sdh trkena kencing manis memang susah menghindari manis² meski pun sdh tau dampak pnyakit yg dia derita slma ni tp pola makan msh bebas apa ajah di lahap trmsk buah yg asem² roti selai lbh aneh nya tempat tidur pun penuh dengan makanan ringan yg sepatutnya dikonsumsi olh anak sd ak bertanya padamu dok apakah jenis penyakit ini bisa menular tkmsh soalnya tmen krja sya terkena pnyakit ini tp dia sebulan sekali checkup darah,youtube,,,,,2026-06-15 23:29:10.563446,youtube,5d738c3ac94694945fce7dd2417aeb8f
BlO24liTpQ0,penjelasan_diabetes_mellitus,Dokter. Kalau ulu hati peri obatnya apa?,0,2018-11-28 14:36:29+07:00,dokter kalau ulu hati peri obatnya apa,youtube,,,,,2026-06-15 23:29:10.563446,youtube,e1ec410de7887673f16cf17916fd5ef6
BlO24liTpQ0,penjelasan_diabetes_mellitus,Minum arang aktif kak itu sakit maag.. Saya juga dulu sakit maag kronis sampe muntah darah sembuh totalnya minum arang aktif.. Mba.. Kalo membutuhkan ini nmr toko herbal yg jualnya wa 0812 2026 9210..,0,2019-11-28 11:28:41+07:00,minum arang aktif kak itu sakit maag saya juga dulu sakit maag kronis sampe muntah darah sembuh totalnya minum arang aktif mba kalo membutuhkan ini nmr toko herbal yg jualnya wa,youtube,,,,,2026-06-15 23:29:10.563446,youtube,68ea46c892a85a7ec8cec79618c69d20
BlO24liTpQ0,penjelasan_diabetes_mellitus,"<a href=""https://www.youtube.com/watch?v=gvhBaSds8nU"">https://youtu.be/gvhBaSds8nU</a> QNC JELLY GAMAT OBAT MULTIKHASIAT BERBAGAI PENYAKIT 100% ASLI",0,2018-11-28 14:27:48+07:00,qnc jelly gamat obat multikhasiat berbagai penyakit asli,youtube,,,,,2026-06-15 23:29:10.563446,youtube,f540aa55f0b4c999a51ced27abd0e0e8
BlO24liTpQ0,penjelasan_diabetes_mellitus,Jos dr sung thank,0,2018-11-16 06:27:20+07:00,jos dr sung thank,youtube,,,,,2026-06-15 23:29:10.563446,youtube,8eadf0e000ca34f1568ee150ba824948
BlO24liTpQ0,penjelasan_diabetes_mellitus,Obat Herbal Penyakit DIabetes Berkualitas. Info Pemesanan 081 390 577 593 via whatsap,0,2018-11-15 03:27:09+07:00,obat herbal penyakit diabetes berkualitas info pemesanan via whatsap,youtube,,,,,2026-06-15 23:29:10.563446,youtube,8ed744de62d64ea7586c730a80ecd6b5
BlO24liTpQ0,penjelasan_diabetes_mellitus,"terimakasih dokter untuk penjelasannya, cukup mudah dimengerti dan tidak berlibet&quot;... &lt;3",13,2018-11-13 19:36:43+07:00,terimakasih dokter untuk penjelasannya cukup mudah dimengerti dan tidak berlibetquot lt,youtube,,,,,2026-06-15 23:29:10.563446,youtube,76a060a80d5c2f1a8cf9d367d3ce3662
BlO24liTpQ0,penjelasan_diabetes_mellitus,Diabetes makan ubi boleh ngak doc,0,2018-11-12 16:10:19+07:00,diabetes makan ubi boleh ngak doc,youtube,,,,,2026-06-15 23:29:10.563446,youtube,34ec46f351b266ddc047aee5dce61e86
BlO24liTpQ0,penjelasan_diabetes_mellitus,Dokter sya kalo bekerja berat di tengorokan sya rsanya tercekik susah menelan mkan.. apakah penyebapya itu??,0,2018-11-03 07:20:28+07:00,dokter sya kalo bekerja berat di tengorokan sya rsanya tercekik susah menelan mkan apakah penyebapya itu,youtube,,,,,2026-06-15 23:29:10.563446,youtube,2a97ae70af55b7a61ac04572d96c0245
BlO24liTpQ0,penjelasan_diabetes_mellitus,pernah sakit maag gak?,0,2019-01-13 16:41:49+07:00,pernah sakit maag gak,youtube,,,,,2026-06-15 23:29:10.563446,youtube,469fbf413b7867427e7e5cc24f7ecb5b
BlO24liTpQ0,penjelasan_diabetes_mellitus,Dok tolong dibahas tentang hepatitis atau liver dong dok,0,2018-10-28 21:46:05+07:00,dok tolong dibahas tentang hepatitis atau liver dong dok,youtube,,,,,2026-06-15 23:29:10.563446,youtube,11b423905fbfe5aecb464967f4ad802d
BlO24liTpQ0,penjelasan_diabetes_mellitus,"Thanks dr, 👏. Sangat berguna info ini buat masyarakat",2,2018-10-27 10:29:41+07:00,thanks dr sangat berguna info ini buat masyarakat,youtube,,,,,2026-06-15 23:29:10.563446,youtube,fcaa6e5fc2ed5e19ed740b4bb5607981
BlO24liTpQ0,penjelasan_diabetes_mellitus,Terimakasih dokter.. <br>Ilmu sangat bermanfaat,1,2018-10-26 21:11:19+07:00,terimakasih dokter ilmu sangat bermanfaat,youtube,,,,,2026-06-15 23:29:10.563446,youtube,ce0a18888b6282e4c01f2994420ea6ba
BlO24liTpQ0,penjelasan_diabetes_mellitus,"Dok banyakin kontent kayak gini,terimakasih ya dok saya sangat mendukung sekali",1,2018-10-26 11:07:18+07:00,dok banyakin kontent kayak giniterimakasih ya dok saya sangat mendukung sekali,youtube,,,,,2026-06-15 23:29:10.563446,youtube,85cb8765b27a311bd08fc962bcc53f86
BlO24liTpQ0,penjelasan_diabetes_mellitus,"Setuju, terima kasih dok",0,2021-08-19 18:38:37+07:00,setuju terima kasih dok,youtube,,,,,2026-06-15 23:29:10.563446,youtube,1c6c279a124f83b46f8c6974863deba6
BlO24liTpQ0,penjelasan_diabetes_mellitus,Terimakasih dokter.sungguh sangat membantu.bermampaat bagi semua orang.,0,2018-10-26 06:34:41+07:00,terimakasih doktersungguh sangat membantubermampaat bagi semua orang,youtube,,,,,2026-06-15 23:29:10.563446,youtube,5b771fa06ec0381d4001008d2b003f79
BlO24liTpQ0,penjelasan_diabetes_mellitus,Dok pingin ty yah..apa obatnya tumit sakit bgt abis jln lama..dan di buat duduk bentar ..buat berdiri sakit bgt,0,2018-10-24 13:39:49+07:00,dok pingin ty yahapa obatnya tumit sakit bgt abis jln lamadan di buat duduk bentar buat berdiri sakit bgt,youtube,,,,,2026-06-15 23:29:10.563446,youtube,ca7f95bebd883096979e4ba6446f774d
BlO24liTpQ0,penjelasan_diabetes_mellitus,@Rara ayu Citra saya bantu jawab harus di terapi secara bertahap,0,2019-12-09 18:33:54+07:00,rara ayu citra saya bantu jawab harus di terapi secara bertahap,youtube,,,,,2026-06-15 23:29:10.563446,youtube,32a61c1792588ad7bbcf3eec1089cc93
BlO24liTpQ0,penjelasan_diabetes_mellitus,Aku jd ketagihan nunggu vidio vidio dr dr sung yg sgt bermanfaat..aku jd hati hatimkn apa aj,0,2018-10-24 13:37:46+07:00,aku jd ketagihan nunggu vidio vidio dr dr sung yg sgt bermanfaataku jd hati hatimkn apa aj,youtube,,,,,2026-06-15 23:29:10.563446,youtube,24eb92ba4c07e2fca364862b1c1e13b1
BlO24liTpQ0,penjelasan_diabetes_mellitus,Klw aq ktmu cewek manis takut kna DIABET doc xixixixi,2,2018-10-21 05:15:37+07:00,klw aq ktmu cewek manis takut kna diabet doc xixixixi,youtube,,,,,2026-06-15 23:29:10.563446,youtube,c040d18e612ea68fdb3f2bfa3e0dab97
BlO24liTpQ0,penjelasan_diabetes_mellitus,"Nice Info Dok, Kami memiliki Produk Herbal Yang dapat mempercepat penyembuhan penyakit Diabetes anda yaitu QNC JELLY GAMAT,Silahkan kunjungi channel kami :) <a href=""https://www.youtube.com/watch?v=UCSqJxP1Cts"">https://youtu.be/UCSqJxP1Cts</a>",1,2018-10-19 07:15:17+07:00,nice info dok kami memiliki produk herbal yang dapat mempercepat penyembuhan penyakit diabetes anda yaitu qnc jelly gamatsilahkan kunjungi channel kami,youtube,,,,,2026-06-15 23:29:10.563446,youtube,909ad56e7a6738e9e5eba582e347e9eb
BlO24liTpQ0,penjelasan_diabetes_mellitus,Vidio ini sngat mudah di simak dan Sngat bermakna dan bermanfaat 👏🏻😇,0,2018-10-16 10:26:38+07:00,vidio ini sngat mudah di simak dan sngat bermakna dan bermanfaat,youtube,,,,,2026-06-15 23:29:10.563446,youtube,1faa9793ea36edb5c5dd5f681f0027a0
BlO24liTpQ0,penjelasan_diabetes_mellitus,dokter baik bgt semoga sehat sellu dok spy terus memberi info kepada kita semua,2,2018-10-15 17:18:08+07:00,dokter baik bgt semoga sehat sellu dok spy terus memberi info kepada kita semua,youtube,,,,,2026-06-15 23:29:10.563446,youtube,5a9e4b9e27848ae69874725d31fda231
BlO24liTpQ0,penjelasan_diabetes_mellitus,"Pagi dr Sung, bagaimana kl sdh luka obat darurat minum obat apa yg dimkn.",0,2018-10-13 06:54:54+07:00,pagi dr sung bagaimana kl sdh luka obat darurat minum obat apa yg dimkn,youtube,,,,,2026-06-15 23:29:10.563446,youtube,438cbd2a3f0157fc3245ec4c4d8e3351
BlO24liTpQ0,penjelasan_diabetes_mellitus,"Pagi dr Sung, berapa max gula didalam tubuh yg normal slsx dok.",0,2018-10-13 06:51:28+07:00,pagi dr sung berapa max gula didalam tubuh yg normal slsx dok,youtube,,,,,2026-06-15 23:29:10.563446,youtube,4af0d36b6df58906808849483d03b680
BlO24liTpQ0,penjelasan_diabetes_mellitus,Terima kasih dokter atas imformasinya yg sangat dibutuhkan oleh kami dan masyarakat karena penyakit ini sangat berbahaya.apa lagi banyak orang tidak mengerti apa itu POLA MAKAN . Salam .,1,2018-10-11 20:45:24+07:00,terima kasih dokter atas imformasinya yg sangat dibutuhkan oleh kami dan masyarakat karena penyakit ini sangat berbahayaapa lagi banyak orang tidak mengerti apa itu pola makan salam,youtube,,,,,2026-06-15 23:29:10.563446,youtube,8403d3a206bea5f4042e74e5375a96aa
BlO24liTpQ0,penjelasan_diabetes_mellitus,saya habis cek gula darah. hasilnya 77,3,2018-10-06 15:40:46+07:00,saya habis cek gula darah hasilnya,youtube,,,,,2026-06-15 23:29:10.563446,youtube,e7c15f04ca8997f5d000e783e7a7d564
BlO24liTpQ0,penjelasan_diabetes_mellitus,apakah setiap kencing dan bakas kencingnya selalu di kerebutin semut itu tanda penyakit diabeytes?,0,2018-10-04 23:43:51+07:00,apakah setiap kencing dan bakas kencingnya selalu di kerebutin semut itu tanda penyakit diabeytes,youtube,,,,,2026-06-15 23:29:10.563446,youtube,76c842bb36287443f2c3093ee22f73a5
BlO24liTpQ0,penjelasan_diabetes_mellitus,"betul , bisa dipastikan",0,2019-03-30 10:24:08+07:00,betul bisa dipastikan,youtube,,,,,2026-06-15 23:29:10.563446,youtube,8bd48ed00511b882aaf79e0100932a30
BlO24liTpQ0,penjelasan_diabetes_mellitus,"udah setres dan galau gula belum turun juga?<br>ayo hilangkan gula anda dengan herbal ajaib dan herbal legal bpom ini..<br>mau tau rahasianya? <br>silahkan kunjungi <br><a href=""http://beli.herbabet.com/"">http://beli.herbabet.com/</a>",0,2018-10-04 10:28:07+07:00,udah setres dan galau gula belum turun jugaayo hilangkan gula anda dengan herbal ajaib dan herbal legal bpom inimau tau rahasianya silahkan kunjungi,youtube,,,,,2026-06-15 23:29:10.563446,youtube,10d254d00037b4ef7e83f45aa58ec674
BlO24liTpQ0,penjelasan_diabetes_mellitus,"Top banget penjelasannya dr Sung.<br><br>/Terapi Minyak Varash Untuk Penyembuhan DIABETES MELITUS<br><br>Penyakit Diabetes Mellitus disebut juga “kencing manis” dalam bahasa awam.<br><br>Ada banyak faktor yang dapat meningkatkan resiko Diabetes Mellitus, antara lain: obesitas (kegemukan), kurang olahraga, stres berlebihan, pola makan yang tidak teratur, terlalu banyak mengkonsumsi makanan berkadar gula tinggi , serta faktor keturunan.<br><br>Sebenarnya, Diabetes Mellitus adalah penyakit karena gaya hidup yang bisa dicegah sejak dini dengan pola makan yang sehat, kebiasaan berolahraga secara teratur, dan pengendalian stres.<br><br>Diabetes Mellitus bisa berbahaya karena komplikasi ikutannya, seperti penyakit kardiovaskular (jantung), gangrene (luka busuk diabetes), penyakit saraf (neuropati) dan komplikasi pada mata , serta penyakit ginjal. <br><br>Boleh dibilang bahwa Diabetes Mellitus adalah “biangnya” penyakit didalam tubuh.<br><br>Kisaran kadar gula darah normal pada tubuh:<br>- Puasa ± 10 jam : 80 – 126 mg/dL.<br>- Dua jam setelah makan : kurang dari 140 mg/dL.<br>- Gula darah sewaktu : kurang dari 200 mg/dL.<br><br>Organ yang berperan penting dalam pengendalian kadar gula darah di dalam tubuh adalah Pankreas, yang terletak dibelakang lambung<br><br>TERAPI DIABETES dengan MINYAK VARASH<br><br>Balurkan minyak varash di tiga tempat yaitu :<br><br>1. Di telapak kaki, dari mata kaki, sela jari kaki sampai ke telapak kaki.<br><br>2. Di sepanjang tulang punggung, dari tulang leher sampai tulang ekor, pinggul. <br><br>3. Di sekitar dada dekat lambung, hingga perut bagian bawah.. <br><br>4. Dan jika ada luka atau lebam bisa dibalurkan di tempat tersebut.<br><br>Minyak varash membantu menyeimbangkan energi tubuh yang berpengaruh pada keseimbangan kinerja organ. Dalam hal ini pankreas mengalami masalah, maka minyak varash akan memperbaiki aliran energi yang menuju Pankreas.<br><br><i>/|\</i> Salam sehat <br>info pemesanan<br>0815 4262 4723<br><br>atau klik link<br><a href=""http://bit.ly/Varash_kartika"">http://bit.ly/Varash_kartika</a>",0,2018-10-03 22:12:38+07:00,top banget penjelasannya dr sungterapi minyak varash untuk penyembuhan diabetes melituspenyakit diabetes mellitus disebut juga kencing manis dalam bahasa awamada banyak faktor yang dapat meningkatkan resiko diabetes mellitus antara lain obesitas kegemukan kurang olahraga stres berlebihan pola makan yang tidak teratur terlalu banyak mengkonsumsi makanan berkadar gula tinggi serta faktor keturunansebenarnya diabetes mellitus adalah penyakit karena gaya hidup yang bisa dicegah sejak dini dengan pola makan yang sehat kebiasaan berolahraga secara teratur dan pengendalian stresdiabetes mellitus bisa berbahaya karena komplikasi ikutannya seperti penyakit kardiovaskular jantung gangrene luka busuk diabetes penyakit saraf neuropati dan komplikasi pada mata serta penyakit ginjal boleh dibilang bahwa diabetes mellitus adalah biangnya penyakit didalam tubuhkisaran kadar gula darah normal pada tubuh puasa jam mgdl dua jam setelah makan kurang dari mgdl gula darah sewaktu kurang dari mgdlorgan yang berperan penting dalam pengendalian kadar gula darah di dalam tubuh adalah pankreas yang terletak dibelakang lambungterapi diabetes dengan minyak varashbalurkan minyak varash di tiga tempat yaitu di telapak kaki dari mata kaki sela jari kaki sampai ke telapak kaki di sepanjang tulang punggung dari tulang leher sampai tulang ekor pinggul di sekitar dada dekat lambung hingga perut bagian bawah dan jika ada luka atau lebam bisa dibalurkan di tempat tersebutminyak varash membantu menyeimbangkan energi tubuh yang berpengaruh pada keseimbangan kinerja organ dalam hal ini pankreas mengalami masalah maka minyak varash akan memperbaiki aliran energi yang menuju pankreas salam sehat info pemesanan atau klik link,youtube,,,,,2026-06-15 23:29:10.563446,youtube,975e8ba5ef5616a9f69b8962538ff37a
BlO24liTpQ0,penjelasan_diabetes_mellitus,Nenek gue kena diabetes,0,2018-10-02 19:46:50+07:00,nenek gue kena diabetes,youtube,,,,,2026-06-15 23:29:10.563446,youtube,7015f413bdb0251eaab4c983de8be160
BlO24liTpQ0,penjelasan_diabetes_mellitus,Thank you so much dokter sung.....say diabetes type 2,0,2018-09-30 17:20:55+07:00,thank you so much dokter sungsay diabetes type,youtube,,,,,2026-06-15 23:29:10.563446,youtube,79eee5012fe4f29c961910289f6b3e1b
BlO24liTpQ0,penjelasan_diabetes_mellitus,q nga suka sarapan tapi kadang sarapan jm 11 siang sekarang q sering sakit perut bagian atas kadang sebelah kiri n kanan kira2 kenapa ya,0,2018-09-29 13:42:51+07:00,q nga suka sarapan tapi kadang sarapan jm siang sekarang q sering sakit perut bagian atas kadang sebelah kiri n kanan kira kenapa ya,youtube,,,,,2026-06-15 23:29:10.563446,youtube,69271a8cb6877ec6bf47e319e5e5a97e
BlO24liTpQ0,penjelasan_diabetes_mellitus,"Dok saya kena diabetes.sdh cek darah saya di dokter Singapure.181,8.dan saya byk minum dan sllu ke toilet capek skli rasa nya.di suruh jaga pola mkn dan olah raga.Dok saya mau tanya.apakah diabetes saya ini bisa sembuh?Trmksh",0,2018-09-28 18:59:18+07:00,dok saya kena diabetessdh cek darah saya di dokter singapuredan saya byk minum dan sllu ke toilet capek skli rasa nyadi suruh jaga pola mkn dan olah ragadok saya mau tanyaapakah diabetes saya ini bisa sembuhtrmksh,youtube,,,,,2026-06-15 23:29:10.563446,youtube,b3fb1140167f7479433d8aae0496dd64
BlO24liTpQ0,penjelasan_diabetes_mellitus,hatur nuhun atas penjelasan nya.,0,2018-09-24 20:30:29+07:00,hatur nuhun atas penjelasan nya,youtube,,,,,2026-06-15 23:29:10.563446,youtube,b717d671def2e2e3dd3e16f048df7627
BlO24liTpQ0,penjelasan_diabetes_mellitus,Dok..endingnya selalu ngagetin suaranya.......bs jantungan ini klo pakai headset....,0,2018-09-21 14:54:27+07:00,dokendingnya selalu ngagetin suaranyabs jantungan ini klo pakai headset,youtube,,,,,2026-06-15 23:29:10.563446,youtube,aec6ac9e81422ad417e004686141d98c
BlO24liTpQ0,penjelasan_diabetes_mellitus,"silahkan mengunjungi channel kami, untuk informasi penyembuhan efektif penyakit diabetes",0,2018-09-12 13:32:26+07:00,silahkan mengunjungi channel kami untuk informasi penyembuhan efektif penyakit diabetes,youtube,,,,,2026-06-15 23:29:10.563446,youtube,0c7d0daca7e1eb3fc372423bc764077d
BlO24liTpQ0,penjelasan_diabetes_mellitus,ada yang bisa kami bantu ?,0,2018-10-22 09:27:41+07:00,ada yang bisa kami bantu,youtube,,,,,2026-06-15 23:29:10.563446,youtube,f55f5bcab38c69eb27902ae8ff5bb6d6
BlO24liTpQ0,penjelasan_diabetes_mellitus,"trimakasih DR.imformasinya.<br>ini saya mau tanya DR.saya sudah kna gula dalam darah trus,,apa saja yang harus sya makan,dn yang lebih pentingya,apa boleh makan nasi trimakasih.<br>mohon imfonya.",0,2018-09-03 11:30:50+07:00,trimakasih drimformasinyaini saya mau tanya drsaya sudah kna gula dalam darah trusapa saja yang harus sya makandn yang lebih pentingyaapa boleh makan nasi trimakasihmohon imfonya,youtube,,,,,2026-06-15 23:29:10.563446,youtube,305cccf1da3dfe4a0076608aa6392595
BlO24liTpQ0,penjelasan_diabetes_mellitus,"Diabètes tipe 2 bisa sembuh total mas.. Konsumsi arang aktif, diabètes saya juga sembuh total dgn konsumsi arang aktif... Tentu dgn pola makan yg baik.. Kalo mbutuhkan ini nmr toko herbal yg jual nya wa 0812 2026 9210...nanti sama orangnya dibimbing dalam hal pola makan.. Thx",0,2019-11-28 07:13:10+07:00,diabètes tipe bisa sembuh total mas konsumsi arang aktif diabètes saya juga sembuh total dgn konsumsi arang aktif tentu dgn pola makan yg baik kalo mbutuhkan ini nmr toko herbal yg jual nya wa nanti sama orangnya dibimbing dalam hal pola makan thx,youtube,,,,,2026-06-15 23:29:10.563446,youtube,b96a121cebf081780cf33f2a2e2b36df
BlO24liTpQ0,penjelasan_diabetes_mellitus,dokter saya mau tanya.perut saya nampak besar klo hbs makan perut atasnterasa keras.setelah saya cek darah saya menderita.diabet tipe 2.gjl struke .jantung dan lambung. apakah bisa sembuh dok diabet,0,2018-09-03 08:31:35+07:00,dokter saya mau tanyaperut saya nampak besar klo hbs makan perut atasnterasa kerassetelah saya cek darah saya menderitadiabet tipe gjl struke jantung dan lambung apakah bisa sembuh dok diabet,youtube,,,,,2026-06-15 23:29:10.563446,youtube,0340a5b594e83f1599ca5582628be601
BlO24liTpQ0,penjelasan_diabetes_mellitus,Harus periksa ke dokter apa untuk pengobatan diabetes,0,2018-08-26 04:15:05+07:00,harus periksa ke dokter apa untuk pengobatan diabetes,youtube,,,,,2026-06-15 23:29:10.563446,youtube,ad02ec4c407b7f119991ca626fe687f2
BlO24liTpQ0,penjelasan_diabetes_mellitus,Cek gula darah saat puasa dan setelah makan,0,2018-12-18 16:47:39+07:00,cek gula darah saat puasa dan setelah makan,youtube,,,,,2026-06-15 23:29:10.563446,youtube,c06a5b82ae964dcda6e62ac2474320d9
BlO24liTpQ0,penjelasan_diabetes_mellitus,👍👍👍👍👍👍👍👍👍👍👍👍👍,0,2018-08-19 10:57:41+07:00,,youtube,,,,,2026-06-15 23:29:10.563446,youtube,92a0cea00a2cc7b2e81a00200cc48dbc
BlO24liTpQ0,penjelasan_diabetes_mellitus,apakah orang kena diabetes air kencing nya juga manis dok?,0,2018-08-16 14:23:39+07:00,apakah orang kena diabetes air kencing nya juga manis dok,youtube,,,,,2026-06-15 23:29:10.563446,youtube,b9aff8c3506518d708639f31f1ac9d8a
BlO24liTpQ0,penjelasan_diabetes_mellitus,"mudah , ambil air seni setetes letakan di lantai yang biasa semut lewat ,jika dikerubungi semut maka bisa dipastikan itu diabetes,",0,2019-03-30 10:21:46+07:00,mudah ambil air seni setetes letakan di lantai yang biasa semut lewat jika dikerubungi semut maka bisa dipastikan itu diabetes,youtube,,,,,2026-06-15 23:29:10.563446,youtube,bdfc700495071ecaabc312617197762a
BlO24liTpQ0,penjelasan_diabetes_mellitus,Makasih dok saranya,0,2018-08-15 17:35:15+07:00,makasih dok saranya,youtube,,,,,2026-06-15 23:29:10.563446,youtube,1d4e2c1944ceee66f69e2a94ab860965
BlO24liTpQ0,penjelasan_diabetes_mellitus,dok bibetes udh 400an dok gmna cara menuruninnya ya dok udh sgala cara dilakukan... tolong dijawab dok.... mksh dok,1,2018-08-09 22:35:07+07:00,dok bibetes udh an dok gmna cara menuruninnya ya dok udh sgala cara dilakukan tolong dijawab dok mksh dok,youtube,,,,,2026-06-15 23:29:10.563446,youtube,e535e5587c5195f774b3048ec882b258
BlO24liTpQ0,penjelasan_diabetes_mellitus,Melati Sabatini bpk q lebih parah 500 lebih😭😭,0,2018-08-20 22:39:07+07:00,melati sabatini bpk q lebih parah lebih,youtube,,,,,2026-06-15 23:29:10.563446,youtube,c0241efa4ee0676e592d2fa592803c23
BlO24liTpQ0,penjelasan_diabetes_mellitus,"Bawa ke dokter nanti bakal dikasi terapi yg pas sesuai kondisinya, sperti insulin contohnya, harus diet yg bener juga,dan jgn lupa olahraga.. tmn saya berhasil mengontrol gula darahnya setelah menerapkan smua anjuran dokter",0,2018-12-18 16:47:08+07:00,bawa ke dokter nanti bakal dikasi terapi yg pas sesuai kondisinya sperti insulin contohnya harus diet yg bener jugadan jgn lupa olahraga tmn saya berhasil mengontrol gula darahnya setelah menerapkan smua anjuran dokter,youtube,,,,,2026-06-15 23:29:10.563446,youtube,39d91c266294394c2b3cb79810ee2d93
BlO24liTpQ0,penjelasan_diabetes_mellitus,Usahakan keluar keringat seminggu 3 x. Olah raga,0,2019-06-22 07:03:23+07:00,usahakan keluar keringat seminggu x olah raga,youtube,,,,,2026-06-15 23:29:10.563446,youtube,eee349b01781058dfd3985ca7c2049e2
BlO24liTpQ0,penjelasan_diabetes_mellitus,saya law bnyak minum past bnyk kencing dok..,3,2018-08-05 13:54:06+07:00,saya law bnyak minum past bnyk kencing dok,youtube,,,,,2026-06-15 23:29:10.563446,youtube,18697569fe35f164c054e1fa9a60a744
BlO24liTpQ0,penjelasan_diabetes_mellitus,Sngt brmnfaat,0,2018-08-05 09:10:36+07:00,sngt brmnfaat,youtube,,,,,2026-06-15 23:29:10.563446,youtube,29193328bebc81367ced3e1b13b2e080
BlO24liTpQ0,penjelasan_diabetes_mellitus,"Thanks doctor, moga bermanfaat",1,2018-08-04 14:55:04+07:00,thanks doctor moga bermanfaat,youtube,,,,,2026-06-15 23:29:10.563446,youtube,750fcdb7de757e39d80298871d0e8b6c
BlO24liTpQ0,penjelasan_diabetes_mellitus,Bagus dr sung. Terima kasih untuk. Ini.salam sby. Kpn dtg di sby.3 agusutus 2018,0,2018-08-02 15:28:01+07:00,bagus dr sung terima kasih untuk inisalam sby kpn dtg di sby agusutus,youtube,,,,,2026-06-15 23:29:10.563446,youtube,173470a0adcc1fd97f97bb590f80c8d2
BlO24liTpQ0,penjelasan_diabetes_mellitus,"dokter apa yang di maksud lemak dalam darah,terima kasih ya dokter",0,2018-08-01 18:17:03+07:00,dokter apa yang di maksud lemak dalam darahterima kasih ya dokter,youtube,,,,,2026-06-15 23:29:10.563446,youtube,08d0979e422c671a49f0e6dde05b9e2a
BlO24liTpQ0,penjelasan_diabetes_mellitus,sy sampe mata buram dok plus 3 .. sekarang sembuh di karnakan saya diet setaun,0,2018-07-30 09:21:53+07:00,sy sampe mata buram dok plus sekarang sembuh di karnakan saya diet setaun,youtube,,,,,2026-06-15 23:29:10.563446,youtube,b5256963b4e6ff751464ed99cc1686d5
BlO24liTpQ0,penjelasan_diabetes_mellitus,Trims...atas saran Dr.Sun semoga disiplin n berpikir baik bisa terus sebagai obat diri,0,2018-07-29 09:19:33+07:00,trimsatas saran drsun semoga disiplin n berpikir baik bisa terus sebagai obat diri,youtube,,,,,2026-06-15 23:29:10.563446,youtube,5e5ed080f5306be80c951b28a873333a
BlO24liTpQ0,penjelasan_diabetes_mellitus,"dok mohon jelaskan bikin videonya, sayur yang paling bagus di konsumsi lebih sering itu apa saja ?? katanya sayur2 yg memiliki getah itu tidak bagus &amp; ada jg yg bilang sayuran gunung seperti kol itu kurang baik coz bikin maag. trimah kasih dok",1,2018-07-28 11:39:14+07:00,dok mohon jelaskan bikin videonya sayur yang paling bagus di konsumsi lebih sering itu apa saja katanya sayur yg memiliki getah itu tidak bagus amp ada jg yg bilang sayuran gunung seperti kol itu kurang baik coz bikin maag trimah kasih dok,youtube,,,,,2026-06-15 23:29:10.563446,youtube,f9e8ec10a342a74d93a7c913d8355e76
BlO24liTpQ0,penjelasan_diabetes_mellitus,kol memang kurang bagus buat maag,0,2019-01-13 16:42:32+07:00,kol memang kurang bagus buat maag,youtube,,,,,2026-06-15 23:29:10.563446,youtube,36989da4e36251d1e02e0327c3290935
BlO24liTpQ0,penjelasan_diabetes_mellitus,Subhanaallah...dgr penjelasan dokter betapa bsr kuasa allah subhanahu wata alla...dalam isi perut dan tubuh kita trnyata sprti itu....jd yg allah beri kesehatan banyax“ lah brsyukur alhamdulilah,17,2018-07-27 07:37:38+07:00,subhanaallahdgr penjelasan dokter betapa bsr kuasa allah subhanahu wata alladalam isi perut dan tubuh kita trnyata sprti itujd yg allah beri kesehatan banyax lah brsyukur alhamdulilah,youtube,,,,,2026-06-15 23:29:10.563446,youtube,57c31c36c0b7d88704aef9726e29bd8a
BlO24liTpQ0,penjelasan_diabetes_mellitus,mantap lanjutkan Dok...,0,2018-07-22 20:16:29+07:00,mantap lanjutkan dok,youtube,,,,,2026-06-15 23:29:10.563446,youtube,a38663ff6ed0dbecb446056c966e3c70
BlO24liTpQ0,penjelasan_diabetes_mellitus,dok minum gula merah mengakibatkan fianetes ga?,0,2018-07-19 00:57:26+07:00,dok minum gula merah mengakibatkan fianetes ga,youtube,,,,,2026-06-15 23:29:10.563446,youtube,49a1307e8646e245bc2d78e192eb3315
BlO24liTpQ0,penjelasan_diabetes_mellitus,"dok, waktu itu aku hari senin aku berat badan 57 kg tapi 3 hari kemudian aku turun ke 50 kg , ini aman2 aja ato gimana??",0,2018-07-17 22:02:02+07:00,dok waktu itu aku hari senin aku berat badan kg tapi hari kemudian aku turun ke kg ini aman aja ato gimana,youtube,,,,,2026-06-15 23:29:10.563446,youtube,21ff4a0ef860ede56bc6587da1bc6a15
BlO24liTpQ0,penjelasan_diabetes_mellitus,"Kami memiliki obat herbal yang mampu menyembuhkan penyakit diabetes, yaitu QnC Jelly Gamat, kunjungi channel kami untuk informasi lebih lengkap :)",0,2018-07-13 14:13:09+07:00,kami memiliki obat herbal yang mampu menyembuhkan penyakit diabetes yaitu qnc jelly gamat kunjungi channel kami untuk informasi lebih lengkap,youtube,,,,,2026-06-15 23:29:10.563446,youtube,624b84e99b5342843440ad5b18c76a8a
BlO24liTpQ0,penjelasan_diabetes_mellitus,Klw sering minum sering laper sering buang ari kecil itu maha saya dok yah kali dok saya punya penyakit diabetes lagi yan berat badan saya30kg dok masa kena diabetes umur saya juga 12thn dok,0,2018-07-01 16:07:29+07:00,klw sering minum sering laper sering buang ari kecil itu maha saya dok yah kali dok saya punya penyakit diabetes lagi yan berat badan sayakg dok masa kena diabetes umur saya juga thn dok,youtube,,,,,2026-06-15 23:29:10.563446,youtube,e7cce98593f99ae1acfc0d6053e5cc1c
BlO24liTpQ0,penjelasan_diabetes_mellitus,Esy Liaputri itu mah bkn diabetes kamu kena pnyakit cacingan hehee,1,2018-09-02 18:56:36+07:00,esy liaputri itu mah bkn diabetes kamu kena pnyakit cacingan hehee,youtube,,,,,2026-06-15 23:29:10.563446,youtube,fab5c5b91538760fbcc1109d0f1c1e39
BlO24liTpQ0,penjelasan_diabetes_mellitus,bermanfaat sekali...,0,2018-06-19 13:25:55+07:00,bermanfaat sekali,youtube,,,,,2026-06-15 23:29:10.563446,youtube,cdf4dabd6d4715ada42687eeb73854e9
BlO24liTpQ0,penjelasan_diabetes_mellitus,"Bagus sekali pembahasannya, jika anda ada yang mengalami penyakit diabetes, dan ingin sembuh secara cepat, kami memiliki produk obat herbal yang recomended, untuk lebih lengkapnya bisa kunjungi channel kami, sudah banyak kesaksian para konsumen yang sembuh dari berbagai penyakitnya.",0,2018-06-08 09:37:42+07:00,bagus sekali pembahasannya jika anda ada yang mengalami penyakit diabetes dan ingin sembuh secara cepat kami memiliki produk obat herbal yang recomended untuk lebih lengkapnya bisa kunjungi channel kami sudah banyak kesaksian para konsumen yang sembuh dari berbagai penyakitnya,youtube,,,,,2026-06-15 23:29:10.563446,youtube,bf42e14c5010d2ede9b8e744d9fee8b2
BlO24liTpQ0,penjelasan_diabetes_mellitus,"Dok, kenapa diabetes itu menyebabkan penurunan berat badan?",0,2018-06-06 15:42:56+07:00,dok kenapa diabetes itu menyebabkan penurunan berat badan,youtube,,,,,2026-06-15 23:29:10.563446,youtube,ecf1fe9aa66cf06e5b51b510f58c9f93
BlO24liTpQ0,penjelasan_diabetes_mellitus,"Dok, apakah kalo tipe 1 itu bisa lanjut ke tipe 2?",0,2018-06-06 04:12:00+07:00,dok apakah kalo tipe itu bisa lanjut ke tipe,youtube,,,,,2026-06-15 23:29:10.563446,youtube,ef2008ffde45690644643d1fc6543ba5
BlO24liTpQ0,penjelasan_diabetes_mellitus,Makasih dok,0,2018-06-05 18:13:35+07:00,makasih dok,youtube,,,,,2026-06-15 23:29:10.563446,youtube,4a7281e3c54aaf79a0b3cc1ca1e56ca2
BlO24liTpQ0,penjelasan_diabetes_mellitus,"Obat diabetes yg sudah dilakukan sm suamiku bisa dicek disini <a href=""https://www.youtube.com/watch?v=hzqmJJ6hYss"">https://youtu.be/hzqmJJ6hYss</a>",0,2018-06-02 08:48:53+07:00,obat diabetes yg sudah dilakukan sm suamiku bisa dicek disini,youtube,,,,,2026-06-15 23:29:10.563446,youtube,d7a224c25b6e3484647b1fbcdd22674a
BlO24liTpQ0,penjelasan_diabetes_mellitus,Kalo diabetes tipe 1 itu dari pola makan kah?,0,2018-05-29 13:37:32+07:00,kalo diabetes tipe itu dari pola makan kah,youtube,,,,,2026-06-15 23:29:10.563446,youtube,1465211776bf7fa234fc8a124894c103
BlO24liTpQ0,penjelasan_diabetes_mellitus,Dok kenapa penderita dm ada yang tidak bisa memiliki anak,1,2018-05-06 18:48:00+07:00,dok kenapa penderita dm ada yang tidak bisa memiliki anak,youtube,,,,,2026-06-15 23:29:10.563446,youtube,fff55e9f4b242702650de458474eff7c
BlO24liTpQ0,penjelasan_diabetes_mellitus,Saya mau nanya dok. 7bln yg lalu sya keguguran. Kandungan sya sudah 7 bln. Stelah di cek ternyata gula darah sya tinggi. Skarang sya masih menggunakan obat insulin. Kapn sya boleh hamil lg dok? Kalo saya hamil apa masih boleh menggunakn obat insulin?,0,2018-05-02 12:07:52+07:00,saya mau nanya dok bln yg lalu sya keguguran kandungan sya sudah bln stelah di cek ternyata gula darah sya tinggi skarang sya masih menggunakan obat insulin kapn sya boleh hamil lg dok kalo saya hamil apa masih boleh menggunakn obat insulin,youtube,,,,,2026-06-15 23:29:10.563446,youtube,d88ee7ea2f9acd5529bf85c23d5be2d7
BlO24liTpQ0,penjelasan_diabetes_mellitus,Diabetes basah atw kering akan menyebabkn gatal yah dok?,2,2018-05-01 09:39:44+07:00,diabetes basah atw kering akan menyebabkn gatal yah dok,youtube,,,,,2026-06-15 23:29:10.563446,youtube,e24f8f0d666c9cf2d720845270fb47d6
BlO24liTpQ0,penjelasan_diabetes_mellitus,Dok mau tanya apa manfaat minyak ikan dan gingseng bagi penderita diabetes .,0,2018-04-28 09:42:32+07:00,dok mau tanya apa manfaat minyak ikan dan gingseng bagi penderita diabetes,youtube,,,,,2026-06-15 23:29:10.563446,youtube,0352ae293b174ad36b707dbff61cbb8d
BlO24liTpQ0,penjelasan_diabetes_mellitus,Dok klu kadar gula yg normal tu brapa ? Mksh,0,2018-04-27 14:52:58+07:00,dok klu kadar gula yg normal tu brapa mksh,youtube,,,,,2026-06-15 23:29:10.563446,youtube,08bccbdfa56e67c4a5fede8ed8fc6744
BlO24liTpQ0,penjelasan_diabetes_mellitus,H h h dokter lucu..pcr g bkl bkin kncing mnis h h h,0,2018-04-11 19:13:07+07:00,h h h dokter lucupcr g bkl bkin kncing mnis h h h,youtube,,,,,2026-06-15 23:29:10.563446,youtube,e9beeed175037446e7653ab122339860
BlO24liTpQ0,penjelasan_diabetes_mellitus,Thanks Dokter,3,2018-04-04 00:05:33+07:00,thanks dokter,youtube,,,,,2026-06-15 23:29:10.563446,youtube,a7c5e635c26b047eba7f27b53f793680
BlO24liTpQ0,penjelasan_diabetes_mellitus,trmksh impo nya pak doktor,0,2018-04-03 14:37:55+07:00,trmksh impo nya pak doktor,youtube,,,,,2026-06-15 23:29:10.563446,youtube,37b5a3296a46d70ed1d8c6e98edd7117
BlO24liTpQ0,penjelasan_diabetes_mellitus,kata pak dokter yg di Malaysia ni kadar gula rendah tak payah cucuk cukup minum obat pagi same malam je,0,2018-04-03 14:36:06+07:00,kata pak dokter yg di malaysia ni kadar gula rendah tak payah cucuk cukup minum obat pagi same malam je,youtube,,,,,2026-06-15 23:29:10.563446,youtube,c3303f3c4c01618ada80514540c9af97
BlO24liTpQ0,penjelasan_diabetes_mellitus,MAAP pak doktor sy mau tanya ni kt doktor klu kencing manis tu tak blh MKN daging kerbau atau daging sapi apa beberapa ni pak,0,2018-04-03 14:34:10+07:00,maap pak doktor sy mau tanya ni kt doktor klu kencing manis tu tak blh mkn daging kerbau atau daging sapi apa beberapa ni pak,youtube,,,,,2026-06-15 23:29:10.563446,youtube,06391533387c2451ee4848864faeba92
BlO24liTpQ0,penjelasan_diabetes_mellitus,Makasih dok. Penjelasannya berguna untuk pelajaran biologi saya😂,2,2018-03-29 19:04:45+07:00,makasih dok penjelasannya berguna untuk pelajaran biologi saya,youtube,,,,,2026-06-15 23:29:10.563446,youtube,58dbc2b6d1ee0cb64e9ae062eccf7409
BlO24liTpQ0,penjelasan_diabetes_mellitus,Dok kl org di betes bleh gk mkn ceruk,0,2018-03-29 09:38:32+07:00,dok kl org di betes bleh gk mkn ceruk,youtube,,,,,2026-06-15 23:29:10.563446,youtube,bf5fa02bcced977579c11ffe325731d1
BlO24liTpQ0,penjelasan_diabetes_mellitus,dokter aku penderita diabet apa aku bisa inum madu dok TRIms dok,0,2018-03-28 14:21:46+07:00,dokter aku penderita diabet apa aku bisa inum madu dok trims dok,youtube,,,,,2026-06-15 23:29:10.563446,youtube,0c9492383db8a9da4243c9a7e334763b
BlO24liTpQ0,penjelasan_diabetes_mellitus,Dokter saya usia 32 tahun sy kena diabetes klw gula saya rendah ko kaki saya masih terasa kebas yah..tolong jelas kan yah dokter..terimakasih 😊,0,2018-03-18 21:00:42+07:00,dokter saya usia tahun sy kena diabetes klw gula saya rendah ko kaki saya masih terasa kebas yahtolong jelas kan yah dokterterimakasih,youtube,,,,,2026-06-15 23:29:10.563446,youtube,4e179b4f062d2304aa863dc6698d1fa0
BlO24liTpQ0,penjelasan_diabetes_mellitus,Makash dokter ilmunya sangat bermanfaat bagi banyak orang semiga tambah sukses,1,2018-02-15 20:57:09+07:00,makash dokter ilmunya sangat bermanfaat bagi banyak orang semiga tambah sukses,youtube,,,,,2026-06-15 23:29:10.563446,youtube,4d00a65ba9ff8cf0ead523d49be7e9c7
BlO24liTpQ0,penjelasan_diabetes_mellitus,Makash dokter anda banyak membabtu banyak orang yg belum tau ttng pentingnya jaga pola makan,10,2018-02-15 20:55:19+07:00,makash dokter anda banyak membabtu banyak orang yg belum tau ttng pentingnya jaga pola makan,youtube,,,,,2026-06-15 23:29:10.563446,youtube,bedf4ca29bc72385bb58f051779c2dd6
BlO24liTpQ0,penjelasan_diabetes_mellitus,Doktor br 2bl lalu anak sy tibah2badan ny kurus sy kira dia stres krn apa dia ud pangsiun tau2dia jatu dibawa krmh sakit doktr periksa krn gula tiggi 400 ud dirawat 1minggu turun250lebih.kira1mingu kmdian salit lg rawat lg lebih parah badan panas kg turun2kata doktr ad inpeksi lambug luka.knp ad gula bisa lambug luka panas kg turun bbrp hr meninggal yg sy mau tanya knp ad gula bisa luka lambung trm kasi sy minta jawaban,1,2018-11-01 21:37:05+07:00,doktor br bl lalu anak sy tibahbadan ny kurus sy kira dia stres krn apa dia ud pangsiun taudia jatu dibawa krmh sakit doktr periksa krn gula tiggi ud dirawat minggu turunlebihkiramingu kmdian salit lg rawat lg lebih parah badan panas kg turunkata doktr ad inpeksi lambug lukaknp ad gula bisa lambug luka panas kg turun bbrp hr meninggal yg sy mau tanya knp ad gula bisa luka lambung trm kasi sy minta jawaban,youtube,,,,,2026-06-15 23:29:10.563446,youtube,85a93943672ed865dd9b6535a3c7b91c
BlO24liTpQ0,penjelasan_diabetes_mellitus,@phangngiat8120 SALAM SATU ASPAL BOSSKU,0,2020-01-18 00:27:56+07:00,phangngiat salam satu aspal bossku,youtube,,,,,2026-06-15 23:29:10.563446,youtube,5cdf1f0d76c4659a3dab69bcfa7bb13f
BlO24liTpQ0,penjelasan_diabetes_mellitus,"Dokter,,berapa normal nya ukuran ter tinggi kadar gula untuk pagi hari,,buat orang yg punya penyakit diabetes",0,2018-02-05 17:48:58+07:00,dokterberapa normal nya ukuran ter tinggi kadar gula untuk pagi haribuat orang yg punya penyakit diabetes,youtube,,,,,2026-06-15 23:29:10.563446,youtube,ea0c32656ec9d31460db6078ba30686c
BlO24liTpQ0,penjelasan_diabetes_mellitus,bahas tentang penyakit prostat dong dok ...mksh,0,2018-01-29 13:56:21+07:00,bahas tentang penyakit prostat dong dok mksh,youtube,,,,,2026-06-15 23:29:10.563446,youtube,fd3e81720ad2a8c652deb95498b83957
BlO24liTpQ0,penjelasan_diabetes_mellitus,trima kasih Dokter ganteeng infonya ya Allah moga kebaikanya dapet balasan dari yg maha kuasa ...,0,2018-01-29 11:38:22+07:00,trima kasih dokter ganteeng infonya ya allah moga kebaikanya dapet balasan dari yg maha kuasa,youtube,,,,,2026-06-15 23:29:10.563446,youtube,ea7170348ff93de3c1acc1878ed35812
BlO24liTpQ0,penjelasan_diabetes_mellitus,"hllo dokter Saya penderita deabets dan kolestrol sudah 3 thn Gula daerah Saya terkadang mencapai 300 lebih terkadang 165<br>klo Gula daerah Saya nail Saya minum kayu manis apa itu bagus dok,? karena tidak Ada anjuran dari dokter Saya cuman menurut orang saja kata nya kayu manis bagus terima kasih dok<br>Salam hebat",0,2018-01-18 18:20:55+07:00,hllo dokter saya penderita deabets dan kolestrol sudah thn gula daerah saya terkadang mencapai lebih terkadang klo gula daerah saya nail saya minum kayu manis apa itu bagus dok karena tidak ada anjuran dari dokter saya cuman menurut orang saja kata nya kayu manis bagus terima kasih doksalam hebat,youtube,,,,,2026-06-15 23:29:10.563446,youtube,50c4d4f9340a4173b479c285a76c07c5
BlO24liTpQ0,penjelasan_diabetes_mellitus,"Halo kak..<br>Saya tiwi, partner kerja Dokter Sung.. Saya bantu jawab ya..<br>Usahakan untuk tidak makan &amp; minum yg manis..<br>Biasanya dokter Sung memberikan resep Rawmeal ke pasien2 yg terkena diabetes..<br>Kl bisa makan sayur mentah. Itu memperbaiki gula darah dan apalagi kolestrol kaka",1,2018-03-16 22:12:23+07:00,halo kaksaya tiwi partner kerja dokter sung saya bantu jawab yausahakan untuk tidak makan amp minum yg manisbiasanya dokter sung memberikan resep rawmeal ke pasien yg terkena diabeteskl bisa makan sayur mentah itu memperbaiki gula darah dan apalagi kolestrol kaka,youtube,,,,,2026-06-15 23:29:10.563446,youtube,58c0c50d443c7083c12803ddab3ac149
BlO24liTpQ0,penjelasan_diabetes_mellitus,Miss YouTuber maaf numpang tanya kenapa ya tanganku sereng kesemutan ples bantu jawab,0,2018-07-17 04:55:32+07:00,miss youtuber maaf numpang tanya kenapa ya tanganku sereng kesemutan ples bantu jawab,youtube,,,,,2026-06-15 23:29:10.563446,youtube,530e4026f2863d57931612ab72c22f69
BlO24liTpQ0,penjelasan_diabetes_mellitus,Tks dr sung utk smua info ttng kesehatan.,1,2018-01-13 13:51:20+07:00,tks dr sung utk smua info ttng kesehatan,youtube,,,,,2026-06-15 23:29:10.563446,youtube,ca6903b0cecb3dfad63ac3b57ed27639
BlO24liTpQ0,penjelasan_diabetes_mellitus,Apakah diabetes 2 bisa sembuh dok,1,2018-01-12 12:43:18+07:00,apakah diabetes bisa sembuh dok,youtube,,,,,2026-06-15 23:29:10.563446,youtube,33fd90fb62e50f72bb102c4d5ae5340f
BlO24liTpQ0,penjelasan_diabetes_mellitus,Bisa pak kalau pankreas udh normal,0,2018-01-27 08:30:54+07:00,bisa pak kalau pankreas udh normal,youtube,,,,,2026-06-15 23:29:10.563446,youtube,44bfd53d11edfeaff9fe9b17f53c4d46
BlO24liTpQ0,penjelasan_diabetes_mellitus,@omeeratv8353 maaf info yg sangat salah.diabetes tidak akan bisa sembuh tp hanya bisa dikontrol kadar gulanya😊😊,3,2018-10-08 12:03:56+07:00,omeeratv maaf info yg sangat salahdiabetes tidak akan bisa sembuh tp hanya bisa dikontrol kadar gulanya,youtube,,,,,2026-06-15 23:29:10.563446,youtube,2d1d509669e06b3f7c270c7327ab547c
BlO24liTpQ0,penjelasan_diabetes_mellitus,@nadina apa anda diabetes?.,0,2018-10-08 12:08:22+07:00,nadina apa anda diabetes,youtube,,,,,2026-06-15 23:29:10.563446,youtube,e97426e2d71c79d788367dafcf96d907
BlO24liTpQ0,penjelasan_diabetes_mellitus,"@zaramecca3190 klu anda penderita diabetes bilang gtu saya percaya brarti anda gkan sembuh, temen saya bnyk yg sembuh ko yg tdnya gula darah diatas 500mg kurus kering, skrg gemuk lg klu g prcaya saya kasih nomer hpnya.tanpa obat hba1c dibawah 5.7 penyembuhan 1tahun.",0,2018-10-08 13:30:29+07:00,zaramecca klu anda penderita diabetes bilang gtu saya percaya brarti anda gkan sembuh temen saya bnyk yg sembuh ko yg tdnya gula darah diatas mg kurus kering skrg gemuk lg klu g prcaya saya kasih nomer hpnyatanpa obat hbac dibawah penyembuhan tahun,youtube,,,,,2026-06-15 23:29:10.563446,youtube,e8462b920711a943ba188b52cb06a534
BlO24liTpQ0,penjelasan_diabetes_mellitus,"@omeeratv8353 gmna therapinya mas, ibu sy jg kdar gulanya tinggi,selain pengobatn berkala sy jg ksh terapi air alkali",0,2018-10-26 09:57:46+07:00,omeeratv gmna therapinya mas ibu sy jg kdar gulanya tinggiselain pengobatn berkala sy jg ksh terapi air alkali,youtube,,,,,2026-06-15 23:29:10.563446,youtube,505a9ed6486af597dbcdb33ae125b7c9
BlO24liTpQ0,penjelasan_diabetes_mellitus,"Dok mau tanya, kalau patofisiologi dari DM ke CKD sendiri itu jelasnya seperti apa ya? Apakah dapat disimpulkan, konsistensi darah pada penderita dm menjadi kental seperti air yg diberi gula? Dan apakah kapiler glomerulus mengalami kerusakan karena darah pasien dm yg kental itu atau bagaimana ya? Mohon jawabannya. Terimakasih sebelumnya",1,2018-01-12 11:18:25+07:00,dok mau tanya kalau patofisiologi dari dm ke ckd sendiri itu jelasnya seperti apa ya apakah dapat disimpulkan konsistensi darah pada penderita dm menjadi kental seperti air yg diberi gula dan apakah kapiler glomerulus mengalami kerusakan karena darah pasien dm yg kental itu atau bagaimana ya mohon jawabannya terimakasih sebelumnya,youtube,,,,,2026-06-15 23:29:10.563446,youtube,50685d4c61ffcdc7494a8e7fd65b60cf
BlO24liTpQ0,penjelasan_diabetes_mellitus,Terima kasih dokter sung,3,2018-01-08 21:22:14+07:00,terima kasih dokter sung,youtube,,,,,2026-06-15 23:29:10.563446,youtube,023d0d7b68fd6dcd258f7ded8728c759
BlO24liTpQ0,penjelasan_diabetes_mellitus,Thanks doctor semua video doctor banyak manfaat nya,10,2018-01-07 21:23:25+07:00,thanks doctor semua video doctor banyak manfaat nya,youtube,,,,,2026-06-15 23:29:10.563446,youtube,2d1870dc6d739007fe16aa3696b0d5e4
BlO24liTpQ0,penjelasan_diabetes_mellitus,Nelly Santy,0,2018-04-05 10:18:18+07:00,nelly santy,youtube,,,,,2026-06-15 23:29:10.563446,youtube,76eaf8e1ad775e6a448839d73969bf93
BlO24liTpQ0,penjelasan_diabetes_mellitus,Terimakasih dokter atas penjelasan nya,1,2018-01-07 19:07:53+07:00,terimakasih dokter atas penjelasan nya,youtube,,,,,2026-06-15 23:29:10.563446,youtube,17d86c882e03e42dca8a388708467339
BlO24liTpQ0,penjelasan_diabetes_mellitus,Thanks Dr Sung... videonya sangat bermanfaat 👍🙏,3,2018-01-07 08:21:06+07:00,thanks dr sung videonya sangat bermanfaat,youtube,,,,,2026-06-15 23:29:10.563446,youtube,a3ba6e4110131afffe50fa18f215a06a
BlO24liTpQ0,penjelasan_diabetes_mellitus,Terimakasih dok vidionya bermanfaat sekali👍👍👍👍👍👍,2,2018-01-06 22:29:18+07:00,terimakasih dok vidionya bermanfaat sekali,youtube,,,,,2026-06-15 23:29:10.563446,youtube,cdcd836afc658ebda3027f5551781413
BlO24liTpQ0,penjelasan_diabetes_mellitus,"Terimakasih dr sung, sangat bermanfaat untuk komunitas diet sy.",9,2018-01-05 12:27:27+07:00,terimakasih dr sung sangat bermanfaat untuk komunitas diet sy,youtube,,,,,2026-06-15 23:29:10.563446,youtube,74a9ad6d257964f4d2e4a6676a691cdd
BlO24liTpQ0,penjelasan_diabetes_mellitus,mau tanya dok bagaimana cara menurunkan kadar kolesterol dlm tubuh tanpa obat obatan trimakasih,0,2018-01-05 10:59:48+07:00,mau tanya dok bagaimana cara menurunkan kadar kolesterol dlm tubuh tanpa obat obatan trimakasih,youtube,,,,,2026-06-15 23:29:10.563446,youtube,0aeada0976a7abad8f0017d365d719ac
BlO24liTpQ0,penjelasan_diabetes_mellitus,"bintang bintang <br>Bawang putih, jahe, lemon di blender... Hbs itu di masak. Setelah itu campur madu dan cukap apel. Aduk sampai rata.. Lalu di saring airnya... Di minum setengah gelas tiap hari. Kolestrol saya 225 turun ke 165 setelah sebulan konsumsi. Sekedar sharing.",0,2018-01-05 19:53:21+07:00,bintang bintang bawang putih jahe lemon di blender hbs itu di masak setelah itu campur madu dan cukap apel aduk sampai rata lalu di saring airnya di minum setengah gelas tiap hari kolestrol saya turun ke setelah sebulan konsumsi sekedar sharing,youtube,,,,,2026-06-15 23:29:10.563446,youtube,30d0e9f16345d4cd3701f728b8de52bd
BlO24liTpQ0,penjelasan_diabetes_mellitus,bintang bintang konsumsi Vitayang Bekatul Beras Merah setelah selesai makan siang 2kapsul dan makan malam 2kapsul.,0,2018-01-06 17:26:43+07:00,bintang bintang konsumsi vitayang bekatul beras merah setelah selesai makan siang kapsul dan makan malam kapsul,youtube,,,,,2026-06-15 23:29:10.563446,youtube,131e8f4cf69cf8d6f0fd6e8a67fb7292
BlO24liTpQ0,penjelasan_diabetes_mellitus,Dok<br>Dari turunan orang tua bisa,0,2018-01-04 21:58:50+07:00,dokdari turunan orang tua bisa,youtube,,,,,2026-06-15 23:29:10.563446,youtube,3f12fa0075f7b0ef9501dededa177ea9
BlO24liTpQ0,penjelasan_diabetes_mellitus,"Malem dok , mau tanya kalo migrain itu penyebabnya apa ya ? Dan solusinya bagaimana ? Soalnya sy baru 17th , tapi migrain sy sering sekali kambuh mendadak di saat tak terduga( saat&quot; penting sy ) mohon solusinya kak , terimakasii",8,2018-01-04 18:32:56+07:00,malem dok mau tanya kalo migrain itu penyebabnya apa ya dan solusinya bagaimana soalnya sy baru th tapi migrain sy sering sekali kambuh mendadak di saat tak terduga saatquot penting sy mohon solusinya kak terimakasii,youtube,,,,,2026-06-15 23:29:10.563446,youtube,1ace3ef3a0e969b3ff26d0176c578471
BlO24liTpQ0,penjelasan_diabetes_mellitus,"Sang Ayu sudah pernah coba Detox? Biasanya ciri2 tubuh yg overload toxin itu gampang migrain, sariawan, flu, gatal-gatal di kulit, sakit kepala, susah tidur, sembelit dll.",0,2018-01-05 08:56:02+07:00,sang ayu sudah pernah coba detox biasanya ciri tubuh yg overload toxin itu gampang migrain sariawan flu gatalgatal di kulit sakit kepala susah tidur sembelit dll,youtube,,,,,2026-06-15 23:29:10.563446,youtube,074e0e74836429bfff0216099958d528
BlO24liTpQ0,penjelasan_diabetes_mellitus,"salam hebat luar biasa Doctor Shung,dari china nyimak...xie xie ni...🙏🙏🙏🙏💪💪💪💪💪💪💪👍👍👍👍👍💖💖💖💖",1,2018-01-04 16:39:51+07:00,salam hebat luar biasa doctor shungdari china nyimakxie xie ni,youtube,,,,,2026-06-15 23:29:10.563446,youtube,841a4c4c14829218851953875f7eb336
BlO24liTpQ0,penjelasan_diabetes_mellitus,untuk flek hitam yg bandel gimana docter,0,2018-01-04 16:14:01+07:00,untuk flek hitam yg bandel gimana docter,youtube,,,,,2026-06-15 23:29:10.563446,youtube,13cf4c315fc151d6dbe1922f13570635
BlO24liTpQ0,penjelasan_diabetes_mellitus,"Ani Yani halo bu Ani, untuk membantu permasalahan pigmentasi atau flek diwajah. Dibantu dengan produk perawatan wajah BeautyZen O2xy face cream.",0,2018-01-05 08:53:03+07:00,ani yani halo bu ani untuk membantu permasalahan pigmentasi atau flek diwajah dibantu dengan produk perawatan wajah beautyzen oxy face cream,youtube,,,,,2026-06-15 23:29:10.563446,youtube,f18db40d8b2c770e59d837e49c7cc688
BlO24liTpQ0,penjelasan_diabetes_mellitus,"Slm sejah tera pak dokter, pak saya mau tanya apa benar nasi yang dismpn / dipanaskan dlm rice cooker lebih dari 12 jam akan berubah menjadi racun (mengandungi racun) dan menjadi pemicu diabetes, terima kasih dok saya tunggu jwbnya.",0,2018-01-04 13:24:39+07:00,slm sejah tera pak dokter pak saya mau tanya apa benar nasi yang dismpn dipanaskan dlm rice cooker lebih dari jam akan berubah menjadi racun mengandungi racun dan menjadi pemicu diabetes terima kasih dok saya tunggu jwbnya,youtube,,,,,2026-06-15 23:29:10.563446,youtube,556b913ae9ccb5bdd079776fa672dc26
BlO24liTpQ0,penjelasan_diabetes_mellitus,"Wowwwww,,,,good info thanks lot doctor and god will bless you 👍👍👍👍👍😁",1,2018-01-04 13:00:00+07:00,wo info thanks lot doctor and god will bless you,youtube,,,,,2026-06-15 23:29:10.563446,youtube,d8a900ce5eb6aa5ca59a2a3301676d6d
BlO24liTpQ0,penjelasan_diabetes_mellitus,Dok kalau manis dari buah2an gimana ? misalnya makan melon yg manis.. semangka yg manis.. gimana kandungan gulanya terhadap tubuh kita ? Trims banyak2 Dok,2,2018-01-04 12:29:30+07:00,dok kalau manis dari buahan gimana misalnya makan melon yg manis semangka yg manis gimana kandungan gulanya terhadap tubuh kita trims banyak dok,youtube,,,,,2026-06-15 23:29:10.563446,youtube,1ccefd3f142f8da3da57fdd20ce8aba7
BlO24liTpQ0,penjelasan_diabetes_mellitus,"Kalau buah-buahan kan manisnya manis alami, tapi ada juga pedagang yang tidak jujur misal buahnya menggunakan pemanis buatan dengan cara disuntikkan. Jadi memang harus berhati-hati, pilih sayuran dan buah organik.",1,2020-04-29 19:06:52+07:00,kalau buahbuahan kan manisnya manis alami tapi ada juga pedagang yang tidak jujur misal buahnya menggunakan pemanis buatan dengan cara disuntikkan jadi memang harus berhatihati pilih sayuran dan buah organik,youtube,,,,,2026-06-15 23:29:10.563446,youtube,5553cc5f101f3ce1d139f282b119fa8d
BlO24liTpQ0,penjelasan_diabetes_mellitus,Pembahasan ini yg sy tunggu...thx,1,2018-01-04 10:06:28+07:00,pembahasan ini yg sy tungguthx,youtube,,,,,2026-06-15 23:29:10.563446,youtube,f14f4321e36669376e4a174a329845b3
BlO24liTpQ0,penjelasan_diabetes_mellitus,Terimakasih dok Sung untuk pencerahannya,6,2018-01-04 10:03:55+07:00,terimakasih dok sung untuk pencerahannya,youtube,,,,,2026-06-15 23:29:10.563446,youtube,7068377133a59f2af3f3bd8eb1545bfc
BlO24liTpQ0,penjelasan_diabetes_mellitus,Thanks u Daokter...,6,2018-01-04 09:15:41+07:00,thanks u daokter,youtube,,,,,2026-06-15 23:29:10.563446,youtube,b084213bed6e6ede6ed281a477e857e5
BlO24liTpQ0,penjelasan_diabetes_mellitus,slm dok ya dok benar itu,1,2018-01-04 02:46:07+07:00,slm dok ya dok benar itu,youtube,,,,,2026-06-15 23:29:10.563446,youtube,a0a87cdf16b8fa4a22b85cf435b9864e
BlO24liTpQ0,penjelasan_diabetes_mellitus,Sangat bermanfaat..,0,2018-01-04 02:29:44+07:00,sangat bermanfaat,youtube,,,,,2026-06-15 23:29:10.563446,youtube,ba16a97db10fda0277d288a1a6a67300
BlO24liTpQ0,penjelasan_diabetes_mellitus,Trima kasih Dr Sung sungguh sangat bermanfaat ilmu2 nya,1,2018-01-03 21:43:28+07:00,trima kasih dr sung sungguh sangat bermanfaat ilmu nya,youtube,,,,,2026-06-15 23:29:10.563446,youtube,28e18a030872bf5a76cd5095ab8cd43b
BlO24liTpQ0,penjelasan_diabetes_mellitus,Dok kalau misal suami kena diabetes trus hubanga ma istri .klo istri hamil apakah istri n anak juga kena diabetes.makasih info nya,0,2018-01-03 21:19:21+07:00,dok kalau misal suami kena diabetes trus hubanga ma istri klo istri hamil apakah istri n anak juga kena diabetesmakasih info nya,youtube,,,,,2026-06-15 23:29:10.563446,youtube,df663dc5960845ee8c106fa9ccaa0f43
BlO24liTpQ0,penjelasan_diabetes_mellitus,Ana Ayi Ana ...nggak lah boss Aku Juga Di Tempat Kerja suaminya punya penyakit diabetes. ..Istri dn Anak nya sehat sehat aja Ko. .diabetes bukan penyakit menular Ko,0,2018-01-04 09:10:29+07:00,ana ayi ana nggak lah boss aku juga di tempat kerja suaminya punya penyakit diabetes istri dn anak nya sehat sehat aja ko diabetes bukan penyakit menular ko,youtube,,,,,2026-06-15 23:29:10.563446,youtube,981236f4ac1400d953abc1facdaf6a1d
BlO24liTpQ0,penjelasan_diabetes_mellitus,Ana Ayi Ana di herbal de nature aja hub.<br>Wa : 0821 3427 3684,0,2018-02-03 16:19:38+07:00,ana ayi ana di herbal de nature aja hubwa,youtube,,,,,2026-06-15 23:29:10.563446,youtube,de6f6dd624761112b6506574202ec32d
BlO24liTpQ0,penjelasan_diabetes_mellitus,Like. .Dokter sellu mengikuti YouTube video Anda 👍👍,2,2018-01-03 20:49:26+07:00,like dokter sellu mengikuti youtube video anda,youtube,,,,,2026-06-15 23:29:10.563446,youtube,52e8de06f8d73f2be94b364ddc24958d
BlO24liTpQ0,penjelasan_diabetes_mellitus,sy suka cek gula darah dok..pagi bangun tdr biasanya 110 skg 165 ap sy sdh kena diabetes dok..trimakasih ats jwb nya,1,2018-01-03 20:35:21+07:00,sy suka cek gula darah dokpagi bangun tdr biasanya skg ap sy sdh kena diabetes doktrimakasih ats jwb nya,youtube,,,,,2026-06-15 23:29:10.563446,youtube,daf97df8486413afc190f883f2867245
BlO24liTpQ0,penjelasan_diabetes_mellitus,"heniya sutoyo kalau gula darah puasa segitu itu udh diabetes bu, tinggal diet aja bu kecilin perut, makan teratur",0,2018-01-27 08:29:23+07:00,heniya sutoyo kalau gula darah puasa segitu itu udh diabetes bu tinggal diet aja bu kecilin perut makan teratur,youtube,,,,,2026-06-15 23:29:10.563446,youtube,dce1e3a8c4abe1c1e9bbad70c354cd6f
BlO24liTpQ0,penjelasan_diabetes_mellitus,Reno Tomcat owh.gitu ya..mknan ap yg g blh d mkn,0,2018-01-27 08:38:32+07:00,reno tomcat owhgitu yamknan ap yg g blh d mkn,youtube,,,,,2026-06-15 23:29:10.563446,youtube,eb713f4bc8537038e0cced866e8da388
BlO24liTpQ0,penjelasan_diabetes_mellitus,"Makan sayur&quot;an aja, jgn makan buah&quot;an,makan buah&quot;an ganti am buncis n tomat, apa ibu sering berkemih, sering haus dan merasa lapar?",1,2018-01-28 06:07:16+07:00,makan sayurquotan aja jgn makan buahquotanmakan buahquotan ganti am buncis n tomat apa ibu sering berkemih sering haus dan merasa lapar,youtube,,,,,2026-06-15 23:29:10.563446,youtube,999747fc83ba919c5c0d2f0327b27c1f
BlO24liTpQ0,penjelasan_diabetes_mellitus,Reno Tomcat owh g blh mkn buah ya..sy klo mlm kencing nya sekali aj ..ga pernah lapar jg dok..tp skg sy diet g mkn nasi putih mkn sayuran aj sm buah..blh ga mkn kiwi dok atau alpukat..mksih dok,0,2018-01-28 06:15:41+07:00,reno tomcat owh g blh mkn buah yasy klo mlm kencing nya sekali aj ga pernah lapar jg doktp skg sy diet g mkn nasi putih mkn sayuran aj sm buahblh ga mkn kiwi dok atau alpukatmksih dok,youtube,,,,,2026-06-15 23:29:10.563446,youtube,6209877abb198fd1fe1bb6a8e4a74957
BlO24liTpQ0,penjelasan_diabetes_mellitus,"Gpp makan nasi tp ganti sm nasi merah, perbanyak makan sayuran hijau, tiap bangun tidur minum air hangat lgsg olah raga, makan setiap 6jam, kalau sarapan pagi jam 6 berarti makan siang jam 12, makan sore jam 18.00,.berhenti ngemil, mengunyah makanan hrs lembut 32x biar pencernaan g bekerja extra",0,2018-01-28 09:09:25+07:00,gpp makan nasi tp ganti sm nasi merah perbanyak makan sayuran hijau tiap bangun tidur minum air hangat lgsg olah raga makan setiap jam kalau sarapan pagi jam berarti makan siang jam makan sore jam berhenti ngemil mengunyah makanan hrs lembut x biar pencernaan g bekerja extra,youtube,,,,,2026-06-15 23:29:10.563446,youtube,ff5530b061a63df946ef1769c8b88061
BlO24liTpQ0,penjelasan_diabetes_mellitus,Thanks ilmunya dok...😍😍😍,1,2018-01-03 20:27:02+07:00,thanks ilmunya dok,youtube,,,,,2026-06-15 23:29:10.563446,youtube,b91128271a952a4620add9d0ad28e926
BlO24liTpQ0,penjelasan_diabetes_mellitus,Sangat bermanfaat,0,2018-01-03 20:18:00+07:00,sangat bermanfaat,youtube,,,,,2026-06-15 23:29:10.563446,youtube,815b897c330eb37cd250655065e60fd3
BlO24liTpQ0,penjelasan_diabetes_mellitus,"Met mlm dok, tolong donk regues resdung/ingus yg ada baunya dan gak sembuh2,<br>Makasih dok,tak tunggu video selanjutnya..<br>Salam sehat luar biasa",1,2018-01-03 19:34:14+07:00,met mlm dok tolong donk regues resdungingus yg ada baunya dan gak sembuhmakasih doktak tunggu video selanjutnyasalam sehat luar biasa,youtube,,,,,2026-06-15 23:29:10.563446,youtube,e57ef11c0e684c7c31d37c4730dd4943
BlO24liTpQ0,penjelasan_diabetes_mellitus,"娜 娜 warna hijau...<br>Belum klo ke tht, klo kedokter udah 4x blm sembuh sampai sekarang,",0,2018-01-03 21:02:07+07:00,娜 娜 warna hijaubelum klo ke tht klo kedokter udah x blm sembuh sampai sekarang,youtube,,,,,2026-06-15 23:29:10.563446,youtube,3f7c78524871d36a19341c7ec8a1cfbc
BlO24liTpQ0,penjelasan_diabetes_mellitus,"娜 娜 makasih atas infonya,<br>Mungkin entar sore, soale melaren tutup tahun baru",0,2018-01-04 12:24:41+07:00,娜 娜 makasih atas infonyamungkin entar sore soale melaren tutup tahun baru,youtube,,,,,2026-06-15 23:29:10.563446,youtube,9eb56e1f5ea40b65f3a455cc6ea49ee8
BlO24liTpQ0,penjelasan_diabetes_mellitus,"Aminovita Ami .klw sudah bau terkena sinusitis,temen ku juga begitu trus menerus beringus dan ingus nya bau bacin.",1,2018-01-10 11:31:48+07:00,aminovita ami klw sudah bau terkena sinusitistemen ku juga begitu trus menerus beringus dan ingus nya bau bacin,youtube,,,,,2026-06-15 23:29:10.563446,youtube,a5c898fcd9ba27fb6386f941c75ce56d
BlO24liTpQ0,penjelasan_diabetes_mellitus,"Aminovita Ami .hrus rutin minum obat pling lama 6 bln bsa sembuh,semoga sembuh lebih cepat ya mba Amiin.",1,2018-01-10 11:32:57+07:00,aminovita ami hrus rutin minum obat pling lama bln bsa sembuhsemoga sembuh lebih cepat ya mba amiin,youtube,,,,,2026-06-15 23:29:10.563446,youtube,83f3e8d0e65e99b72974c42b32bf1fd1
BlO24liTpQ0,penjelasan_diabetes_mellitus,"Nita Maya amin...<br>Makasih ya, sarannya",0,2018-01-10 19:04:12+07:00,nita maya aminmakasih ya sarannya,youtube,,,,,2026-06-15 23:29:10.563446,youtube,5afc5c7575f2e137bb21aab3d9f3ddb6
BlO24liTpQ0,penjelasan_diabetes_mellitus,"dok, tolong bahas mengenai darah tinggi (hipertensi) . terimakasih.",5,2018-01-03 19:24:37+07:00,dok tolong bahas mengenai darah tinggi hipertensi terimakasih,youtube,,,,,2026-06-15 23:29:10.563446,youtube,e27573a2768b368676495264aa77e07d
BlO24liTpQ0,penjelasan_diabetes_mellitus,Dok suntik insulin boleh dilakukan untuk orang sehat tidak? Untuk mencegah diabet,0,2018-01-03 19:14:35+07:00,dok suntik insulin boleh dilakukan untuk orang sehat tidak untuk mencegah diabet,youtube,,,,,2026-06-15 23:29:10.563446,youtube,b31b1c66a07d11644dc87afaa891f739
BlO24liTpQ0,penjelasan_diabetes_mellitus,Adimas Panji ..jangan. .karena suntik ansulin Itu husus Untuk yg sakit diabetes aja. ..kalu mencegah Supaya Gak kena diabetes jangan Makan Yg manis manis Makan Yg Gula Gula harus Di kurangi. .dn Makan nasi pun harus Di kurangi karena nasi Itu Yg paling bahaya Untuk Orang Yg diabetes ...,0,2018-01-04 09:17:12+07:00,adimas panji jangan karena suntik ansulin itu husus untuk yg sakit diabetes aja kalu mencegah supaya gak kena diabetes jangan makan yg manis manis makan yg gula gula harus di kurangi dn makan nasi pun harus di kurangi karena nasi itu yg paling bahaya untuk orang yg diabetes,youtube,,,,,2026-06-15 23:29:10.563446,youtube,845c5ede93bfe892bf337bcb191fbdfb
BlO24liTpQ0,penjelasan_diabetes_mellitus,yuli Yanti ohh iya makasih infonnya,0,2018-01-04 09:19:14+07:00,yuli yanti ohh iya makasih infonnya,youtube,,,,,2026-06-15 23:29:10.563446,youtube,0e90d18fb29975d2873abe704b376026
BlO24liTpQ0,penjelasan_diabetes_mellitus,Makasih ya dok...penjelassanya...,1,2018-01-03 19:14:05+07:00,makasih ya dokpenjelassanya,youtube,,,,,2026-06-15 23:29:10.563446,youtube,114a57a2db2e10aa24c194470a9dc940
BlO24liTpQ0,penjelasan_diabetes_mellitus,Thanks Dr 😍👏,2,2018-01-03 19:13:32+07:00,thanks dr,youtube,,,,,2026-06-15 23:29:10.563446,youtube,c6d7f6fe25c590040fca7fda3123d87e
BlO24liTpQ0,penjelasan_diabetes_mellitus,🖒🖒🖒<br>Food is medicine 🥑🥝🍊🍈🍇🍅🌽🥒🍄🥕,2,2018-01-03 19:06:44+07:00,food is medicine,youtube,,,,,2026-06-15 23:29:10.563446,youtube,d8a341e7d1efeeda6d24ffb53ecc87d3
BlO24liTpQ0,penjelasan_diabetes_mellitus,Farida Zoet you are right,0,2018-01-04 17:59:43+07:00,farida zoet you are right,youtube,,,,,2026-06-15 23:29:10.563446,youtube,d6a5f810a1a32be780477e29961c3c0a
BlO24liTpQ0,penjelasan_diabetes_mellitus,"Yes, tepat sekali. Ubah pola makan yang baik dengan konsumsi buah dan sayuran.",1,2018-07-31 16:18:21+07:00,yes tepat sekali ubah pola makan yang baik dengan konsumsi buah dan sayuran,youtube,,,,,2026-06-15 23:29:10.563446,youtube,2c5e31b8973e4de3597fb4ae3ed3f6d7
BlO24liTpQ0,penjelasan_diabetes_mellitus,Trimakasih doctor 😊,1,2018-01-03 19:04:35+07:00,trimakasih doctor,youtube,,,,,2026-06-15 23:29:10.563446,youtube,0b104eacde739d9643697776ec3c8933
BlO24liTpQ0,penjelasan_diabetes_mellitus,makasih dok,0,2018-01-03 18:53:34+07:00,makasih dok,youtube,,,,,2026-06-15 23:29:10.563446,youtube,bbc0a43ee8fb3908d68f2d1e43e57a71
BlO24liTpQ0,penjelasan_diabetes_mellitus,Thank you dokter,1,2018-01-03 18:37:08+07:00,thank you dokter,youtube,,,,,2026-06-15 23:29:10.563446,youtube,1b5ddb1605d578b878c15a44fbb2fb4e
BlO24liTpQ0,penjelasan_diabetes_mellitus,"Masa bercinta Semuanya manis,<br>Baru kawin Lagilah manis, <br>Punya anak pengalaman paaaling manis. <br>Kalau dah tua yg tinggal ya...<br><br> KENCING MANIS... 😉",8,2018-01-03 18:36:42+07:00,masa bercinta semuanya manisbaru kawin lagilah manis punya anak pengalaman paaaling manis kalau dah tua yg tinggal ya kencing manis,youtube,,,,,2026-06-15 23:29:10.563446,youtube,a0aa695086ac5bd182a412e8a630e5da
BlO24liTpQ0,penjelasan_diabetes_mellitus,Kusniah Bt Kadini Sarkawi 😄😄😄😂😂😂😂😂,1,2018-01-04 02:28:42+07:00,kusniah bt kadini sarkawi,youtube,,,,,2026-06-15 23:29:10.563446,youtube,3b93a70dd21e649eefe0ef0eaa833a5e
BlO24liTpQ0,penjelasan_diabetes_mellitus,memona miyss <br>Biasa atuh say ketawanya.. 😁😁,0,2018-01-04 06:50:08+07:00,memona miyss biasa atuh say ketawanya,youtube,,,,,2026-06-15 23:29:10.563446,youtube,2000457a186594c70768d091a7de972d
BlO24liTpQ0,penjelasan_diabetes_mellitus,Kusniah Bt Kadini Sarkawi r,0,2018-07-10 08:55:01+07:00,kusniah bt kadini sarkawi r,youtube,,,,,2026-06-15 23:29:10.563446,youtube,09d3a09478054ddbaea61225230e375e
BlO24liTpQ0,penjelasan_diabetes_mellitus,"mksh dok..atas ilmuny,, bagi link ny dok..sya mau",1,2018-01-03 18:33:05+07:00,mksh dokatas ilmuny bagi link ny doksya mau,youtube,,,,,2026-06-15 23:29:10.563446,youtube,eea043e98b68781953e1441a030269ea
BlO24liTpQ0,penjelasan_diabetes_mellitus,"Inti sehat : rajin olah raga (3-4x/minggu minimal &amp; sktr 30 memit tread mill ),jaga mulut (makan apa yg d butuhkan oleh tubuh bukan yg di maui oleh tubuh)",53,2018-01-03 18:30:33+07:00,inti sehat rajin olah raga xminggu minimal amp sktr memit tread mill jaga mulut makan apa yg d butuhkan oleh tubuh bukan yg di maui oleh tubuh,youtube,,,,,2026-06-15 23:29:10.563446,youtube,e1fbd61591c09f6dc291eb0677ace854
BlO24liTpQ0,penjelasan_diabetes_mellitus,Makasih banyak ilmunya dok..👍👍,1,2018-01-03 18:23:55+07:00,makasih banyak ilmunya dok,youtube,,,,,2026-06-15 23:29:10.563446,youtube,c2856d5c0832fcdf1d674072e9192b66
BlO24liTpQ0,penjelasan_diabetes_mellitus,trimakasih dokter sung<br>sangat bermanfaat,3,2018-01-03 18:22:23+07:00,trimakasih dokter sungsangat bermanfaat,youtube,,,,,2026-06-15 23:29:10.563446,youtube,f83cef35d00577852b5629d2c0ab4d6f
dDoFJXv5Z2g,jenis_diabetes_tipe1_dan_tipe2,Yg kena diabetes tinjanya seperti tinja kambing satu2 bulat,1,2024-11-15 18:34:24+07:00,yg kena diabetes tinjanya seperti tinja kambing satu bulat,youtube,,,,,2026-06-15 23:29:10.563446,youtube,d2a026921f0afce30e59163435ae6b1e
dDoFJXv5Z2g,jenis_diabetes_tipe1_dan_tipe2,Jumlah gatis lurus | yang me mitar ke kiri dan ke kanan jumlah nya ber beda,0,2024-10-25 23:41:32+07:00,jumlah gatis lurus yang me mitar ke kiri dan ke kanan jumlah nya ber beda,youtube,,,,,2026-06-15 23:29:10.563446,youtube,60c801c3571cb04af2f220f00b57d9e4
dDoFJXv5Z2g,jenis_diabetes_tipe1_dan_tipe2,"Lingkaran o di dalam lingkaran o ada garis lurus | membentuk lingkaran o me mutar ke kiri dan di dalam garis lurus | membentuk o yang me mutar ke kiri ada lagi garis lurus | mem bentuk lingkaran me mutar ke kanan seperti arus bolak balik di dalam sebuah o jarak, panjang, tebal,kecepatan dan di luar lingkaran sebelah kanan bawah ada garis miring mengarah ke 18 menit dan warna berwarna hijau seperti warna hijau pada bola mata film hulk",0,2024-10-25 23:39:54+07:00,lingkaran o di dalam lingkaran o ada garis lurus membentuk lingkaran o me mutar ke kiri dan di dalam garis lurus membentuk o yang me mutar ke kiri ada lagi garis lurus mem bentuk lingkaran me mutar ke kanan seperti arus bolak balik di dalam sebuah o jarak panjang tebalkecepatan dan di luar lingkaran sebelah kanan bawah ada garis miring mengarah ke menit dan warna berwarna hijau seperti warna hijau pada bola mata film hulk,youtube,,,,,2026-06-15 23:29:10.563446,youtube,d077c7467eb4a04a53dff3901786daeb
dDoFJXv5Z2g,jenis_diabetes_tipe1_dan_tipe2,"IDDM dan NIDDM,Gestasional untuk perempuan saat hamil saja! Saya berdamai dengan DM TYPE 2 NIDDM tapi saya pakai flexipen Novorapid semuanya baik baik saja saja,sekarang usiaku 57 thn,kena DM type 2 sejak thb 2004,mata normal,luka cepat kering!",1,2024-06-10 14:32:41+07:00,iddm dan niddmgestasional untuk perempuan saat hamil saja saya berdamai dengan dm type niddm tapi saya pakai flexipen novorapid semuanya baik baik saja sajasekarang usiaku thnkena dm type sejak thb mata normalluka cepat kering,youtube,,,,,2026-06-15 23:29:10.563446,youtube,13a0fe72cdf8d6284022a79b20b5a8e1
dDoFJXv5Z2g,jenis_diabetes_tipe1_dan_tipe2,Kesini ada tugas😅,0,2024-02-10 11:25:42+07:00,kesini ada tugas,youtube,,,,,2026-06-15 23:29:10.563446,youtube,def60a7b996a2f3dd96f45a0a454d524
dDoFJXv5Z2g,jenis_diabetes_tipe1_dan_tipe2,Kenapa kaki saya terasaa kesemutan dan tertusuk jarum udah 2 hari 😢,0,2023-12-03 08:46:43+07:00,kenapa kaki saya terasaa kesemutan dan tertusuk jarum udah hari,youtube,,,,,2026-06-15 23:29:10.563446,youtube,82e1ade71ac0d28e618559dc8d0beaf1
dDoFJXv5Z2g,jenis_diabetes_tipe1_dan_tipe2,Cek gula lebih baik,0,2024-03-12 18:40:41+07:00,cek gula lebih baik,youtube,,,,,2026-06-15 23:29:10.563446,youtube,95bc8cf6e6d9bc315521b2541042dc27
dDoFJXv5Z2g,jenis_diabetes_tipe1_dan_tipe2,kasih super Tetra langsung kering 3 hari,1,2023-11-22 19:14:52+07:00,kasih super tetra langsung kering hari,youtube,,,,,2026-06-15 23:29:10.563446,youtube,8a51ee2ad2717994b564513c99497744
dDoFJXv5Z2g,jenis_diabetes_tipe1_dan_tipe2,Terimakasihbykinfonyasemogabermanfaataminyarobalallamin,0,2023-10-23 16:24:50+07:00,terimakasihbykinfonyasemogabermanfaataminyarobalallamin,youtube,,,,,2026-06-15 23:29:10.563446,youtube,91058b01ad92c6934a0903773ca0afb8
dDoFJXv5Z2g,jenis_diabetes_tipe1_dan_tipe2,"Makasih infonya, bermanfaat bgt",0,2023-09-03 23:48:38+07:00,makasih infonya bermanfaat bgt,youtube,,,,,2026-06-15 23:29:10.563446,youtube,52b6d4d68fdda15e041bda3be556dd4d
dDoFJXv5Z2g,jenis_diabetes_tipe1_dan_tipe2,Tidak boleh minum obat nanti jadi penyakit,1,2023-09-01 03:52:41+07:00,tidak boleh minum obat nanti jadi penyakit,youtube,,,,,2026-06-15 23:29:10.563446,youtube,69efe5f702308557a5ebcaf621a5d9a2
dDoFJXv5Z2g,jenis_diabetes_tipe1_dan_tipe2,Saya waktu tgl 17 ikut lomba trs lecet dan luka gak smbuh2 ampe sekarang tapi saya cek gula darah saya cuma 97 apa kah saya terkena diabetes,0,2023-08-31 13:43:52+07:00,saya waktu tgl ikut lomba trs lecet dan luka gak smbuh ampe sekarang tapi saya cek gula darah saya cuma apa kah saya terkena diabetes,youtube,,,,,2026-06-15 23:29:10.563446,youtube,8cae580fa4ac4bda24b5b6ba1e3139f5
dDoFJXv5Z2g,jenis_diabetes_tipe1_dan_tipe2,Saya juga ni .awal terkena pohon pakis yg kering ...udah 10 hari belum kring kering ..biasanya 5 hari udah kering 😢,0,2023-09-03 06:52:31+07:00,saya juga ni awal terkena pohon pakis yg kering udah hari belum kring kering biasanya hari udah kering,youtube,,,,,2026-06-15 23:29:10.563446,youtube,1a7ecd633088d6371afd4a6c456521d1
dDoFJXv5Z2g,jenis_diabetes_tipe1_dan_tipe2,"lagi butuh banget saran solusi sumpah stres bnget nih,saya lagi ngerasaan gatal luka di dekat mata kaki,awal timbulnya pertama bentol kecil trs saya garuk sampe kulit nya saya cabutin smpe mengelupas,trs makin hari makin lebar karena saya lupasin kulitnya😭,saya diamkan udh mau sebulan eh kmren saya paranas dingin karena efek sakit d kaki sampe ga bisa jalan sakit banget nih,trs tadi pagi saya berobat ke klinik d kasih salep sama obat jamur,trs tadi saya mencuci luka gatal itu kok memutih ya kulit nya d area kulit gatalnya itu,plis yang tau bantu jawab lagi butuh bnget solusiii nya takut banget punya penyakit diabtes atau gulaa yang tau bantu jawab😭🙏",5,2023-08-03 08:22:35+07:00,lagi butuh banget saran solusi sumpah stres bnget nihsaya lagi ngerasaan gatal luka di dekat mata kakiawal timbulnya pertama bentol kecil trs saya garuk sampe kulit nya saya cabutin smpe mengelupastrs makin hari makin lebar karena saya lupasin kulitnyasaya diamkan udh mau sebulan eh kmren saya paranas dingin karena efek sakit d kaki sampe ga bisa jalan sakit banget nihtrs tadi pagi saya berobat ke klinik d kasih salep sama obat jamurtrs tadi saya mencuci luka gatal itu kok memutih ya kulit nya d area kulit gatalnya ituplis yang tau bantu jawab lagi butuh bnget solusiii nya takut banget punya penyakit diabtes atau gulaa yang tau bantu jawab,youtube,,,,,2026-06-15 23:29:10.563446,youtube,eb2204b98488518d535194853ebb3e27
dDoFJXv5Z2g,jenis_diabetes_tipe1_dan_tipe2,Sama dek aq juga badan gatal2 smpe koreng2😢😢semoga bukan diabetes amin,0,2023-08-30 12:41:17+07:00,sama dek aq juga badan gatal smpe korengsemoga bukan diabetes amin,youtube,,,,,2026-06-15 23:29:10.563446,youtube,e489b73bbaf13aa2ff59b7a110af3149
dDoFJXv5Z2g,jenis_diabetes_tipe1_dan_tipe2,Maaf boleh tshu lukay tdk,0,2024-03-10 15:28:52+07:00,maaf boleh tshu lukay tdk,youtube,,,,,2026-06-15 23:29:10.563446,youtube,0dc40069696934f4bac0908bec77f006
dDoFJXv5Z2g,jenis_diabetes_tipe1_dan_tipe2,Boleh tahu lukay seperti apa dan kadar gulay ssudah d cek blm,0,2024-03-10 15:32:47+07:00,boleh tahu lukay seperti apa dan kadar gulay ssudah d cek blm,youtube,,,,,2026-06-15 23:29:10.563446,youtube,b4c69201d4c402ef7ce87f04fb4a15a9
dDoFJXv5Z2g,jenis_diabetes_tipe1_dan_tipe2,Laki2 umur 34thn kmren checkup krna sering rasa haus uda minum msi haus. Sering minum manis kyk es teh solo teh botol sosro. <br><br>Pas saya cek gula 300.(gula) <br>Kolestrol 250 (lemak daging) <br>Trigliserida 400an (tepung2an) <br><br>Nah pas d check kta dokter RS pik diabetes type 2. Di kasih obat janumet50/500 sama jardiance 25mg. Udah sbulan saya konsumsi obat itu turun skrg 130 gula saya. Cuma problem kyk maap ereksi masi sulit bisa ereksi tp ga bs lama dan uda ga strong alias agak letoy. Nah saya pny pertanyaan apakah kalo uda kena diabetes type 2. Trus uda jaga makan olahraga dan gula sudah d bwh 130 ereksinya bs normal atau udah permanenet wlupun gula normal tetep masalah ereksi difunsionalnya ga bs normal lg?,1,2023-08-01 16:52:31+07:00,laki umur thn kmren checkup krna sering rasa haus uda minum msi haus sering minum manis kyk es teh solo teh botol sosro pas saya cek gula gula kolestrol lemak daging trigliserida an tepungan nah pas d check kta dokter rs pik diabetes type di kasih obat janumet sama jardiance mg udah sbulan saya konsumsi obat itu turun skrg gula saya cuma problem kyk maap ereksi masi sulit bisa ereksi tp ga bs lama dan uda ga strong alias agak letoy nah saya pny pertanyaan apakah kalo uda kena diabetes type trus uda jaga makan olahraga dan gula sudah d bwh ereksinya bs normal atau udah permanenet wlupun gula normal tetep masalah ereksi difunsionalnya ga bs normal lg,youtube,,,,,2026-06-15 23:29:10.563446,youtube,c8f4f3c2d00c0e6792dd5df3efe7bd22
dDoFJXv5Z2g,jenis_diabetes_tipe1_dan_tipe2,"Setelah gue baca komentar netizen, gue mengambil kesimpulan bahwa orang Indonesia rata² hidupnya ga sehat",4,2023-06-29 01:45:29+07:00,setelah gue baca komentar netizen gue mengambil kesimpulan bahwa orang indonesia rata² hidupnya ga sehat,youtube,,,,,2026-06-15 23:29:10.563446,youtube,1b9987a4f4cfd38a797b8c442da125cc
dDoFJXv5Z2g,jenis_diabetes_tipe1_dan_tipe2,"Dulu gaya hidup sy sehat, pas kovit semuanya berubah",1,2023-11-22 16:48:55+07:00,dulu gaya hidup sy sehat pas kovit semuanya berubah,youtube,,,,,2026-06-15 23:29:10.563446,youtube,c2839efa17050ee119d6f8efd1c9931c
dDoFJXv5Z2g,jenis_diabetes_tipe1_dan_tipe2,"😂TKS , saya sering gatal2 . Semoga bukan diabetes , saya akan giat ber olah raga . Mulai esok , berat badan saya lebih dari normal . Dari ibu Yanti E Sumalgo , Ambon .",10,2023-05-30 21:12:38+07:00,tks saya sering gatal semoga bukan diabetes saya akan giat ber olah raga mulai esok berat badan saya lebih dari normal dari ibu yanti e sumalgo ambon,youtube,,,,,2026-06-15 23:29:10.563446,youtube,6242e00d6f0a302a89b6475ac0b944f8
dDoFJXv5Z2g,jenis_diabetes_tipe1_dan_tipe2,Rutin bekam sebulan sekali. Insya Allah sehat,3,2023-03-02 11:19:37+07:00,rutin bekam sebulan sekali insya allah sehat,youtube,,,,,2026-06-15 23:29:10.563446,youtube,b05615c21b365d12cd3130eb31d2930c
dDoFJXv5Z2g,jenis_diabetes_tipe1_dan_tipe2,Terima kasih semoga makin berkembang cenel ini,0,2023-02-22 21:59:16+07:00,terima kasih semoga makin berkembang cenel ini,youtube,,,,,2026-06-15 23:29:10.563446,youtube,8ebba89ef984ec2058e9f5938deb234f
dDoFJXv5Z2g,jenis_diabetes_tipe1_dan_tipe2,"Saya kecanduan fitnrs 1jm sehari, indextubuh 24, kadar lemak 17%. apakah masih bisa kena diabet. Soalnya pernah makan nasi sepiring penuh &amp; sawo 10 buah, setalah 1jm tes gula kadarnya 500? <br><br>Biasanya sih normal",1,2023-01-04 07:52:35+07:00,saya kecanduan fitnrs jm sehari indextubuh kadar lemak apakah masih bisa kena diabet soalnya pernah makan nasi sepiring penuh amp sawo buah setalah jm tes gula kadarnya biasanya sih normal,youtube,,,,,2026-06-15 23:29:10.563446,youtube,393cc215e806700612cbf8a1039f54ef
dDoFJXv5Z2g,jenis_diabetes_tipe1_dan_tipe2,500 itu tinggi bro..,0,2023-02-03 18:32:52+07:00,itu tinggi bro,youtube,,,,,2026-06-15 23:29:10.563446,youtube,129c857e8378a0cb484f04a41b31a884
dDoFJXv5Z2g,jenis_diabetes_tipe1_dan_tipe2,"@erwin6915 stelah ku pelajari itu mayoritas keturunan. Ya ga apa2, pagi kan olahraga + kopi pahit. guldarnya 65. Barudah makan jm 11 atau jm3, tinggal kontrol saja karbonya jangan banyak, kan dah ngerti.",0,2023-02-03 18:52:15+07:00,erwin stelah ku pelajari itu mayoritas keturunan ya ga apa pagi kan olahraga kopi pahit guldarnya barudah makan jm atau jm tinggal kontrol saja karbonya jangan banyak kan dah ngerti,youtube,,,,,2026-06-15 23:29:10.563446,youtube,02065874ff0622aaf4004fb86b664ccd
dDoFJXv5Z2g,jenis_diabetes_tipe1_dan_tipe2,"@mshrk6894 karbonya gk apa² apa bnyak bro..yg penting minuman² manis ,soda makanan instan itu aja hindari",0,2023-02-03 19:25:03+07:00,mshrk karbonya gk apa² apa bnyak broyg penting minuman² manis soda makanan instan itu aja hindari,youtube,,,,,2026-06-15 23:29:10.563446,youtube,3aba10c4f79f51ca6d29cd406abad58b
dDoFJXv5Z2g,jenis_diabetes_tipe1_dan_tipe2,"@erwin6915 emang hasil gula darahku yg 500 itu hasil dari gula instan. Itu dari nasi dan buah sawo dong. Soalnya aku ga pernah makan gula &amp; minuman manis. Ga pernah makan manis, tp nasinya 2piring penuh sama aja boong",0,2023-02-03 19:43:04+07:00,erwin emang hasil gula darahku yg itu hasil dari gula instan itu dari nasi dan buah sawo dong soalnya aku ga pernah makan gula amp minuman manis ga pernah makan manis tp nasinya piring penuh sama aja boong,youtube,,,,,2026-06-15 23:29:10.563446,youtube,cab3688f362079bf659d546680b10485
dDoFJXv5Z2g,jenis_diabetes_tipe1_dan_tipe2,@mshrk6894 apa manis buah bisa menyebbkn diabetes?,0,2023-02-03 19:58:08+07:00,mshrk apa manis buah bisa menyebbkn diabetes,youtube,,,,,2026-06-15 23:29:10.563446,youtube,cf15400922bbf3f093a6e14bfc506f6f
dDoFJXv5Z2g,jenis_diabetes_tipe1_dan_tipe2,Alhamdulillah kencing manis dan diabetes akhirnya bisa sembuh total dengan obat herbal ini👇,0,2022-12-17 12:20:43+07:00,alhamdulillah kencing manis dan diabetes akhirnya bisa sembuh total dengan obat herbal ini,youtube,,,,,2026-06-15 23:29:10.563446,youtube,cd7d65f026247b3de24e34632f310770
dDoFJXv5Z2g,jenis_diabetes_tipe1_dan_tipe2,"gula sy bila minum gula sblm periksa darah 85 tapi klu tdk minum bisa 70 .mmg sy jarang minum bergula.klu bikin teh mk gula nya sedikit aza.mmg klu org kadar gula nya rendah sll merasa <a href=""http://kenyang.tdk/"">kenyang.tdk</a> haus.dan kencing pun pd mlm hari 1 kali atau 2 kali aza.klu siang paling banyak kencing 3 kali aza.",4,2022-11-19 21:52:34+07:00,gula sy bila minum gula sblm periksa darah tapi klu tdk minum bisa mmg sy jarang minum bergulaklu bikin teh mk gula nya sedikit azammg klu org kadar gula nya rendah sll merasa kenyangtdk hausdan kencing pun pd mlm hari kali atau kali azaklu siang paling banyak kencing kali aza,youtube,,,,,2026-06-15 23:29:10.563446,youtube,4763d5be66c0f1755586f5b3ca412bc9
dDoFJXv5Z2g,jenis_diabetes_tipe1_dan_tipe2,Apakah km tetep makan nasi sehari²?,0,2023-02-03 18:31:38+07:00,apakah km tetep makan nasi sehari²,youtube,,,,,2026-06-15 23:29:10.563446,youtube,8afc7b926a3ce82a5093f25021ad2137
dDoFJXv5Z2g,jenis_diabetes_tipe1_dan_tipe2,Nahh ini baru penjelasan yg bagus angsung pada tyjuan tdk muter2 semangat,3,2022-11-08 23:35:10+07:00,nahh ini baru penjelasan yg bagus angsung pada tyjuan tdk muter semangat,youtube,,,,,2026-06-15 23:29:10.563446,youtube,b22298c78df660b657cd0357f2a65b17
dDoFJXv5Z2g,jenis_diabetes_tipe1_dan_tipe2,Salam sehat semogah bermanfaat... semogah Allah mengangkat penyakit kita amin amin ya rabbal Alamin🤲🤲🤲,2,2022-10-15 21:16:23+07:00,salam sehat semogah bermanfaat semogah allah mengangkat penyakit kita amin amin ya rabbal alamin,youtube,,,,,2026-06-15 23:29:10.563446,youtube,af512508e46abbaefdcdb90586ae40a0
dDoFJXv5Z2g,jenis_diabetes_tipe1_dan_tipe2,Terima kasih atas informasinya diabetes sangat bermanfaat dokter,1,2022-09-19 17:26:30+07:00,terima kasih atas informasinya diabetes sangat bermanfaat dokter,youtube,,,,,2026-06-15 23:29:10.563446,youtube,0a474bca8fd6b75f176c232fc248a733
dDoFJXv5Z2g,jenis_diabetes_tipe1_dan_tipe2,"Salam sehat selalu - BOLEH BARTER SUBSCRIBER ya, terimakasih",0,2022-09-09 23:43:03+07:00,salam sehat selalu boleh barter subscriber ya terimakasih,youtube,,,,,2026-06-15 23:29:10.563446,youtube,9e9f8deb0cb11b82858777b44db1a4e6
dDoFJXv5Z2g,jenis_diabetes_tipe1_dan_tipe2,Apa gunanya ngecek gula darah kalau tetap tinggi.,1,2022-08-27 00:00:01+07:00,apa gunanya ngecek gula darah kalau tetap tinggi,youtube,,,,,2026-06-15 23:29:10.563446,youtube,b1e1dc7e4f6fd7f1f6f9f8aa1ab30e9d
dDoFJXv5Z2g,jenis_diabetes_tipe1_dan_tipe2,Ya untuk mengontrol toh. Jd kalo dirasa kadar gulanya tinggi harus ekstra kontrol makanan dan minumanya. Kako kadarnya udah normal dipertahankan asupan gizinya. Gitu masa ga paham,1,2023-01-10 17:15:34+07:00,ya untuk mengontrol toh jd kalo dirasa kadar gulanya tinggi harus ekstra kontrol makanan dan minumanya kako kadarnya udah normal dipertahankan asupan gizinya gitu masa ga paham,youtube,,,,,2026-06-15 23:29:10.563446,youtube,07c14c900002e4dedc798323cbc97015
dDoFJXv5Z2g,jenis_diabetes_tipe1_dan_tipe2,"@aliframadlan9298 iya bener, wkwkww...",0,2023-02-03 18:53:58+07:00,aliframadlan iya bener wkwkww,youtube,,,,,2026-06-15 23:29:10.563446,youtube,7b280f10df9d22a07a5d01dc24791c53
dDoFJXv5Z2g,jenis_diabetes_tipe1_dan_tipe2,"makasih tribun news, bermanfaat sekali info nya !",3,2022-08-23 18:06:40+07:00,makasih tribun news bermanfaat sekali info nya,youtube,,,,,2026-06-15 23:29:10.563446,youtube,fb91bd2f56e1d58db8035809b26afcc6
dDoFJXv5Z2g,jenis_diabetes_tipe1_dan_tipe2,intinya si harus olahraga serius dah bakalan sembuh,2,2022-07-17 20:28:41+07:00,intinya si harus olahraga serius dah bakalan sembuh,youtube,,,,,2026-06-15 23:29:10.563446,youtube,b0dca76e84fe4970fc55d61f7a5e5318
dDoFJXv5Z2g,jenis_diabetes_tipe1_dan_tipe2,"nggak semudah itu,harus dirinci kerusakan yang sudah ditimbulkan pada organ apa saja..karena diabetes bisa menimbulkan komplikasi pada organ lain selain pankreas..<br>selain olahraga,juga harus diet ketat menghindari karbo..merubah pola makan menjadi karnivor,agar tubuh menggunakan lemak sebagai sumber energi..bukan gula,atau karbo..",0,2022-08-09 04:37:29+07:00,nggak semudah ituharus dirinci kerusakan yang sudah ditimbulkan pada organ apa sajakarena diabetes bisa menimbulkan komplikasi pada organ lain selain pankreasselain olahragajuga harus diet ketat menghindari karbomerubah pola makan menjadi karnivoragar tubuh menggunakan lemak sebagai sumber energibukan gulaatau karbo,youtube,,,,,2026-06-15 23:29:10.563446,youtube,832fc5ffa806c18a92a9ed1483ec2a8d
dDoFJXv5Z2g,jenis_diabetes_tipe1_dan_tipe2,Setau saya diabetes tidak bisa disembuhkan/ incurable.,0,2022-10-18 08:56:49+07:00,setau saya diabetes tidak bisa disembuhkan incurable,youtube,,,,,2026-06-15 23:29:10.563446,youtube,eac027752a4db6c4dfd64c85bea4bf94
dDoFJXv5Z2g,jenis_diabetes_tipe1_dan_tipe2,@Flower_Road5 semua penyakit kan ada obat nya kan ada hadist nya,1,2022-10-18 09:14:07+07:00,flower_road semua penyakit kan ada obat nya kan ada hadist nya,youtube,,,,,2026-06-15 23:29:10.563446,youtube,1362ebf7463361da90791ce49d7da938
dDoFJXv5Z2g,jenis_diabetes_tipe1_dan_tipe2,@anjassaputra4689 Diabetes nggak bisa disembuhkan/incurable tapi bisa di manage.<br><br>Nggak semua penyakit ada obatnya kak.,0,2022-10-18 09:36:38+07:00,anjassaputra diabetes nggak bisa disembuhkanincurable tapi bisa di managenggak semua penyakit ada obatnya kak,youtube,,,,,2026-06-15 23:29:10.563446,youtube,12129373fc1200603289f9701adab6ac
dDoFJXv5Z2g,jenis_diabetes_tipe1_dan_tipe2,@Flower_Road5 jika Allah berkehendak bisa apa,1,2022-10-18 09:57:40+07:00,flower_road jika allah berkehendak bisa apa,youtube,,,,,2026-06-15 23:29:10.563446,youtube,9efc0b760ac2da438d9851c7afaaee77
dDoFJXv5Z2g,jenis_diabetes_tipe1_dan_tipe2,"Apa itu pangkreas dok, gula darah normal ku 200",2,2022-06-11 14:56:41+07:00,apa itu pangkreas dok gula darah normal ku,youtube,,,,,2026-06-15 23:29:10.563446,youtube,d3f93eed68446a91648546e00119566c
dDoFJXv5Z2g,jenis_diabetes_tipe1_dan_tipe2,200 gak normal .... normalnya di bawah 140,1,2022-09-21 08:40:33+07:00,gak normal normalnya di bawah,youtube,,,,,2026-06-15 23:29:10.563446,youtube,9998deef1c6e0c5279be5222fcb55b97
dDoFJXv5Z2g,jenis_diabetes_tipe1_dan_tipe2,Diet mbak..,0,2022-10-16 06:10:33+07:00,diet mbak,youtube,,,,,2026-06-15 23:29:10.563446,youtube,6eea34d88f58987badcbcfd90c32112e
dDoFJXv5Z2g,jenis_diabetes_tipe1_dan_tipe2,200 mah ga normal bu,1,2023-11-06 22:18:57+07:00,mah ga normal bu,youtube,,,,,2026-06-15 23:29:10.563446,youtube,f96a79e1113357b727f4240860601ada
dDoFJXv5Z2g,jenis_diabetes_tipe1_dan_tipe2,"<a href=""https://www.youtube.com/channel/UCZy9TN2hXbwOz1tzcMu4koA"">https://youtube.com/channel/UCZy9TN2hXbwOz1tzcMu4koA</a>, Mudah2an membantu dan menjadi inspirasi 🙏",0,2022-05-20 14:09:13+07:00,mudahan membantu dan menjadi inspirasi,youtube,,,,,2026-06-15 23:29:10.563446,youtube,10799851e4c05471366578ff7c394524
dDoFJXv5Z2g,jenis_diabetes_tipe1_dan_tipe2,"Teman&quot; netizen yg saya hormati. Diabetes itu tdk bisa disembuhkan ya, kalau sudah sekali kena, karena organ pankreasnya jd rusak. Yang ada berikutnya kita pintar&quot; saja mengontrol asupan makanan/minuman utk gula darah. Saya jg kena diabetes di usia yg relatif muda, sejak 36 thn. Krn pola makan yg kurang sehat (minum minuman instan &amp; manis bersoda). Banyak minum air putih aja dari sekarang, kena diabet ga enak, tenaga sisa 50% &amp; mudah lemas.",28,2022-04-28 05:20:01+07:00,temanquot netizen yg saya hormati diabetes itu tdk bisa disembuhkan ya kalau sudah sekali kena karena organ pankreasnya jd rusak yang ada berikutnya kita pintarquot saja mengontrol asupan makananminuman utk gula darah saya jg kena diabetes di usia yg relatif muda sejak thn krn pola makan yg kurang sehat minum minuman instan amp manis bersoda banyak minum air putih aja dari sekarang kena diabet ga enak tenaga sisa amp mudah lemas,youtube,,,,,2026-06-15 23:29:10.563446,youtube,9930ef969e72cb0fbc67674a518ce2a3
dDoFJXv5Z2g,jenis_diabetes_tipe1_dan_tipe2,Sekarang usia berapa kak?,0,2022-07-09 23:42:57+07:00,sekarang usia berapa kak,youtube,,,,,2026-06-15 23:29:10.563446,youtube,518c825a8d8e074223f9fb643b96491b
dDoFJXv5Z2g,jenis_diabetes_tipe1_dan_tipe2,Saya umur 26 tapi udah kena diabetes,2,2022-07-30 23:43:53+07:00,saya umur tapi udah kena diabetes,youtube,,,,,2026-06-15 23:29:10.563446,youtube,b2d561473d0325acd333db7884d44578
dDoFJXv5Z2g,jenis_diabetes_tipe1_dan_tipe2,Bapa ibu luka dia betes bisa d sembuhkan buktinya pasien saya suda 6 org sembuh total dari infeksi luka dia betes...,2,2022-08-01 15:31:13+07:00,bapa ibu luka dia betes bisa d sembuhkan buktinya pasien saya suda org sembuh total dari infeksi luka dia betes,youtube,,,,,2026-06-15 23:29:10.563446,youtube,2b34431068fed0a31f83fb0160bf0d0a
dDoFJXv5Z2g,jenis_diabetes_tipe1_dan_tipe2,Aku juga di Usia 30thun kak..😭😭 doakan sya kak Smga allah angkat Sgla penyakitku ini..aamiin,2,2022-08-03 11:00:06+07:00,aku juga di usia thun kak doakan sya kak smga allah angkat sgla penyakitku iniaamiin,youtube,,,,,2026-06-15 23:29:10.563446,youtube,edddef73ad33768a4fae0da6caf930c9
dDoFJXv5Z2g,jenis_diabetes_tipe1_dan_tipe2,"@AkbarElek maaf ka paling tinggi kadar gula berapa? Lalu sekarang pakai obat apa..<br><br>Saudara saya kena diabets baru ketauan, gulanya 350.",1,2022-08-06 20:16:45+07:00,akbarelek maaf ka paling tinggi kadar gula berapa lalu sekarang pakai obat apasaudara saya kena diabets baru ketauan gulanya,youtube,,,,,2026-06-15 23:29:10.563446,youtube,2feb07c9a6eddab3dc0280b473c56190
dDoFJXv5Z2g,jenis_diabetes_tipe1_dan_tipe2,"Gula darah saya cek td pagi 113. Tp kedua kaki saya terasa kebas dari jari kaki sampai pergelangan kaki. Lutut saya juga keduanya sakit gk pernah sembuh. Apakah karena diabetes makanya muncul keluhan seperti itu. Mohon penjelasannya, terimakasih.",12,2021-08-26 20:33:28+07:00,gula darah saya cek td pagi tp kedua kaki saya terasa kebas dari jari kaki sampai pergelangan kaki lutut saya juga keduanya sakit gk pernah sembuh apakah karena diabetes makanya muncul keluhan seperti itu mohon penjelasannya terimakasih,youtube,,,,,2026-06-15 23:29:10.563446,youtube,1e91b1a85587f408e482db8a38d43592
dDoFJXv5Z2g,jenis_diabetes_tipe1_dan_tipe2,Sama bngt yg aku alami skrg😫 aku takut,0,2021-10-21 08:54:56+07:00,sama bngt yg aku alami skrg aku takut,youtube,,,,,2026-06-15 23:29:10.563446,youtube,a245c72b1dd38e5e94e24466d2c3b8a9
dDoFJXv5Z2g,jenis_diabetes_tipe1_dan_tipe2,"saya ada tau orang, dia kena diabetes udah parah, pembengkakan dimana mana, penglihatan dah burem. udah pasrah dia. terus dia berobat ke bandung. rutin minum obat, terus ganyampe 4 bulan dia sembuh total. katanya pake obat kimia organik gitu. udah rame beritanya di tv, di yutub juga dah bnyk ttg pengobatan ini",1,2021-10-27 09:07:43+07:00,saya ada tau orang dia kena diabetes udah parah pembengkakan dimana mana penglihatan dah burem udah pasrah dia terus dia berobat ke bandung rutin minum obat terus ganyampe bulan dia sembuh total katanya pake obat kimia organik gitu udah rame beritanya di tv di yutub juga dah bnyk ttg pengobatan ini,youtube,,,,,2026-06-15 23:29:10.563446,youtube,be83b06ad3ea72ce03eccc3b115ac90a
dDoFJXv5Z2g,jenis_diabetes_tipe1_dan_tipe2,Biasanya asam urat kalo lutut dan kaki sakit.. coba cek assm urat,2,2021-11-04 21:31:02+07:00,biasanya asam urat kalo lutut dan kaki sakit coba cek assm urat,youtube,,,,,2026-06-15 23:29:10.563446,youtube,60575a517edaa63d09740b59709fd80d
dDoFJXv5Z2g,jenis_diabetes_tipe1_dan_tipe2,@samuelnathans2666 obat nya apaa kakk,0,2021-12-10 10:09:14+07:00,samuelnathans obat nya apaa kakk,youtube,,,,,2026-06-15 23:29:10.563446,youtube,a9e5e157dfb3693ada98e86ca2f0323d
dDoFJXv5Z2g,jenis_diabetes_tipe1_dan_tipe2,Umur berpa di vonis diabetes?,0,2022-04-14 18:45:46+07:00,umur berpa di vonis diabetes,youtube,,,,,2026-06-15 23:29:10.563446,youtube,ccde7e9a2ef1acddf87058660e77b97b
dDoFJXv5Z2g,jenis_diabetes_tipe1_dan_tipe2,Konten2 seperti ini pada sepi 😣,1,2021-08-03 00:32:57+07:00,konten seperti ini pada sepi,youtube,,,,,2026-06-15 23:29:10.563446,youtube,1bb39d7a2e41b8374b96f84e9891bd97
dDoFJXv5Z2g,jenis_diabetes_tipe1_dan_tipe2,Aduh saya sekarang lagi sakit kaya gitu ciri-cirinya sama,4,2021-08-01 12:00:40+07:00,aduh saya sekarang lagi sakit kaya gitu ciricirinya sama,youtube,,,,,2026-06-15 23:29:10.563446,youtube,b4d678dddda852a4327101337b749794
dDoFJXv5Z2g,jenis_diabetes_tipe1_dan_tipe2,Klo ada keluhan diabetes coba WA aku bun... Aku ada solusinya,0,2022-01-30 08:01:07+07:00,klo ada keluhan diabetes coba wa aku bun aku ada solusinya,youtube,,,,,2026-06-15 23:29:10.563446,youtube,3ce4bf206d4763acf296e31197c011a9
dDoFJXv5Z2g,jenis_diabetes_tipe1_dan_tipe2,Coba minum rebusan air ketumbar Bun...,0,2022-04-02 23:51:29+07:00,coba minum rebusan air ketumbar bun,youtube,,,,,2026-06-15 23:29:10.563446,youtube,055f0310ed0dca3ef8b528769567fb98
dDoFJXv5Z2g,jenis_diabetes_tipe1_dan_tipe2,Aku juga luka ke diabets,0,2022-04-15 19:36:07+07:00,aku juga luka ke diabets,youtube,,,,,2026-06-15 23:29:10.563446,youtube,49965d05baf453c81b5c66ffbf18bf33
dDoFJXv5Z2g,jenis_diabetes_tipe1_dan_tipe2,@Lord.Jerry02 luka diabet bisa pke minyak bulus kk,0,2022-04-16 19:31:13+07:00,lordjerry luka diabet bisa pke minyak bulus kk,youtube,,,,,2026-06-15 23:29:10.563446,youtube,ced506907e4de8a883873de43ac0a370
dDoFJXv5Z2g,jenis_diabetes_tipe1_dan_tipe2,@ramjineli8772 temenan ta iki,0,2022-05-26 08:37:59+07:00,ramjineli temenan ta iki,youtube,,,,,2026-06-15 23:29:10.563446,youtube,25f9e590362ff4120d37631797a923c6
dDoFJXv5Z2g,jenis_diabetes_tipe1_dan_tipe2,Tolong di kasih tau dok. Luka nya seperti apa yg tk bisa sembuh bila kita ada ciri2 diabetes.,7,2021-07-23 15:07:36+07:00,tolong di kasih tau dok luka nya seperti apa yg tk bisa sembuh bila kita ada ciri diabetes,youtube,,,,,2026-06-15 23:29:10.563446,youtube,0a314e72029b15ab6945fc1dfd4d9a34
dDoFJXv5Z2g,jenis_diabetes_tipe1_dan_tipe2,"Ya luka mba ,luka yg mengeluarkan darah",0,2022-05-10 18:18:15+07:00,ya luka mba luka yg mengeluarkan darah,youtube,,,,,2026-06-15 23:29:10.563446,youtube,35820ee0a0fe1d6ad6cb3bc1b03e4c99
dDoFJXv5Z2g,jenis_diabetes_tipe1_dan_tipe2,Luka yg lma keringnya,0,2022-07-14 00:44:50+07:00,luka yg lma keringnya,youtube,,,,,2026-06-15 23:29:10.563446,youtube,178fca1a3467b6a3e83846d58e5c9494
dDoFJXv5Z2g,jenis_diabetes_tipe1_dan_tipe2,Bentuk luka nya yg ngk mau sembuh gimana tu dok.,0,2021-07-23 15:05:57+07:00,bentuk luka nya yg ngk mau sembuh gimana tu dok,youtube,,,,,2026-06-15 23:29:10.563446,youtube,b55e83f4a798ef404a095adf98df642b
dDoFJXv5Z2g,jenis_diabetes_tipe1_dan_tipe2,inbok<br>insya allah,0,2022-08-13 12:19:45+07:00,inbokinsya allah,youtube,,,,,2026-06-15 23:29:10.563446,youtube,b607d1b22147eb242125a2385fa18f12
dDoFJXv5Z2g,jenis_diabetes_tipe1_dan_tipe2,terimakasih semua infonya,0,2021-06-01 04:02:01+07:00,terimakasih semua infonya,youtube,,,,,2026-06-15 23:29:10.563446,youtube,c2a86eb2eeb26b2ef466eef7843c0ea8
dDoFJXv5Z2g,jenis_diabetes_tipe1_dan_tipe2,üüp<br>ü<br><br><br>p,0,2021-05-29 15:05:40+07:00,üüpüp,youtube,,,,,2026-06-15 23:29:10.563446,youtube,25967151c98017dbcfe48d3cd7cf42cb
dDoFJXv5Z2g,jenis_diabetes_tipe1_dan_tipe2,Tumben ga beritakn covid 😂😂,1,2021-03-23 14:11:51+07:00,tumben ga beritakn covid,youtube,,,,,2026-06-15 23:29:10.563446,youtube,37cc64d4d74d4901c4728c82859503f5
TP1gsrtPEhM,pencegahan_dan_penanganan_diabetes,"apa,obat,yg,bagus,untuk,diabet,tipe,dua,",0,2025-01-26 17:56:39+07:00,apaobatygbagusuntukdiabettipedua,youtube,,,,,2026-06-15 23:29:10.563446,youtube,5551118ef5e396b172e189cf327243a3
TP1gsrtPEhM,pencegahan_dan_penanganan_diabetes,Normalnya kadar gula untuk perempuan usia 50 tahun keatas berapa bu dokter..,0,2024-06-21 08:33:30+07:00,normalnya kadar gula untuk perempuan usia tahun keatas berapa bu dokter,youtube,,,,,2026-06-15 23:29:10.563446,youtube,89b55fc5785270c4e2d2afbb5e46f536
TP1gsrtPEhM,pencegahan_dan_penanganan_diabetes,"Assalamualaikum,,mf Bu dok, brapa jumlah tinggi gula darah yg harus di insulin, soalx sy sedang menjalankan opengobatan insulin,,",0,2024-04-10 15:42:17+07:00,assalamualaikummf bu dok brapa jumlah tinggi gula darah yg harus di insulin soalx sy sedang menjalankan opengobatan insulin,youtube,,,,,2026-06-15 23:29:10.563446,youtube,1cc33f0f6c5b3f7ea1ac25834f0fac55
TP1gsrtPEhM,pencegahan_dan_penanganan_diabetes,trimakasih ilmu nya bu dokter,0,2024-03-18 09:14:30+07:00,trimakasih ilmu nya bu dokter,youtube,,,,,2026-06-15 23:29:10.563446,youtube,f64463ee27e73e286cbd8610591ccfb1
TP1gsrtPEhM,pencegahan_dan_penanganan_diabetes,"Dok , sy jga kena diatabes, tpi udah turun , tpi mata sya masih buram ,seperti ada kotoran rasa nya. Di mata",0,2024-02-28 11:20:21+07:00,dok sy jga kena diatabes tpi udah turun tpi mata sya masih buram seperti ada kotoran rasa nya di mata,youtube,,,,,2026-06-15 23:29:10.563446,youtube,df4542bed6fda361fc4737b5037f3178
TP1gsrtPEhM,pencegahan_dan_penanganan_diabetes,Apakah orang yg terkena diabetes tidak diperbolehkan melakukan hubungan suami istri,0,2024-02-11 11:12:54+07:00,apakah orang yg terkena diabetes tidak diperbolehkan melakukan hubungan suami istri,youtube,,,,,2026-06-15 23:29:10.563446,youtube,ffdd3d532a751f57778ff776092e5a9e
TP1gsrtPEhM,pencegahan_dan_penanganan_diabetes,Terimakasih atas penjelasannya dokter...,0,2024-01-25 12:53:37+07:00,terimakasih atas penjelasannya dokter,youtube,,,,,2026-06-15 23:29:10.563446,youtube,a28d173e92205d65997fb235a28e27c3
TP1gsrtPEhM,pencegahan_dan_penanganan_diabetes,Trimakasih dokter atas penjelasanya,0,2023-11-06 22:09:56+07:00,trimakasih dokter atas penjelasanya,youtube,,,,,2026-06-15 23:29:10.563446,youtube,e88c82b38162a0215b33e937c84c3244
TP1gsrtPEhM,pencegahan_dan_penanganan_diabetes,"Trmksh dok penjelasanya ,,saya umur 55sering gatal gatal d seluruh tubuh ,,",0,2023-10-29 18:26:06+07:00,trmksh dok penjelasanya saya umur sering gatal gatal d seluruh tubuh,youtube,,,,,2026-06-15 23:29:10.563446,youtube,5fe19cfd7aad7486a013926affcd3f27
TP1gsrtPEhM,pencegahan_dan_penanganan_diabetes,"Selamat sore Numpang tanya dok...seminggu yg lalu saya opname 4 hr karena badan saya gatal biduran, menggigil, lemah / tidak kuat berdiri &amp; gula darah sya 198 , tensi 85/56... pasca opname saya masih harus minum obat tablet METFORMIN untuk sebukan &amp; CITIRIZEIN selama 5hr... Sebenarnya saya sakit apa dok? Apa sy bisa sembuh total? Sy tdk ada keturunan diabet. Selama ini sy juga gk pernah sakit berat.. kenapa tiba2 saya drop? Terimakasih",0,2023-10-20 17:00:13+07:00,selamat sore numpang tanya dokseminggu yg lalu saya opname hr karena badan saya gatal biduran menggigil lemah tidak kuat berdiri amp gula darah sya tensi pasca opname saya masih harus minum obat tablet metformin untuk sebukan amp citirizein selama hr sebenarnya saya sakit apa dok apa sy bisa sembuh total sy tdk ada keturunan diabet selama ini sy juga gk pernah sakit berat kenapa tiba saya drop terimakasih,youtube,,,,,2026-06-15 23:29:10.563446,youtube,32304b25edb359eff535f0bc73e573f4
TP1gsrtPEhM,pencegahan_dan_penanganan_diabetes,Apa obat yang bisa dimakan agar stroke bisa sembuh??,0,2023-10-17 16:26:28+07:00,apa obat yang bisa dimakan agar stroke bisa sembuh,youtube,,,,,2026-06-15 23:29:10.563446,youtube,bb68573dd8736228f2e06278e0cff444
TP1gsrtPEhM,pencegahan_dan_penanganan_diabetes,Penjelasan ibuk ini kurang detail msaih di sembunyikan semua.mungkin segan sama penjual produk,0,2023-10-07 13:00:29+07:00,penjelasan ibuk ini kurang detail msaih di sembunyikan semuamungkin segan sama penjual produk,youtube,,,,,2026-06-15 23:29:10.563446,youtube,5543ee4012a4866c45618327b26ad6c0
TP1gsrtPEhM,pencegahan_dan_penanganan_diabetes,Apa yang disembunyikan pak?,0,2023-10-20 17:03:01+07:00,apa yang disembunyikan pak,youtube,,,,,2026-06-15 23:29:10.563446,youtube,ab69a515319817ac9b4b68282513caa3
TP1gsrtPEhM,pencegahan_dan_penanganan_diabetes,Apakah anak lelaki usia 16 tahun beresiko diabetes?,0,2023-09-26 13:05:39+07:00,apakah anak lelaki usia tahun beresiko diabetes,youtube,,,,,2026-06-15 23:29:10.563446,youtube,7efe710d51c5ec745d2377a6524ae625
TP1gsrtPEhM,pencegahan_dan_penanganan_diabetes,"Sy seorang pengidap penyakit diabet, awal diketahui gd sy 453, tpi sekarang dh sekitaran dibawah 130, misal 122, atau 127 apakah ini sudah bisa disebut gd sy dh normal?, Tpi sekarang yang sy rasakan punggung terasa nyeri dn sekitar sendi centong terasa cenut&quot;, bagaimana cara mengatasinya dok, sy dh ke dokter dalam bahkan ke sp indoktrin dn ke sp syaraf tpi blm sembuh, rasanya terganggu sekali dn BB sy turun drastis yang tadinya 53 sekarang tinggal 39, mohon solusinya dok, terima kasih",0,2023-09-16 14:55:44+07:00,sy seorang pengidap penyakit diabet awal diketahui gd sy tpi sekarang dh sekitaran dibawah misal atau apakah ini sudah bisa disebut gd sy dh normal tpi sekarang yang sy rasakan punggung terasa nyeri dn sekitar sendi centong terasa cenutquot bagaimana cara mengatasinya dok sy dh ke dokter dalam bahkan ke sp indoktrin dn ke sp syaraf tpi blm sembuh rasanya terganggu sekali dn bb sy turun drastis yang tadinya sekarang tinggal mohon solusinya dok terima kasih,youtube,,,,,2026-06-15 23:29:10.563446,youtube,c504693279a072f0b3f1b0069edcb550
TP1gsrtPEhM,pencegahan_dan_penanganan_diabetes,Kenapa disini penderita diabetes tidak ada yg share gimana awalanya kena karena apa,0,2023-08-24 23:34:33+07:00,kenapa disini penderita diabetes tidak ada yg share gimana awalanya kena karena apa,youtube,,,,,2026-06-15 23:29:10.563446,youtube,619bde5bc8e3efd204b31857e6644856
TP1gsrtPEhM,pencegahan_dan_penanganan_diabetes,Kaki kram terasa di tusuk2..ituyg pertama saya rasakan gatal2,0,2023-09-18 06:12:41+07:00,kaki kram terasa di tusukituyg pertama saya rasakan gatal,youtube,,,,,2026-06-15 23:29:10.563446,youtube,7b312daa597396fa2f6a7c02a5c64b9b
TP1gsrtPEhM,pencegahan_dan_penanganan_diabetes,Saya setelah mengeluarkan kencing natu kok tiba tiba kencinng terus dok hampir jam mahon solusinya apakah ada obatnya,1,2023-08-18 13:29:35+07:00,saya setelah mengeluarkan kencing natu kok tiba tiba kencinng terus dok hampir jam mahon solusinya apakah ada obatnya,youtube,,,,,2026-06-15 23:29:10.563446,youtube,5e0a49258f58b1e86f82269f459d3410
TP1gsrtPEhM,pencegahan_dan_penanganan_diabetes,"Dok ,umur 60 thn masih bisa kah kena diabet.",0,2023-07-28 12:14:14+07:00,dok umur thn masih bisa kah kena diabet,youtube,,,,,2026-06-15 23:29:10.563446,youtube,4344d57e65216fb9b03927673cebab5a
TP1gsrtPEhM,pencegahan_dan_penanganan_diabetes,penyakit orang kaya itu dok,0,2023-07-20 08:01:41+07:00,penyakit orang kaya itu dok,youtube,,,,,2026-06-15 23:29:10.563446,youtube,a6b198afba6b6f48f651fd6d08c782b5
TP1gsrtPEhM,pencegahan_dan_penanganan_diabetes,apa hubungannya,0,2023-08-18 16:25:47+07:00,apa hubungannya,youtube,,,,,2026-06-15 23:29:10.563446,youtube,ccb704158d1f68d4019497f29dd18083
TP1gsrtPEhM,pencegahan_dan_penanganan_diabetes,@Erwan000 nahhh apa hubungan nya ..mikir aja sendri..,0,2023-08-18 16:32:06+07:00,erwan nahhh apa hubungan nya mikir aja sendri,youtube,,,,,2026-06-15 23:29:10.563446,youtube,57ffa94e39e7a83f7d0bf1e8772174de
TP1gsrtPEhM,pencegahan_dan_penanganan_diabetes,"Dokter....jika penderita tipe 1, apakah bisa sembuh.",0,2023-07-15 03:20:03+07:00,dokterjika penderita tipe apakah bisa sembuh,youtube,,,,,2026-06-15 23:29:10.563446,youtube,bb871c712df9f9dfc894c5fb61c94100
TP1gsrtPEhM,pencegahan_dan_penanganan_diabetes,What happens when blood sugar is too high?,0,2023-06-15 09:08:07+07:00,what happens when blood sugar is too high,youtube,,,,,2026-06-15 23:29:10.563446,youtube,88942b7ef622dcf33c96da8b23891af4
TP1gsrtPEhM,pencegahan_dan_penanganan_diabetes,DOK MAU TANYA UNTUK DIABET TIPE KERING ITU GMNA DOK,0,2023-06-12 21:52:00+07:00,dok mau tanya untuk diabet tipe kering itu gmna dok,youtube,,,,,2026-06-15 23:29:10.563446,youtube,c6008a20b9473246759f5b11bd747a3a
TP1gsrtPEhM,pencegahan_dan_penanganan_diabetes,Assalamualaikum bu dok.ter kaKi saya kesemuatan obat nya apa nya trm,0,2023-05-28 21:42:28+07:00,assalamualaikum bu dokter kaki saya kesemuatan obat nya apa nya trm,youtube,,,,,2026-06-15 23:29:10.563446,youtube,2113712fae1c0d66831435fc738404c1
TP1gsrtPEhM,pencegahan_dan_penanganan_diabetes,tks banyak Dr utk penjelasanya.saya mau tanya Dr br2 ini saya cek gula darah puasa 250 trus yg saya rasakan saat ini kk saya sk sakit seperti ketarik tarik d kedua kk saya.apa itu termasuk ciri2 pemderita diabetes.,0,2023-05-24 09:55:51+07:00,tks banyak dr utk penjelasanyasaya mau tanya dr br ini saya cek gula darah puasa trus yg saya rasakan saat ini kk saya sk sakit seperti ketarik tarik d kedua kk sayaapa itu termasuk ciri pemderita diabetes,youtube,,,,,2026-06-15 23:29:10.563446,youtube,74e3bf345abc85767651c0b4fee4c0a8
TP1gsrtPEhM,pencegahan_dan_penanganan_diabetes,Klw kaki saya doc berjalan langsung kebas dan keseringan buang air kecil telinga mendengung apakah gejala diabetes,1,2023-04-28 18:14:13+07:00,klw kaki saya doc berjalan langsung kebas dan keseringan buang air kecil telinga mendengung apakah gejala diabetes,youtube,,,,,2026-06-15 23:29:10.563446,youtube,3ad73b9d4cb331eea852df3be904e56d
TP1gsrtPEhM,pencegahan_dan_penanganan_diabetes,"Tanya DOK, TENTANG IBU YANG DIABETES,tp BNN liau komplikasi tipes dan liver bagaimana cara mengatasinya,, trik dan solusinya????",0,2023-03-28 14:25:17+07:00,tanya dok tentang ibu yang diabetestp bnn liau komplikasi tipes dan liver bagaimana cara mengatasinya trik dan solusinya,youtube,,,,,2026-06-15 23:29:10.563446,youtube,56b6457e3fd39e9f18c977e7767cb430
TP1gsrtPEhM,pencegahan_dan_penanganan_diabetes,Dok mau tanya sy dulu ya punya penyakit Hepatitis sekarang sy kena diabetes terakhir gula darah sy 250 apakah telapak kaki sy yg d atas gatal 2 karn diabetes,0,2023-03-27 14:44:40+07:00,dok mau tanya sy dulu ya punya penyakit hepatitis sekarang sy kena diabetes terakhir gula darah sy apakah telapak kaki sy yg d atas gatal karn diabetes,youtube,,,,,2026-06-15 23:29:10.563446,youtube,625a19d4a4e291a1618d074a621bae61
TP1gsrtPEhM,pencegahan_dan_penanganan_diabetes,Ibu kalau sda luka di kaki karena diabetes cara gimana supaya luka itu sembu,0,2023-03-14 12:14:55+07:00,ibu kalau sda luka di kaki karena diabetes cara gimana supaya luka itu sembu,youtube,,,,,2026-06-15 23:29:10.563446,youtube,b427c8b0ca400d0d42616a753441d593
TP1gsrtPEhM,pencegahan_dan_penanganan_diabetes,Terimakasih dokter sudah berbagi ilmu nya,2,2023-03-08 19:46:36+07:00,terimakasih dokter sudah berbagi ilmu nya,youtube,,,,,2026-06-15 23:29:10.563446,youtube,00341b579f54af3276091cd0b22fe994
TP1gsrtPEhM,pencegahan_dan_penanganan_diabetes,"ibuk ku kena kolostrol,gula dan asam urat gimana dok sampe susah jalan",0,2023-03-03 16:38:14+07:00,ibuk ku kena kolostrolgula dan asam urat gimana dok sampe susah jalan,youtube,,,,,2026-06-15 23:29:10.563446,youtube,65ec9578044772d4afbc43445c05d912
TP1gsrtPEhM,pencegahan_dan_penanganan_diabetes,"Dok saya mau tanya, usia saya 50thn,satu tahun ini saya sering gatel gatel di sekujur tubuh dok,apa itu gejala gula darah saya tinggi,terimakasih dok🙏",1,2023-03-01 14:37:41+07:00,dok saya mau tanya usia saya thnsatu tahun ini saya sering gatel gatel di sekujur tubuh dokapa itu gejala gula darah saya tinggiterimakasih dok,youtube,,,,,2026-06-15 23:29:10.563446,youtube,80996c488052ac60a0d422065438cebe
TP1gsrtPEhM,pencegahan_dan_penanganan_diabetes,Nggak selalu.<br>Makanya cek gula darah nya,0,2024-04-10 21:57:07+07:00,nggak selalumakanya cek gula darah nya,youtube,,,,,2026-06-15 23:29:10.563446,youtube,53a0778c16085b3413848a7ee70be7a8
TP1gsrtPEhM,pencegahan_dan_penanganan_diabetes,Mkchh bu dokter semoga jadi hidayah Aaminnn 🤲🏻,0,2023-02-28 11:30:00+07:00,mkchh bu dokter semoga jadi hidayah aaminnn,youtube,,,,,2026-06-15 23:29:10.563446,youtube,4dda39c8c9d1ebae4d05e2d0e6a14086
TP1gsrtPEhM,pencegahan_dan_penanganan_diabetes,"Trimkasih penjelasanx ibu dokter Dewi,saya ngidap diabetes militus sdh lama pakai insulin, pertanyaannya kenapa klo pagi hari sering mengalami hikkimia pokokx keringat dingin seperti mau mati rasax apa pertolongan perta klo tiba2 kita kena diluar rmh?",0,2023-02-27 09:52:25+07:00,trimkasih penjelasanx ibu dokter dewisaya ngidap diabetes militus sdh lama pakai insulin pertanyaannya kenapa klo pagi hari sering mengalami hikkimia pokokx keringat dingin seperti mau mati rasax apa pertolongan perta klo tiba kita kena diluar rmh,youtube,,,,,2026-06-15 23:29:10.563446,youtube,2d9e5434416e0d93b523738cd9a378c4
TP1gsrtPEhM,pencegahan_dan_penanganan_diabetes,"Dok...mau tanya, saya divonis diabet tipe 2....oleh dokter penyakit dalam saya di beri INSULIN. yg untuk siang 3 X 6. Pagi, siang, malam..<br>Sedang kan yg untuk malam saya 1X 12..<br>Yg sya mau tanya kan..bisa gk dok...saya lepas dri suntik kan insulin.<br>Sebelum nya saya ucap kan terimakasih dok...atas jawaban nya",0,2023-02-12 16:27:09+07:00,dokmau tanya saya divonis diabet tipe oleh dokter penyakit dalam saya di beri insulin yg untuk siang x pagi siang malamsedang kan yg untuk malam saya x yg sya mau tanya kanbisa gk doksaya lepas dri suntik kan insulinsebelum nya saya ucap kan terimakasih dokatas jawaban nya,youtube,,,,,2026-06-15 23:29:10.563446,youtube,c0b7bc7e17d222451bd458f86d91cdd4
TP1gsrtPEhM,pencegahan_dan_penanganan_diabetes,Assalamualaikum dok sy izin bertanya <br>Sy kerja ngerawat org tua usia 70thn lebih <br>Dia punya penyakit diabetes <br>Kenpa dok sakit majikan saya gk sembuh2<br>Dia minum obat sehari semalam hampir 30butir obat. Katanya penyakitnya hampir 30thn <br>Kakinya bau dok,0,2023-02-03 12:21:54+07:00,assalamualaikum dok sy izin bertanya sy kerja ngerawat org tua usia thn lebih dia punya penyakit diabetes kenpa dok sakit majikan saya gk sembuhdia minum obat sehari semalam hampir butir obat katanya penyakitnya hampir thn kakinya bau dok,youtube,,,,,2026-06-15 23:29:10.563446,youtube,33eab4d68a83c5a8e894ea8661ba814f
TP1gsrtPEhM,pencegahan_dan_penanganan_diabetes,bau apak neng,1,2023-02-08 19:23:29+07:00,bau apak neng,youtube,,,,,2026-06-15 23:29:10.563446,youtube,10912b9f27a2e94fa56fb8e7f3ba1ba5
TP1gsrtPEhM,pencegahan_dan_penanganan_diabetes,Kakinya bau kan penyakit diabetes pak,0,2023-02-08 19:32:00+07:00,kakinya bau kan penyakit diabetes pak,youtube,,,,,2026-06-15 23:29:10.563446,youtube,98ea35b61109df39d38f64e8a6433759
TP1gsrtPEhM,pencegahan_dan_penanganan_diabetes,"Assalamualaikum dokter,<br>saya punya keluhan sering kencing, sering sekali dan keluarnya juga ndak terlalu bnyak, kadang d bagian perut bawah sakit gitu.. itu knp bu dok",0,2023-01-30 15:25:58+07:00,assalamualaikum doktersaya punya keluhan sering kencing sering sekali dan keluarnya juga ndak terlalu bnyak kadang d bagian perut bawah sakit gitu itu knp bu dok,youtube,,,,,2026-06-15 23:29:10.563446,youtube,0811090f0afa6bbc1dc8ccadbd8a6b15
TP1gsrtPEhM,pencegahan_dan_penanganan_diabetes,Pangkreas second brp dok?,0,2023-01-29 08:34:10+07:00,pangkreas second brp dok,youtube,,,,,2026-06-15 23:29:10.563446,youtube,ba439a152a0dae9cf6e99c880cfaa952
TP1gsrtPEhM,pencegahan_dan_penanganan_diabetes,"jika seseorang itu sering haus dan sering buang air kecil tpi tidak ada faktor genetik diabetes, berarti seseorang tsb bukan terkena gejala diabetes ya dok ?",0,2023-01-25 03:25:24+07:00,jika seseorang itu sering haus dan sering buang air kecil tpi tidak ada faktor genetik diabetes berarti seseorang tsb bukan terkena gejala diabetes ya dok,youtube,,,,,2026-06-15 23:29:10.563446,youtube,ffc4d88bd232cb49fe98acccbc01be69
TP1gsrtPEhM,pencegahan_dan_penanganan_diabetes,Ga ada genetik BKN berati gabisa diabetes kocak.,0,2023-04-23 19:56:20+07:00,ga ada genetik bkn berati gabisa diabetes kocak,youtube,,,,,2026-06-15 23:29:10.563446,youtube,728c0f2c42b3c056bcce35e65e34b01d
TP1gsrtPEhM,pencegahan_dan_penanganan_diabetes,"Test gula darah saat puasa, puasa 8 jam , trus test gula darah nya",0,2023-06-01 12:29:04+07:00,test gula darah saat puasa puasa jam trus test gula darah nya,youtube,,,,,2026-06-15 23:29:10.563446,youtube,09afb3607e59633fa5499dfc6afdb0b3
TP1gsrtPEhM,pencegahan_dan_penanganan_diabetes,Trimakasih banyak Dokter atas penjelasannya..,2,2023-01-23 14:00:35+07:00,trimakasih banyak dokter atas penjelasannya,youtube,,,,,2026-06-15 23:29:10.563446,youtube,fa1abd0b724e25c10884517935ae11f8
TP1gsrtPEhM,pencegahan_dan_penanganan_diabetes,"Dokter sy tiba-tiba naik gula darah, ada dua jari telunjuk gk bs di lipat (mengengam ) apa yg hrs sy lakukan Dokter sy betul kaget sedih tlg solusinya trimakasih",0,2023-01-19 06:28:12+07:00,dokter sy tibatiba naik gula darah ada dua jari telunjuk gk bs di lipat mengengam apa yg hrs sy lakukan dokter sy betul kaget sedih tlg solusinya trimakasih,youtube,,,,,2026-06-15 23:29:10.563446,youtube,2a278e5779a36f4534d2625322e0ddd9
TP1gsrtPEhM,pencegahan_dan_penanganan_diabetes,Assalamualaikum...ijin dok mau bertanya gimna caranya mengatasi penurunan berat badan sy...dri 57 turun ke 49 kg...sy mengidap diabetes berjalan 1 thun ini...gula darah sy yg tertinggi smpai saat ini pernah 290...,0,2023-01-18 14:36:48+07:00,assalamualaikumijin dok mau bertanya gimna caranya mengatasi penurunan berat badan sydri turun ke kgsy mengidap diabetes berjalan thun inigula darah sy yg tertinggi smpai saat ini pernah,youtube,,,,,2026-06-15 23:29:10.563446,youtube,be18563857c537d5dc64fec5ed1d458e
TP1gsrtPEhM,pencegahan_dan_penanganan_diabetes,Dok saya penderita diabetes berat badan saya turun apakah bisa naik lagi soal nya badan saya dari 62 KL menjadi 52 kl,0,2023-01-08 21:45:37+07:00,dok saya penderita diabetes berat badan saya turun apakah bisa naik lagi soal nya badan saya dari kl menjadi kl,youtube,,,,,2026-06-15 23:29:10.563446,youtube,5d0b30e645c587441ea56838416a1846
TP1gsrtPEhM,pencegahan_dan_penanganan_diabetes,Terimakasih banyak Dok..,1,2023-01-03 14:24:04+07:00,terimakasih banyak dok,youtube,,,,,2026-06-15 23:29:10.563446,youtube,15e9e7807a5efddb579ac8070c3b6aa3
TP1gsrtPEhM,pencegahan_dan_penanganan_diabetes,Dok saya mau tanya kalo penderita diabetes kaki nya bengkak gemana ya dok,0,2022-12-27 17:20:31+07:00,dok saya mau tanya kalo penderita diabetes kaki nya bengkak gemana ya dok,youtube,,,,,2026-06-15 23:29:10.563446,youtube,3f3b8d09ae1b3cb9b22b7947c2cd0a06
TP1gsrtPEhM,pencegahan_dan_penanganan_diabetes,Terima kasih dok penjelasanya,2,2022-12-15 05:19:23+07:00,terima kasih dok penjelasanya,youtube,,,,,2026-06-15 23:29:10.563446,youtube,b3f06474778952fe23547556a3d18ff0
TP1gsrtPEhM,pencegahan_dan_penanganan_diabetes,"tmn katanya diabet,merasa gatal2 trus,badan susut,,,dan cegukan trus tanpa henti,,,apakah cegukan itu jg trmasuk gejalanya?",0,2022-12-13 14:38:42+07:00,tmn katanya diabetmerasa gatal trusbadan susutdan cegukan trus tanpa hentiapakah cegukan itu jg trmasuk gejalanya,youtube,,,,,2026-06-15 23:29:10.563446,youtube,afde97e72bc13ee0ff9a4430c2a7cc81
TP1gsrtPEhM,pencegahan_dan_penanganan_diabetes,Dok agarcara menurunkan diabet gimana dok,0,2022-12-06 23:48:55+07:00,dok agarcara menurunkan diabet gimana dok,youtube,,,,,2026-06-15 23:29:10.563446,youtube,814585a1686c05b2716be67e8e90bf51
TP1gsrtPEhM,pencegahan_dan_penanganan_diabetes,"Trima kasih atas penjelasannya dokter , mau nanya dokter bagaimana cara mengatasi kaki bengkak diabetes yang dak kunjung sembuh juga juga yang kakinya agak geser dikit",1,2022-12-03 22:01:08+07:00,trima kasih atas penjelasannya dokter mau nanya dokter bagaimana cara mengatasi kaki bengkak diabetes yang dak kunjung sembuh juga juga yang kakinya agak geser dikit,youtube,,,,,2026-06-15 23:29:10.563446,youtube,5502bb1a48344944074f76902eb18024
TP1gsrtPEhM,pencegahan_dan_penanganan_diabetes,Assalamualaikum dok mau nanyak apakah orang yg mengalami diabetes yg radar gilanya 200san wajib mengkonsumsi obat² Tan?,0,2022-12-03 20:08:24+07:00,assalamualaikum dok mau nanyak apakah orang yg mengalami diabetes yg radar gilanya san wajib mengkonsumsi obat² tan,youtube,,,,,2026-06-15 23:29:10.563446,youtube,ca86df5cbab07ec8cc75455fdfa3b5e3
TP1gsrtPEhM,pencegahan_dan_penanganan_diabetes,Cek tulisan sebelum komentar.,0,2022-12-23 22:58:23+07:00,cek tulisan sebelum komentar,youtube,,,,,2026-06-15 23:29:10.563446,youtube,326b9d38e4dd1382cd303489aa5d4b48
TP1gsrtPEhM,pencegahan_dan_penanganan_diabetes,"Disarankan minum obat gila mas secara rutin mas, agar tidak membahayakan orang lain",0,2023-01-02 12:22:46+07:00,disarankan minum obat gila mas secara rutin mas agar tidak membahayakan orang lain,youtube,,,,,2026-06-15 23:29:10.563446,youtube,17338cf0c5e5bfbf3df7af7c51e2981d
TP1gsrtPEhM,pencegahan_dan_penanganan_diabetes,Dok apakah penderita diabetes aman mengkonsumsi kopi hitam 3×sehari dgn porsi yg besar,0,2022-11-26 11:04:49+07:00,dok apakah penderita diabetes aman mengkonsumsi kopi hitam sehari dgn porsi yg besar,youtube,,,,,2026-06-15 23:29:10.563446,youtube,9f4b5501a0b0c12cca500879c6b0b353
TP1gsrtPEhM,pencegahan_dan_penanganan_diabetes,Kalau bisa jangan minum/berhenti minum kopi bang .,0,2023-02-13 19:05:50+07:00,kalau bisa jangan minumberhenti minum kopi bang,youtube,,,,,2026-06-15 23:29:10.563446,youtube,36b05cef62da8748a50f0173466db211
TP1gsrtPEhM,pencegahan_dan_penanganan_diabetes,Jenis diabet kehamilan gmna mksdnya yah. Soalnya sy lg hamil juga jd khawatir,0,2022-11-18 21:14:34+07:00,jenis diabet kehamilan gmna mksdnya yah soalnya sy lg hamil juga jd khawatir,youtube,,,,,2026-06-15 23:29:10.563446,youtube,a0cc34fcdcd3f75bace9cc0589f6dd0e
TP1gsrtPEhM,pencegahan_dan_penanganan_diabetes,Brp kadar gula darah yg normal pdhl itu penting diketahui mlh ga di jlskn Barang kali ada sobat yg thu mohon di dikasih tau . Tq. Sebelumnya.,0,2022-11-14 06:58:22+07:00,brp kadar gula darah yg normal pdhl itu penting diketahui mlh ga di jlskn barang kali ada sobat yg thu mohon di dikasih tau tq sebelumnya,youtube,,,,,2026-06-15 23:29:10.563446,youtube,371b444d7a25a0a14e4452097fdb2feb
TP1gsrtPEhM,pencegahan_dan_penanganan_diabetes,Gula darah acak ( TDK puasa ) harus dibawah 140<br>Gula darah puasa di bawah 100,0,2023-01-16 07:11:14+07:00,gula darah acak tdk puasa harus dibawah gula darah puasa di bawah,youtube,,,,,2026-06-15 23:29:10.563446,youtube,c29020fcf2e0d8a5bdd09ab9a09dee23
TP1gsrtPEhM,pencegahan_dan_penanganan_diabetes,"@Ubay_punyacerita maaf mau tanya kadar gula tidak puasa itu gimana bang, maksudnya makan seperti biasanya tah ?",0,2023-02-13 19:13:47+07:00,ubay_punyacerita maaf mau tanya kadar gula tidak puasa itu gimana bang maksudnya makan seperti biasanya tah,youtube,,,,,2026-06-15 23:29:10.563446,youtube,48c5ad59d96ed712788da8d02e61d54f
TP1gsrtPEhM,pencegahan_dan_penanganan_diabetes,@DeadRabbit121 iya makan kek biasa tunggu dua jam lalu cek dah. Kalo dibwh 140 normal,0,2023-04-23 20:00:40+07:00,deadrabbit iya makan kek biasa tunggu dua jam lalu cek dah kalo dibwh normal,youtube,,,,,2026-06-15 23:29:10.563446,youtube,2969bea2613758c217955b831ae494e1
TP1gsrtPEhM,pencegahan_dan_penanganan_diabetes,Boro&quot;mau 6x mkn..sy mkn 1x dg karbo ny d takar gula nya naik dahsyat bgt dok smp 269..2 jm setlh mkn..gula puasa 151,1,2022-11-10 19:12:04+07:00,boroquotmau x mknsy mkn x dg karbo ny d takar gula nya naik dahsyat bgt dok smp jm setlh mkngula puasa,youtube,,,,,2026-06-15 23:29:10.563446,youtube,9c8e46d4d9f2157f7c219a972f6e2bbc
TP1gsrtPEhM,pencegahan_dan_penanganan_diabetes,Sekarang brap gula ny,0,2024-08-17 20:26:40+07:00,sekarang brap gula ny,youtube,,,,,2026-06-15 23:29:10.563446,youtube,e7c78fa6ea88309404a2565d02d33742
TP1gsrtPEhM,pencegahan_dan_penanganan_diabetes,"Dok saya pasien dokter, insulin saya 12 unit sehari 3 kli, tapi skrng sya sering drop dok, gmn ya dok solusiny, klo bangun tidur sblm mkn saya cek 199, setelah insulin trus saya mkn setelah jam stengh 3 an udh turun di bawah 100, badan saya terasa lemas dok, mohon solusiny dok saya hrs gmn",1,2022-11-10 16:37:41+07:00,dok saya pasien dokter insulin saya unit sehari kli tapi skrng sya sering drop dok gmn ya dok solusiny klo bangun tidur sblm mkn saya cek setelah insulin trus saya mkn setelah jam stengh an udh turun di bawah badan saya terasa lemas dok mohon solusiny dok saya hrs gmn,youtube,,,,,2026-06-15 23:29:10.563446,youtube,308f7c3125d77f66a5718f164de010ce
TP1gsrtPEhM,pencegahan_dan_penanganan_diabetes,"Dok mau tanya,,, saya pas kencing ok keluar darah gimana ya dok",0,2022-11-08 08:57:04+07:00,dok mau tanya saya pas kencing ok keluar darah gimana ya dok,youtube,,,,,2026-06-15 23:29:10.563446,youtube,de1c2b525260baf3f6555363161cfb50
TP1gsrtPEhM,pencegahan_dan_penanganan_diabetes,Gagal ginjal mungkin,0,2022-12-09 09:05:43+07:00,gagal ginjal mungkin,youtube,,,,,2026-06-15 23:29:10.563446,youtube,052d102ba65262eda4d316554e654d36
TP1gsrtPEhM,pencegahan_dan_penanganan_diabetes,Mlam Dokter saya mangalami diabetes tipe 2 lalu apa yang harus saya lakukan mohon balasan nya dok trimakasi dari ibu farida semarang,1,2022-11-07 00:06:46+07:00,mlam dokter saya mangalami diabetes tipe lalu apa yang harus saya lakukan mohon balasan nya dok trimakasi dari ibu farida semarang,youtube,,,,,2026-06-15 23:29:10.563446,youtube,1d87877a75b46052935ef2512ed0163b
TP1gsrtPEhM,pencegahan_dan_penanganan_diabetes,"Tolong jelaskan dokter, &quot; lebih cepat gunakan insulin bagi pengidap diabetes tipe 2 adalah lebih baik.&quot;",0,2022-11-05 21:26:22+07:00,tolong jelaskan dokter quot lebih cepat gunakan insulin bagi pengidap diabetes tipe adalah lebih baikquot,youtube,,,,,2026-06-15 23:29:10.563446,youtube,22910293175b16b02cd95f8f3029a7a7
TP1gsrtPEhM,pencegahan_dan_penanganan_diabetes,Gimn cara mengetahui tipe gula darah dok,0,2022-11-05 12:18:51+07:00,gimn cara mengetahui tipe gula darah dok,youtube,,,,,2026-06-15 23:29:10.563446,youtube,56571b808eb4485bdb061bbe11de7f68
TP1gsrtPEhM,pencegahan_dan_penanganan_diabetes,"dok, jempol dan jari jari kaki saya selalu seperti ditusukk tusuk jarum dan telapak kaki saya panas. dan sudah berlangsung berbulan bulan. itu penyakit apa ya? asam urat, rematik atau gula darah? obatnya apa? thanks dok.",2,2022-11-01 19:45:08+07:00,dok jempol dan jari jari kaki saya selalu seperti ditusukk tusuk jarum dan telapak kaki saya panas dan sudah berlangsung berbulan bulan itu penyakit apa ya asam urat rematik atau gula darah obatnya apa thanks dok,youtube,,,,,2026-06-15 23:29:10.563446,youtube,c5b8211ad95fe8d6ed9752b3bb688e7a
TP1gsrtPEhM,pencegahan_dan_penanganan_diabetes,Sama yang di alami sekarang oleh suami saya...suami saya penderita diabetes tipe 2...,0,2023-02-19 12:10:38+07:00,sama yang di alami sekarang oleh suami sayasuami saya penderita diabetes tipe,youtube,,,,,2026-06-15 23:29:10.563446,youtube,43e2be8fa51f386b5287997182c978c6
TP1gsrtPEhM,pencegahan_dan_penanganan_diabetes,"saya mengalami kehitaman kulit di tulang kering, ada sumber mengatakan saya menderita gejala diabetes, umur saya 29 tahun. fisik masih fit, apakah bisa sembuh",2,2022-10-30 22:23:01+07:00,saya mengalami kehitaman kulit di tulang kering ada sumber mengatakan saya menderita gejala diabetes umur saya tahun fisik masih fit apakah bisa sembuh,youtube,,,,,2026-06-15 23:29:10.563446,youtube,b3fd4ae7e10fb3cf9bf064add2c750d6
TP1gsrtPEhM,pencegahan_dan_penanganan_diabetes,rutin minum kopi tanpa gula bro,0,2022-11-04 23:48:00+07:00,rutin minum kopi tanpa gula bro,youtube,,,,,2026-06-15 23:29:10.563446,youtube,7daae848b3deb99b117e9e7ebc939f4f
TP1gsrtPEhM,pencegahan_dan_penanganan_diabetes,"Cek gula lah, ke puskesmas murah",0,2023-01-16 07:12:18+07:00,cek gula lah ke puskesmas murah,youtube,,,,,2026-06-15 23:29:10.563446,youtube,89bbb8e99be3f0ef65955d7055a85a84
TP1gsrtPEhM,pencegahan_dan_penanganan_diabetes,Cek kedokter,0,2023-01-21 02:56:29+07:00,cek kedokter,youtube,,,,,2026-06-15 23:29:10.563446,youtube,9bd21e6de63df9855c531989da01898d
TP1gsrtPEhM,pencegahan_dan_penanganan_diabetes,@bukanpahlawan902 ke dokter ntar juga disuruh cek gula 😬<br>Cek gula dulu hasilnya bawa ke dokter biar g bolak balik bayar uang dokter,0,2023-01-21 05:01:04+07:00,bukanpahlawan ke dokter ntar juga disuruh cek gula cek gula dulu hasilnya bawa ke dokter biar g bolak balik bayar uang dokter,youtube,,,,,2026-06-15 23:29:10.563446,youtube,7ae1690b5d6c46269308d08cde6fc12c
TP1gsrtPEhM,pencegahan_dan_penanganan_diabetes,Joss info nya Dok 👍👍,1,2022-10-30 14:38:29+07:00,joss info nya dok,youtube,,,,,2026-06-15 23:29:10.563446,youtube,e3797e3e242f000de9dd5800fed755cc
TP1gsrtPEhM,pencegahan_dan_penanganan_diabetes,Jenis makanan apa saja atau sayuran atau buah yg tidak banyak mengandung zat gula,2,2022-10-21 21:20:39+07:00,jenis makanan apa saja atau sayuran atau buah yg tidak banyak mengandung zat gula,youtube,,,,,2026-06-15 23:29:10.563446,youtube,9625f68b685fe12a30ed59bb27f7278c
TP1gsrtPEhM,pencegahan_dan_penanganan_diabetes,"semua makanan ada zat gulanya, baik yang alami ataupun tidak, kalau diabetes rutin minum kopi tanpa gula",0,2022-11-04 23:47:02+07:00,semua makanan ada zat gulanya baik yang alami ataupun tidak kalau diabetes rutin minum kopi tanpa gula,youtube,,,,,2026-06-15 23:29:10.563446,youtube,e0e7af91e04d37e8bf23e82b9ee41b56
TP1gsrtPEhM,pencegahan_dan_penanganan_diabetes,Terimakasih banyak Dok.. <br>atas Edukasi nya...,2,2022-10-21 03:46:58+07:00,terimakasih banyak dok atas edukasi nya,youtube,,,,,2026-06-15 23:29:10.563446,youtube,18aad1db579a02ad6ebeba0277b15fe0
TP1gsrtPEhM,pencegahan_dan_penanganan_diabetes,"Diabetes tidak ada obatnya kecuali di amputasi, klu ke dokter percuma, cuman di kuras uangnya",0,2022-10-19 14:05:12+07:00,diabetes tidak ada obatnya kecuali di amputasi klu ke dokter percuma cuman di kuras uangnya,youtube,,,,,2026-06-15 23:29:10.563446,youtube,c97b5954e6c304ce0ca7caae3f2eeeb4
TP1gsrtPEhM,pencegahan_dan_penanganan_diabetes,Trima kasih atas edukasi nya Tuhan memberkati. Selalu dalam tugas sebagai dokter horas dari pematang siantar.,2,2022-10-17 05:39:25+07:00,trima kasih atas edukasi nya tuhan memberkati selalu dalam tugas sebagai dokter horas dari pematang siantar,youtube,,,,,2026-06-15 23:29:10.563446,youtube,72549c928939dc568ff87ba8c3121b37
TP1gsrtPEhM,pencegahan_dan_penanganan_diabetes,Apa itu insulin,2,2022-10-16 13:52:12+07:00,apa itu insulin,youtube,,,,,2026-06-15 23:29:10.563446,youtube,7bb48727be3ff10d900ecb61c70093be
TP1gsrtPEhM,pencegahan_dan_penanganan_diabetes,Dok gula darah saya 230 tidak puasa . bagaimana cara mengatasi nya .,0,2022-10-06 18:29:04+07:00,dok gula darah saya tidak puasa bagaimana cara mengatasi nya,youtube,,,,,2026-06-15 23:29:10.563446,youtube,27b4a27fe50950b21e134fa23da3f3de
TP1gsrtPEhM,pencegahan_dan_penanganan_diabetes,sudah cek gula lagi bang?,0,2022-12-02 10:36:11+07:00,sudah cek gula lagi bang,youtube,,,,,2026-06-15 23:29:10.563446,youtube,9529f1d2086f2dd3c27b452ce8920508
TP1gsrtPEhM,pencegahan_dan_penanganan_diabetes,"Kalo untuk kadar gula darah yang sering rendah(82) bagaimana dok,padahal sudah makan.",0,2022-10-04 17:55:33+07:00,kalo untuk kadar gula darah yang sering rendah bagaimana dokpadahal sudah makan,youtube,,,,,2026-06-15 23:29:10.563446,youtube,6bb2e0eb90aa048f169763ff5e6ad53e
TP1gsrtPEhM,pencegahan_dan_penanganan_diabetes,"Dok, apa manfaat nasi aking untuk diabet",0,2022-10-03 20:03:14+07:00,dok apa manfaat nasi aking untuk diabet,youtube,,,,,2026-06-15 23:29:10.563446,youtube,4aef685d3c34907a8a4588c81d09f958
TP1gsrtPEhM,pencegahan_dan_penanganan_diabetes,Dokter boleh tidak penyakit diabetes kadar gula 580 me.nkomsumsi ubi kayu dan kolang. Kaleng dok balas,0,2022-10-01 08:25:15+07:00,dokter boleh tidak penyakit diabetes kadar gula menkomsumsi ubi kayu dan kolang kaleng dok balas,youtube,,,,,2026-06-15 23:29:10.563446,youtube,e929b665787d06a3a222ff100c7091c4
TP1gsrtPEhM,pencegahan_dan_penanganan_diabetes,Kolang Kaling yg manis nggak boleh.<br>Ubi Kayu mengandung karbohidrat.,0,2024-04-10 21:59:13+07:00,kolang kaling yg manis nggak bolehubi kayu mengandung karbohidrat,youtube,,,,,2026-06-15 23:29:10.563446,youtube,7a3cbd7dc71ff2a5fbbf5bd6fca05e3e
TP1gsrtPEhM,pencegahan_dan_penanganan_diabetes,📢📢📢 <b>PERTAMA DI INDONESIA</b><br><br>🔰 <b>HANYA Rp. 600.000 / BULAN</b><br> <br>BEBAS SIKSAAN DIABETES<br>AKHIRNYA PENDERITA DIABETES BISA TERSENYUM . . .<br>BEBASKAN DIRI ANDA DARI GULA DARAH TINGGI<br><br>✅ <b>TANPA OBAT</b><br>✅ <b>TANPA KIMIAWI SINTETIS</b><br>✅ <b>TANPA HARUS TERSIKSA DIET KETAT</b><br><br>📌 <b>HANYA DENGAN</b><br><br>✳️ <b>TERAPI MAKANAN</b><br>📌 <b>20 HARI GULA DARAH TIDAK TURUN .DAN STABIL UANG KEMBALI</b>,0,2022-09-24 17:07:59+07:00,pertama di indonesia hanya rp bulan bebas siksaan diabetesakhirnya penderita diabetes bisa tersenyum bebaskan diri anda dari gula darah tinggi tanpa obat tanpa kimiawi sintetis tanpa harus tersiksa diet ketat hanya dengan terapi makanan hari gula darah tidak turun dan stabil uang kembali,youtube,,,,,2026-06-15 23:29:10.563446,youtube,4b44334130312fc696064c597d4027ee
TP1gsrtPEhM,pencegahan_dan_penanganan_diabetes,dok yang paling penting dal 5 pilar yang mana dok,0,2022-09-19 12:38:33+07:00,dok yang paling penting dal pilar yang mana dok,youtube,,,,,2026-06-15 23:29:10.563446,youtube,cca6164a05358d6e065b91455ffd5f53
TP1gsrtPEhM,pencegahan_dan_penanganan_diabetes,Yang pikiran bang .,0,2023-02-13 19:09:15+07:00,yang pikiran bang,youtube,,,,,2026-06-15 23:29:10.563446,youtube,fe95324b1ffa4330a232a3f4292e4020
TP1gsrtPEhM,pencegahan_dan_penanganan_diabetes,Terima kasih dok atas penjelasanya semoga bermanfaat bagi kita semua,1,2022-09-18 07:50:30+07:00,terima kasih dok atas penjelasanya semoga bermanfaat bagi kita semua,youtube,,,,,2026-06-15 23:29:10.563446,youtube,6d5ad0f8ece0afe457c3d36dfbf0fdc5
TP1gsrtPEhM,pencegahan_dan_penanganan_diabetes,"terimah kasih atas penjelasannya dok, saya mau nanya dok, saya sering buang air kecil pada malam hari dan air seninya kadang berbuih apakah itu sdh parah dok? mohon penjelasannya, terimah kasih sebelumnya",5,2022-09-15 21:06:54+07:00,terimah kasih atas penjelasannya dok saya mau nanya dok saya sering buang air kecil pada malam hari dan air seninya kadang berbuih apakah itu sdh parah dok mohon penjelasannya terimah kasih sebelumnya,youtube,,,,,2026-06-15 23:29:10.563446,youtube,5ebf0dba967e6a868aff2b407078cb23
TP1gsrtPEhM,pencegahan_dan_penanganan_diabetes,Dok yg di namakan insulin dini itu apa ya,0,2022-09-12 21:04:06+07:00,dok yg di namakan insulin dini itu apa ya,youtube,,,,,2026-06-15 23:29:10.563446,youtube,2f6782ddc3b3972a00b48409f425d4ce
TP1gsrtPEhM,pencegahan_dan_penanganan_diabetes,Terimakasih Dok.semoga Tuhan memberkati,1,2022-09-06 18:48:15+07:00,terimakasih doksemoga tuhan memberkati,youtube,,,,,2026-06-15 23:29:10.563446,youtube,30f895b0bbadf0cc2dd63168aea70053
TP1gsrtPEhM,pencegahan_dan_penanganan_diabetes,Dok saya mau tanya.kenapa saya setiap jam 9 sampai jam11 badan saya itu lemah dan sakit pinggang saya dok.saya tes gula darah bangun tidur 138 klau habis makan jarang saya tes.tolong penjelasannya dok,0,2022-09-04 11:18:42+07:00,dok saya mau tanyakenapa saya setiap jam sampai jam badan saya itu lemah dan sakit pinggang saya doksaya tes gula darah bangun tidur klau habis makan jarang saya testolong penjelasannya dok,youtube,,,,,2026-06-15 23:29:10.563446,youtube,3532595d866a053c1eae2ee5f0d66c73
TP1gsrtPEhM,pencegahan_dan_penanganan_diabetes,Trumakasih dok atas ilmunya tpi kani ingin tanya klu minum obat gula tiap hari ada efeknya tdk..dmkn..,0,2022-08-30 18:52:20+07:00,trumakasih dok atas ilmunya tpi kani ingin tanya klu minum obat gula tiap hari ada efeknya tdkdmkn,youtube,,,,,2026-06-15 23:29:10.563446,youtube,f02f356f40a7bdf3bd8e28aa05c7dc1a
TP1gsrtPEhM,pencegahan_dan_penanganan_diabetes,Nggak .<br>Justru kalau gak minum bisa bahaya,0,2024-04-10 21:56:09+07:00,nggak justru kalau gak minum bisa bahaya,youtube,,,,,2026-06-15 23:29:10.563446,youtube,879fc4a9923919416319442ad097d00e
TP1gsrtPEhM,pencegahan_dan_penanganan_diabetes,"Dokter, saya sdh 6 bln sakit kesmutan/kebas2 di tangan hingga luher sebelah kanan, bgmana ini dokter ?",1,2022-08-27 16:45:29+07:00,dokter saya sdh bln sakit kesmutankebas di tangan hingga luher sebelah kanan bgmana ini dokter,youtube,,,,,2026-06-15 23:29:10.563446,youtube,909ab6962145237e5a24c3d3f2616f6f
TP1gsrtPEhM,pencegahan_dan_penanganan_diabetes,Ass...dok mau nya saya baru kena penyakit diabetes tapo gak ada napsu malan. Apa solusi nya,1,2022-08-25 22:59:18+07:00,assdok mau nya saya baru kena penyakit diabetes tapo gak ada napsu malan apa solusi nya,youtube,,,,,2026-06-15 23:29:10.563446,youtube,8f16a9f7b5aa85fd37bc186422766204
TP1gsrtPEhM,pencegahan_dan_penanganan_diabetes,Dok gejala awal apa yg terjadi pd penderita diabetes,0,2022-08-25 22:41:35+07:00,dok gejala awal apa yg terjadi pd penderita diabetes,youtube,,,,,2026-06-15 23:29:10.563446,youtube,4edfd7b91db9bea5486694f845ad8743
TP1gsrtPEhM,pencegahan_dan_penanganan_diabetes,Mohon penjelasanx dokter? Trima kasih,1,2022-08-25 21:16:18+07:00,mohon penjelasanx dokter trima kasih,youtube,,,,,2026-06-15 23:29:10.563446,youtube,f641572b6273b2dcd2db9c560dbdadf4
TP1gsrtPEhM,pencegahan_dan_penanganan_diabetes,0<br>0<br><br><br><br><br><br>.<br><br>.<br>......<br>........<br>..........,0,2022-11-10 10:34:24+07:00,,youtube,,,,,2026-06-15 23:29:10.563446,youtube,10f5f5c112d9ecdd5f049ea1bee7d9d3
TP1gsrtPEhM,pencegahan_dan_penanganan_diabetes,"Kaki saya sering nyeri , lemes , kebas, klo dingin sangat dingin sanpai terasa di tulang",0,2022-08-25 21:15:36+07:00,kaki saya sering nyeri lemes kebas klo dingin sangat dingin sanpai terasa di tulang,youtube,,,,,2026-06-15 23:29:10.563446,youtube,d3c3d0653a63989fed2acfcf362bbe5c
TP1gsrtPEhM,pencegahan_dan_penanganan_diabetes,Assalamualaikum dokter kadar gula saya 358 apa saya terkena penyakit diabetes?,1,2022-08-25 21:13:52+07:00,assalamualaikum dokter kadar gula saya apa saya terkena penyakit diabetes,youtube,,,,,2026-06-15 23:29:10.563446,youtube,0035db9a6151fdf758272e714e73bf92
TP1gsrtPEhM,pencegahan_dan_penanganan_diabetes,Iya... Gula normal 150-180,0,2022-09-16 21:33:55+07:00,iya gula normal,youtube,,,,,2026-06-15 23:29:10.563446,youtube,3fda5ef22a72e9f5787c2ba7570f7db2
TP1gsrtPEhM,pencegahan_dan_penanganan_diabetes,@fathanranger9456 tpi kt dokter 138 udh naik,0,2022-11-14 07:03:55+07:00,fathanranger tpi kt dokter udh naik,youtube,,,,,2026-06-15 23:29:10.563446,youtube,bb1a059fee65d82d74cf93f2ece14cd4
TP1gsrtPEhM,pencegahan_dan_penanganan_diabetes,@panthomchan2265 138 normal,0,2023-04-23 19:58:24+07:00,panthomchan normal,youtube,,,,,2026-06-15 23:29:10.563446,youtube,0eb9a9e7a933d64e115bdd91f25c67b9
TP1gsrtPEhM,pencegahan_dan_penanganan_diabetes,"Dok apaka penderita dia betes tipe 2 bisa sembuh,",0,2022-08-25 17:01:02+07:00,dok apaka penderita dia betes tipe bisa sembuh,youtube,,,,,2026-06-15 23:29:10.563446,youtube,2a2a7079d2bfc8f255a5308d9edd2ec4
TP1gsrtPEhM,pencegahan_dan_penanganan_diabetes,"Sembuh tdak bisa namun bisa normal, asal pola makan dan gaya hidup terjaga...",0,2023-08-28 14:33:13+07:00,sembuh tdak bisa namun bisa normal asal pola makan dan gaya hidup terjaga,youtube,,,,,2026-06-15 23:29:10.563446,youtube,94daac5aff1d42077d901c93ed145876
TP1gsrtPEhM,pencegahan_dan_penanganan_diabetes,Maaf dok saya mau tanya temen saya yang diabetes terus di ke tusuk sesuatu terus bengkak dok gimana itu ya dok,1,2022-08-23 18:41:32+07:00,maaf dok saya mau tanya temen saya yang diabetes terus di ke tusuk sesuatu terus bengkak dok gimana itu ya dok,youtube,,,,,2026-06-15 23:29:10.563446,youtube,db3584ba5ab7e46a7ee3f0b6e878a0e9
TP1gsrtPEhM,pencegahan_dan_penanganan_diabetes,Dok mau tanya snack dan olahraga seperti apa yg cocok buat penderita diabet?,1,2022-08-23 17:09:05+07:00,dok mau tanya snack dan olahraga seperti apa yg cocok buat penderita diabet,youtube,,,,,2026-06-15 23:29:10.563446,youtube,48ccea73c4b725cd4f5b0da106012d05
TP1gsrtPEhM,pencegahan_dan_penanganan_diabetes,Dok saya jari tangan suka. Kesemutan apa itu juga termasuk gula darah....,0,2022-08-23 06:58:01+07:00,dok saya jari tangan suka kesemutan apa itu juga termasuk gula darah,youtube,,,,,2026-06-15 23:29:10.563446,youtube,354f8d9f4646a8142e0fe5bedd2a8573
TP1gsrtPEhM,pencegahan_dan_penanganan_diabetes,dog usia 65 udah nggak pernah minum manis makan gorengan gula darah masih tinggi puasa 139 acak 335,0,2022-08-17 22:06:26+07:00,dog usia udah nggak pernah minum manis makan gorengan gula darah masih tinggi puasa acak,youtube,,,,,2026-06-15 23:29:10.563446,youtube,4b51a13664b4ec0be576387d5186ceb3
TP1gsrtPEhM,pencegahan_dan_penanganan_diabetes,"Apa bisa sembuh dok,makash",1,2022-07-29 21:01:26+07:00,apa bisa sembuh dokmakash,youtube,,,,,2026-06-15 23:29:10.563446,youtube,71c58b1d2d6612f43aeb976dbfeebd4e
TP1gsrtPEhM,pencegahan_dan_penanganan_diabetes,Dok obat apa yg bagus buat penyekit gula darah,0,2022-09-06 19:14:31+07:00,dok obat apa yg bagus buat penyekit gula darah,youtube,,,,,2026-06-15 23:29:10.563446,youtube,fcc4c36ec3744bd207746a8bdf00bbe9
TP1gsrtPEhM,pencegahan_dan_penanganan_diabetes,"Trma kasih dok pnjlasannya , sy ingin brtanya gmn cara mengatasi kaki bagian bawah dua nya knan KRI ksemutan sdah skian lama bahkan timbul ke merah merahan trus trasa sakit dan luka apa penyebabnya apakah bisa sembuh dan gmn cara mengatasinya badan ngg trasa lemah ngg sll ingin makan krn sdah mrubah pola makan demikian kmi tunggu jawabannya",0,2022-09-14 18:15:59+07:00,trma kasih dok pnjlasannya sy ingin brtanya gmn cara mengatasi kaki bagian bawah dua nya knan kri ksemutan sdah skian lama bahkan timbul ke merah merahan trus trasa sakit dan luka apa penyebabnya apakah bisa sembuh dan gmn cara mengatasinya badan ngg trasa lemah ngg sll ingin makan krn sdah mrubah pola makan demikian kmi tunggu jawabannya,youtube,,,,,2026-06-15 23:29:10.563446,youtube,80a61a6d0e8d73376223b0d8e7602f48
TP1gsrtPEhM,pencegahan_dan_penanganan_diabetes,"@syamsurihasyim2834 infused water dari kayu manis dan rimpang&quot;an, sifat kayu manis cepat untuk menurunkan gloukosa",0,2022-12-02 10:40:17+07:00,syamsurihasyim infused water dari kayu manis dan rimpangquotan sifat kayu manis cepat untuk menurunkan gloukosa,youtube,,,,,2026-06-15 23:29:10.563446,youtube,e38451272c37aed054cbe9ed0e35e4cc
TP1gsrtPEhM,pencegahan_dan_penanganan_diabetes,"@abdularief3725 cek kadar gula darah pak, di puskesmas ada dan murah. nnt ketahuan itu diabetes atau bukan tp melihat gejalanya sepertinya menuju ke gejala diabetes",0,2023-01-16 06:38:54+07:00,abdularief cek kadar gula darah pak di puskesmas ada dan murah nnt ketahuan itu diabetes atau bukan tp melihat gejalanya sepertinya menuju ke gejala diabetes,youtube,,,,,2026-06-15 23:29:10.563446,youtube,b3e920e58b451f1f8fa52f730816b87a
TP1gsrtPEhM,pencegahan_dan_penanganan_diabetes,Tidak dijelaskan cara mengatasi,0,2022-07-02 01:59:09+07:00,tidak dijelaskan cara mengatasi,youtube,,,,,2026-06-15 23:29:10.563446,youtube,23977c05e68225d25698f0fd75bc4035
TP1gsrtPEhM,pencegahan_dan_penanganan_diabetes,"Dok, kalau kadar gula udh normal/ sdh sering cek HbsA1 dinyatakan normal, apa penderita diabetes sdh aman/ tidak ada efek resiko lagi .<br>Termks. 🙏",0,2022-08-19 20:32:05+07:00,dok kalau kadar gula udh normal sdh sering cek hbsa dinyatakan normal apa penderita diabetes sdh aman tidak ada efek resiko lagi termks,youtube,,,,,2026-06-15 23:29:10.563446,youtube,eb9033814806f7bc77f9397cd5fed043
TP1gsrtPEhM,pencegahan_dan_penanganan_diabetes,Ngatasin nya ya olahraga,0,2023-04-23 20:01:56+07:00,ngatasin nya ya olahraga,youtube,,,,,2026-06-15 23:29:10.563446,youtube,c78807fb527a5b4101107144ada093fd
TP1gsrtPEhM,pencegahan_dan_penanganan_diabetes,"dok saya mau tanya, usia saya 47th dan saya mengami kaki kesemutan dan sakit di kaki ini temasuk diabet tipe berapa? mohon jawabannya termakasih",0,2022-06-02 21:59:08+07:00,dok saya mau tanya usia saya th dan saya mengami kaki kesemutan dan sakit di kaki ini temasuk diabet tipe berapa mohon jawabannya termakasih,youtube,,,,,2026-06-15 23:29:10.563446,youtube,158f77d39ec1bd099791a11b2723d4ea
TP1gsrtPEhM,pencegahan_dan_penanganan_diabetes,Cek gula cuma 10 rebu,0,2023-04-23 20:02:21+07:00,cek gula cuma rebu,youtube,,,,,2026-06-15 23:29:10.563446,youtube,799c6ed046bae297b785597f28bf7735
TP1gsrtPEhM,pencegahan_dan_penanganan_diabetes,Ok trimakasih apa ygdijelaskan saya sangat mengerti trimakasih dokter semoga dokter sukses amin ya Robal alamin🤲,1,2021-03-24 14:29:51+07:00,ok trimakasih apa ygdijelaskan saya sangat mengerti trimakasih dokter semoga dokter sukses amin ya robal alamin,youtube,,,,,2026-06-15 23:29:10.563446,youtube,0b81fbfd5e0b5ff532d56120eef1cba2
TP1gsrtPEhM,pencegahan_dan_penanganan_diabetes,"Aamiin YRA... terima kasih telah menjadi penonton setia lifestyleOne. Semoga kakak sehat selalu, ya 😊 Dapatkan informasi seputar kesehatan dan gaya hidup sehat lainnya di channel lifestyleOne serta ikuti media sosial kami di <a href=""https://linktr.ee/lifestyleone"">https://linktr.ee/lifestyleone</a>",0,2021-03-24 17:59:25+07:00,aamiin yra terima kasih telah menjadi penonton setia lifestyleone semoga kakak sehat selalu ya dapatkan informasi seputar kesehatan dan gaya hidup sehat lainnya di channel lifestyleone serta ikuti media sosial kami di,youtube,,,,,2026-06-15 23:29:10.563446,youtube,d0837012062e43d851423b8d4c2dc416
TP1gsrtPEhM,pencegahan_dan_penanganan_diabetes,Mks infonya Dokter,0,2021-03-23 17:55:35+07:00,mks infonya dokter,youtube,,,,,2026-06-15 23:29:10.563446,youtube,ec9374b880cd35be082d715a39136b6e
TP1gsrtPEhM,pencegahan_dan_penanganan_diabetes,"Sama-sama, kak. Semoga infonya bermanfaat. Sehat selalu untuk kakak dan keluarga 😊 Stay tuned terus di channel lifestyleOne. Dapatkan informasi seputar kesehatan lainnya di <a href=""https://linktr.ee/lifestyleone"">https://linktr.ee/lifestyleone</a>",0,2021-03-24 17:59:06+07:00,samasama kak semoga infonya bermanfaat sehat selalu untuk kakak dan keluarga stay tuned terus di channel lifestyleone dapatkan informasi seputar kesehatan lainnya di,youtube,,,,,2026-06-15 23:29:10.563446,youtube,2db51e30f8ba04d458fe339db1e97477
TP1gsrtPEhM,pencegahan_dan_penanganan_diabetes,@KataDokterid dok klu kadar gula dibwah 100 apa terlalu rendah apa itu berbahya Dok.? ..n bgmn penanganan biar ttp stabil dok.. Mksih,0,2022-11-13 06:55:33+07:00,katadokterid dok klu kadar gula dibwah apa terlalu rendah apa itu berbahya dok n bgmn penanganan biar ttp stabil dok mksih,youtube,,,,,2026-06-15 23:29:10.563446,youtube,2e5c398bd99c331b34b8a42fb0e3f1d3
TP1gsrtPEhM,pencegahan_dan_penanganan_diabetes,"Trimakasih dokter penjelasannya,sgt bermanfaat",0,2021-03-23 14:46:17+07:00,trimakasih dokter penjelasannyasgt bermanfaat,youtube,,,,,2026-06-15 23:29:10.563446,youtube,fd959aa28370842e09ca7d1c4f6ba8b2
TP1gsrtPEhM,pencegahan_dan_penanganan_diabetes,"Sama-sama, senang sekali bisa berbagi informasi seputar kesehatan dengan Sobat lifestyleOne. Jangan lupa tunggu video-video lainnya dan ikuti media sosial kami di <a href=""https://linktr.ee/lifestyleone"">https://linktr.ee/lifestyleone</a> 😊",0,2021-03-24 17:58:58+07:00,samasama senang sekali bisa berbagi informasi seputar kesehatan dengan sobat lifestyleone jangan lupa tunggu videovideo lainnya dan ikuti media sosial kami di,youtube,,,,,2026-06-15 23:29:10.563446,youtube,6941d5fa9ae8e7a4b98f29be1c96057f
TP1gsrtPEhM,pencegahan_dan_penanganan_diabetes,"Saya usia 63 thn bb +- 76kg,sdh kira2 2bln badan gatal2 .&#39;apakah sy ada gejala diabetes?",0,2021-03-23 14:35:28+07:00,saya usia thn bb kgsdh kira bln badan gatal apakah sy ada gejala diabetes,youtube,,,,,2026-06-15 23:29:10.563446,youtube,28284e5df35fd9d893cdc45cdf245d86
TP1gsrtPEhM,pencegahan_dan_penanganan_diabetes,"Dok, mau tanya warna hitam di leher seperti kerak itu apa kah salah satu gejala diabetes? Karna sebagian besar obesitas mengalami itu.",11,2021-03-23 08:19:10+07:00,dok mau tanya warna hitam di leher seperti kerak itu apa kah salah satu gejala diabetes karna sebagian besar obesitas mengalami itu,youtube,,,,,2026-06-15 23:29:10.563446,youtube,4e4f086d4d41e9696e772514e814cf34
TP1gsrtPEhM,pencegahan_dan_penanganan_diabetes,Iya bner ka itu juga salah satu tanda,0,2022-11-19 18:15:36+07:00,iya bner ka itu juga salah satu tanda,youtube,,,,,2026-06-15 23:29:10.563446,youtube,07cc8cbbc4976d03ac306314840381fe
TP1gsrtPEhM,pencegahan_dan_penanganan_diabetes,Adik iparku dilehernya hitam macam daki tp gk deabetis uda cek darah,0,2023-03-15 20:52:34+07:00,adik iparku dilehernya hitam macam daki tp gk deabetis uda cek darah,youtube,,,,,2026-06-15 23:29:10.563446,youtube,beb6e7e75bbd3380af97a17f31b55fbd
TP1gsrtPEhM,pencegahan_dan_penanganan_diabetes,Dok.ibu saya sakit diabetes sama darah tinggi .kok sering ngeluh badan nya panas terutama perut sama pinggang belakang .padahal sudsh minum obat ..gumana cara supaya tidak panas .padahal say pegang gk panas badsn nya .katanya kayak kebar .mohon penjelasan trimas,2,2021-03-22 22:58:34+07:00,dokibu saya sakit diabetes sama darah tinggi kok sering ngeluh badan nya panas terutama perut sama pinggang belakang padahal sudsh minum obat gumana cara supaya tidak panas padahal say pegang gk panas badsn nya katanya kayak kebar mohon penjelasan trimas,youtube,,,,,2026-06-15 23:29:10.563446,youtube,0c344f01e5b7edaceafd5c4118c86549
TP1gsrtPEhM,pencegahan_dan_penanganan_diabetes,Gimana mbk.ibuknya udah sembuh..soalnya sama ibuk saya juga begitu,0,2022-07-30 20:37:14+07:00,gimana mbkibuknya udah sembuhsoalnya sama ibuk saya juga begitu,youtube,,,,,2026-06-15 23:29:10.563446,youtube,35e788899457102e0f8dff3f6b2db4e9
TP1gsrtPEhM,pencegahan_dan_penanganan_diabetes,Assalamu&#39;alaikum dok bagaimana cara mengetahui diabetes tipe 1 dan 2,0,2022-08-15 11:14:48+07:00,assalamualaikum dok bagaimana cara mengetahui diabetes tipe dan,youtube,,,,,2026-06-15 23:29:10.563446,youtube,da9985c1c9176e3839e44d8f5959f8d6
TP1gsrtPEhM,pencegahan_dan_penanganan_diabetes,@amariroinatun3400 kedokter,0,2023-01-21 02:56:52+07:00,amariroinatun kedokter,youtube,,,,,2026-06-15 23:29:10.563446,youtube,f0a0ee11e9d7bdf1d810dcc2a95469f4
TP1gsrtPEhM,pencegahan_dan_penanganan_diabetes,Sama mba kya sy. Skr gmn kondisi nya,0,2023-09-18 06:14:12+07:00,sama mba kya sy skr gmn kondisi nya,youtube,,,,,2026-06-15 23:29:10.563446,youtube,623fc7095d0683e455a260e189b4eb1f
TP1gsrtPEhM,pencegahan_dan_penanganan_diabetes,Yg gak pernah di bahas bgmn caranya menyembuhkan diabetes,1,2021-03-22 20:43:45+07:00,yg gak pernah di bahas bgmn caranya menyembuhkan diabetes,youtube,,,,,2026-06-15 23:29:10.563446,youtube,1c369bb1d6491def505228ef69b23439
TP1gsrtPEhM,pencegahan_dan_penanganan_diabetes,"diabetes melitus penyakit degeneratif, jd bukan muncul tiba2. maka bisa dicegah melalui gaya hidup yg baik dan benar, dan sekarang bisa &quot;menyerang&quot; usia muda loh",16,2021-03-22 20:10:38+07:00,diabetes melitus penyakit degeneratif jd bukan muncul tiba maka bisa dicegah melalui gaya hidup yg baik dan benar dan sekarang bisa quotmenyerangquot usia muda loh,youtube,,,,,2026-06-15 23:29:10.563446,youtube,91b8eb132d71f35bd2f9e5fca843eeef
TP1gsrtPEhM,pencegahan_dan_penanganan_diabetes,"Gimana cara cegahnya ribet amat sih hidup ini , punya penyakit was was gak punya penyakit was was",0,2023-08-24 23:31:11+07:00,gimana cara cegahnya ribet amat sih hidup ini punya penyakit was was gak punya penyakit was was,youtube,,,,,2026-06-15 23:29:10.563446,youtube,5bfde19088ae888e741bd79f4834f79d
TP1gsrtPEhM,pencegahan_dan_penanganan_diabetes,"<a href=""https://www.youtube.com/watch?v=TP1gsrtPEhM&amp;t=149"">2:29</a>",0,2023-10-07 10:46:00+07:00,,youtube,,,,,2026-06-15 23:29:10.563446,youtube,30eb5ed75b676b69e5855b7b59c34ab6
TP1gsrtPEhM,pencegahan_dan_penanganan_diabetes,"<a href=""https://www.youtube.com/watch?v=TP1gsrtPEhM&amp;t=595"">9:55</a>",0,2023-10-07 10:51:17+07:00,,youtube,,,,,2026-06-15 23:29:10.563446,youtube,f6a8d239c6d2c335d9446aee5d98d012
TP1gsrtPEhM,pencegahan_dan_penanganan_diabetes,Bagaimana cara menormalkan gula darah atau pancreas yg baik ? Sayapernah lihat iklan nama Obat gula yg normalkan pancreas yaitu. Obat herbal namanya . MASAKI. Mohon infonya saya rencana beli !,1,2021-03-22 19:54:29+07:00,bagaimana cara menormalkan gula darah atau pancreas yg baik sayapernah lihat iklan nama obat gula yg normalkan pancreas yaitu obat herbal namanya masaki mohon infonya saya rencana beli,youtube,,,,,2026-06-15 23:29:10.563446,youtube,365ef01de82e79315c15efb1fa9beade
rh8ycjPCj18,diabetes_mellitus_penjelasan_klinis,I like your videos with everything on the whiteboard style. I can fall asleep easily by watching this type of videos presentation,1,2026-04-07 00:54:13+07:00,,youtube,0.0,i like your videos with everything on the whiteboard style i can fall asleep easily by watching this type of videos presentation,128.0,1.0,2026-06-15 23:29:10.563446,youtube,988d4d563eaddf9e085a16e4dc36110f
rh8ycjPCj18,diabetes_mellitus_penjelasan_klinis,يروحونلك فدوة كل اطباء العراق,0,2026-03-27 15:14:55+07:00,,youtube,0.0,يروحونلك فدوة كل اطباء العراق,29.0,0.0,2026-06-15 23:29:10.563446,youtube,a632c2bc7031187e0a8d82d4d92ec88a
rh8ycjPCj18,diabetes_mellitus_penjelasan_klinis,"Hello!! Where can i find about classification of diabetes like about mody, lada, gdm",0,2026-03-24 23:12:12+07:00,,youtube,0.0,hello where can i find about classification of diabetes like about mody lada gdm,80.0,0.0,2026-06-15 23:29:10.563446,youtube,1c14896808e6aaf114ba09f71ecefaa0
rh8ycjPCj18,diabetes_mellitus_penjelasan_klinis,"Loved this lecture, was so cleaaan!",0,2026-03-16 14:50:06+07:00,,youtube,0.0,loved this lecture was so cleaaan,33.0,0.0,2026-06-15 23:29:10.563446,youtube,bc85f59a381b20e484e55a283eb7d533
rh8ycjPCj18,diabetes_mellitus_penjelasan_klinis,I wish I had founded this channel earlier 😢,0,2026-03-14 06:53:00+07:00,,youtube,0.0,i wish i had founded this channel earlier,41.0,0.0,2026-06-15 23:29:10.563446,youtube,dde1ed662a56d312d695f4e4ecec67c1
rh8ycjPCj18,diabetes_mellitus_penjelasan_klinis,im begging please make a video on drugs for diabetes pleeeeeease,0,2026-03-13 13:02:14+07:00,,youtube,0.0,im begging please make a video on drugs for diabetes pleeeeeease,64.0,0.0,2026-06-15 23:29:10.563446,youtube,ea194953119da11bb91c09a1ddfab07e
rh8ycjPCj18,diabetes_mellitus_penjelasan_klinis,حد عربي هنااااا,0,2026-03-07 05:22:16+07:00,,youtube,0.0,حد عربي هنااااا,15.0,0.0,2026-06-15 23:29:10.563446,youtube,b39b3cdab6a25d3186283a645ec322ea
rh8ycjPCj18,diabetes_mellitus_penjelasan_klinis,"Dios te bendiga ninja nerd, me has salvado la vida desde primer semestre",0,2026-03-03 12:01:53+07:00,,youtube,0.0,dios te bendiga ninja nerd me has salvado la vida desde primer semestre,71.0,0.0,2026-06-15 23:29:10.563446,youtube,fd0f91e6c3cb7e1a99f310bc47bc7298
rh8ycjPCj18,diabetes_mellitus_penjelasan_klinis,Ty so much man…,3,2026-03-01 17:27:52+07:00,,youtube,0.0,ty so much man,14.0,3.0,2026-06-15 23:29:10.563446,youtube,e112fa20cbd53c746e9b6e0f346a537e
rh8ycjPCj18,diabetes_mellitus_penjelasan_klinis,I love this man so much,0,2026-02-21 08:53:16+07:00,,youtube,0.0,i love this man so much,23.0,0.0,2026-06-15 23:29:10.563446,youtube,af79c674d95b12765a69efbc108f0625
rh8ycjPCj18,diabetes_mellitus_penjelasan_klinis,What if the potassium is not normal for dka? What’s the protocol for normalising it before insulin- wasn’t mentioned in the video. Thanks ❤,0,2026-02-19 18:37:42+07:00,,youtube,0.0,what if the potassium is not normal for dka whats the protocol for normalising it before insulin wasnt mentioned in the video thanks,132.0,0.0,2026-06-15 23:29:10.563446,youtube,d1db4a45cbb36315e213e7609077fafb
rh8ycjPCj18,diabetes_mellitus_penjelasan_klinis,This is perfect,0,2026-02-18 23:02:41+07:00,,youtube,0.0,this is perfect,15.0,0.0,2026-06-15 23:29:10.563446,youtube,c80962b2a1f50b51090dc201c8998a0e
rh8ycjPCj18,diabetes_mellitus_penjelasan_klinis,really helpful video but... I prefer your normal white board with all the writings and expanations.,0,2026-02-09 12:20:34+07:00,,youtube,0.0,really helpful video but i prefer your normal white board with all the writings and expanations,95.0,0.0,2026-06-15 23:29:10.563446,youtube,63cba21199668a35f81085f151382558
rh8ycjPCj18,diabetes_mellitus_penjelasan_klinis,"Thank you for taking the time to make this class and give it for us for free, if using slides is better and saves you more time instead of the whiteboard, keep using it. Thanks again for this class.",0,2026-02-06 01:00:28+07:00,,youtube,0.0,thank you for taking the time to make this class and give it for us for free if using slides is better and saves you more time instead of the whiteboard keep using it thanks again for this class,194.0,0.0,2026-06-15 23:29:10.563446,youtube,3ea53bee7f0d68d65b740663d64b31a7
rh8ycjPCj18,diabetes_mellitus_penjelasan_klinis,"The one and only does it again, thanks for everything boss!",0,2026-02-02 07:34:37+07:00,,youtube,0.0,the one and only does it again thanks for everything boss,57.0,0.0,2026-06-15 23:29:10.563446,youtube,4d0dbcabe2d603375fca9d46086b8544
rh8ycjPCj18,diabetes_mellitus_penjelasan_klinis,Sir you forgot Diabetic Cataract😮,0,2026-01-29 21:45:22+07:00,,youtube,0.0,sir you forgot diabetic cataract,32.0,0.0,2026-06-15 23:29:10.563446,youtube,eb4911512131b8ed820ef9bcd350d271
rh8ycjPCj18,diabetes_mellitus_penjelasan_klinis,Love you and thank you ❤,0,2026-01-27 15:19:25+07:00,,youtube,0.0,love you and thank you,22.0,0.0,2026-06-15 23:29:10.563446,youtube,ff8e560828a9d0af1d775d2e7afac939
rh8ycjPCj18,diabetes_mellitus_penjelasan_klinis,I don&#39;t have word to appreciate you but your are in my heart may Allah bless you sir &amp; your family have greatful,0,2026-01-26 10:29:56+07:00,,youtube,0.0,i dont have word to appreciate you but your are in my heart may allah bless you sir amp your family have greatful,113.0,0.0,2026-06-15 23:29:10.563446,youtube,a0a77e7bcb19f9804db8b92bd94d90ba
rh8ycjPCj18,diabetes_mellitus_penjelasan_klinis,So thankful,0,2026-01-22 22:12:13+07:00,,youtube,0.0,so thankful,11.0,0.0,2026-06-15 23:29:10.563446,youtube,b57a7b6d8b8f79eeb330237c1e7cdc5c
rh8ycjPCj18,diabetes_mellitus_penjelasan_klinis,Bro I haven&#39;t reached half of the video and have already seen 5 ads. What&#39;s wrong with YT man,0,2026-01-19 13:45:31+07:00,,youtube,0.0,bro i havent reached half of the video and have already seen ads whats wrong with yt man,88.0,0.0,2026-06-15 23:29:10.563446,youtube,f0e66bd56d2baad967f185597e56e6b1
rh8ycjPCj18,diabetes_mellitus_penjelasan_klinis,My mom has DM type 2 but was having DKA when my grandmother died and she was not being able to cope up. 😢,0,2026-01-19 13:44:21+07:00,,youtube,0.0,my mom has dm type but was having dka when my grandmother died and she was not being able to cope up,100.0,0.0,2026-06-15 23:29:10.563446,youtube,76d4f5e16b2459313abc57eb0fd05561
rh8ycjPCj18,diabetes_mellitus_penjelasan_klinis,"I wonder what happens when your patient is a unicorn: Some labs indicate adequate progress in managing Glucose and insulin, some labs indicate glucose and insulin are not well managed. Some symptoms present that indicate worsening disease progression. Some symptoms present that indicate adequate management. Sometimes disease progression is a puzzle that does not follow the usual chart.",0,2026-01-19 00:49:48+07:00,,youtube,0.0,i wonder what happens when your patient is a unicorn some labs indicate adequate progress in managing glucose and insulin some labs indicate glucose and insulin are not well managed some symptoms present that indicate worsening disease progression some symptoms present that indicate adequate management sometimes disease progression is a puzzle that does not follow the usual chart,382.0,0.0,2026-06-15 23:29:10.563446,youtube,aff9e9c6c739093b9b0004ba9f2cf089
rh8ycjPCj18,diabetes_mellitus_penjelasan_klinis,Please revert back to white board and markers,0,2026-01-02 03:26:43+07:00,,youtube,0.0,please revert back to white board and markers,45.0,0.0,2026-06-15 23:29:10.563446,youtube,51f481e47317ecf4f6e8194c27b0ef74
rh8ycjPCj18,diabetes_mellitus_penjelasan_klinis,"Patient with DKA develops hyperkalemia becuase of hydrogen not glucose,<br>which will enter the cells and potassium gets out",0,2025-12-24 20:23:46+07:00,,youtube,0.0,patient with dka develops hyperkalemia becuase of hydrogen not glucosewhich will enter the cells and potassium gets out,119.0,0.0,2026-06-15 23:29:10.563446,youtube,06a05bb3f8c6727ac54cdca3fc4289da
rh8ycjPCj18,diabetes_mellitus_penjelasan_klinis,Need white board,1,2025-12-17 21:47:56+07:00,,youtube,0.0,need white board,16.0,1.0,2026-06-15 23:29:10.563446,youtube,10a7145e1db61412b5805f4b23c04cb7
rh8ycjPCj18,diabetes_mellitus_penjelasan_klinis,The best ever ❤ alawys saving me,0,2025-11-28 06:37:36+07:00,,youtube,0.0,the best ever alawys saving me,30.0,0.0,2026-06-15 23:29:10.563446,youtube,61754f252b317267f3be6b82478e7cab
rh8ycjPCj18,diabetes_mellitus_penjelasan_klinis,Amazing presentation! Keep up the great work guys!,0,2025-11-26 18:25:11+07:00,,youtube,0.0,amazing presentation keep up the great work guys,48.0,0.0,2026-06-15 23:29:10.563446,youtube,ca6d39d6984a51d6aa262bd378b62ff3
rh8ycjPCj18,diabetes_mellitus_penjelasan_klinis,Thank you 🙏 ❤,0,2025-11-25 01:16:51+07:00,,youtube,0.0,thank you,9.0,0.0,2026-06-15 23:29:10.563446,youtube,7ce16bef0c5f1ab66be6b1289ce52477
rh8ycjPCj18,diabetes_mellitus_penjelasan_klinis,"Ooh my Gad this is vary digestible and i understood every step you teach us , thank you so much i&#39;m from ethiopia and i follow all of your video, i like all of them<br> you help me for my exam<br>Your video is much better than class teachin technique🤓🤓",0,2025-11-14 23:56:14+07:00,,youtube,0.0,ooh my gad this is vary digestible and i understood every step you teach us thank you so much im from ethiopia and i follow all of your video i like all of them you help me for my examyour video is much better than class teachin technique,238.0,0.0,2026-06-15 23:29:10.563446,youtube,f169d90468aeceb7d8ade101d72ffa89
rh8ycjPCj18,diabetes_mellitus_penjelasan_klinis,The GOAT. Thanks Ninja Nerd.,1,2025-11-14 10:10:49+07:00,,youtube,0.0,the goat thanks ninja nerd,26.0,1.0,2026-06-15 23:29:10.563446,youtube,4bbba8adcd060aeac88818209843969c
rh8ycjPCj18,diabetes_mellitus_penjelasan_klinis,Useful as usual ❤,0,2025-10-25 07:09:04+07:00,,youtube,0.0,useful as usual,15.0,0.0,2026-06-15 23:29:10.563446,youtube,68c0aa60e64eaa5ec853e34722fcffa1
rh8ycjPCj18,diabetes_mellitus_penjelasan_klinis,Increase gfr? I&#39;m confused,1,2025-10-08 09:28:25+07:00,,youtube,0.0,increase gfr im confused,24.0,1.0,2026-06-15 23:29:10.563446,youtube,bae153d401de8c8c5589779b77070d33
rh8ycjPCj18,diabetes_mellitus_penjelasan_klinis,Just not the same without the whiteboard and him walking around,0,2025-10-08 04:27:19+07:00,,youtube,0.0,just not the same without the whiteboard and him walking around,63.0,0.0,2026-06-15 23:29:10.563446,youtube,2546d11e73fd3d771de5849514e5f549
rh8ycjPCj18,diabetes_mellitus_penjelasan_klinis,Absolutely amazing video! Thank you.,0,2025-10-04 15:17:54+07:00,,youtube,0.0,absolutely amazing video thank you,34.0,0.0,2026-06-15 23:29:10.563446,youtube,7f38f8f45e03d21d0e95299f808d6edd
rh8ycjPCj18,diabetes_mellitus_penjelasan_klinis,Acidosis stimulate Central chemoreceptors not peripheral <br>Can u fix it plz,1,2025-10-04 02:35:26+07:00,,youtube,1.0,acidosis stimulate central chemoreceptors not peripheral can u fix it plz,73.0,2.0,2026-06-15 23:29:10.563446,youtube,eb059b66dbfb8ee0fa421fe2593b142d
rh8ycjPCj18,diabetes_mellitus_penjelasan_klinis,"Yeah, he talked about it in his diuretics video that stimulation of chemoreceptors increases rate of respiration and depth of respiration",0,2025-10-21 18:57:53+07:00,,youtube,0.0,yeah he talked about it in his diuretics video that stimulation of chemoreceptors increases rate of respiration and depth of respiration,136.0,0.0,2026-06-15 23:29:10.563446,youtube,c1c440e7f920a52e648d7fcaaa2f366d
rh8ycjPCj18,diabetes_mellitus_penjelasan_klinis,Who else is watching this video in 2025😂,2,2025-10-01 15:44:04+07:00,,youtube,0.0,who else is watching this video in,34.0,2.0,2026-06-15 23:29:10.563446,youtube,246170b742e9d406dd2b28ee87080a3d
rh8ycjPCj18,diabetes_mellitus_penjelasan_klinis,"Better than Professors,means alot❤",0,2025-09-26 17:22:00+07:00,,youtube,0.0,better than professorsmeans alot,32.0,0.0,2026-06-15 23:29:10.563446,youtube,16d60ef9d18e601cfd2ba7d3adee8d4c
rh8ycjPCj18,diabetes_mellitus_penjelasan_klinis,Thanks ninja❤,0,2025-09-08 00:52:00+07:00,,youtube,0.0,thanks ninja,12.0,0.0,2026-06-15 23:29:10.563446,youtube,288916f73d0fc7e89c5f8b861fb14161
rh8ycjPCj18,diabetes_mellitus_penjelasan_klinis,Can&#39;t focuss without you walking around and writing,285,2025-09-06 22:35:18+07:00,,youtube,8.0,cant focuss without you walking around and writing,50.0,293.0,2026-06-15 23:29:10.563446,youtube,a19fd5ba8a1e4e227301ca834424c306
rh8ycjPCj18,diabetes_mellitus_penjelasan_klinis,But this is faster,2,2025-10-02 22:37:03+07:00,,youtube,0.0,but this is faster,18.0,2.0,2026-06-15 23:29:10.563446,youtube,66c86dedf793c4da721aaa5a2bcb53f4
rh8ycjPCj18,diabetes_mellitus_penjelasan_klinis,Yessss i feel that too 😭,3,2025-10-07 04:07:33+07:00,,youtube,0.0,yessss i feel that too,22.0,3.0,2026-06-15 23:29:10.563446,youtube,a840c60513ddb45d03984b160a466e04
rh8ycjPCj18,diabetes_mellitus_penjelasan_klinis,put writing down,0,2025-10-16 20:15:57+07:00,,youtube,0.0,put writing down,16.0,0.0,2026-06-15 23:29:10.563446,youtube,96b67c88b284815956182658e8004492
rh8ycjPCj18,diabetes_mellitus_penjelasan_klinis,Same here am failing to concentrate,0,2025-12-05 21:55:56+07:00,,youtube,0.0,same here am failing to concentrate,35.0,0.0,2026-06-15 23:29:10.563446,youtube,e2a71ce17ac896caa5050d42bca44793
rh8ycjPCj18,diabetes_mellitus_penjelasan_klinis,"Going into my final year of NP school and reviewing this for my diabetes clinic placement - all I can say is, thank you!",0,2025-09-04 07:09:34+07:00,,youtube,0.0,going into my final year of np school and reviewing this for my diabetes clinic placement all i can say is thank you,116.0,0.0,2026-06-15 23:29:10.563446,youtube,2a0735a16a7ce7f1a8b4c8df7419f484
rh8ycjPCj18,diabetes_mellitus_penjelasan_klinis,i love you bro,0,2025-08-07 06:40:54+07:00,,youtube,0.0,i love you bro,14.0,0.0,2026-06-15 23:29:10.563446,youtube,4fcfcc85455af577e546ad82cbd7ba0d
rh8ycjPCj18,diabetes_mellitus_penjelasan_klinis,Thank you zach🩵,0,2025-08-06 10:29:10+07:00,,youtube,0.0,thank you zach,14.0,0.0,2026-06-15 23:29:10.563446,youtube,03e7da38be1c251ee9268a4a132d0909
rh8ycjPCj18,diabetes_mellitus_penjelasan_klinis,Treat mitochondrial dysfunction &amp; improve outcomes 😊,0,2025-08-06 00:49:09+07:00,,youtube,0.0,treat mitochondrial dysfunction amp improve outcomes,52.0,0.0,2026-06-15 23:29:10.563446,youtube,b5fea02c67bb0774198ec1bcb285876f
rh8ycjPCj18,diabetes_mellitus_penjelasan_klinis,Where is diabetes anemia?,0,2025-08-06 00:37:41+07:00,,youtube,0.0,where is diabetes anemia,24.0,0.0,2026-06-15 23:29:10.563446,youtube,b2b7697dcbcec87ca806deb15206be4a
rh8ycjPCj18,diabetes_mellitus_penjelasan_klinis,Why aren&#39;t you using muscle mass to treat type 2 diabetes?,0,2025-08-06 00:29:39+07:00,,youtube,0.0,why arent you using muscle mass to treat type diabetes,54.0,0.0,2026-06-15 23:29:10.563446,youtube,a6ecbae577b720a8b1187eb69ae76364
rh8ycjPCj18,diabetes_mellitus_penjelasan_klinis,"Photobiomodulation, exercise need to be added to this discussion.<br>Insulin levels need to be learned.",0,2025-08-06 00:26:52+07:00,,youtube,0.0,photobiomodulation exercise need to be added to this discussioninsulin levels need to be learned,96.0,0.0,2026-06-15 23:29:10.563446,youtube,79e73a9917de0f413c120202e54f90a2
rh8ycjPCj18,diabetes_mellitus_penjelasan_klinis,"Aren&#39;t the DM2 have too much insulin in the blood, hyperinsulenimea? The cells are just resistant to it, but there is a lot if it.",0,2025-08-04 19:07:05+07:00,,youtube,0.0,arent the dm have too much insulin in the blood hyperinsulenimea the cells are just resistant to it but there is a lot if it,124.0,0.0,2026-06-15 23:29:10.563446,youtube,538b2e551ff5c9dd738b1ddd634c4cbc
rh8ycjPCj18,diabetes_mellitus_penjelasan_klinis,"I have honestly found your videos so helpful, and I&#39;m sure they are the only reason I&#39;ve got through my Bachelor of Nursing. There is something about the way you explain that just makes it make sense. Thank you for the great content!",0,2025-08-04 06:46:45+07:00,,youtube,0.0,i have honestly found your videos so helpful and im sure they are the only reason ive got through my bachelor of nursing there is something about the way you explain that just makes it make sense thank you for the great content,227.0,0.0,2026-06-15 23:29:10.563446,youtube,b98853dca314e785e1f431b74118ac92
rh8ycjPCj18,diabetes_mellitus_penjelasan_klinis,Best content 😊,0,2025-07-31 11:28:51+07:00,,youtube,0.0,best content,12.0,0.0,2026-06-15 23:29:10.563446,youtube,6000fb1545d92d95713053c99efdc29b
rh8ycjPCj18,diabetes_mellitus_penjelasan_klinis,"WOW, thank you🙌🏾",0,2025-07-29 00:58:23+07:00,,youtube,0.0,wow thank you,13.0,0.0,2026-06-15 23:29:10.563446,youtube,3ebd050dd8bd88b688a064efc11db5b6
rh8ycjPCj18,diabetes_mellitus_penjelasan_klinis,I’m back again to understand another lecture from you ❤,0,2025-07-28 13:38:49+07:00,,youtube,0.0,im back again to understand another lecture from you,52.0,0.0,2026-06-15 23:29:10.563446,youtube,3de9a4f9b13c1bac41146bfe991d0655
rh8ycjPCj18,diabetes_mellitus_penjelasan_klinis,Such a great video and stragiht to the point with the information neeeded. I love the mind maps as treatment tables as a visual learner.,0,2025-07-25 01:56:43+07:00,,youtube,0.0,such a great video and stragiht to the point with the information neeeded i love the mind maps as treatment tables as a visual learner,134.0,0.0,2026-06-15 23:29:10.563446,youtube,533024d4090b7119400d347c541f1cc8
rh8ycjPCj18,diabetes_mellitus_penjelasan_klinis,"Thank you Zach, from Italy 🇮🇹 without you I would still be in my first year",2,2025-07-12 16:06:18+07:00,,youtube,0.0,thank you zach from italy without you i would still be in my first year,71.0,2.0,2026-06-15 23:29:10.563446,youtube,79c6ccf5bb426ab4650627bfef12bfd4
rh8ycjPCj18,diabetes_mellitus_penjelasan_klinis,How i can get the pdf ?,0,2025-07-12 04:23:56+07:00,,youtube,0.0,how i can get the pdf,21.0,0.0,2026-06-15 23:29:10.563446,youtube,2b9d45f7cbe86aada86c94685c9095e5
rh8ycjPCj18,diabetes_mellitus_penjelasan_klinis,Of I only eat 2 apples a day do I still need the diabetes poison from big pharma,0,2025-07-10 13:34:00+07:00,,youtube,0.0,of i only eat apples a day do i still need the diabetes poison from big pharma,78.0,0.0,2026-06-15 23:29:10.563446,youtube,c4571385c48b0df4f3be54ec825baee9
rh8ycjPCj18,diabetes_mellitus_penjelasan_klinis,"Thanks so much, this has helped a lot",0,2025-07-03 02:40:38+07:00,,youtube,0.0,thanks so much this has helped a lot,36.0,0.0,2026-06-15 23:29:10.563446,youtube,d7e76fdcb21d29d440f619efc56e6195
rh8ycjPCj18,diabetes_mellitus_penjelasan_klinis,Thank you Zach. I have read these topics severally wasn&#39;t sticking and didn&#39;t get this level of flexibility with my understanding of them,0,2025-07-03 00:10:00+07:00,,youtube,0.0,thank you zach i have read these topics severally wasnt sticking and didnt get this level of flexibility with my understanding of them,134.0,0.0,2026-06-15 23:29:10.563446,youtube,c76f1943a2151b7d88ad338ee404a941
rh8ycjPCj18,diabetes_mellitus_penjelasan_klinis,"As always I love your lessons. Thank you from the bottom of my heart. I have to agree with others. I really struggle with this format. The white board and markers, along with your excitement when writing is what sets you apart. Not a huge fan of this method.",0,2025-07-01 22:36:55+07:00,,youtube,0.0,as always i love your lessons thank you from the bottom of my heart i have to agree with others i really struggle with this format the white board and markers along with your excitement when writing is what sets you apart not a huge fan of this method,251.0,0.0,2026-06-15 23:29:10.563446,youtube,e215e8f9d583b2a915e41eb45dbd4f97
rh8ycjPCj18,diabetes_mellitus_penjelasan_klinis,The best of the best.... thank you Zach,0,2025-07-01 20:00:50+07:00,,youtube,0.0,the best of the best thank you zach,35.0,0.0,2026-06-15 23:29:10.563446,youtube,163e9aab5a3a7f170f67cb941956730a
rh8ycjPCj18,diabetes_mellitus_penjelasan_klinis,I loved each minute of the lecture. Thank you for simplifying major concepts,0,2025-06-19 01:59:53+07:00,,youtube,0.0,i loved each minute of the lecture thank you for simplifying major concepts,75.0,0.0,2026-06-15 23:29:10.563446,youtube,03c7577a5c0bddd47e6884df99138a7d
rh8ycjPCj18,diabetes_mellitus_penjelasan_klinis,Thank You.,1,2025-06-08 12:39:32+07:00,,youtube,0.0,thank you,9.0,1.0,2026-06-15 23:29:10.563446,youtube,ff3c02aa870136dea467f25e755d00db
rh8ycjPCj18,diabetes_mellitus_penjelasan_klinis,this is so underrated!!! GREAT APPRECIATION!,14,2025-06-04 12:17:42+07:00,,youtube,0.0,this is so underrated great appreciation,40.0,14.0,2026-06-15 23:29:10.563446,youtube,5168ab34e0a69e74684c871ee516546a
rh8ycjPCj18,diabetes_mellitus_penjelasan_klinis,Is this based from Harrison?,0,2025-06-03 01:43:06+07:00,,youtube,0.0,is this based from harrison,27.0,0.0,2026-06-15 23:29:10.563446,youtube,6c8c74477658307eaa8e494d4c37069c
rh8ycjPCj18,diabetes_mellitus_penjelasan_klinis,Dont know about others but this format is more organised than board although board was good too 👍👍,1,2025-05-29 00:34:37+07:00,,youtube,0.0,dont know about others but this format is more organised than board although board was good too,95.0,1.0,2026-06-15 23:29:10.563446,youtube,deab1eeb19d0ccb58a626a031b2aa0b4
rh8ycjPCj18,diabetes_mellitus_penjelasan_klinis,We want white board😂❤❤❤❤,0,2025-05-21 20:55:47+07:00,,youtube,0.0,we want white board,19.0,0.0,2026-06-15 23:29:10.563446,youtube,bd6ef0f65ef2172b5f173b3a6658153b
rh8ycjPCj18,diabetes_mellitus_penjelasan_klinis,Monster lecture indeed. Thank you. I&#39;ve watched it twice now🎉,0,2025-05-21 00:22:30+07:00,,youtube,0.0,monster lecture indeed thank you ive watched it twice now,57.0,0.0,2026-06-15 23:29:10.563446,youtube,b275b8df0493493945050f4a372b125f
rh8ycjPCj18,diabetes_mellitus_penjelasan_klinis,"I&#39;m 46 on the 30th of May. I&#39;m bipolar and was diagnosed with diabetes Mellitus on Monday. My fasting blood glucose level was 6.5 mmol/litre. Which is too high, however the old marker for diagnosis with diabetes use to be a fasting blood glucose level of &gt; 7 mmol/litre. I&#39;m actually short sighted, but I&#39;ve to get a sight test for retinopathy. How painful are the eye drops and when does your eye sight return. Because six hours is a very long time to go without any eye sight.",0,2025-05-17 17:13:06+07:00,,youtube,0.0,im on the th of may im bipolar and was diagnosed with diabetes mellitus on monday my fasting blood glucose level was mmollitre which is too high however the old marker for diagnosis with diabetes use to be a fasting blood glucose level of gt mmollitre im actually short sighted but ive to get a sight test for retinopathy how painful are the eye drops and when does your eye sight return because six hours is a very long time to go without any eye sight,453.0,0.0,2026-06-15 23:29:10.563446,youtube,43b0e7f9597757b3a576685f7eda0d3c
rh8ycjPCj18,diabetes_mellitus_penjelasan_klinis,Every video you post is packed with valuable information. Thank you for your effort!,0,2025-05-16 00:45:35+07:00,,youtube,0.0,every video you post is packed with valuable information thank you for your effort,82.0,0.0,2026-06-15 23:29:10.563446,youtube,313c06fea0b9d13e63964513e49b79cc
rh8ycjPCj18,diabetes_mellitus_penjelasan_klinis,"everytime everyday everymeal , i enjoyed every moment",0,2025-05-07 00:30:25+07:00,,youtube,0.0,everytime everyday everymeal i enjoyed every moment,51.0,0.0,2026-06-15 23:29:10.563446,youtube,7e9b25267dd5c6790986c14991face92
rh8ycjPCj18,diabetes_mellitus_penjelasan_klinis,How about cultural force feeding for a chubby child?,0,2025-05-02 10:51:24+07:00,,youtube,0.0,how about cultural force feeding for a chubby child,51.0,0.0,2026-06-15 23:29:10.563446,youtube,b2fa401b298ccfb9aaf169a1aff2c5b7
rh8ycjPCj18,diabetes_mellitus_penjelasan_klinis,I love the board better 😂 thanks Zach,0,2025-05-01 00:13:53+07:00,,youtube,0.0,i love the board better thanks zach,35.0,0.0,2026-06-15 23:29:10.563446,youtube,253f4573496003fe09c68f759d2ec1ab
rh8ycjPCj18,diabetes_mellitus_penjelasan_klinis,Hi dr. Zack i think you were uploaded hhs and dka at another video.<br> I can’t find the videos.,0,2025-04-30 17:22:43+07:00,,youtube,0.0,hi dr zack i think you were uploaded hhs and dka at another video i cant find the videos,88.0,0.0,2026-06-15 23:29:10.563446,youtube,bc98715cb867c6cdf3d725d9de2d9b32
rh8ycjPCj18,diabetes_mellitus_penjelasan_klinis,"Perfect length, this video. The longer format videos cover more, and are wonderfully detailed, but this one is just perfect to prepare for a topic (or repeat it for the x-th time!), without getting bored or overwhelmed. Thanks for the great work!",22,2025-04-16 14:14:10+07:00,,youtube,0.0,perfect length this video the longer format videos cover more and are wonderfully detailed but this one is just perfect to prepare for a topic or repeat it for the xth time without getting bored or overwhelmed thanks for the great work,235.0,22.0,2026-06-15 23:29:10.563446,youtube,4e5c8838b18d4c263216ab5e86251042
rh8ycjPCj18,diabetes_mellitus_penjelasan_klinis,Thank you! Super clear and covers all the important topics,0,2025-04-12 23:38:34+07:00,,youtube,0.0,thank you super clear and covers all the important topics,57.0,0.0,2026-06-15 23:29:10.563446,youtube,a30fccf77dcdf496a150fea02ce70829
rh8ycjPCj18,diabetes_mellitus_penjelasan_klinis,I miss the board.,0,2025-04-11 23:46:14+07:00,,youtube,0.0,i miss the board,16.0,0.0,2026-06-15 23:29:10.563446,youtube,ea4f9f5d3f65174ca6f544f592729ea2
rh8ycjPCj18,diabetes_mellitus_penjelasan_klinis,"Hello my friend, I hope you respond and I am waiting for you. I have an assessment exam and from my previous exams I have a problem answering the cases even though I studied the entire subject. So can you tell me how to solve the cases? Please 🙏",0,2025-04-06 18:02:47+07:00,,youtube,0.0,hello my friend i hope you respond and i am waiting for you i have an assessment exam and from my previous exams i have a problem answering the cases even though i studied the entire subject so can you tell me how to solve the cases please,239.0,0.0,2026-06-15 23:29:10.563446,youtube,f1d380365da391b54e4dd51a1e1cc4e4
rh8ycjPCj18,diabetes_mellitus_penjelasan_klinis,very well organized and straightforward 👏🏻👏🏻<br>tnxs a lot,0,2025-04-02 21:26:57+07:00,,youtube,0.0,very well organized and straightforward tnxs a lot,50.0,0.0,2026-06-15 23:29:10.563446,youtube,75d90a726e159e4a824a84ffda4a45f3
rh8ycjPCj18,diabetes_mellitus_penjelasan_klinis,Could i ask for references documents please,0,2025-04-02 01:58:06+07:00,,youtube,0.0,could i ask for references documents please,43.0,0.0,2026-06-15 23:29:10.563446,youtube,e5cda9acacd552c40052f4fc64d6a7e3
rh8ycjPCj18,diabetes_mellitus_penjelasan_klinis,This lecture is so so good... Literally it covers every point. If you have already studied pathology &amp; Pharmacology. The understanding you get from this lecture is amazing. Thanks you so much for this amazing lecture. It&#39;s much better than The white boards. It&#39;s very much organised here.,0,2025-04-01 22:34:12+07:00,,youtube,0.0,this lecture is so so good literally it covers every point if you have already studied pathology amp pharmacology the understanding you get from this lecture is amazing thanks you so much for this amazing lecture its much better than the white boards its very much organised here,279.0,0.0,2026-06-15 23:29:10.563446,youtube,28458500d94cea690cf9d4fed3b04b7d
rh8ycjPCj18,diabetes_mellitus_penjelasan_klinis,"<a href=""https://www.youtube.com/watch?v=rh8ycjPCj18&amp;t=1305"">21:45</a> this person who came to the er came to us with so many dangerous things 😱😱😱 at last the sole diagnosis being DM… scaryy",1,2025-03-30 02:26:05+07:00,,youtube,0.0,this person who came to the er came to us with so many dangerous things at last the sole diagnosis being dm scaryy,114.0,1.0,2026-06-15 23:29:10.563446,youtube,a51582c4ab91dd832dfe76301e92366b
rh8ycjPCj18,diabetes_mellitus_penjelasan_klinis,Awesome <br>Thanks,0,2025-03-29 00:30:08+07:00,,youtube,0.0,awesome thanks,14.0,0.0,2026-06-15 23:29:10.563446,youtube,654b625b5ee860c503f02fc50526d243
rh8ycjPCj18,diabetes_mellitus_penjelasan_klinis,Awesome lecture!,0,2025-03-27 18:49:40+07:00,,youtube,0.0,awesome lecture,15.0,0.0,2026-06-15 23:29:10.563446,youtube,92be1d59c416f4dd80a16b02c58c988f
rh8ycjPCj18,diabetes_mellitus_penjelasan_klinis,This is an awesome video. This content covers everything from pathology to how it affects daily clinical practice. Thank you very much!,0,2025-03-27 15:01:04+07:00,,youtube,0.0,this is an awesome video this content covers everything from pathology to how it affects daily clinical practice thank you very much,132.0,0.0,2026-06-15 23:29:10.563446,youtube,37dc1c8419b36e39c30acb25a84b9852
rh8ycjPCj18,diabetes_mellitus_penjelasan_klinis,loveee uuu mannn❤❤❤,0,2025-03-24 04:57:36+07:00,,youtube,0.0,loveee uuu mannn,16.0,0.0,2026-06-15 23:29:10.563446,youtube,afc0014879fcfd9b9dac2021641b981f
rh8ycjPCj18,diabetes_mellitus_penjelasan_klinis,"Please tell president trump that China is having strong wish to joint USA and becom one state of USA, thank you sir",0,2025-03-23 00:53:00+07:00,,youtube,0.0,please tell president trump that china is having strong wish to joint usa and becom one state of usa thank you sir,114.0,0.0,2026-06-15 23:29:10.563446,youtube,73f3d130ec26f928a0fc1571a2152727
rh8ycjPCj18,diabetes_mellitus_penjelasan_klinis,thank you so much,0,2025-03-20 18:33:22+07:00,,youtube,0.0,thank you so much,17.0,0.0,2026-06-15 23:29:10.563446,youtube,942e69268dfc3de00c392c500dda70dd
rh8ycjPCj18,diabetes_mellitus_penjelasan_klinis,Please complete the chapter of diabetes 😢 and cover it alll,0,2025-03-15 20:44:01+07:00,,youtube,0.0,please complete the chapter of diabetes and cover it alll,57.0,0.0,2026-06-15 23:29:10.563446,youtube,ac9aa9d4438edca2505ae3f4c6e3c7ce
rh8ycjPCj18,diabetes_mellitus_penjelasan_klinis,Thank you so soooooooooo much,0,2025-03-15 04:46:27+07:00,,youtube,0.0,thank you so soooooooooo much,29.0,0.0,2026-06-15 23:29:10.563446,youtube,6ccbe77a370e47cdb1627bf1d5fdfadf
rh8ycjPCj18,diabetes_mellitus_penjelasan_klinis,very helpful,0,2025-03-14 16:14:44+07:00,,youtube,0.0,very helpful,12.0,0.0,2026-06-15 23:29:10.563446,youtube,a96db61b04da13896a128badda61a781
rh8ycjPCj18,diabetes_mellitus_penjelasan_klinis,"Zac, you&#39;re absolutely awesome! I&#39;ve been watching your content since high school, then during foundation year where i watched your phys lectures, and now, as a third-year medic, i&#39;m still learning new things from your clinical medicine videos. Your knowledge has been invaluable during my placements. I can&#39;t even express how incredible your content is. Thank you so much.",25,2025-03-14 02:17:31+07:00,,youtube,0.0,zac youre absolutely awesome ive been watching your content since high school then during foundation year where i watched your phys lectures and now as a thirdyear medic im still learning new things from your clinical medicine videos your knowledge has been invaluable during my placements i cant even express how incredible your content is thank you so much,358.0,25.0,2026-06-15 23:29:10.563446,youtube,5e090eeeea3efbd058d0e39ae93beac8
rh8ycjPCj18,diabetes_mellitus_penjelasan_klinis,thank you for the lecture but where can I get it&#39;s pdf,0,2025-03-03 17:50:23+07:00,,youtube,0.0,thank you for the lecture but where can i get its pdf,53.0,0.0,2026-06-15 23:29:10.563446,youtube,553c5bfc65cd61e62960268cd7098e9f
rh8ycjPCj18,diabetes_mellitus_penjelasan_klinis,I love you vro!,0,2025-03-03 09:24:56+07:00,,youtube,0.0,i love you vro,14.0,0.0,2026-06-15 23:29:10.563446,youtube,359a9b4c16bfab1a5d5355812d5adffa
rh8ycjPCj18,diabetes_mellitus_penjelasan_klinis,I&#39;ve learn a lot from this video .Thanks 👍,0,2025-03-03 00:50:01+07:00,,youtube,0.0,ive learn a lot from this video thanks,38.0,0.0,2026-06-15 23:29:10.563446,youtube,69bbfd7d93eac4b2c43f2240a887e189
rh8ycjPCj18,diabetes_mellitus_penjelasan_klinis,Grateful explanation but I like the whiteboard more 👌,0,2025-03-01 09:31:15+07:00,,youtube,0.0,grateful explanation but i like the whiteboard more,51.0,0.0,2026-06-15 23:29:10.563446,youtube,7119263ad2fa84e12dd64a33f8e41589
rh8ycjPCj18,diabetes_mellitus_penjelasan_klinis,thank you sooooo much!,1,2025-03-01 03:43:15+07:00,,youtube,0.0,thank you sooooo much,21.0,1.0,2026-06-15 23:29:10.563446,youtube,527b11656eb74dc53254bde9a5719b65
rh8ycjPCj18,diabetes_mellitus_penjelasan_klinis,Thanks for the awesome explanation + i hope you get back to the whiteboard,0,2025-02-24 20:30:10+07:00,,youtube,0.0,thanks for the awesome explanation i hope you get back to the whiteboard,72.0,0.0,2026-06-15 23:29:10.563446,youtube,c03ebd7b9f79ca5a8047cec039d64bfb
rh8ycjPCj18,diabetes_mellitus_penjelasan_klinis,🙏🏼🙏🏼🙏🏼🙏🏼😔😔😔🌟🌟🌟🌟🌟🌟🎯🎯🎯🎯,0,2025-02-24 18:57:51+07:00,,youtube,0.0,,0.0,0.0,2026-06-15 23:29:10.563446,youtube,7eea274e6b8d98b09ad720d48e07aaaf
rh8ycjPCj18,diabetes_mellitus_penjelasan_klinis,Nice lectures so beautifully illustrated 💐,0,2025-02-24 16:30:15+07:00,,youtube,0.0,nice lectures so beautifully illustrated,40.0,0.0,2026-06-15 23:29:10.563446,youtube,e9cc316af157e76e0732313b3ad87653
rh8ycjPCj18,diabetes_mellitus_penjelasan_klinis,"Thank you so much, God bless you",0,2025-02-21 01:45:39+07:00,,youtube,0.0,thank you so much god bless you,31.0,0.0,2026-06-15 23:29:10.563446,youtube,593a97ac6bbb4cc90de7c98d57f2979d
rh8ycjPCj18,diabetes_mellitus_penjelasan_klinis,MAY GOD BLESS YOU SIR !!!!,1,2025-02-19 19:15:32+07:00,,youtube,0.0,may god bless you sir,21.0,1.0,2026-06-15 23:29:10.563446,youtube,76d34a41ef1f434b16fd6e54263e9069
rh8ycjPCj18,diabetes_mellitus_penjelasan_klinis,Love U 3000❤ <br>We are ninja nerds 🥷,0,2025-02-19 15:53:58+07:00,,youtube,0.0,love u we are ninja nerds,25.0,0.0,2026-06-15 23:29:10.563446,youtube,379ac752955e02a5264bb80e83ebe04c
rh8ycjPCj18,diabetes_mellitus_penjelasan_klinis,Amazing… please always use this kind of flow chart.,0,2025-02-18 20:48:05+07:00,,youtube,0.0,amazing please always use this kind of flow chart,49.0,0.0,2026-06-15 23:29:10.563446,youtube,fc1278db10ffa0042004cc26a1692c9d
rh8ycjPCj18,diabetes_mellitus_penjelasan_klinis,Many thanks <br>You are the best<br>But to me whiteboard with your description are the reason of learning<br>Could you please back to the original whiteboard🙏,0,2025-02-07 19:09:13+07:00,,youtube,0.0,many thanks you are the bestbut to me whiteboard with your description are the reason of learningcould you please back to the original whiteboard,145.0,0.0,2026-06-15 23:29:10.563446,youtube,4a70efcf75ae38f3e9100a59ae3b4f6c
rh8ycjPCj18,diabetes_mellitus_penjelasan_klinis,when you say increase in GFR at about 18.5 mins you mean decrease right like getting worse?,1,2025-02-02 10:24:18+07:00,,youtube,0.0,when you say increase in gfr at about mins you mean decrease right like getting worse,85.0,1.0,2026-06-15 23:29:10.563446,youtube,446a0d67e3d5873ac68673b9435ce7b4
rh8ycjPCj18,diabetes_mellitus_penjelasan_klinis,I really love your videos❤..thanks 🙏,0,2025-02-01 23:24:07+07:00,,youtube,0.0,i really love your videosthanks,31.0,0.0,2026-06-15 23:29:10.563446,youtube,6952597a07e98da88b710585d3463482
rh8ycjPCj18,diabetes_mellitus_penjelasan_klinis,"I pour half a cup of soda, into a cup. And fill the rest with water. To dilute the sugar. It still tastes great, and refreshing. This helps avoiding diabetes. I rarely have a full cup of undiluted soda. Jesus is Lord.",0,2025-02-01 13:53:27+07:00,,youtube,0.0,i pour half a cup of soda into a cup and fill the rest with water to dilute the sugar it still tastes great and refreshing this helps avoiding diabetes i rarely have a full cup of undiluted soda jesus is lord,208.0,0.0,2026-06-15 23:29:10.563446,youtube,fb0e0ae33cfaf17957633622eedd1f59
rh8ycjPCj18,diabetes_mellitus_penjelasan_klinis,"Please make a video on hypoglycemic agents, and autocoid pharmacology. @ninjanerd🙏",0,2025-01-27 22:11:48+07:00,,youtube,0.0,please make a video on hypoglycemic agents and autocoid pharmacology ninjanerd,78.0,0.0,2026-06-15 23:29:10.563446,youtube,7f3c796e2a75aff4f746fd6d589b837c
rh8ycjPCj18,diabetes_mellitus_penjelasan_klinis,Only you videos make me pass my exams,0,2025-01-22 15:09:35+07:00,,youtube,0.0,only you videos make me pass my exams,37.0,0.0,2026-06-15 23:29:10.563446,youtube,a0cac54e3750e3dd0002ce045d55087c
rh8ycjPCj18,diabetes_mellitus_penjelasan_klinis,thankkkkk youuuuuu,0,2025-01-18 02:35:56+07:00,,youtube,0.0,thankkkkk youuuuuu,18.0,0.0,2026-06-15 23:29:10.563446,youtube,fc996899ef1625cb67f703893b8e23e1
rh8ycjPCj18,diabetes_mellitus_penjelasan_klinis,THANKKKKKKKKKKKKK YOUUU SO MUCH.<br><br>😇,0,2025-01-17 11:55:49+07:00,,youtube,0.0,thankkkkkkkkkkkkk youuu so much,31.0,0.0,2026-06-15 23:29:10.563446,youtube,0f19b6e5325fa97ffb658a20e7b341b2
rh8ycjPCj18,diabetes_mellitus_penjelasan_klinis,"Good video, thanks!",0,2025-01-13 19:06:46+07:00,,youtube,0.0,good video thanks,17.0,0.0,2026-06-15 23:29:10.563446,youtube,e9256beb46b94936daacc83717d94ff1
rh8ycjPCj18,diabetes_mellitus_penjelasan_klinis,If your pee tastes sweet you may have diabetes.,0,2025-01-12 23:36:01+07:00,,youtube,1.0,if your pee tastes sweet you may have diabetes,46.0,1.0,2026-06-15 23:29:10.563446,youtube,54316204f1183e379d5ce3a1f32c39b6
rh8ycjPCj18,diabetes_mellitus_penjelasan_klinis,Who is tasting pee?,1,2026-02-17 04:53:53+07:00,,youtube,0.0,who is tasting pee,18.0,1.0,2026-06-15 23:29:10.563446,youtube,ae74045200f8489c44bafc561f2539bc
rh8ycjPCj18,diabetes_mellitus_penjelasan_klinis,The white board please 😪,0,2025-01-09 21:15:18+07:00,,youtube,0.0,the white board please,22.0,0.0,2026-06-15 23:29:10.563446,youtube,a1a3a77a9450a9c224c4a34b32ba3b9d
rh8ycjPCj18,diabetes_mellitus_penjelasan_klinis,Thank you Ninja Nerd ❤,1,2025-01-08 12:11:13+07:00,,youtube,0.0,thank you ninja nerd,20.0,1.0,2026-06-15 23:29:10.563446,youtube,0f8ea4244e82f78a7f013f786a0b58a4
rh8ycjPCj18,diabetes_mellitus_penjelasan_klinis,Excellent explanation and clarification,0,2025-01-07 22:15:53+07:00,,youtube,0.0,excellent explanation and clarification,39.0,0.0,2026-06-15 23:29:10.563446,youtube,a267dd0fb49ff69cdce7731b31a28be7
rh8ycjPCj18,diabetes_mellitus_penjelasan_klinis,Great video thanks 😊,0,2025-01-04 02:04:54+07:00,,youtube,0.0,great video thanks,18.0,0.0,2026-06-15 23:29:10.563446,youtube,d3bfac4198816be2fe68f605c2f4c7c2
rh8ycjPCj18,diabetes_mellitus_penjelasan_klinis,"Zach, any chance of a video on dealing with atypical diabetics? Things like people who dont have options on diet, are insulin dependent, are allergic to or can/will not take the antidiabetic meds, who have highly irregular schedules, etc?<br> <br>It is incredibly frustrating to try and manage diabetes when one isnt living &#39;normally&#39;, with &#39;normal&#39; options.<br><br>How would you manage a patient who is insulin dependent, using a sliding scale....and thats all they can manage, for instance? What about intermittent fasting? Single daily meals? Lack of healthy food choices?<br><br>Many thanks!!",0,2024-12-30 22:16:27+07:00,,youtube,0.0,zach any chance of a video on dealing with atypical diabetics things like people who dont have options on diet are insulin dependent are allergic to or canwill not take the antidiabetic meds who have highly irregular schedules etc it is incredibly frustrating to try and manage diabetes when one isnt living normally with normal optionshow would you manage a patient who is insulin dependent using a sliding scaleand thats all they can manage for instance what about intermittent fasting single daily meals lack of healthy food choicesmany thanks,546.0,0.0,2026-06-15 23:29:10.563446,youtube,3606963d6d4a48b78e51f3560532a7ea
rh8ycjPCj18,diabetes_mellitus_penjelasan_klinis,Easy methods of teaching.,0,2024-12-30 01:13:59+07:00,,youtube,0.0,easy methods of teaching,24.0,0.0,2026-06-15 23:29:10.563446,youtube,02107a2a47034e69985c794bad7c07c8
rh8ycjPCj18,diabetes_mellitus_penjelasan_klinis,"hello sir , please do diabetic ketoacidosis,it is so commonly tested in our final exams",0,2024-12-27 21:20:06+07:00,,youtube,0.0,hello sir please do diabetic ketoacidosisit is so commonly tested in our final exams,84.0,0.0,2026-06-15 23:29:10.563446,youtube,2e463b99946715c0ebf2785c583e631d
rh8ycjPCj18,diabetes_mellitus_penjelasan_klinis,Do you have notes on diagnostic and treatments alone,0,2024-12-25 23:48:16+07:00,,youtube,0.0,do you have notes on diagnostic and treatments alone,52.0,0.0,2026-06-15 23:29:10.563446,youtube,4f0baa539d3e93dfdd490912abcb18e8
rh8ycjPCj18,diabetes_mellitus_penjelasan_klinis,Thank you so much,0,2024-12-20 14:27:42+07:00,,youtube,0.0,thank you so much,17.0,0.0,2026-06-15 23:29:10.563446,youtube,6a065657995c0314dca645feaaddcef5
rh8ycjPCj18,diabetes_mellitus_penjelasan_klinis,Kindly prefer white board.,0,2024-12-19 14:45:32+07:00,,youtube,0.0,kindly prefer white board,25.0,0.0,2026-06-15 23:29:10.563446,youtube,30c16ae1413b97b1087a669924fa3c77
rh8ycjPCj18,diabetes_mellitus_penjelasan_klinis,Thanx a lot,0,2024-12-12 13:43:14+07:00,,youtube,0.0,thanx a lot,11.0,0.0,2026-06-15 23:29:10.563446,youtube,ee990df4472726aae405ee8151c51822
rh8ycjPCj18,diabetes_mellitus_penjelasan_klinis,"thankfully we have this channel, way much better to quickly understand",0,2024-12-08 11:20:03+07:00,,youtube,0.0,thankfully we have this channel way much better to quickly understand,69.0,0.0,2026-06-15 23:29:10.563446,youtube,9cc1ddf0dbcb143b787c6c90a79ff149
rh8ycjPCj18,diabetes_mellitus_penjelasan_klinis,Thank you. You are so helpful!!!!!,0,2024-12-07 02:58:22+07:00,,youtube,0.0,thank you you are so helpful,28.0,0.0,2026-06-15 23:29:10.563446,youtube,7c0b90f190f6bc1f1a7f3669c2fa32f2
rh8ycjPCj18,diabetes_mellitus_penjelasan_klinis,love uuuuuuuuuuuuuuuuuuuu,0,2024-12-01 01:17:10+07:00,,youtube,0.0,love uuuuuuuuuuuuuuuuuuuu,25.0,0.0,2026-06-15 23:29:10.563446,youtube,b48670e9a56e61552946c57c92dd7296
rh8ycjPCj18,diabetes_mellitus_penjelasan_klinis,"For me, I really liked this way of teaching compared to the board method. Thank you ninja nerd!!!❤❤",0,2024-11-26 17:39:48+07:00,,youtube,0.0,for me i really liked this way of teaching compared to the board method thank you ninja nerd,92.0,0.0,2026-06-15 23:29:10.563446,youtube,09b04af66a9bcbaca1617ad19a26b8d0
rh8ycjPCj18,diabetes_mellitus_penjelasan_klinis,"This guy helped me in grad school, now helping me with my post grad preps. God bless this fella . Such precise info, no bs, quickly revising stuff i dont have enough time to read now",4,2024-11-22 02:53:17+07:00,,youtube,1.0,this guy helped me in grad school now helping me with my post grad preps god bless this fella such precise info no bs quickly revising stuff i dont have enough time to read now,176.0,5.0,2026-06-15 23:29:10.563446,youtube,175a69cface2f6c37578678cb10b6880
rh8ycjPCj18,diabetes_mellitus_penjelasan_klinis,it is a awesome presentation.,1,2024-11-23 15:42:00+07:00,,youtube,0.0,it is a awesome presentation,28.0,1.0,2026-06-15 23:29:10.563446,youtube,d673d82f6f19200ccbbb0ac15ead7854
rh8ycjPCj18,diabetes_mellitus_penjelasan_klinis,Reminder to watch in full screen to avoid getting distracted with the comments,0,2024-11-19 19:11:14+07:00,,youtube,0.0,reminder to watch in full screen to avoid getting distracted with the comments,78.0,0.0,2026-06-15 23:29:10.563446,youtube,794865763cea5d34f997336c51e69aea
rh8ycjPCj18,diabetes_mellitus_penjelasan_klinis,Very clear and organized information!,0,2024-11-16 01:58:55+07:00,,youtube,0.0,very clear and organized information,36.0,0.0,2026-06-15 23:29:10.563446,youtube,cd6e48ef1e0a395303eba20bc612d45f
rh8ycjPCj18,diabetes_mellitus_penjelasan_klinis,you look like a peanut from this view hehehehe,0,2024-11-15 00:42:36+07:00,,youtube,0.0,you look like a peanut from this view hehehehe,46.0,0.0,2026-06-15 23:29:10.563446,youtube,d0b6909a9bda05252eb21756459e05ad
rh8ycjPCj18,diabetes_mellitus_penjelasan_klinis,"Thanks for your dedication, love you",0,2024-11-13 15:54:07+07:00,,youtube,0.0,thanks for your dedication love you,35.0,0.0,2026-06-15 23:29:10.563446,youtube,9f01636e9817b6c05233e136744390a0
rh8ycjPCj18,diabetes_mellitus_penjelasan_klinis,Thank you!!!,0,2024-11-10 10:48:45+07:00,,youtube,0.0,thank you,9.0,0.0,2026-06-15 23:29:10.563446,youtube,d2a05984bbbcbbdd0fb8b9273574bc88
rh8ycjPCj18,diabetes_mellitus_penjelasan_klinis,Love from bottom of my heart ❤,1,2024-11-06 12:32:02+07:00,,youtube,0.0,love from bottom of my heart,28.0,1.0,2026-06-15 23:29:10.563446,youtube,75bbc74ed3a2d49bc6f0ec72dc984015
rh8ycjPCj18,diabetes_mellitus_penjelasan_klinis,Thanks a million❤,1,2024-11-03 02:16:25+07:00,,youtube,0.0,thanks a million,16.0,1.0,2026-06-15 23:29:10.563446,youtube,18a99886c44a6d15dab9fc0c76752d89
rh8ycjPCj18,diabetes_mellitus_penjelasan_klinis,"Hey Zach, I really like the whiteboard but I&#39;m able to adjust to the new method. If you would continue making the arrows depicting the changes in activity/substances that lead to the symptoms would be very helpful. Seeing those arrows really help understand the concept and connect the disease from start to finish.",6,2024-11-01 21:22:42+07:00,,youtube,0.0,hey zach i really like the whiteboard but im able to adjust to the new method if you would continue making the arrows depicting the changes in activitysubstances that lead to the symptoms would be very helpful seeing those arrows really help understand the concept and connect the disease from start to finish,309.0,6.0,2026-06-15 23:29:10.563446,youtube,cb551ea3c454303de9455fbbc001e294
rh8ycjPCj18,diabetes_mellitus_penjelasan_klinis,"I think its best to go on a diabetic diet...stay away from sugar, carbs,junk foods. Eat only whole foods. Do intermitent fasting. Exercise. Stay away from diabetes drugs. The doctors and pharma companies want to make $$$ off of you. They dont care about you.",1,2024-11-01 09:22:26+07:00,,youtube,0.0,i think its best to go on a diabetic dietstay away from sugar carbsjunk foods eat only whole foods do intermitent fasting exercise stay away from diabetes drugs the doctors and pharma companies want to make off of you they dont care about you,242.0,1.0,2026-06-15 23:29:10.563446,youtube,497eafa8afc742ab358929a84b22f1a1
rh8ycjPCj18,diabetes_mellitus_penjelasan_klinis,I always clear the concept with your lectures!<br><br>Huge appreciation to the effort you made ❤<br><br>Keep it up😊,0,2024-10-31 23:43:40+07:00,,youtube,0.0,i always clear the concept with your lectureshuge appreciation to the effort you made keep it up,96.0,0.0,2026-06-15 23:29:10.563446,youtube,9bfedab2dabcc4b13e811a6d47164694
rh8ycjPCj18,diabetes_mellitus_penjelasan_klinis,Loving it😊,0,2024-10-31 13:14:16+07:00,,youtube,0.0,loving it,9.0,0.0,2026-06-15 23:29:10.563446,youtube,8590b9c1aefe330019ce414129435b48
rh8ycjPCj18,diabetes_mellitus_penjelasan_klinis,Don&#39;t forget that DM2 insulin-dependent patients present as if they were DM1 patients. They have an &quot;equal&quot; risk of developing a DKA (got a case wrong in a test and that was the explanation).,1,2024-10-31 07:18:03+07:00,,youtube,1.0,dont forget that dm insulindependent patients present as if they were dm patients they have an quotequalquot risk of developing a dka got a case wrong in a test and that was the explanation,189.0,2.0,2026-06-15 23:29:10.563446,youtube,0eb66e508eceb3713a4b0411f6d04519
rh8ycjPCj18,diabetes_mellitus_penjelasan_klinis,In other words: DM2 insulin-dependent patients are WAY more likely to present a DKA than those who are not.,0,2024-10-31 07:19:42+07:00,,youtube,0.0,in other words dm insulindependent patients are way more likely to present a dka than those who are not,103.0,0.0,2026-06-15 23:29:10.563446,youtube,ec278eaed322a57398da0b3b1603d05f
rh8ycjPCj18,diabetes_mellitus_penjelasan_klinis,Pls the board,1,2024-10-29 00:07:05+07:00,,youtube,0.0,pls the board,13.0,1.0,2026-06-15 23:29:10.563446,youtube,68fb6718656f9f4035119929241c27eb
rh8ycjPCj18,diabetes_mellitus_penjelasan_klinis,"Thank you so much,but please get back and use the white board..lts better and easier to understand",104,2024-10-28 08:30:01+07:00,,youtube,3.0,thank you so muchbut please get back and use the white boardlts better and easier to understand,95.0,107.0,2026-06-15 23:29:10.563446,youtube,5f1e32dc5fdd2eba195f8c56ee7e2ae7
rh8ycjPCj18,diabetes_mellitus_penjelasan_klinis,We want whiteboard back,1,2024-10-27 12:56:00+07:00,,youtube,0.0,we want whiteboard back,23.0,1.0,2026-06-15 23:29:10.563446,youtube,a0a7fda0efae7ce249165941268ecb2d
rh8ycjPCj18,diabetes_mellitus_penjelasan_klinis,As always the greatness of medicine comes in video,0,2024-10-25 04:31:17+07:00,,youtube,0.0,as always the greatness of medicine comes in video,50.0,0.0,2026-06-15 23:29:10.563446,youtube,cd50e3f2c0d8115342ddba3c3d67a7b5
rh8ycjPCj18,diabetes_mellitus_penjelasan_klinis,My cousin Ho Lee Suk in China has diabetes. It is not good.,0,2024-10-25 01:11:15+07:00,,youtube,0.0,my cousin ho lee suk in china has diabetes it is not good,57.0,0.0,2026-06-15 23:29:10.563446,youtube,bd3c0cebb06711c6b410fc1e20e8d2c5
rh8ycjPCj18,diabetes_mellitus_penjelasan_klinis,I prefer the board but grateful nonethless,0,2024-10-23 23:59:49+07:00,,youtube,0.0,i prefer the board but grateful nonethless,42.0,0.0,2026-06-15 23:29:10.563446,youtube,7c8af103d76a404a619c7e88ee8f87c4
rh8ycjPCj18,diabetes_mellitus_penjelasan_klinis,Can we get this in plain language please?,1,2024-10-21 21:59:32+07:00,,youtube,0.0,can we get this in plain language please,40.0,1.0,2026-06-15 23:29:10.563446,youtube,669f77cf9fd4b7ef53c84432707f7f68
rh8ycjPCj18,diabetes_mellitus_penjelasan_klinis,Please do with white bord that&#39;s very easy to understand than this,0,2024-10-19 22:07:26+07:00,,youtube,0.0,please do with white bord thats very easy to understand than this,65.0,0.0,2026-06-15 23:29:10.563446,youtube,982a87dab4aa0e9a2e411897eefa2dfe
rh8ycjPCj18,diabetes_mellitus_penjelasan_klinis,Amazing as always ❤️,0,2024-10-18 17:01:23+07:00,,youtube,0.0,amazing as always,17.0,0.0,2026-06-15 23:29:10.563446,youtube,6ed7aa73fe9493cea0f0b214ebfc9a99
rh8ycjPCj18,diabetes_mellitus_penjelasan_klinis,Thanks for the info. ❤,0,2024-10-18 01:19:21+07:00,,youtube,0.0,thanks for the info,19.0,0.0,2026-06-15 23:29:10.563446,youtube,4b5f9133d510b0acf62184eab3da919f
rh8ycjPCj18,diabetes_mellitus_penjelasan_klinis,Thanks a lot dr,0,2024-10-16 03:40:33+07:00,,youtube,0.0,thanks a lot dr,15.0,0.0,2026-06-15 23:29:10.563446,youtube,a7f9228c4a686c4800410d8c5f5c0699
rh8ycjPCj18,diabetes_mellitus_penjelasan_klinis,Thank you very much sir 💐,0,2024-10-15 19:31:46+07:00,,youtube,0.0,thank you very much sir,23.0,0.0,2026-06-15 23:29:10.563446,youtube,78b83d410307d635bd74317ac2ea7e28
rh8ycjPCj18,diabetes_mellitus_penjelasan_klinis,Please go back white board (I am from Pakistan)😢,0,2024-10-14 08:46:22+07:00,,youtube,0.0,please go back white board i am from pakistan,45.0,0.0,2026-06-15 23:29:10.563446,youtube,0eac6d96445adeeae051d57a52677afc
rh8ycjPCj18,diabetes_mellitus_penjelasan_klinis,we need you to be standing up and explain it on a white board with your diagrams,30,2024-10-12 19:50:50+07:00,,youtube,0.0,we need you to be standing up and explain it on a white board with your diagrams,80.0,30.0,2026-06-15 23:29:10.563446,youtube,0e02c86384285214db78ec6bbec68107
rh8ycjPCj18,diabetes_mellitus_penjelasan_klinis,Planet Ayurveda&#39;s consultation and products helped me manage diabetes naturally!,0,2024-10-09 16:36:26+07:00,,youtube,0.0,planet ayurvedas consultation and products helped me manage diabetes naturally,78.0,0.0,2026-06-15 23:29:10.563446,youtube,45035d33d19b85f83974b62c8995e18e
rh8ycjPCj18,diabetes_mellitus_penjelasan_klinis,thank you so much for your explanation :),0,2024-10-07 21:47:32+07:00,,youtube,0.0,thank you so much for your explanation,38.0,0.0,2026-06-15 23:29:10.563446,youtube,de192f419bd9e0331847064fa34f2858
rh8ycjPCj18,diabetes_mellitus_penjelasan_klinis,thank you sir for this great lecture,0,2024-10-07 07:18:12+07:00,,youtube,0.0,thank you sir for this great lecture,36.0,0.0,2026-06-15 23:29:10.563446,youtube,31501994b1586e67d9d5f9e54cae1d44
rh8ycjPCj18,diabetes_mellitus_penjelasan_klinis,There was DKA vs HHS video of ninja nerd 🤔 now i can&#39;t find it does anybody know ??,0,2024-10-07 00:06:04+07:00,,youtube,0.0,there was dka vs hhs video of ninja nerd now i cant find it does anybody know,77.0,0.0,2026-06-15 23:29:10.563446,youtube,04cb8023ed7da45a8bdf0425f96de622
rh8ycjPCj18,diabetes_mellitus_penjelasan_klinis,Is there any slide or sheets for this video or other videos 4 ninja? And thx,0,2024-10-06 19:46:51+07:00,,youtube,0.0,is there any slide or sheets for this video or other videos ninja and thx,73.0,0.0,2026-06-15 23:29:10.563446,youtube,1d3298931f3119f98ce8c53f4c265c0c
rh8ycjPCj18,diabetes_mellitus_penjelasan_klinis,I think DM needs to a longer lesson,0,2024-10-03 01:39:05+07:00,,youtube,0.0,i think dm needs to a longer lesson,35.0,0.0,2026-06-15 23:29:10.563446,youtube,070df119ad7c5097b20f3c06e697c0c7
rh8ycjPCj18,diabetes_mellitus_penjelasan_klinis,Expalin on white board,0,2024-10-01 00:08:02+07:00,,youtube,0.0,expalin on white board,22.0,0.0,2026-06-15 23:29:10.563446,youtube,1576163bc1723b3736d97fe4656ea71a
rh8ycjPCj18,diabetes_mellitus_penjelasan_klinis,Can’t we give diabetic patients proteins more and more and less carbs to avoid elevating blood glucose level?,0,2024-09-26 21:07:25+07:00,,youtube,0.0,cant we give diabetic patients proteins more and more and less carbs to avoid elevating blood glucose level,107.0,0.0,2026-06-15 23:29:10.563446,youtube,4859d4589a361697677646ae6939d645
rh8ycjPCj18,diabetes_mellitus_penjelasan_klinis,Perfect <br>Thanks for your lectures <br>I like them more than my medschool professor&#39;s classes. <br>Great job❤,2,2024-09-26 12:15:28+07:00,,youtube,0.0,perfect thanks for your lectures i like them more than my medschool professors classes great job,96.0,2.0,2026-06-15 23:29:10.563446,youtube,4ad02023582214e372b0cdd5f6716f47
rh8ycjPCj18,diabetes_mellitus_penjelasan_klinis,"I am med. student and a big fan of your presentations, my kind view on this particular video is the laughing that you do around the treatment approach for complications doesn&#39;t make sense and if you avoid it. It&#39;s not fair.",0,2024-09-25 01:28:11+07:00,,youtube,0.0,i am med student and a big fan of your presentations my kind view on this particular video is the laughing that you do around the treatment approach for complications doesnt make sense and if you avoid it its not fair,217.0,0.0,2026-06-15 23:29:10.563446,youtube,6c4d31b66b85d715098c55625b4b36e5
rh8ycjPCj18,diabetes_mellitus_penjelasan_klinis,Does this video say that CKD results in a bump up in the GFR??,1,2024-09-22 22:53:12+07:00,,youtube,1.0,does this video say that ckd results in a bump up in the gfr,60.0,2.0,2026-06-15 23:29:10.563446,youtube,114db972291726b447b403888a92b334
rh8ycjPCj18,diabetes_mellitus_penjelasan_klinis,it does i was wondering that as well (wondering why it says that),0,2024-11-10 04:25:58+07:00,,youtube,0.0,it does i was wondering that as well wondering why it says that,63.0,0.0,2026-06-15 23:29:10.563446,youtube,91a7f242be95d17a0b26dffaeed514aa
rh8ycjPCj18,diabetes_mellitus_penjelasan_klinis,Zach! i love you.,0,2024-09-21 17:01:51+07:00,,youtube,0.0,zach i love you,15.0,0.0,2026-06-15 23:29:10.563446,youtube,137e5a5eaef91a639ad51b6db6e20b97
rh8ycjPCj18,diabetes_mellitus_penjelasan_klinis,I recommend to say what does those abbreviations means,0,2024-09-20 04:39:48+07:00,,youtube,0.0,i recommend to say what does those abbreviations means,54.0,0.0,2026-06-15 23:29:10.563446,youtube,a2b72e015cfba289ee699879c01e85e8
rh8ycjPCj18,diabetes_mellitus_penjelasan_klinis,"I like this new method of teaching, not a time consumer and flow smoother",13,2024-09-20 03:51:47+07:00,,youtube,0.0,i like this new method of teaching not a time consumer and flow smoother,72.0,13.0,2026-06-15 23:29:10.563446,youtube,1c11c293a09997998f2d9e490e489b73
rh8ycjPCj18,diabetes_mellitus_penjelasan_klinis,Love you from Ghana,0,2024-09-19 11:59:15+07:00,,youtube,0.0,love you from ghana,19.0,0.0,2026-06-15 23:29:10.563446,youtube,cb41f3d76a99a180c73a1658b17fc775
rh8ycjPCj18,diabetes_mellitus_penjelasan_klinis,White board😢😢😢😢,0,2024-09-15 17:50:48+07:00,,youtube,0.0,white board,11.0,0.0,2026-06-15 23:29:10.563446,youtube,44b15720b01a311e26f0f81c57e5390d
rh8ycjPCj18,diabetes_mellitus_penjelasan_klinis,My PNS and ANS is fried ... So if I have a BM my sugar levels drop how I see it is I damage my thoracic spine in 01 I got EBV that Triggered G.B.S with autonomic dysfunction in 09 ... I was drinking a lot of Coca-Cola unknown to me it was keeping autonomic Dysreflexia under control?? And this? In away! ... As im bowel triggered the caffeine would stimulate the the GI track and the supar would keep my level up...,0,2024-09-13 04:50:53+07:00,,youtube,0.0,my pns and ans is fried so if i have a bm my sugar levels drop how i see it is i damage my thoracic spine in i got ebv that triggered gbs with autonomic dysfunction in i was drinking a lot of cocacola unknown to me it was keeping autonomic dysreflexia under control and this in away as im bowel triggered the caffeine would stimulate the the gi track and the supar would keep my level up,387.0,0.0,2026-06-15 23:29:10.563446,youtube,9b00479637fe2cbf2d9264b73101d8ff
rh8ycjPCj18,diabetes_mellitus_penjelasan_klinis,Bring back the whiteboard pleaseeeee😭🙏🏻,8,2024-09-10 22:06:29+07:00,,youtube,0.0,bring back the whiteboard pleaseeeee,36.0,8.0,2026-06-15 23:29:10.563446,youtube,076f085b87323dffcdfe6a8bbbe8abd2
rh8ycjPCj18,diabetes_mellitus_penjelasan_klinis,Wilson Laura Anderson Amy Williams Eric,0,2024-09-10 08:48:07+07:00,,youtube,0.0,wilson laura anderson amy williams eric,39.0,0.0,2026-06-15 23:29:10.563446,youtube,027f9b433cf58a6e9baa9224dcf346aa
rh8ycjPCj18,diabetes_mellitus_penjelasan_klinis,Thanks so much 🎉🎉🎉🎉❤❤❤,0,2024-09-10 00:49:43+07:00,,youtube,0.0,thanks so much,14.0,0.0,2026-06-15 23:29:10.563446,youtube,7553b62ecf32239c2025486d5725bbb6
rh8ycjPCj18,diabetes_mellitus_penjelasan_klinis,May Allah Guide you to islam,0,2024-09-07 18:57:12+07:00,,youtube,0.0,may allah guide you to islam,28.0,0.0,2026-06-15 23:29:10.563446,youtube,c126774e9828d3752b50311c2b34dde1
rh8ycjPCj18,diabetes_mellitus_penjelasan_klinis,White Board was Gold It was Hell of a Big Boring Lecture . If diagrams were there This could&#39;ve been ur block buster of the year 🤟 But any ways you still Tried Your Heart out to teach us Thank yu Ninja sir ❤,0,2024-09-04 03:16:55+07:00,,youtube,0.0,white board was gold it was hell of a big boring lecture if diagrams were there this couldve been ur block buster of the year but any ways you still tried your heart out to teach us thank yu ninja sir,200.0,0.0,2026-06-15 23:29:10.563446,youtube,2b376b6bac58239a4cf60b6971bc2036
rh8ycjPCj18,diabetes_mellitus_penjelasan_klinis,thank you so much for your help,0,2024-08-31 22:19:23+07:00,,youtube,0.0,thank you so much for your help,31.0,0.0,2026-06-15 23:29:10.563446,youtube,ec08f43b85e2c71c50bece1a67f9cff5
rh8ycjPCj18,diabetes_mellitus_penjelasan_klinis,Fantastic lectures regardless of style. I could see this being better if you need more visualization or images instead of having to draw them but otherwise maybe make the pointer highlighter bigger or a darker colour to be more capturing since we do lose some of the interactiveness and body language you bring with the whiteboard,0,2024-08-26 21:29:28+07:00,,youtube,0.0,fantastic lectures regardless of style i could see this being better if you need more visualization or images instead of having to draw them but otherwise maybe make the pointer highlighter bigger or a darker colour to be more capturing since we do lose some of the interactiveness and body language you bring with the whiteboard,329.0,0.0,2026-06-15 23:29:10.563446,youtube,10617fa0239826313ca74d9fec48d9fd
rh8ycjPCj18,diabetes_mellitus_penjelasan_klinis,Sorry you are wrong I got TD1 @57 years old,0,2024-08-26 04:05:01+07:00,,youtube,0.0,sorry you are wrong i got td years old,38.0,0.0,2026-06-15 23:29:10.563446,youtube,98b199781c6ffaa442d0a754552570c5
rh8ycjPCj18,diabetes_mellitus_penjelasan_klinis,"For Australian viewers who are new to studying, safe BGL levels here are 4-7.8 (DiabetesAustralia) mmol/L. American values are 72-108 mg/dL.<br>We measure mmol per litre &amp; they measure mg per deci liter.",0,2024-08-13 05:39:49+07:00,,youtube,0.0,for australian viewers who are new to studying safe bgl levels here are diabetesaustralia mmoll american values are mgdlwe measure mmol per litre amp they measure mg per deci liter,180.0,0.0,2026-06-15 23:29:10.563446,youtube,0268e348159ee99ba940137280147c5c
rh8ycjPCj18,diabetes_mellitus_penjelasan_klinis,"Excellent video, thank you. One small correction—diabetic neuropathy is understood to be the result of direct axonal degeneration, with damage to Schwann cells being implicated to a lesser extent. See Feldman et al. (2019) and Statpearls",10,2024-08-11 19:08:41+07:00,,youtube,0.0,excellent video thank you one small correctiondiabetic neuropathy is understood to be the result of direct axonal degeneration with damage to schwann cells being implicated to a lesser extent see feldman et al and statpearls,224.0,10.0,2026-06-15 23:29:10.563446,youtube,d4bb4b184423754acee273935ea7e97f
rh8ycjPCj18,diabetes_mellitus_penjelasan_klinis,what a lecture. You have just nailed it. thank you so much. 🤍,1,2024-08-10 15:43:18+07:00,,youtube,0.0,what a lecture you have just nailed it thank you so much,56.0,1.0,2026-06-15 23:29:10.563446,youtube,4b6215adacff64c050eea8b63f17c437
rh8ycjPCj18,diabetes_mellitus_penjelasan_klinis,Sir are you tired of drawing in whiteboard.......latest updated contents may attract some viewers but traditional way of teaching has its own aroma,0,2024-07-29 23:50:07+07:00,,youtube,0.0,sir are you tired of drawing in whiteboardlatest updated contents may attract some viewers but traditional way of teaching has its own aroma,140.0,0.0,2026-06-15 23:29:10.563446,youtube,b37fa0dbd4efcf323255da8612abf64f
rh8ycjPCj18,diabetes_mellitus_penjelasan_klinis,Honestly thank you ninja nerd,0,2024-07-29 20:06:45+07:00,,youtube,0.0,honestly thank you ninja nerd,29.0,0.0,2026-06-15 23:29:10.563446,youtube,a27bfeb77086e91bfe3705eef9d1def6
rh8ycjPCj18,diabetes_mellitus_penjelasan_klinis,Thank you sir,0,2024-07-28 08:08:14+07:00,,youtube,0.0,thank you sir,13.0,0.0,2026-06-15 23:29:10.563446,youtube,24e0296eff3d6ee483be2e7cd4038f3e
rh8ycjPCj18,diabetes_mellitus_penjelasan_klinis,I dont get it<br><br>If in the type one these complete deficiency of insulin secretion <br>And in type 2 theres still insulin production but not as adequete<br><br>Then how is it possible that in type 2 theres more hyperglycemia compared to type 1(where there is NO insulin compared to insufficient amount in type 2),0,2024-07-25 20:57:45+07:00,,youtube,0.0,i dont get itif in the type one these complete deficiency of insulin secretion and in type theres still insulin production but not as adequetethen how is it possible that in type theres more hyperglycemia compared to type where there is no insulin compared to insufficient amount in type,287.0,0.0,2026-06-15 23:29:10.563446,youtube,b8290c907ef731d1bdfad2fb82e0c050
rh8ycjPCj18,diabetes_mellitus_penjelasan_klinis,Hell yeah love this!,0,2024-07-23 14:56:21+07:00,,youtube,0.0,hell yeah love this,19.0,0.0,2026-06-15 23:29:10.563446,youtube,68f6d493c4ebade33845934b6f5cb623
rh8ycjPCj18,diabetes_mellitus_penjelasan_klinis,"This method is better than the whiteboard. It&#39;s more organized and smoothly connected as well, hence you&#39;re able to teach faster than you did with the whiteboard.<br><br>I&#39;m glad for this teaching. Succinct and superb. As always, thank you so much 😁",6,2024-07-19 05:13:30+07:00,,youtube,0.0,this method is better than the whiteboard its more organized and smoothly connected as well hence youre able to teach faster than you did with the whiteboardim glad for this teaching succinct and superb as always thank you so much,230.0,6.0,2026-06-15 23:29:10.563446,youtube,bc08c10e20d843f7cc2e288b887edfe9
rh8ycjPCj18,diabetes_mellitus_penjelasan_klinis,Thanks and love you too &lt;3,0,2024-07-11 21:29:50+07:00,,youtube,0.0,thanks and love you too lt,26.0,0.0,2026-06-15 23:29:10.563446,youtube,5c754de6c4877acf46ce5ec4494f83d2
rh8ycjPCj18,diabetes_mellitus_penjelasan_klinis,"Thank you, thank you for this video, my daughter has T1D, (for 16 years), this is the most comprehensive explanation of DKA I’ve ever read/seen. When she was younger, she went in to DKA after a weekend with her father and he didn’t care for her T1D needs. She came home very ill, and I immediately took met her endo. at the ER.😔 DKA is scary! And deadly.<br>And your explanation of the various types of insulin is excellent. Insulin pumps are getting better as far as closing the loop. For many years, I hacked her pump using open-source software (🙏) to communicate with CGM/Dexcom (Looping), giving her much better glucose control, now that she’s older and Omnipods closed -loop system is getting better, she is using that system. She no longer uses Humulog, Lumjeb works better for her. <br><br>I don’t mind your new whiteboard method, ignore the critics! Use what is best and easier for you! I’m very grateful for your videos.🙏💕🌟🌟🌟",1,2024-07-07 22:58:18+07:00,,youtube,1.0,thank you thank you for this video my daughter has td for years this is the most comprehensive explanation of dka ive ever readseen when she was younger she went in to dka after a weekend with her father and he didnt care for her td needs she came home very ill and i immediately took met her endo at the er dka is scary and deadlyand your explanation of the various types of insulin is excellent insulin pumps are getting better as far as closing the loop for many years i hacked her pump using opensource software to communicate with cgmdexcom looping giving her much better glucose control now that shes older and omnipods closed loop system is getting better she is using that system she no longer uses humulog lumjeb works better for her i dont mind your new whiteboard method ignore the critics use what is best and easier for you im very grateful for your videos,869.0,2.0,2026-06-15 23:29:10.563446,youtube,e45ac7adf84bd0bc67d81febdef8c31b
rh8ycjPCj18,diabetes_mellitus_penjelasan_klinis,"And, it seems counterintuitive to increase insulin during DKA to close anion gap, which could lead to low BS level, then pt needs sugar to compensate for increase in Insulin … T1D freaking sucks.",0,2024-07-07 23:07:23+07:00,,youtube,0.0,and it seems counterintuitive to increase insulin during dka to close anion gap which could lead to low bs level then pt needs sugar to compensate for increase in insulin td freaking sucks,188.0,0.0,2026-06-15 23:29:10.563446,youtube,d5343049865bf78cf01479144d198b93
rh8ycjPCj18,diabetes_mellitus_penjelasan_klinis,"Please, is there any video on diabetic emergency?",0,2024-07-05 18:47:48+07:00,,youtube,0.0,please is there any video on diabetic emergency,47.0,0.0,2026-06-15 23:29:10.563446,youtube,3ed4e869e360968d9bbf25fcf57280ec
rh8ycjPCj18,diabetes_mellitus_penjelasan_klinis,The board is so much better than this :/ Like this is more difficult to follow you,1,2024-07-03 17:40:29+07:00,,youtube,0.0,the board is so much better than this like this is more difficult to follow you,79.0,1.0,2026-06-15 23:29:10.563446,youtube,b4eead605da04d6559d8e21e6e1da844
rh8ycjPCj18,diabetes_mellitus_penjelasan_klinis,❤‍🩹thanku...\\\,0,2024-07-03 08:52:50+07:00,,youtube,0.0,thanku,6.0,0.0,2026-06-15 23:29:10.563446,youtube,ec80372c38f53ea75dc76bda527ad8ac
rh8ycjPCj18,diabetes_mellitus_penjelasan_klinis,Asante sanaa🎉,0,2024-07-03 06:26:19+07:00,,youtube,1.0,asante sanaa,12.0,1.0,2026-06-15 23:29:10.563446,youtube,f0239039dc2cc5170bc7dd5e6332d92f
rh8ycjPCj18,diabetes_mellitus_penjelasan_klinis,Haina shida,0,2024-11-20 17:01:23+07:00,,youtube,0.0,haina shida,11.0,0.0,2026-06-15 23:29:10.563446,youtube,49eb21380fee08d3a4fe8553ee7ac3b2
rh8ycjPCj18,diabetes_mellitus_penjelasan_klinis,"In T2DM, how does glucose get into the cell to cause increased sorbitol when there is insulin resistance preventing glucose from being taken up by cells?",0,2024-07-02 11:50:07+07:00,,youtube,2.0,in tdm how does glucose get into the cell to cause increased sorbitol when there is insulin resistance preventing glucose from being taken up by cells,150.0,2.0,2026-06-15 23:29:10.563446,youtube,9397d179bb6df10426561a2892872177
rh8ycjPCj18,diabetes_mellitus_penjelasan_klinis,"Insuline resistance appears only in fat tissue and muscle, others sites with others glut receptors dont get the resistance.",1,2024-08-07 01:56:55+07:00,,youtube,0.0,insuline resistance appears only in fat tissue and muscle others sites with others glut receptors dont get the resistance,121.0,1.0,2026-06-15 23:29:10.563446,youtube,59c9ca5690258d72c6eb708948fb1218
rh8ycjPCj18,diabetes_mellitus_penjelasan_klinis,@joao09101 thanks,1,2024-08-07 04:02:37+07:00,,youtube,0.0,joao thanks,11.0,1.0,2026-06-15 23:29:10.563446,youtube,83210470df44420ff24b44bcf9b51454
rh8ycjPCj18,diabetes_mellitus_penjelasan_klinis,"Wow on the 30th minute, you can easily lower A1c with carb restriction without meds",0,2024-07-02 06:26:55+07:00,,youtube,0.0,wow on the th minute you can easily lower ac with carb restriction without meds,79.0,0.0,2026-06-15 23:29:10.563446,youtube,185247cd14ecc709e635e4484db82899
rh8ycjPCj18,diabetes_mellitus_penjelasan_klinis,"10/10 lecture great stuff, would really appreciate it if you mentioned more investigations but otherwise a very well structured and taught lesson.",1,2024-06-27 19:50:03+07:00,,youtube,0.0,lecture great stuff would really appreciate it if you mentioned more investigations but otherwise a very well structured and taught lesson,138.0,1.0,2026-06-15 23:29:10.563446,youtube,bc094c99009111b80263c8019443d608
rh8ycjPCj18,diabetes_mellitus_penjelasan_klinis,now surgeon could finally mx DKA😎,0,2024-06-25 19:59:47+07:00,,youtube,0.0,now surgeon could finally mx dka,32.0,0.0,2026-06-15 23:29:10.563446,youtube,821b50deb69c2a89445c19787a31d95e
rh8ycjPCj18,diabetes_mellitus_penjelasan_klinis,great lecture,0,2024-06-24 00:08:30+07:00,,youtube,0.0,great lecture,13.0,0.0,2026-06-15 23:29:10.563446,youtube,285569ced78f3d9e5f192304eda2c2b4
rh8ycjPCj18,diabetes_mellitus_penjelasan_klinis,"<a href=""https://www.youtube.com/watch?v=rh8ycjPCj18&amp;t=1144"">19:04</a> I thought the problem is exactly the opposite 🙃",0,2024-06-23 18:26:44+07:00,,youtube,0.0,i thought the problem is exactly the opposite,45.0,0.0,2026-06-15 23:29:10.563446,youtube,966d451277a82ca036ba096433cb06f1
rh8ycjPCj18,diabetes_mellitus_penjelasan_klinis,"Thank you for taking your time and creating these medical lectures in the most comprehensive, yet easy-to-digest ways.",34,2024-06-19 04:40:55+07:00,,youtube,0.0,thank you for taking your time and creating these medical lectures in the most comprehensive yet easytodigest ways,114.0,34.0,2026-06-15 23:29:10.563446,youtube,50fbc15a1341914795ba313324081bdf
rh8ycjPCj18,diabetes_mellitus_penjelasan_klinis,This video made my physiology easy.Far better than books. Thanks a lot sir. I really understood the topic .It is well organized in a manner that we can understand without any confusion. Flow chart of diagnosis and treatment is awesome.👏👏👏👏👏👏👏👏👏👏👏Everything that we need about DM in one video. Great work sir. Hats off👍👍👍👍👍,2,2024-06-17 15:12:58+07:00,,youtube,0.0,this video made my physiology easyfar better than books thanks a lot sir i really understood the topic it is well organized in a manner that we can understand without any confusion flow chart of diagnosis and treatment is awesomeeverything that we need about dm in one video great work sir hats off,298.0,2.0,2026-06-15 23:29:10.563446,youtube,7fffd528babd6561433e300398328631
rh8ycjPCj18,diabetes_mellitus_penjelasan_klinis,i honestly am fine with both the board and this . Im just here to learn and grateful for the help !,39,2024-06-17 03:17:11+07:00,,youtube,0.0,i honestly am fine with both the board and this im just here to learn and grateful for the help,95.0,39.0,2026-06-15 23:29:10.563446,youtube,f465906dc6a9ee9c078247b3597bc4c4
rh8ycjPCj18,diabetes_mellitus_penjelasan_klinis,Zach !! White board is better than this format,0,2024-06-15 19:35:08+07:00,,youtube,0.0,zach white board is better than this format,43.0,0.0,2026-06-15 23:29:10.563446,youtube,62e7cd7d4a0bc4b34591e31e52635d49
rh8ycjPCj18,diabetes_mellitus_penjelasan_klinis,Why do u delete the old video🙄🙄🙄,0,2024-06-12 00:04:24+07:00,,youtube,1.0,why do u delete the old video,29.0,1.0,2026-06-15 23:29:10.563446,youtube,170fadd5c2144b4467e33a717113d0dd
rh8ycjPCj18,diabetes_mellitus_penjelasan_klinis,It is in retired playlist not deleted,2,2024-06-12 01:28:45+07:00,,youtube,0.0,it is in retired playlist not deleted,37.0,2.0,2026-06-15 23:29:10.563446,youtube,bdd5be95407914ac4c8770bc558230dc
rh8ycjPCj18,diabetes_mellitus_penjelasan_klinis,"This is better than the whiteboard for meeeeeee, THANK U SO MUCH",3,2024-06-11 21:19:20+07:00,,youtube,0.0,this is better than the whiteboard for meeeeeee thank u so much,63.0,3.0,2026-06-15 23:29:10.563446,youtube,6e564f5b95deba7718301aa0bf008361
rh8ycjPCj18,diabetes_mellitus_penjelasan_klinis,Thanks ! Very complete revision,0,2024-06-10 06:01:48+07:00,,youtube,0.0,thanks very complete revision,29.0,0.0,2026-06-15 23:29:10.563446,youtube,8eeb736f30728829a861501d019f53f4
rh8ycjPCj18,diabetes_mellitus_penjelasan_klinis,you Are second to none ❤,0,2024-06-10 04:29:36+07:00,,youtube,0.0,you are second to none,22.0,0.0,2026-06-15 23:29:10.563446,youtube,6c9435b7a3e5b27136ce5527b857a7ae
rh8ycjPCj18,diabetes_mellitus_penjelasan_klinis,life saver,0,2024-06-08 16:13:49+07:00,,youtube,0.0,life saver,10.0,0.0,2026-06-15 23:29:10.563446,youtube,b85f9b2352a428e691be21bed6772f93
rh8ycjPCj18,diabetes_mellitus_penjelasan_klinis,Please bring back the white board,0,2024-06-07 18:43:29+07:00,,youtube,0.0,please bring back the white board,33.0,0.0,2026-06-15 23:29:10.563446,youtube,70f2da2eb390c80d5820b938ae529494
rh8ycjPCj18,diabetes_mellitus_penjelasan_klinis,"This is better than the white board, becoz here the information is more organized and flowing, which keeps me on track ...",1,2024-06-06 21:49:37+07:00,,youtube,0.0,this is better than the white board becoz here the information is more organized and flowing which keeps me on track,116.0,1.0,2026-06-15 23:29:10.563446,youtube,299bed40089776e1e804b87d846c7140
rh8ycjPCj18,diabetes_mellitus_penjelasan_klinis,"How do you differentiate acetone, metabolic acidosis and DKA if you carry the hla dr3 in child ?",0,2024-06-05 18:24:32+07:00,,youtube,0.0,how do you differentiate acetone metabolic acidosis and dka if you carry the hla dr in child,92.0,0.0,2026-06-15 23:29:10.563446,youtube,25be2ba7c328d578ef84d5b08df57969
rh8ycjPCj18,diabetes_mellitus_penjelasan_klinis,Can you please make a video about Celiac disease ? ❤,0,2024-06-05 18:05:38+07:00,,youtube,0.0,can you please make a video about celiac disease,48.0,0.0,2026-06-15 23:29:10.563446,youtube,926fd73cd0014960f6026497ab44d1b6
rh8ycjPCj18,diabetes_mellitus_penjelasan_klinis,Thank you! You are amazing.,0,2024-06-04 16:37:35+07:00,,youtube,0.0,thank you you are amazing,25.0,0.0,2026-06-15 23:29:10.563446,youtube,9bc327217f6137e4094212dfc72be78f
rh8ycjPCj18,diabetes_mellitus_penjelasan_klinis,I am actually crying because I finally understand. Thank you.,0,2024-06-04 02:12:49+07:00,,youtube,0.0,i am actually crying because i finally understand thank you,59.0,0.0,2026-06-15 23:29:10.563446,youtube,1c46f22123e7e6d2a3dcaae135729e6a
rh8ycjPCj18,diabetes_mellitus_penjelasan_klinis,Thank you Sir.. Understanding wasn&#39;t hard with this. Thank you!,0,2024-06-02 22:13:37+07:00,,youtube,0.0,thank you sir understanding wasnt hard with this thank you,58.0,0.0,2026-06-15 23:29:10.563446,youtube,42a3c0995cc9364eefe6c5393551c2de
rh8ycjPCj18,diabetes_mellitus_penjelasan_klinis,"Youre literary an angel sent from God to us to provide us with your wisdom and your teaching talents. Thank you for all that you, May God keep blessing you in many different ways.",2,2024-05-29 08:22:25+07:00,,youtube,0.0,youre literary an angel sent from god to us to provide us with your wisdom and your teaching talents thank you for all that you may god keep blessing you in many different ways,176.0,2.0,2026-06-15 23:29:10.563446,youtube,283e851f2977003f429601d469fbe90a
rh8ycjPCj18,diabetes_mellitus_penjelasan_klinis,You lectures are directly going into the brain when you are explaining on whiteboard with your brilliant hands. So please keep up on whiteboard,57,2024-05-24 14:16:04+07:00,,youtube,1.0,you lectures are directly going into the brain when you are explaining on whiteboard with your brilliant hands so please keep up on whiteboard,142.0,58.0,2026-06-15 23:29:10.563446,youtube,3c21e917b896e453f1e440db591207e0
rh8ycjPCj18,diabetes_mellitus_penjelasan_klinis,"I agree, watching him write and draw helps my brain take in what he is saying. I know it is more hassle to film, but the writing is so helpful.",0,2025-11-25 23:53:51+07:00,,youtube,0.0,i agree watching him write and draw helps my brain take in what he is saying i know it is more hassle to film but the writing is so helpful,139.0,0.0,2026-06-15 23:29:10.563446,youtube,a5e5f64f1caf2192247384b278ffb508
rh8ycjPCj18,diabetes_mellitus_penjelasan_klinis,Clinical medicine lectures are life savers 😊,2,2024-05-21 13:35:45+07:00,,youtube,0.0,clinical medicine lectures are life savers,42.0,2.0,2026-06-15 23:29:10.563446,youtube,17e57c0f8681763a909bf0415ab299ef
rh8ycjPCj18,diabetes_mellitus_penjelasan_klinis,I think when managing type 2 Dm you should start with low dose metformin then taper up after 3 months based on A1C before adding a second OHGA?,0,2024-05-21 11:25:44+07:00,,youtube,0.0,i think when managing type dm you should start with low dose metformin then taper up after months based on ac before adding a second ohga,137.0,0.0,2026-06-15 23:29:10.563446,youtube,e2dd03f368cbd339bc4f66d3d4e9668b
rh8ycjPCj18,diabetes_mellitus_penjelasan_klinis,Amazing lecture!,0,2024-05-21 07:41:18+07:00,,youtube,0.0,amazing lecture,15.0,0.0,2026-06-15 23:29:10.563446,youtube,faa34db878cdb97b88e9548cdd4caea6
rh8ycjPCj18,diabetes_mellitus_penjelasan_klinis,"Please turn to whiteboard, this format is boring",0,2024-05-21 00:40:34+07:00,,youtube,0.0,please turn to whiteboard this format is boring,47.0,0.0,2026-06-15 23:29:10.563446,youtube,6137570b071c29c798cf10f9b1e9c008
rh8ycjPCj18,diabetes_mellitus_penjelasan_klinis,White board still my favourite teaching way.. Regards,2,2024-05-17 04:48:18+07:00,,youtube,0.0,white board still my favourite teaching way regards,51.0,2.0,2026-06-15 23:29:10.563446,youtube,4424e87ebfc6dd3ccdf57eb8bf33a3ff
rh8ycjPCj18,diabetes_mellitus_penjelasan_klinis,Please do the white board.<br>Great lecture.,2,2024-05-17 02:12:22+07:00,,youtube,0.0,please do the white boardgreat lecture,38.0,2.0,2026-06-15 23:29:10.563446,youtube,481e6503d31f815e0b41b83efa6cd98c
rh8ycjPCj18,diabetes_mellitus_penjelasan_klinis,"The fonts on the presentation are so tiny and not clear, I prefer the white board",0,2024-05-15 12:02:14+07:00,,youtube,0.0,the fonts on the presentation are so tiny and not clear i prefer the white board,80.0,0.0,2026-06-15 23:29:10.563446,youtube,1fcd671a4dc20a45986323c689d59a4d
rh8ycjPCj18,diabetes_mellitus_penjelasan_klinis,I love the squeaky whiteboard pens! :),0,2024-05-14 20:30:27+07:00,,youtube,0.0,i love the squeaky whiteboard pens,34.0,0.0,2026-06-15 23:29:10.563446,youtube,19a9c16ea29dcba4f93b772fb44939b3
rh8ycjPCj18,diabetes_mellitus_penjelasan_klinis,"You should add other types of diabetes in the future, particularly MODY and 3c. I suspect MODY is grossly underdiagnosed and thrown into the T2D or T1D types way too much!",0,2024-05-14 20:27:43+07:00,,youtube,0.0,you should add other types of diabetes in the future particularly mody and c i suspect mody is grossly underdiagnosed and thrown into the td or td types way too much,165.0,0.0,2026-06-15 23:29:10.563446,youtube,16774ee5b73933563a809ae36efce013
rh8ycjPCj18,diabetes_mellitus_penjelasan_klinis,White board was better brother!,1,2024-05-13 01:14:18+07:00,,youtube,0.0,white board was better brother,30.0,1.0,2026-06-15 23:29:10.563446,youtube,55930325a9e4d466579cde75980a7ef0
rh8ycjPCj18,diabetes_mellitus_penjelasan_klinis,Thankyou for these! You surely are a life saver. I love how easily these summary charts in your videos help me correlate it to a real life patient,0,2024-05-12 19:17:25+07:00,,youtube,0.0,thankyou for these you surely are a life saver i love how easily these summary charts in your videos help me correlate it to a real life patient,144.0,0.0,2026-06-15 23:29:10.563446,youtube,3aed15ec15514f27624a5a20ac114198
rh8ycjPCj18,diabetes_mellitus_penjelasan_klinis,"thats cool but ... we want the board back :(( <a href=""http://www.youtube.com/results?search_query=%23oldschool"">#oldschool</a>",0,2024-05-10 05:04:29+07:00,,youtube,0.0,thats cool but we want the board back oldschool,47.0,0.0,2026-06-15 23:29:10.563446,youtube,1f85aa61f3301f4cad2bf6dbc4d75f57
rh8ycjPCj18,diabetes_mellitus_penjelasan_klinis,"Thanks. The content and your clear presenting skills are brilliant. Also appreciate the modern, digital diagrams. Much more easier to absorb the complex info.",1,2024-05-09 02:41:59+07:00,,youtube,1.0,thanks the content and your clear presenting skills are brilliant also appreciate the modern digital diagrams much more easier to absorb the complex info,153.0,2.0,2026-06-15 23:29:10.563446,youtube,473000754042214b402ff1164fe243c2
rh8ycjPCj18,diabetes_mellitus_penjelasan_klinis,You said it all👍,0,2024-06-02 22:15:39+07:00,,youtube,0.0,you said it all,15.0,0.0,2026-06-15 23:29:10.563446,youtube,d1417c424ca1ca4ebdb41483668171f8
rh8ycjPCj18,diabetes_mellitus_penjelasan_klinis,"That&#39;s millions of times better than the board; the information is more organized here, and you&#39;re more at ease. Still, we have no complaints, as it&#39;s free.",238,2024-05-08 20:05:09+07:00,,youtube,4.0,thats millions of times better than the board the information is more organized here and youre more at ease still we have no complaints as its free,147.0,242.0,2026-06-15 23:29:10.563446,youtube,57e9f436eee2e925d37d69fb6d73fab0
rh8ycjPCj18,diabetes_mellitus_penjelasan_klinis,"I feel like he is skimming in this format; theres none of the wonderful reiteration that makes the information stick so well.<br>Also, needs a different number font, Comic Sans is hard to differentiate numbers from letters.",12,2024-12-30 22:06:28+07:00,,youtube,0.0,i feel like he is skimming in this format theres none of the wonderful reiteration that makes the information stick so wellalso needs a different number font comic sans is hard to differentiate numbers from letters,214.0,12.0,2026-06-15 23:29:10.563446,youtube,1d432d210307d906214db71d6c31f483
rh8ycjPCj18,diabetes_mellitus_penjelasan_klinis,"@RICDirector I hadn&#39;t really thought about it before, but it makes sense as so why I learn so well from his videos, I love the reiteration and summation, hearing 3 versions of varying detail before moving on really helps",4,2025-03-01 09:33:54+07:00,,youtube,0.0,ricdirector i hadnt really thought about it before but it makes sense as so why i learn so well from his videos i love the reiteration and summation hearing versions of varying detail before moving on really helps,213.0,4.0,2026-06-15 23:29:10.563446,youtube,995db3a490f6f6a44d69860b882a361d
rh8ycjPCj18,diabetes_mellitus_penjelasan_klinis,"Organized but not clear, some of us can barely see!",0,2025-04-08 10:42:03+07:00,,youtube,0.0,organized but not clear some of us can barely see,49.0,0.0,2026-06-15 23:29:10.563446,youtube,19029fab8c95b4d52d1393c29edf0031
rh8ycjPCj18,diabetes_mellitus_penjelasan_klinis,Best ninja 🥷,0,2024-05-08 13:45:09+07:00,,youtube,0.0,best ninja,10.0,0.0,2026-06-15 23:29:10.563446,youtube,725abc8e18324ad2acee1a515e0cc76d
rh8ycjPCj18,diabetes_mellitus_penjelasan_klinis,Please pleeeaassseeee revert ti the whiteboard that is what make ur identity 🥺🥺🥺🥺🥺💔💔,78,2024-05-07 22:27:21+07:00,,youtube,2.0,please pleeeaassseeee revert ti the whiteboard that is what make ur identity,76.0,80.0,2026-06-15 23:29:10.563446,youtube,10db528db6b5f258827289ceef8891fa
rh8ycjPCj18,diabetes_mellitus_penjelasan_klinis,it saves a lot of time and his energy 😒😒 plus he can deliver a lot of useful stuff in a short span . what stupidity is this revert to whiteboard we r fan of his concepts abd the way he explains it we all r medicos including him not picassos 🫠🫠 no offence though . Keep up the great wprk Zach love you❤❤,5,2025-02-12 16:26:09+07:00,,youtube,0.0,it saves a lot of time and his energy plus he can deliver a lot of useful stuff in a short span what stupidity is this revert to whiteboard we r fan of his concepts abd the way he explains it we all r medicos including him not picassos no offence though keep up the great wprk zach love you,290.0,5.0,2026-06-15 23:29:10.563446,youtube,b56bae4b987c899df14c8064527bfdcb
rh8ycjPCj18,diabetes_mellitus_penjelasan_klinis,Thankyou sir❤<br>New method is superb ❤,0,2024-05-07 22:26:44+07:00,,youtube,0.0,thankyou sirnew method is superb,32.0,0.0,2026-06-15 23:29:10.563446,youtube,6970e48bb0abb3c120568d7837764db9
rh8ycjPCj18,diabetes_mellitus_penjelasan_klinis,This is a great video! Please consider doing a DKA and HHNS video! This would be extremely helpful as a new endocrine APN,2,2024-05-06 09:59:25+07:00,,youtube,0.0,this is a great video please consider doing a dka and hhns video this would be extremely helpful as a new endocrine apn,119.0,2.0,2026-06-15 23:29:10.563446,youtube,fbe63e3a0debf0d7640f63b7247ecef9
rh8ycjPCj18,diabetes_mellitus_penjelasan_klinis,"Please let’s reverse back to the use of our white board learning module this would give us the real classroom room learning experience, something that really marked different than any other learning platforms( if so less) 😢 .",0,2024-05-05 20:06:43+07:00,,youtube,0.0,please lets reverse back to the use of our white board learning module this would give us the real classroom room learning experience something that really marked different than any other learning platforms if so less,217.0,0.0,2026-06-15 23:29:10.563446,youtube,66fce32343dd6870c09ac5f56bfa53e6
rh8ycjPCj18,diabetes_mellitus_penjelasan_klinis,thanks ninja 😊,0,2024-05-05 19:50:49+07:00,,youtube,0.0,thanks ninja,12.0,0.0,2026-06-15 23:29:10.563446,youtube,e527742fa88e756895d69968c80a77b4
rh8ycjPCj18,diabetes_mellitus_penjelasan_klinis,Great ❤...,0,2024-05-05 12:32:03+07:00,,youtube,0.0,great,5.0,0.0,2026-06-15 23:29:10.563446,youtube,b1bf73f4eba20343af1e29e72b48ff1c
rh8ycjPCj18,diabetes_mellitus_penjelasan_klinis,Sir this method isn’t working like your previous method on white board sir please revert back to whiteboard plzzzzzzzzzz,0,2024-05-02 19:57:57+07:00,,youtube,0.0,sir this method isnt working like your previous method on white board sir please revert back to whiteboard plzzzzzzzzzz,119.0,0.0,2026-06-15 23:29:10.563446,youtube,f02be92c3c2e00a8fd1ee6ee1bd37ffa
rh8ycjPCj18,diabetes_mellitus_penjelasan_klinis,"What about later stages of T2 diabetes where insulin production by the body is greatly decreased (or completely gone) and insensitivity is increased. For instance, what if someone came to the ER due to dizzy spells and an inability to walk short distances without fainting but previous to that hadent seen a doctor for over a decade. Would their T2 diabetes have progressed far enough to warrant lipolysis and ketone bodies in the blood since glucose wouldent be a viable source of energy anymore. Would we then see symptoms of DKA in T2 diabetics similarly to T1 diabetics? My thought process is that there would be protein and glucose loss through glomerular damage which would pull water from the system. Patient becomes dehydrated and begins exhibiting orthostatic tachycardia and only visits the ER when the issues become prevalent enough.",0,2024-05-02 14:03:23+07:00,,youtube,0.0,what about later stages of t diabetes where insulin production by the body is greatly decreased or completely gone and insensitivity is increased for instance what if someone came to the er due to dizzy spells and an inability to walk short distances without fainting but previous to that hadent seen a doctor for over a decade would their t diabetes have progressed far enough to warrant lipolysis and ketone bodies in the blood since glucose wouldent be a viable source of energy anymore would we then see symptoms of dka in t diabetics similarly to t diabetics my thought process is that there would be protein and glucose loss through glomerular damage which would pull water from the system patient becomes dehydrated and begins exhibiting orthostatic tachycardia and only visits the er when the issues become prevalent enough,831.0,0.0,2026-06-15 23:29:10.563446,youtube,ff44ae8191b4e92ac4698360611fb860
rh8ycjPCj18,diabetes_mellitus_penjelasan_klinis,Very helpful. Thank you,0,2024-04-30 22:25:48+07:00,,youtube,0.0,very helpful thank you,22.0,0.0,2026-06-15 23:29:10.563446,youtube,89bec88171f4f57ff93e1b418e21b2bd
rh8ycjPCj18,diabetes_mellitus_penjelasan_klinis,"<a href=""https://www.youtube.com/watch?v=rh8ycjPCj18&amp;t=531"">8:51</a>",0,2024-04-30 00:37:28+07:00,,youtube,0.0,,0.0,0.0,2026-06-15 23:29:10.563446,youtube,f8ad0af353a502bc9100b02e0c0a282a
rh8ycjPCj18,diabetes_mellitus_penjelasan_klinis,Can anyone please give me pdf of this class!?,7,2024-04-27 23:34:55+07:00,,youtube,0.0,can anyone please give me pdf of this class,43.0,7.0,2026-06-15 23:29:10.563446,youtube,96f861b314f9f2abf59161e567f5f579
rh8ycjPCj18,diabetes_mellitus_penjelasan_klinis,Where is Old DKA video 👀💔,0,2024-04-23 05:25:06+07:00,,youtube,0.0,where is old dka video,22.0,0.0,2026-06-15 23:29:10.563446,youtube,6c37ab0c45726770f2cfa0b3f7996f69
rh8ycjPCj18,diabetes_mellitus_penjelasan_klinis,"Sir,You didn&#39;t include 1.5KPD and 1.5 LADA",0,2024-04-23 01:08:18+07:00,,youtube,0.0,siryou didnt include kpd and lada,33.0,0.0,2026-06-15 23:29:10.563446,youtube,a5fb51fbbb84be2b8f9ac2cc6d66a8a2
rh8ycjPCj18,diabetes_mellitus_penjelasan_klinis,Where is the dka vs hhs video? Once watched but not seeing it anymore,5,2024-04-22 15:23:15+07:00,,youtube,0.0,where is the dka vs hhs video once watched but not seeing it anymore,68.0,5.0,2026-06-15 23:29:10.563446,youtube,097ba81560db91119f3486ae87bd009c
rh8ycjPCj18,diabetes_mellitus_penjelasan_klinis,"Please turn to whiteboard,this format is boring",2,2024-04-21 14:59:46+07:00,,youtube,2.0,please turn to whiteboardthis format is boring,46.0,4.0,2026-06-15 23:29:10.563446,youtube,79924108551fa853c1320202fe5e0765
rh8ycjPCj18,diabetes_mellitus_penjelasan_klinis,"Please be appreciative for the time, effort and costs of a thoughtful and generous teaching presentation.",1,2024-04-30 21:27:24+07:00,,youtube,0.0,please be appreciative for the time effort and costs of a thoughtful and generous teaching presentation,103.0,1.0,2026-06-15 23:29:10.563446,youtube,bce4c8be10111414dd7e35e885dc6cb3
rh8ycjPCj18,diabetes_mellitus_penjelasan_klinis,​@charmondkingren2105I get you but white board is the best,0,2024-12-27 21:18:32+07:00,,youtube,0.0,charmondkingreni get you but white board is the best,52.0,0.0,2026-06-15 23:29:10.563446,youtube,1f2021477f979dd4e68387b06fd1bd87
rh8ycjPCj18,diabetes_mellitus_penjelasan_klinis,Thank you very much!,1,2024-04-20 03:09:17+07:00,,youtube,0.0,thank you very much,19.0,1.0,2026-06-15 23:29:10.563446,youtube,24e20925ae668f9bf4911d6d4ec119a4
rh8ycjPCj18,diabetes_mellitus_penjelasan_klinis,"This clinical medicine lectures are Awesome,keep them coming,,Thank you",3,2024-04-19 22:44:02+07:00,,youtube,0.0,this clinical medicine lectures are awesomekeep them comingthank you,68.0,3.0,2026-06-15 23:29:10.563446,youtube,7c0bfad77e89a21e7b956413a2faa485
rh8ycjPCj18,diabetes_mellitus_penjelasan_klinis,Honestly AMAZING!! LOVING this new series - thank you so so much :)),1,2024-04-18 16:39:46+07:00,,youtube,0.0,honestly amazing loving this new series thank you so so much,60.0,1.0,2026-06-15 23:29:10.563446,youtube,cb2d94e48afdd000d2d4201dc002b4c1
rh8ycjPCj18,diabetes_mellitus_penjelasan_klinis,I absolutely love your videos. You aid me in actually understanding the foundation to things.,5,2024-04-17 23:25:17+07:00,,youtube,0.0,i absolutely love your videos you aid me in actually understanding the foundation to things,91.0,5.0,2026-06-15 23:29:10.563446,youtube,445f35e5f4796f50cb0eed8d61db6685
rh8ycjPCj18,diabetes_mellitus_penjelasan_klinis,Great work ❤,1,2024-04-16 05:48:48+07:00,,youtube,0.0,great work,10.0,1.0,2026-06-15 23:29:10.563446,youtube,5eedebf13f771faca3055bbaddb268ac
rh8ycjPCj18,diabetes_mellitus_penjelasan_klinis,God bless you,1,2024-04-16 03:51:51+07:00,,youtube,0.0,god bless you,13.0,1.0,2026-06-15 23:29:10.563446,youtube,4903caefede28257f421be0b3ec17603
rh8ycjPCj18,diabetes_mellitus_penjelasan_klinis,YOOU ARE LİFE SAVIOR,2,2024-04-14 20:12:21+07:00,,youtube,0.0,yoou are life savior,20.0,2.0,2026-06-15 23:29:10.563446,youtube,2a1817ebce4357c9e31a1c4600efcb1b
rh8ycjPCj18,diabetes_mellitus_penjelasan_klinis,"Also the levels of sorbitol increase due to a dysfunction of the enzyme SORBITOL DEHYDROGENASE, which converts sorbitol to fructose.",1,2024-04-11 16:24:20+07:00,,youtube,0.0,also the levels of sorbitol increase due to a dysfunction of the enzyme sorbitol dehydrogenase which converts sorbitol to fructose,130.0,1.0,2026-06-15 23:29:10.563446,youtube,7ec94ecc198a9e34c0efbc120934e1fb
rh8ycjPCj18,diabetes_mellitus_penjelasan_klinis,"Im from kurdistan and i want to say thank you sooo much for your detail information ,Im in dental collage 🦷 and needed your information to understand .✨✨🙌🏼",3,2024-04-09 16:15:51+07:00,,youtube,0.0,im from kurdistan and i want to say thank you sooo much for your detail information im in dental collage and needed your information to understand,146.0,3.0,2026-06-15 23:29:10.563446,youtube,5c8d97e18ff592072fbd96168b959f37
rh8ycjPCj18,diabetes_mellitus_penjelasan_klinis,Zach if u don’t mind …<br>I want to enter your brain to see how he made any topic easy &amp; digestible to be understood<br>Thanks 👏🏻,173,2024-04-07 05:33:20+07:00,,youtube,1.0,zach if u dont mind i want to enter your brain to see how he made any topic easy amp digestible to be understoodthanks,118.0,174.0,2026-06-15 23:29:10.563446,youtube,0749e9605764524c4e9c551eaaf45d3a
rh8ycjPCj18,diabetes_mellitus_penjelasan_klinis,😮​@T.J.1033,0,2025-01-04 21:33:15+07:00,,youtube,0.0,tj,2.0,0.0,2026-06-15 23:29:10.563446,youtube,be9e4e94498eb4bdb458dfe5c3be40f0
rh8ycjPCj18,diabetes_mellitus_penjelasan_klinis,Chalk and talk is better not this,0,2024-04-03 14:46:12+07:00,,youtube,0.0,chalk and talk is better not this,33.0,0.0,2026-06-15 23:29:10.563446,youtube,b32f3381a12bd08d303f19f0265a520a
rh8ycjPCj18,diabetes_mellitus_penjelasan_klinis,Please revert back to the original whiteboard Easy to get bored with thus this format.,565,2024-04-03 14:10:12+07:00,,youtube,16.0,please revert back to the original whiteboard easy to get bored with thus this format,85.0,581.0,2026-06-15 23:29:10.563446,youtube,4eeaaa13e50349ce2b55df76f9eda26b
rh8ycjPCj18,diabetes_mellitus_penjelasan_klinis,Yes please,8,2024-04-26 09:38:28+07:00,,youtube,0.0,yes please,10.0,8.0,2026-06-15 23:29:10.563446,youtube,cd9db8805d8792a23c7edd4f035d144c
rh8ycjPCj18,diabetes_mellitus_penjelasan_klinis,"No! This format is clearer, only that it should be larger, as we don&#39;t see anything.",25,2024-05-11 21:40:08+07:00,,youtube,0.0,no this format is clearer only that it should be larger as we dont see anything,79.0,25.0,2026-06-15 23:29:10.563446,youtube,d2310897d0372b7b6c2cfbb7dfe67821
rh8ycjPCj18,diabetes_mellitus_penjelasan_klinis,The best always! Thank you!,1,2024-03-29 07:32:45+07:00,,youtube,0.0,the best always thank you,25.0,1.0,2026-06-15 23:29:10.563446,youtube,d672c0361d512aea9789e1d15c6db319
rh8ycjPCj18,diabetes_mellitus_penjelasan_klinis,In DKA even if the AG is closed don&#39;t you want to continue the ins gtt until the BG&#39;s are stable for 24hrs or ar least 3 BG&#39;s &lt;180 before switchiing to BB insulin?,0,2024-03-28 22:04:48+07:00,,youtube,0.0,in dka even if the ag is closed dont you want to continue the ins gtt until the bgs are stable for hrs or ar least bgs lt before switchiing to bb insulin,153.0,0.0,2026-06-15 23:29:10.563446,youtube,e96a7e60a3d7355d6f479acdeb776cf6
rh8ycjPCj18,diabetes_mellitus_penjelasan_klinis,"A1c must be &gt; 6.5 to establish diabetes? 🤔<br><br>How many eyes, feet, kidneys, etc., would be put at risk by this high bar?",1,2024-03-26 21:31:26+07:00,,youtube,0.0,ac must be gt to establish diabetes how many eyes feet kidneys etc would be put at risk by this high bar,104.0,1.0,2026-06-15 23:29:10.563446,youtube,2154aa7329ec272967ea7dcd5717fa46
rh8ycjPCj18,diabetes_mellitus_penjelasan_klinis,Make a playlist with all the clinical videos please,2,2024-03-24 02:13:05+07:00,,youtube,0.0,make a playlist with all the clinical videos please,51.0,2.0,2026-06-15 23:29:10.563446,youtube,d78b3422beee5a6593aed840bb2133ab
rh8ycjPCj18,diabetes_mellitus_penjelasan_klinis,Thank youuu🎉 I like the clinical med videos so much,1,2024-03-24 01:55:38+07:00,,youtube,0.0,thank youuu i like the clinical med videos so much,50.0,1.0,2026-06-15 23:29:10.563446,youtube,49834152257dfca923e3a1b12cb31f35
rh8ycjPCj18,diabetes_mellitus_penjelasan_klinis,marry me🥹🤎,1,2024-03-23 01:10:59+07:00,,youtube,0.0,marry me,8.0,1.0,2026-06-15 23:29:10.563446,youtube,16204773615654edbf94ad2f8bb8a4c1
rh8ycjPCj18,diabetes_mellitus_penjelasan_klinis,Will there be notes posted soon for this?,1,2024-03-22 14:19:55+07:00,,youtube,0.0,will there be notes posted soon for this,40.0,1.0,2026-06-15 23:29:10.563446,youtube,0eeed2bdabfa94a3e354bcbec2a354d2
rh8ycjPCj18,diabetes_mellitus_penjelasan_klinis,Hey! i would love to see a DKA vs HHS video please! I am studying for my PCCN. i love watching your videos because i can actually understand the &quot;why&quot; behind things. thanks for all your time put into these videos!,11,2024-03-21 02:26:27+07:00,,youtube,1.0,hey i would love to see a dka vs hhs video please i am studying for my pccn i love watching your videos because i can actually understand the quotwhyquot behind things thanks for all your time put into these videos,214.0,12.0,2026-06-15 23:29:10.563446,youtube,6ef869c00ff6c772fe66aa021ae13e81
rh8ycjPCj18,diabetes_mellitus_penjelasan_klinis,He has one video published long time ago when i was still in med school.,3,2024-06-11 14:42:38+07:00,,youtube,0.0,he has one video published long time ago when i was still in med school,71.0,3.0,2026-06-15 23:29:10.563446,youtube,c1a9b777db5445a47d7007e665d989bb
rh8ycjPCj18,diabetes_mellitus_penjelasan_klinis,This is an awesome video. Very helpful and understandable. I just want to say that I prefer the board videos where you explain more detailly. But you are the best ❤,38,2024-03-20 04:52:58+07:00,,youtube,0.0,this is an awesome video very helpful and understandable i just want to say that i prefer the board videos where you explain more detailly but you are the best,159.0,38.0,2026-06-15 23:29:10.563446,youtube,c21b947210e52fd906a2785ae8d53afe
rh8ycjPCj18,diabetes_mellitus_penjelasan_klinis,"ZACH, please make more of the &quot;study case&quot; playlist!<br>IT&#39;S UNDERSTANDABLE AND MAKE SENSE A LOT!<br>i&#39;m looking forward to see more of the playlist! <br>Keep it up, God bless you!",32,2024-03-18 19:32:22+07:00,,youtube,0.0,zach please make more of the quotstudy casequot playlistits understandable and make sense a lotim looking forward to see more of the playlist keep it up god bless you,166.0,32.0,2026-06-15 23:29:10.563446,youtube,dc0878fcb64d4c05695408e726c56f9a
rh8ycjPCj18,diabetes_mellitus_penjelasan_klinis,Thank you so much,1,2024-03-17 23:29:56+07:00,,youtube,0.0,thank you so much,17.0,1.0,2026-06-15 23:29:10.563446,youtube,4401ce444ca0b95bd01b2c60c2cd1be7
rh8ycjPCj18,diabetes_mellitus_penjelasan_klinis,Like always great,1,2024-03-17 07:28:07+07:00,,youtube,0.0,like always great,17.0,1.0,2026-06-15 23:29:10.563446,youtube,9bdc8d4a173b552ad15d3d44124a7b48
rh8ycjPCj18,diabetes_mellitus_penjelasan_klinis,This really came at the right time ! Thank youuuu,2,2024-03-16 21:08:20+07:00,,youtube,0.0,this really came at the right time thank youuuu,47.0,2.0,2026-06-15 23:29:10.563446,youtube,53d7df4f916b6039ebab11cd1f8860fb
rh8ycjPCj18,diabetes_mellitus_penjelasan_klinis,How many views does it have now?,1,2024-03-16 12:30:29+07:00,,youtube,2.0,how many views does it have now,31.0,3.0,2026-06-15 23:29:10.563446,youtube,c91387ef14d753a6228ee0a7082f5b28
rh8ycjPCj18,diabetes_mellitus_penjelasan_klinis,"this is soo good, described everything from pathology to how it impacts everyday clinical scenarios. thank you a bunch",22,2024-03-16 09:04:54+07:00,,youtube,0.0,this is soo good described everything from pathology to how it impacts everyday clinical scenarios thank you a bunch,116.0,22.0,2026-06-15 23:29:10.563446,youtube,abd267ad8a2aaa6dc4a0d0ff2d29479f
rh8ycjPCj18,diabetes_mellitus_penjelasan_klinis,Thanks for uploading 3 dyas before my exam,9,2024-03-16 02:03:45+07:00,,youtube,0.0,thanks for uploading dyas before my exam,40.0,9.0,2026-06-15 23:29:10.563446,youtube,faf06d35727b95dc8b9a8499b5655518
rh8ycjPCj18,diabetes_mellitus_penjelasan_klinis,I can&#39;t see clinical medicine playlist? Sir,1,2024-03-15 12:01:57+07:00,,youtube,0.0,i cant see clinical medicine playlist sir,41.0,1.0,2026-06-15 23:29:10.563446,youtube,64c6bb1cabd65b753304fcca651ef9df
rh8ycjPCj18,diabetes_mellitus_penjelasan_klinis,Oh just realized Zach renewed the diabetes video. That&#39;s cool!,1,2024-03-15 11:05:10+07:00,,youtube,0.0,oh just realized zach renewed the diabetes video thats cool,59.0,1.0,2026-06-15 23:29:10.563446,youtube,350e4d99505be42542c9b1ac1d9edde9
rh8ycjPCj18,diabetes_mellitus_penjelasan_klinis,Thanks a lot for breaking it into digestible chunks!!,9,2024-03-14 02:39:27+07:00,,youtube,0.0,thanks a lot for breaking it into digestible chunks,51.0,9.0,2026-06-15 23:29:10.563446,youtube,cf680323c2bf60d418b025a0bd846d4a
rh8ycjPCj18,diabetes_mellitus_penjelasan_klinis,"Great video, thanks Ninja Nerd!",1,2024-03-13 10:16:18+07:00,,youtube,0.0,great video thanks ninja nerd,29.0,1.0,2026-06-15 23:29:10.563446,youtube,27a94e6f753c39996e45f21fb6a87c00
rh8ycjPCj18,diabetes_mellitus_penjelasan_klinis,"<a href=""https://www.youtube.com/watch?v=rh8ycjPCj18&amp;t=477"">7:57</a> - Why can glucose not be utilised in diabetes? Surely the high glucose content in the blood doesnt require insulin to enter cells via facilitated diffusion using GLUT1 receptors? What is meant here by not being able to utilise carbohydrates?",2,2024-03-13 05:52:29+07:00,,youtube,2.0,why can glucose not be utilised in diabetes surely the high glucose content in the blood doesnt require insulin to enter cells via facilitated diffusion using glut receptors what is meant here by not being able to utilise carbohydrates,235.0,4.0,2026-06-15 23:29:10.563446,youtube,831f19ab6d05d708655415c0533dfe8e
rh8ycjPCj18,diabetes_mellitus_penjelasan_klinis,"I think that GLUT1 alone cannot provide enough glucose for some tissues to use, for example muscular tissue. That&#39;s why insulin reduction determines metabolic switch to lipolysis.",2,2024-03-26 01:35:20+07:00,,youtube,0.0,i think that glut alone cannot provide enough glucose for some tissues to use for example muscular tissue thats why insulin reduction determines metabolic switch to lipolysis,174.0,2.0,2026-06-15 23:29:10.563446,youtube,1ed69499ec8665a269331b3e29bbbfda
rh8ycjPCj18,diabetes_mellitus_penjelasan_klinis,"Because the insuline resistance , the receptor cannot be acctivated properly and GLUT molecules cannot go into the membrane",1,2024-04-16 17:14:54+07:00,,youtube,0.0,because the insuline resistance the receptor cannot be acctivated properly and glut molecules cannot go into the membrane,121.0,1.0,2026-06-15 23:29:10.563446,youtube,8e6dc2eaa421a7a68aa549836af7c27f
rh8ycjPCj18,diabetes_mellitus_penjelasan_klinis,Look what I found! A fresh video! Thank you for your efforts!,23,2024-03-12 21:47:32+07:00,,youtube,0.0,look what i found a fresh video thank you for your efforts,58.0,23.0,2026-06-15 23:29:10.563446,youtube,1de8ca7bff7a7420bb14c772de77d714
rh8ycjPCj18,diabetes_mellitus_penjelasan_klinis,I&#39;m pratheesh from India (Tamil Nadu).big fan of you sir.say one hii sir..,36,2024-03-12 07:50:58+07:00,,youtube,2.0,im pratheesh from india tamil nadubig fan of you sirsay one hii sir,67.0,38.0,2026-06-15 23:29:10.563446,youtube,5112ff25bc385a57b0e34065d9d5fb8e
rh8ycjPCj18,diabetes_mellitus_penjelasan_klinis,Why are you every where bro ?😂,9,2024-03-23 22:10:16+07:00,,youtube,0.0,why are you every where bro,27.0,9.0,2026-06-15 23:29:10.563446,youtube,c6a63a8ed090c02a9a6be4a4c5c52e26
rh8ycjPCj18,diabetes_mellitus_penjelasan_klinis,​@ok61😂😂😂😂😂😂😂😂😂09,1,2024-08-23 11:36:26+07:00,,youtube,0.0,ok,2.0,1.0,2026-06-15 23:29:10.563446,youtube,58aca7e1e6391b987460fd919d213aec
rh8ycjPCj18,diabetes_mellitus_penjelasan_klinis,Look who comes back💥💥❤,1,2024-03-12 06:17:51+07:00,,youtube,0.0,look who comes back,19.0,1.0,2026-06-15 23:29:10.563446,youtube,880e45b41416d2f3943391bf4152446f
TP1gsrtPEhM,pencegahan_dan_penanganan_diabetes,"Terima kasih edukasi nya dokter, semoga jadi amal jariyah, dan semoga bermanfaat untuk banyak orang, saya Bpk SupriyonoDan lbu menyimak dr Surabaya❤❤❤",1,2026-04-05 16:06:18+07:00,,youtube,0.0,terima kasih edukasi nya dokter semoga jadi amal jariyah dan semoga bermanfaat untuk banyak orang saya bpk supriyonodan lbu menyimak dr surabaya,144.0,1.0,2026-06-15 23:29:10.563446,youtube,03574142ec7aa4d7105dbe257a49b357
