post_url,username,date,comment
https://www.threads.com/@liaadjah1/post/DUqcND3Ergs?xmt=AQG0AYqe7i-TF9XEeiQU3s7XutbgNRKypgefyRC0HXNcVA,liaadjah1,2026-02-12,Ciri diabetes tuh gimana sih ??perasaan skrg ngantukan dan cepat laperrr
https://www.threads.com/@liaadjah1/post/DUqcND3Ergs?xmt=AQG0AYqe7i-TF9XEeiQU3s7XutbgNRKypgefyRC0HXNcVA,astrdam,2026-02-13,Yang jelas tiap malem suka kebangun buat pipis lebih dari x kecuali mmg ada minum obat an.
https://www.threads.com/@liaadjah1/post/DUqcND3Ergs?xmt=AQG0AYqe7i-TF9XEeiQU3s7XutbgNRKypgefyRC0HXNcVA,vinaabill,2026-02-12,bisa jadi tidur kamu ga berkualitas juga sih kalo ini. km minum d gak? magnesium? itu vitamin harian. kalo ragu ya cek kab
https://www.threads.com/@liaadjah1/post/DUqcND3Ergs?xmt=AQG0AYqe7i-TF9XEeiQU3s7XutbgNRKypgefyRC0HXNcVA,kartika.damayanti,2026-02-13,This content is unavailable
https://www.threads.com/@liaadjah1/post/DUqcND3Ergs?xmt=AQG0AYqe7i-TF9XEeiQU3s7XutbgNRKypgefyRC0HXNcVA,liaadjah1,2026-02-13,Makasih kak
https://www.threads.com/@liaadjah1/post/DUqcND3Ergs?xmt=AQG0AYqe7i-TF9XEeiQU3s7XutbgNRKypgefyRC0HXNcVA,dita_liem,2026-02-12,Cek lab aja kak biar tau pasti
https://www.threads.com/@liaadjah1/post/DUqcND3Ergs?xmt=AQG0AYqe7i-TF9XEeiQU3s7XutbgNRKypgefyRC0HXNcVA,dian_irwanto,2026-02-13,Cek lah la an rb sahaja
https://www.threads.com/@liaadjah1/post/DUqcND3Ergs?xmt=AQG0AYqe7i-TF9XEeiQU3s7XutbgNRKypgefyRC0HXNcVA,jamesibrahim07,2026-02-14,"halo, apoteker disini. Penegakan diagnosis diabetes dapat melakukan cek HbA C di lab terdekat ya, bisa di rumah sakit atau laboratorium mandiri lainnya. Diabetes tidak bisa diprediksi dari ciri fisik saja seperti ngantukan / cepat lapar"
https://www.threads.com/@liaadjah1/post/DUqcND3Ergs?xmt=AQG0AYqe7i-TF9XEeiQU3s7XutbgNRKypgefyRC0HXNcVA,aloyseaa,2026-02-06,d Kk klu kencing terus menerus dan hausss banget
https://www.threads.com/@liaadjah1/post/DUqcND3Ergs?xmt=AQG0AYqe7i-TF9XEeiQU3s7XutbgNRKypgefyRC0HXNcVA,jamesibrahim07,2026-02-06,d coba periksakan ke dokter ya kak sekaligus diperiksa kadar gula darahnya
https://www.threads.com/@liaadjah1/post/DUqcND3Ergs?xmt=AQG0AYqe7i-TF9XEeiQU3s7XutbgNRKypgefyRC0HXNcVA,lyooo_fii,2026-02-12,Bercak” hitam tuh bekas luka kah kak? Aku dr kecil udah banyak bgt bekas luka & smape skrng blm ilang pdhl rutin pakai lotion 😓😓 takut kalau diabet soalnya kakek nenek tante diabet semua setiap cek guldar hbs makan di an terus
https://www.threads.com/@liaadjah1/post/DUqcND3Ergs?xmt=AQG0AYqe7i-TF9XEeiQU3s7XutbgNRKypgefyRC0HXNcVA,ian_fath,2026-02-22,"Dulu bapak divonis diabetes, tiap cek gula darah angkanya bikin deg-deg’an. Kami pelan-pelan ganti nasi putih ke beras sagu, awalnya cuma coba-coba karena katanya lebih ringan di gula darah. Nggak instan sih, tapi setelah rutin dan tetap jaga makan, hasil cek mulai turun dan bapak sekarang lebih semangat jalan pagi lagi s.shopee.co.id Jual Beras Sagu Mama Papua Original Kemasan g | Shopee Indonesia"
https://www.threads.com/@liaadjah1/post/DUqcND3Ergs?xmt=AQG0AYqe7i-TF9XEeiQU3s7XutbgNRKypgefyRC0HXNcVA,thecfact,2026-02-13,"Drpd cari ciri dan ciri, mending cek lab."
https://www.threads.com/@liaadjah1/post/DUqcND3Ergs?xmt=AQG0AYqe7i-TF9XEeiQU3s7XutbgNRKypgefyRC0HXNcVA,liaadjah1,2026-02-13,Cuuuss
https://www.threads.com/@liaadjah1/post/DUqcND3Ergs?xmt=AQG0AYqe7i-TF9XEeiQU3s7XutbgNRKypgefyRC0HXNcVA,ikak5410,2026-02-13,Langsung cek ajak kak gula darah nya
https://www.threads.com/@liaadjah1/post/DUqcND3Ergs?xmt=AQG0AYqe7i-TF9XEeiQU3s7XutbgNRKypgefyRC0HXNcVA,sashanugraha,2026-02-13,Bs jd hamil. Mending periksa kak
https://www.threads.com/@liaadjah1/post/DUqcND3Ergs?xmt=AQG0AYqe7i-TF9XEeiQU3s7XutbgNRKypgefyRC0HXNcVA,candy_mochtar_usman,2026-02-14,Gatel
https://www.threads.com/@liaadjah1/post/DUqcND3Ergs?xmt=AQG0AYqe7i-TF9XEeiQU3s7XutbgNRKypgefyRC0HXNcVA,umohamadhadi98,2026-02-13,"Cek lab kak, cek gula darah"
https://www.threads.com/@liaadjah1/post/DUqcND3Ergs?xmt=AQG0AYqe7i-TF9XEeiQU3s7XutbgNRKypgefyRC0HXNcVA,arifahft,2026-05-13,Diabetes bener-bener sejahat itu 😭💔
https://www.threads.com/@liaadjah1/post/DUqcND3Ergs?xmt=AQG0AYqe7i-TF9XEeiQU3s7XutbgNRKypgefyRC0HXNcVA,ya.ti681,2026-05-08,"Yang sering cepat haus, gampang capek, dan tidur gak nyenyak… coba mulai waspada sama penyakit ini"
https://www.threads.com/@liaadjah1/post/DUqcND3Ergs?xmt=AQG0AYqe7i-TF9XEeiQU3s7XutbgNRKypgefyRC0HXNcVA,kangkoribro,2026-02-06,d Yang peduli diabetes itu banyak kaga sih?
https://www.threads.com/@liaadjah1/post/DUqcND3Ergs?xmt=AQG0AYqe7i-TF9XEeiQU3s7XutbgNRKypgefyRC0HXNcVA,pluviophile_rainloverlady,2026-05-11,Diabetes dianggap sesuatu yang mengerikan. Padahal...
https://www.threads.com/@liaadjah1/post/DUqcND3Ergs?xmt=AQG0AYqe7i-TF9XEeiQU3s7XutbgNRKypgefyRC0HXNcVA,pigranz,2026-05-02,Ada yg ortunya pasien diabetes kah disini??? Yg udah jadi pasien selama berpuluh tahun... Mau sharing²nya dong guyssss
https://www.threads.com/@anggitazhenk_/post/DUdG-AXEl7D?xmt=AQG0AYqe7i-TF9XEeiQU3s7XutbgNRKypgefyRC0HXNcVA,anggitazhenk_,2026-02-07,Gula darah tinggi itu cara cepat biar turun harus bagaimana yaaa 😌 khawatir banget jadi diabetes😌
https://www.threads.com/@anggitazhenk_/post/DUdG-AXEl7D?xmt=AQG0AYqe7i-TF9XEeiQU3s7XutbgNRKypgefyRC0HXNcVA,ririn.rosilla,2026-02-10,"jurus andalanku adalah angkat beban kak, itu membantu bgt kontrol gula darah karena otot bisa menyerap glukosa. sama IF, ini juga bisa bantu buat turunin gula darah, kalo ga kuat nahan laper bisa minum diabetasol biar ga lemes, soalnya aku juga gampang lemes kalo nahan laper wkwk"
https://www.threads.com/@anggitazhenk_/post/DUdG-AXEl7D?xmt=AQG0AYqe7i-TF9XEeiQU3s7XutbgNRKypgefyRC0HXNcVA,anggitazhenk_,2026-02-10,mkasihh kaaa
https://www.threads.com/@anggitazhenk_/post/DUdG-AXEl7D?xmt=AQG0AYqe7i-TF9XEeiQU3s7XutbgNRKypgefyRC0HXNcVA,ivanjonatahir,2026-02-07,"Stop konsumsi gula minimal hari, minum air putih yg banyak dan perbanyak aktifitas Kak. No coffee and tea yah… Pasti berdampak"
https://www.threads.com/@anggitazhenk_/post/DUdG-AXEl7D?xmt=AQG0AYqe7i-TF9XEeiQU3s7XutbgNRKypgefyRC0HXNcVA,anggitazhenk_,2026-02-07,siap kak. terimakasih
https://www.threads.com/@anggitazhenk_/post/DUdG-AXEl7D?xmt=AQG0AYqe7i-TF9XEeiQU3s7XutbgNRKypgefyRC0HXNcVA,ivanjonatahir,2026-02-07,Semangat ya Kak.. No boba juga loh
https://www.threads.com/@anggitazhenk_/post/DUdG-AXEl7D?xmt=AQG0AYqe7i-TF9XEeiQU3s7XutbgNRKypgefyRC0HXNcVA,anggitazhenk_,2026-02-07,siapp sama sekali engga kak
https://www.threads.com/@anggitazhenk_/post/DUdG-AXEl7D?xmt=AQG0AYqe7i-TF9XEeiQU3s7XutbgNRKypgefyRC0HXNcVA,ivanjonatahir,2026-02-07,"Ada jurus lagi kalo mau, tapi diawal sakit dan menyiksa. Kakak ikut gym, karena otot saat dipakai dan kontraksi menyerap gula, jadi semua gula di tubuh akan diolah jadi energy saat Kakak gym… dampaknya adalah Kakak punya tulang yg kuat dan penampilan jadi lebih padat."
https://www.threads.com/@anggitazhenk_/post/DUdG-AXEl7D?xmt=AQG0AYqe7i-TF9XEeiQU3s7XutbgNRKypgefyRC0HXNcVA,nurfadhilah7,2026-02-07,"Stop konsumsi gula rafinasi, dalam berbagai bentuk kak (minuman, roti, kue, permen, dll) Lalu yang gak kalah penting : LATIHAN OTOT."
https://www.threads.com/@anggitazhenk_/post/DUdG-AXEl7D?xmt=AQG0AYqe7i-TF9XEeiQU3s7XutbgNRKypgefyRC0HXNcVA,anggitazhenk_,2026-02-07,"sudah kak. tidak minum minuman manis, kue, roti dll sudah stop, hanya nasi saja yang masih"
https://www.threads.com/@anggitazhenk_/post/DUdG-AXEl7D?xmt=AQG0AYqe7i-TF9XEeiQU3s7XutbgNRKypgefyRC0HXNcVA,asdichan,2026-02-07,"Benerin Pola makan (bukan ngurangin, tp menambahkan yg kurang, mengurangi yg berlebih) & olahraga otot (nambah massa otot)+cardio(kesehatan jantung, biar napasnya panjang)... Nanti dg sendiri ya stabil"
https://www.threads.com/@anggitazhenk_/post/DUdG-AXEl7D?xmt=AQG0AYqe7i-TF9XEeiQU3s7XutbgNRKypgefyRC0HXNcVA,anggitazhenk_,2026-02-07,baik kak terimakasih
https://www.threads.com/@anggitazhenk_/post/DUdG-AXEl7D?xmt=AQG0AYqe7i-TF9XEeiQU3s7XutbgNRKypgefyRC0HXNcVA,veronicasannn,2026-02-07,Olahraga angkat beban kak…
https://www.threads.com/@anggitazhenk_/post/DUdG-AXEl7D?xmt=AQG0AYqe7i-TF9XEeiQU3s7XutbgNRKypgefyRC0HXNcVA,kemalardiyanto,2026-02-07,Kakak tau gula darahnya tinggi darimana kak? Tes gds > kalo abis makan wajar Tes gdp > fatloss Tes hba c > fatloss sambil pantau asupan carbo
https://www.threads.com/@anggitazhenk_/post/DUdG-AXEl7D?xmt=AQG0AYqe7i-TF9XEeiQU3s7XutbgNRKypgefyRC0HXNcVA,anggitazhenk_,2026-02-08,habis tes dr dokter emang beberapa minggu ini gula darah lg tinggi dan hrs disuntik insulin
https://www.threads.com/@anggitazhenk_/post/DUdG-AXEl7D?xmt=AQG0AYqe7i-TF9XEeiQU3s7XutbgNRKypgefyRC0HXNcVA,kemalardiyanto,2026-02-08,"Insulin oke kak untuk short term management. Aku asumsi dokternya juga nyaranin perubahan pola hidup ke kakaknya kan? Diikutin aja itu kak sarannya, walaupun kedengerannya klise ☺"
https://www.threads.com/@anggitazhenk_/post/DUdG-AXEl7D?xmt=AQG0AYqe7i-TF9XEeiQU3s7XutbgNRKypgefyRC0HXNcVA,anggitazhenk_,2026-02-08,"baikk kak, semua yg disaranin jg dijlnkan ka, sdh stop mknnan minuman manis"
https://www.threads.com/@anggitazhenk_/post/DUdG-AXEl7D?xmt=AQG0AYqe7i-TF9XEeiQU3s7XutbgNRKypgefyRC0HXNcVA,melda_lamtiur,2026-02-08,"Strength training ka, benerin pola makan, tidur cukup [ini penting]"
https://www.threads.com/@anggitazhenk_/post/DUdG-AXEl7D?xmt=AQG0AYqe7i-TF9XEeiQU3s7XutbgNRKypgefyRC0HXNcVA,anggitazhenk_,2026-02-08,terimakasih ka
https://www.threads.com/@anggitazhenk_/post/DUdG-AXEl7D?xmt=AQG0AYqe7i-TF9XEeiQU3s7XutbgNRKypgefyRC0HXNcVA,dwishavinkova,2026-02-08,Klo aq dgn rutin jaga pola makan dan terapi nugabest🤗bisa dicek di IG nugabest indonesia
https://www.threads.com/@anggitazhenk_/post/DUdG-AXEl7D?xmt=AQG0AYqe7i-TF9XEeiQU3s7XutbgNRKypgefyRC0HXNcVA,anggitazhenk_,2026-02-08,mkasih infonya k
https://www.threads.com/@anggitazhenk_/post/DUdG-AXEl7D?xmt=AQG0AYqe7i-TF9XEeiQU3s7XutbgNRKypgefyRC0HXNcVA,elsa.harlie,2026-04-10,"Rubah gaya hidup kak, rutin olahraga angkat beban efektif turunin gula darah, minum susu diabetasol coba kak, bagus buat stabilin gula darah. Plisss jangan diabetes kayak aku😭"
https://www.threads.com/@anggitazhenk_/post/DUdG-AXEl7D?xmt=AQG0AYqe7i-TF9XEeiQU3s7XutbgNRKypgefyRC0HXNcVA,anggitazhenk_,2026-04-10,yess kakkk terimakasih
https://www.threads.com/@anggitazhenk_/post/DUdG-AXEl7D?xmt=AQG0AYqe7i-TF9XEeiQU3s7XutbgNRKypgefyRC0HXNcVA,bundaeabiyyukhanza,2026-02-08,"Kebalikan nya ama aku,,aku malah hipo,dan telat makan sedikit aja auto turun drastis itu GD di angka an,gemetar, deg an,keliyengan, aku emang kurang suka manis jd lah kalo kumat ya mau ga mau makan roti an,beli es krim,makan nasi yg banyak,"
https://www.threads.com/@anggitazhenk_/post/DUdG-AXEl7D?xmt=AQG0AYqe7i-TF9XEeiQU3s7XutbgNRKypgefyRC0HXNcVA,bundaeabiyyukhanza,2026-02-08,"Kalo aku GD sering turun,krn awalnya diet if, jam, jam,sampai puasa senin kamis jam,kurangi karbo,kurangi manis an,dan alhamdulillah kuat,krn org GD rendah itu kuat nahan lapar beda ama GD tinggi yg susah sering kelaparan, ga kuat nahan lapar,dan ngantukan,"
https://www.threads.com/@anggitazhenk_/post/DUdG-AXEl7D?xmt=AQG0AYqe7i-TF9XEeiQU3s7XutbgNRKypgefyRC0HXNcVA,anggitazhenk_,2026-02-08,"ngeri jg ya kak, karena semua harus seimbang"
https://www.threads.com/@anggitazhenk_/post/DUdG-AXEl7D?xmt=AQG0AYqe7i-TF9XEeiQU3s7XutbgNRKypgefyRC0HXNcVA,arief_hwie,2026-02-07,"Sudah tes darah gula? Berapa hasilnya? Tes gula darah sewaktu atau puasa? Penegakan diagnosa diabetes biasa dari nilai Hba c harus dites dulu, tidak bisa hanya dari tes gula sesaat. Apalagi kalau tesnya habis AYCE dan minum es teler porsi..... Kalau nurunin gula darah, selama normal besok akan turun sendiri kok. Kurangi aja karbo dan minuman dengan kadar gula tinggi (boba milk misalnya)"
https://www.threads.com/@anggitazhenk_/post/DUdG-AXEl7D?xmt=AQG0AYqe7i-TF9XEeiQU3s7XutbgNRKypgefyRC0HXNcVA,m_ev07,2026-02-07,Kalo cek gdp selama - jam puasa angkanya apa termasuk prediabet?
https://www.threads.com/@anggitazhenk_/post/DUdG-AXEl7D?xmt=AQG0AYqe7i-TF9XEeiQU3s7XutbgNRKypgefyRC0HXNcVA,arief_hwie,2026-02-08,"Setahu saya ouasa cukup jam, dan kalau masalah prediabet bukan cuma dari hasil sekali tes ya. Harusnya Hba c kalau mau tahu prediabet atau tidak nya"
https://www.threads.com/@anggitazhenk_/post/DUdG-AXEl7D?xmt=AQG0AYqe7i-TF9XEeiQU3s7XutbgNRKypgefyRC0HXNcVA,yunitayeniii,2026-02-18,"nge gym kak, itu efektif. mulai cut gula juga, kalo ga belum bisa ganti gula pake nulife sweetener/stevia, insya aman ga bikin gula darah melonjak"
https://www.threads.com/@anggitazhenk_/post/DUdG-AXEl7D?xmt=AQG0AYqe7i-TF9XEeiQU3s7XutbgNRKypgefyRC0HXNcVA,anggitazhenk_,2026-02-18,mksh kaa
https://www.threads.com/@anggitazhenk_/post/DUdG-AXEl7D?xmt=AQG0AYqe7i-TF9XEeiQU3s7XutbgNRKypgefyRC0HXNcVA,m_r3z4,2026-02-08,"kalau sulit kurangi yg manis, bertahap kak ganti gula nya ke stevia"
https://www.threads.com/@anggitazhenk_/post/DUdG-AXEl7D?xmt=AQG0AYqe7i-TF9XEeiQU3s7XutbgNRKypgefyRC0HXNcVA,anggitazhenk_,2026-02-08,"mksh kak, ini juga udah samsek ga pake gula, cm masih makan nasi putih"
https://www.threads.com/@anggitazhenk_/post/DUdG-AXEl7D?xmt=AQG0AYqe7i-TF9XEeiQU3s7XutbgNRKypgefyRC0HXNcVA,iwanbeatri,2026-02-08,"Jawaban nya sangat mudah dan jelas, tp susah dilakuin"
https://www.threads.com/@anggitazhenk_/post/DUdG-AXEl7D?xmt=AQG0AYqe7i-TF9XEeiQU3s7XutbgNRKypgefyRC0HXNcVA,anggitazhenk_,2026-02-08,apa ka
https://www.threads.com/@anggitazhenk_/post/DUdG-AXEl7D?xmt=AQG0AYqe7i-TF9XEeiQU3s7XutbgNRKypgefyRC0HXNcVA,liemonica97,2026-02-08,"Ubah gaya hidup, dr makan tdur dan olahraga.."
https://www.threads.com/@anggitazhenk_/post/DUdG-AXEl7D?xmt=AQG0AYqe7i-TF9XEeiQU3s7XutbgNRKypgefyRC0HXNcVA,aproudredneckwife,2026-02-08,Salah satunya kurangi stress. Stress naik berarti kortisol naik akhirnya tidur gak teratur dan akibatnya gula darah naik.
https://www.threads.com/@anggitazhenk_/post/DUdG-AXEl7D?xmt=AQG0AYqe7i-TF9XEeiQU3s7XutbgNRKypgefyRC0HXNcVA,ian_fath,2026-02-22,"Dulu bapak divonis diabetes, tiap cek gula darah angkanya bikin deg-deg’an. Kami pelan-pelan ganti nasi putih ke beras sagu, awalnya cuma coba-coba karena katanya lebih ringan di gula darah. Nggak instan sih, tapi setelah rutin dan tetap jaga makan, hasil cek mulai turun dan bapak sekarang lebih semangat jalan pagi lagi. s.shopee.co.id Jual Beras Sagu Mama Papua Original Kemasan g | Shopee Indonesia"
https://www.threads.com/@anggitazhenk_/post/DUdG-AXEl7D?xmt=AQG0AYqe7i-TF9XEeiQU3s7XutbgNRKypgefyRC0HXNcVA,ian_fath,2026-02-23,"Kemasan kg s.shopee.co.id/ H X… Kemasan kg s.shopee.co.id/BOZLB… Kak coba beras sagu, indeks glikemik rendah cocok untuk nurunin gula darah. s.shopee.co.id Jual Beras Sagu Mama Papua Original Kemasan Kg | Shopee Indonesia"
https://www.threads.com/@anggitazhenk_/post/DUdG-AXEl7D?xmt=AQG0AYqe7i-TF9XEeiQU3s7XutbgNRKypgefyRC0HXNcVA,nanikayu24,2026-04-24,"Gula darah tinggi itu bukan takdir… tapi hasil kebiasaan.” Makan manis tiap hari ❌ Jarang gerak ❌ Tidur berantakan ❌ Lalu kaget pas divonis Diabetes? 👉 Diabetes itu bisa dikontrol, bahkan dicegah 👉 Tapi butuh niat + cara yang benar Aku bantu banyak orang mulai dari: ✔️ Pola makan ✔️ Pola hidup ✔️ + herbal pendamping Yang serius mau turunin gula tanpa ribet, komen “MAU” 👇 Aku bantu arahin pelan-pelan sampai stabil 💚"
https://www.threads.com/@anggitazhenk_/post/DUdG-AXEl7D?xmt=AQG0AYqe7i-TF9XEeiQU3s7XutbgNRKypgefyRC0HXNcVA,pejuangdiabetess,2026-05-09,Dulu Ini Jenis Makanan Yang Suka Saya Konsumsi. Yang Membuat Gula Saya Sulit Untuk Turun #guladarahtinggi #guladarah #diabetes #diabet #kencingmanis pejuangdiabetess
https://www.threads.com/@anggitazhenk_/post/DUdG-AXEl7D?xmt=AQG0AYqe7i-TF9XEeiQU3s7XutbgNRKypgefyRC0HXNcVA,syamiraayna,2026-05-12,"Banyak orang mengira gula darah tinggi hanya dialami orang tua. Padahal sekarang banyak usia muda juga mulai mengalaminya karena pola makan tinggi gula, kurang gerak, sering begadang, dan terlalu sering konsumsi minuman manis. Berikut gejala gula darah tinggi yang sering diabaikan banyak orang."
https://www.threads.com/@anggitazhenk_/post/DUdG-AXEl7D?xmt=AQG0AYqe7i-TF9XEeiQU3s7XutbgNRKypgefyRC0HXNcVA,harcoricosanjayaofficial,2026-05-13,"Gula darah naik tinggi? Cek ""pabriknya""! Banyak dari pasien-pasien diabetes itu selalu stres ketika melihat gula darahnya itu naik dan turun padahal dietnya sudah ketat. Tapi sayangnya mereka tidak pernah bertanya kenapa tubuhnya itu sudah tidak bisa lagi mengolah gula menjadi tenaga."
https://www.threads.com/@ali_fuadi/post/DUmx7GoCT-L?xmt=AQG0AYqe7i-TF9XEeiQU3s7XutbgNRKypgefyRC0HXNcVA,ali_fuadi,2026-02-11,"Lelaki tahun, ada luka diabetes di kaki kiri Saya rawat hampir satu jam Debridement Bersihkan jaringan mati Kalimat yang langsung bikin saya diam: “Mas… lukanya gak usah ditutup ya? Biar cepat kering.”"
https://www.threads.com/@ali_fuadi/post/DUmx7GoCT-L?xmt=AQG0AYqe7i-TF9XEeiQU3s7XutbgNRKypgefyRC0HXNcVA,ali_fuadi,2026-02-11,"Dalam hati saya cuma mikir: “Pak… kalau konsepnya begitu, ngapain panggil saya?” Padahal tinggal pasang dressing Harusnya ini bagian paling penting"
https://www.threads.com/@ali_fuadi/post/DUmx7GoCT-L?xmt=AQG0AYqe7i-TF9XEeiQU3s7XutbgNRKypgefyRC0HXNcVA,ali_fuadi,2026-02-11,"Masalahnya ini luka diabetes, Pak Bukan luka jatuh dari motor Bukan luka kena pisau dapur Ini luka yang bisa berujung kehilangan kaki"
https://www.threads.com/@ali_fuadi/post/DUmx7GoCT-L?xmt=AQG0AYqe7i-TF9XEeiQU3s7XutbgNRKypgefyRC0HXNcVA,ali_fuadi,2026-02-11,Jangan sok erasa tahu Merasa aman Merasa “ah paling juga sembuh.”
https://www.threads.com/@ali_fuadi/post/DUmx7GoCT-L?xmt=AQG0AYqe7i-TF9XEeiQU3s7XutbgNRKypgefyRC0HXNcVA,ali_fuadi,2026-02-11,"Dengar baik-baik: Luka diabetes idealnya lembap, bukan kering Kenapa ditutup? ✔ melindungi dari bakteri ✔ mempercepat regenerasi jaringan ✔ menjaga suhu luka stabil ✔ menurunkan risiko infeksi"
https://www.threads.com/@ali_fuadi/post/DUmx7GoCT-L?xmt=AQG0AYqe7i-TF9XEeiQU3s7XutbgNRKypgefyRC0HXNcVA,ali_fuadi,2026-02-11,"Kalau kamu atau keluargamu punya luka diabetes, jangan pakai logika “biar kering.” Pakai logika medis"
https://www.threads.com/@ali_fuadi/post/DUmx7GoCT-L?xmt=AQG0AYqe7i-TF9XEeiQU3s7XutbgNRKypgefyRC0HXNcVA,ali_fuadi,2026-02-11,Follow dan Share Biar makin banyak orang yang paham
https://www.threads.com/@ali_fuadi/post/DUmx7GoCT-L?xmt=AQG0AYqe7i-TF9XEeiQU3s7XutbgNRKypgefyRC0HXNcVA,damargho,2026-02-11,"Alm ayah diabetes, bandel minta ampun. Luka selalu dibersihkan dan ditutup pakai DaryantTulle sehari bisa habis bungkus, coba dikalikan berapa rp perhari nya 😁 Tapi jadinya cepat sembuh. Cuma bandelnya alm, ketika sudah sembuh luka nya, dia diam minum kopi pakai gula lagi. Akhirnya bonyok lagi, gitu saja terus sampai akhirnya amputasi nya. Jangan main sama diabetes."
https://www.threads.com/@ali_fuadi/post/DUmx7GoCT-L?xmt=AQG0AYqe7i-TF9XEeiQU3s7XutbgNRKypgefyRC0HXNcVA,adit_izu,2026-02-11,"Balikin, Besok pake getah jarak aja, biarin sampe kering terserah dipake apa juga bisa 🫢"
https://www.threads.com/@ali_fuadi/post/DUmx7GoCT-L?xmt=AQG0AYqe7i-TF9XEeiQU3s7XutbgNRKypgefyRC0HXNcVA,putraarya23,2026-02-11,"Alm emak ku sakit diabetes, punggung kaki sampai setengah betis kena lalu di urut ahli diabetes untuk tidak terjadi perambatan lebih setelahnya panggil perawat buat dibersihkan lukanya Krn biaya sekali panggil perawat lumayan akhirnya inisiatif sy lihat dan amati setelahnya sy sendiri yg merawat smpai lukanya kering dan berjalan normal.. Al-fatihah untuk emak saya 🥹"
https://www.threads.com/@ali_fuadi/post/DUmx7GoCT-L?xmt=AQG0AYqe7i-TF9XEeiQU3s7XutbgNRKypgefyRC0HXNcVA,obbie44,2026-02-11,Saya kirain jadi sembuh setelah dirawat 😩
https://www.threads.com/@ali_fuadi/post/DUmx7GoCT-L?xmt=AQG0AYqe7i-TF9XEeiQU3s7XutbgNRKypgefyRC0HXNcVA,putraarya23,2026-02-11,"Ya sembuh, setelah th kena pneumonia pas covid"
https://www.threads.com/@ali_fuadi/post/DUmx7GoCT-L?xmt=AQG0AYqe7i-TF9XEeiQU3s7XutbgNRKypgefyRC0HXNcVA,yeemce,2026-02-11,"Kak, ayahku sedang luka juga di kaki. Diabetes, GDS ny an. Lg suntik insulin jg setiap hari. Aku bingung cara merawat lukanya, karena yg luka awal udah kering. Dia malah nyebar ke bagian lain skrg jadi bengkak gitu tapi ga ada lubang. Jadinya nanahnya tu didalem gtu. Bapakku capek minum obatnya pengen dibersihin katanya supaya kempes. Sbnrnya luka kayak gitu apa emg barus dibedah dibersihin atau mending nunggu kempes aja sih?"
https://www.threads.com/@ali_fuadi/post/DUmx7GoCT-L?xmt=AQG0AYqe7i-TF9XEeiQU3s7XutbgNRKypgefyRC0HXNcVA,leniindahretnowati,2026-02-11,"Masih banyak yg mikir kaya gini kak , nanti kunjungan berikutnya karna cairan nya banyak yg disalahin Nakes nya karna ditutup lukanya padahal emang cairan di lukanya lg banyak"
https://www.threads.com/@ali_fuadi/post/DUmx7GoCT-L?xmt=AQG0AYqe7i-TF9XEeiQU3s7XutbgNRKypgefyRC0HXNcVA,diannmsari,2026-02-11,"Dulu ada pasien ku rutin rawat luka diabetes, awal pertemuan wah geleng aku sm dokter ku liat kondisinya. Tp beliau rutin dtg buat kontrol dan bersihin luka. Sampai lumayan lama bapakny ga dtg, trus dokter ku cerita ‘km inget bapak ini ga(nyebut nama)’ aku blg ‘iya dok inget, yg diabetes’ ‘bapaknya udh meninggal’ aku kaget :( pas kebetulan istrinya berobat gigi juga d klinik ku, istrinya blg udah sampai komplikasi dan d rawat di ICU si bapak sampai akhirnya meninggal🥹🥹🥹"
https://www.threads.com/@ali_fuadi/post/DUmx7GoCT-L?xmt=AQG0AYqe7i-TF9XEeiQU3s7XutbgNRKypgefyRC0HXNcVA,syfrzkhd,2026-02-11,Mas mau tanya.. Kaki ayh saya dari jempol sampai betis menggelap. Sebelumnya luka. Dan ada turunan diabetes dari keluarga. Di jempol pernah luka dan darahnya bau maniss gitu. Itu diabetes kah?
https://www.threads.com/@ali_fuadi/post/DUmx7GoCT-L?xmt=AQG0AYqe7i-TF9XEeiQU3s7XutbgNRKypgefyRC0HXNcVA,uki_tawa,2026-02-11,Tks infonya mas 👍
https://www.threads.com/@ali_fuadi/post/DUmx7GoCT-L?xmt=AQG0AYqe7i-TF9XEeiQU3s7XutbgNRKypgefyRC0HXNcVA,ali_fuadi,2026-02-11,sama-sama kak
https://www.threads.com/@ali_fuadi/post/DUmx7GoCT-L?xmt=AQG0AYqe7i-TF9XEeiQU3s7XutbgNRKypgefyRC0HXNcVA,riris.setiawati10,2026-02-11,"Ka maaf tanya, klo org diabet kakinya bengkak itu gimana ya harus di apakan"
https://www.threads.com/@ali_fuadi/post/DUmx7GoCT-L?xmt=AQG0AYqe7i-TF9XEeiQU3s7XutbgNRKypgefyRC0HXNcVA,ali_fuadi,2026-02-11,cek albuminnya kak
https://www.threads.com/@ali_fuadi/post/DUmx7GoCT-L?xmt=AQG0AYqe7i-TF9XEeiQU3s7XutbgNRKypgefyRC0HXNcVA,tsub_m7,2026-02-11,Bro berpikir ini cuma luka lecet gara pake sepatu😌
https://www.threads.com/@ali_fuadi/post/DUmx7GoCT-L?xmt=AQG0AYqe7i-TF9XEeiQU3s7XutbgNRKypgefyRC0HXNcVA,adibfikriz,2026-02-11,"Saya pernah baca. Luka itu idealnya lembab, makanya secara alami tubuh mengeluarkan ekstrudat dan dressing luka itu penting. Waktu sya jatuh dari motor, luka itu tiap hari dibersihin pake air infus, oles bioplacenton, dan tutup pakai melolin. Alhamdulillah minggu progressnya bagus dan kulit cepet regenerasi."
https://www.threads.com/@ali_fuadi/post/DUmx7GoCT-L?xmt=AQG0AYqe7i-TF9XEeiQU3s7XutbgNRKypgefyRC0HXNcVA,alinauliya21,2026-02-11,"Bener iniii, dulu family ada yg luka dan dia diabet, kalo ga diperban bisa benyek lukanya dan sembuhnya makin lamaaa.."
https://www.threads.com/@ali_fuadi/post/DUmx7GoCT-L?xmt=AQG0AYqe7i-TF9XEeiQU3s7XutbgNRKypgefyRC0HXNcVA,aldoarafahh,2026-02-11,Kadang ketemu pasien gini suka dia wkwkwk Di edukasi ga mempan
https://www.threads.com/@ali_fuadi/post/DUmx7GoCT-L?xmt=AQG0AYqe7i-TF9XEeiQU3s7XutbgNRKypgefyRC0HXNcVA,lestarituti,2026-02-11,"Alhamdulillah, luka ibu saya sdh sembuh. Setelah x perawatan, klinik swasta yg gak di cover bpjs. Tinggal jaga pola makan."
https://www.threads.com/@ali_fuadi/post/DUmx7GoCT-L?xmt=AQG0AYqe7i-TF9XEeiQU3s7XutbgNRKypgefyRC0HXNcVA,jeng_bayik,2026-02-11,Mending ambil hair dryer kak Trus diarahin ke lukanya biar cepet kering
https://www.threads.com/@ali_fuadi/post/DUmx7GoCT-L?xmt=AQG0AYqe7i-TF9XEeiQU3s7XutbgNRKypgefyRC0HXNcVA,ali_fuadi,2026-02-11,😄
https://www.threads.com/@ali_fuadi/post/DUmx7GoCT-L?xmt=AQG0AYqe7i-TF9XEeiQU3s7XutbgNRKypgefyRC0HXNcVA,aminyonhaseyo,2026-02-11,"Kepikiran banget sama bapak mertua tapi emang susah banget dibilangin. Dia ada diabet, kakinya ketabrak motor sampe bengkak dan luka. Tapi katanya gak mau diajak ke dokter utk dirawat luka nya. Malah pilih ke alternatif dikasih minyak gt. Kondisi aku dan suami di luar pulau cm bisa tlp tanya kabar"
https://www.threads.com/@ali_fuadi/post/DUmx7GoCT-L?xmt=AQG0AYqe7i-TF9XEeiQU3s7XutbgNRKypgefyRC0HXNcVA,ariescaf,2026-02-12,Di oven sekalian biar test kriuk
https://www.threads.com/@ali_fuadi/post/DUmx7GoCT-L?xmt=AQG0AYqe7i-TF9XEeiQU3s7XutbgNRKypgefyRC0HXNcVA,ali_fuadi,2026-02-12,🥴
https://www.threads.com/@ali_fuadi/post/DUmx7GoCT-L?xmt=AQG0AYqe7i-TF9XEeiQU3s7XutbgNRKypgefyRC0HXNcVA,nurullfitrianah,2026-02-12,"Ada nih orang jempol kakinya tuh kya cantengen dua²nya dari SMP sampe sekarang umur an masih gitu almarhum ortunya ada riwayat diabet, tp gula dia normal gimna tuh bahaya ga sih?"
https://www.threads.com/@ali_fuadi/post/DUmx7GoCT-L?xmt=AQG0AYqe7i-TF9XEeiQU3s7XutbgNRKypgefyRC0HXNcVA,ali_fuadi,2026-02-12,HbA c aman kak?
https://www.threads.com/@ali_fuadi/post/DUmx7GoCT-L?xmt=AQG0AYqe7i-TF9XEeiQU3s7XutbgNRKypgefyRC0HXNcVA,ian_fath,2026-02-22,"Dulu bapak divonis diabetes, tiap cek gula darah angkanya bikin deg-deg’an. Kami pelan-pelan ganti nasi putih ke beras sagu, awalnya cuma coba-coba karena katanya lebih ringan di gula darah. Nggak instan sih, tapi setelah rutin dan tetap jaga makan, hasil cek mulai turun dan bapak sekarang lebih semangat jalan pagi lagi."
https://www.threads.com/@ali_fuadi/post/DUmx7GoCT-L?xmt=AQG0AYqe7i-TF9XEeiQU3s7XutbgNRKypgefyRC0HXNcVA,mahda_u,2026-02-06,"d temen ada gak yang keluarganya pernah dipotong / amputasi karena diabetes, kira ada yg sembuh gak? atau tetep gak selamat? terus kalo gk dipotong gimana? bingung banget jadi hari ini ibuku disuruh tindakan untung potong jari kaki karena ada luka dan mengakibatkan bengkak di bagiian punggung kaki, dan beliau katanya gak mau dioperasi, tapi kalo gk dioperasi takut lukanya semakin melebar 😭🥹🥹😭"
https://www.threads.com/@ali_fuadi/post/DUmx7GoCT-L?xmt=AQG0AYqe7i-TF9XEeiQU3s7XutbgNRKypgefyRC0HXNcVA,fo_biela,2026-04-24,Guyss share dong.disini ad yang penderita diabetes gakk?? Dan punya luka yang susah sembuh gakk??
https://www.threads.com/@ali_fuadi/post/DUmx7GoCT-L?xmt=AQG0AYqe7i-TF9XEeiQU3s7XutbgNRKypgefyRC0HXNcVA,kartikaclarissa,2026-05-02,"Guys sharing dong, ada yang lagi ngalamin luka diabetes atau kenal org yg ngalamin luka diabetes ga? Cara sembuhinnya gimana dan harus ke dr apa ya?"
https://www.threads.com/@ali_fuadi/post/DUmx7GoCT-L?xmt=AQG0AYqe7i-TF9XEeiQU3s7XutbgNRKypgefyRC0HXNcVA,aisitim,2026-04-21,"Assalamualaikum wargaa izin tanya, ada yang tau tempat perawatan luka diabetes selain di rumat dimana yaa? Jujur di rumat bagus banget & cocok, tapi untuk saat ini kondisi ekonomi lagi nggak stabil, mudah n warga disini ada yang tau tempat perawatan yg harga nya di bawah rumat boleh komen yaa, berbagai pengalaman merawat luka diabet pun boleh banget, aku perlu ilmu yang banyak, terimakasih ❤"
https://www.threads.com/@ali_fuadi/post/DUmx7GoCT-L?xmt=AQG0AYqe7i-TF9XEeiQU3s7XutbgNRKypgefyRC0HXNcVA,wish.listkuuu,2026-02-06,diabetes d Luka diabetes jangan ditutup terlalu lembap terus-menerus. Kalau salah perawatan bisa makin lama sembuh. Kalian biasanya pakai betadine atau cairan saline buat bersihin luka?
https://www.threads.com/@ragustn99_/post/DBgjPehzw-D?xmt=AQG0AYqe7i-TF9XEeiQU3s7XutbgNRKypgefyRC0HXNcVA,ragustn99_,2024-10-24,"Ada yang pernah orangtua/keluarga/ teman yang sakit diabetes? Ada yang bisa jelasin kenapa bisa sampai ke ginjal,jantung yang katanya kerendam, dan paru-paru yang ada cairan? Soalnya bokap lagi sakit dan kondisinya udah stroke th, dan tiba” divonis beberapa penyakit tersebut. Tapi disini aku masih gagal paham. 😭"
https://www.threads.com/@ragustn99_/post/DBgjPehzw-D?xmt=AQG0AYqe7i-TF9XEeiQU3s7XutbgNRKypgefyRC0HXNcVA,jackhui75,2024-10-24,"Saya paham Anda sedih dan takut akan kondisi Bapak.. tapii..kalau boleh saran.. Doakan yang terbaik buat Bapaknya.. Jernihkan pikiran, jangan panik, terima keadaannya bagaimanapun itu.. lalu temui dokternya.. minta penjelasan detailnya dengarkan baik-baik dan pahami.. selanjutnya lakukan yang Anda bisa sesuai saran dokter yang menangani Bapak. Saya turut berdoa untuk kesembuhan dan yang terbaik untuk Bapak Anda."
https://www.threads.com/@ragustn99_/post/DBgjPehzw-D?xmt=AQG0AYqe7i-TF9XEeiQU3s7XutbgNRKypgefyRC0HXNcVA,ragustn99_,2024-10-25,"Terima kasih kakak, semoga sehat selalu ya 🙏🏻"
https://www.threads.com/@ragustn99_/post/DBgjPehzw-D?xmt=AQG0AYqe7i-TF9XEeiQU3s7XutbgNRKypgefyRC0HXNcVA,jasonjulio,2024-10-24,"Komplikasi diabetes yg tdk trkontrol bkin gagal ginjal. Kalau sudah gagal ginjal, cairan susah keluar, otomatis keluar jaringan sekitarnya, kaki tangan jdi bengkak berisi cairan. Jantung kepenuhan air otomatis paru jadi terendam. Semoga membantu."
https://www.threads.com/@ragustn99_/post/DBgjPehzw-D?xmt=AQG0AYqe7i-TF9XEeiQU3s7XutbgNRKypgefyRC0HXNcVA,ragustn99_,2024-10-28,"Makasih mas, penjelasannya sangat membantu dan mudah dipahami untuk saya 🙏🏻 Semoga mas jason dan keluarga selalu diberi kesehatan"
https://www.threads.com/@ragustn99_/post/DBgjPehzw-D?xmt=AQG0AYqe7i-TF9XEeiQU3s7XutbgNRKypgefyRC0HXNcVA,ragustn99_,2024-10-25,"Belum ada diminta cuci darah kak, sekarang masih perawatan di ICU"
https://www.threads.com/@ragustn99_/post/DBgjPehzw-D?xmt=AQG0AYqe7i-TF9XEeiQU3s7XutbgNRKypgefyRC0HXNcVA,magdalena_aqnes,2024-10-25,"Ayahku diabet sjk . Yg dilakukan ayahku minum obat teratur, jaga makan & tiap bulan kontrol ke dokter. Spt yg sdh disampaikan di atas, diabet & darting tdk terkontrol, bs menyebabkan munculnya penyakit lain. Semoga ayahnya lekas pulih ya.."
https://www.threads.com/@ragustn99_/post/DBgjPehzw-D?xmt=AQG0AYqe7i-TF9XEeiQU3s7XutbgNRKypgefyRC0HXNcVA,ragustn99_,2024-10-27,"Terima kasih doanya kaka, soga sehat selalu juga untuk ayah kakak 🤗"
https://www.threads.com/@ragustn99_/post/DBgjPehzw-D?xmt=AQG0AYqe7i-TF9XEeiQU3s7XutbgNRKypgefyRC0HXNcVA,rasma_wati10,2024-10-25,"Diabetes itu induk penyakit, perlahan tp pasti akan merembet ke jantung dan ginjal..."
https://www.threads.com/@ragustn99_/post/DBgjPehzw-D?xmt=AQG0AYqe7i-TF9XEeiQU3s7XutbgNRKypgefyRC0HXNcVA,ragustn99_,2024-10-27,"Iya betul banget kak, ternyata semuanya itu dari diabetes 😢"
https://www.threads.com/@ragustn99_/post/DBgjPehzw-D?xmt=AQG0AYqe7i-TF9XEeiQU3s7XutbgNRKypgefyRC0HXNcVA,rasma_wati10,2024-10-28,"Logika sederhananya ibarat air putih di kasih gula banyak pasti airnyalebih kental dr air putih biasa, kyk gitu jg dgn darah tinggi kadar gula, darah pun jadi kental, organ dlm badan kita jd bekerja keras berkali lipat, lama ya rusak...."
https://www.threads.com/@ragustn99_/post/DBgjPehzw-D?xmt=AQG0AYqe7i-TF9XEeiQU3s7XutbgNRKypgefyRC0HXNcVA,nabilabmm,2024-10-24,"Diabetes itu jika tidak terkontrol membuat darah kental, menyebabkan kerja ginjal makin berat. Mempermudah plak kolesterol terbentuk yang dapat menyebabkan sumbatan di otak/jantung/seluruh tubuh yg akibatnya Ada stroke, jantung, PAD dll. Ditambah jika memang ada hipertensi yg tidak terkontrol juga, memperberat kerja ginjal juga, jantung kerja nya semakin berat, bisa komplikasi ke stroke juga"
https://www.threads.com/@ragustn99_/post/DBgjPehzw-D?xmt=AQG0AYqe7i-TF9XEeiQU3s7XutbgNRKypgefyRC0HXNcVA,ragustn99_,2024-10-24,"Oh iya kak papa aku ada hipertensi juga kak. Sekarang tangan dan kakinya bengkak juga kak, itu darah atau cairan apa ya kak? Kalo sudah terjadi seperti itu ada saran sebaiknya apa yang perlu dilakukan keluarga ya kak? Jujur saya masih bingung harus melakukan apa 😢"
https://www.threads.com/@ragustn99_/post/DBgjPehzw-D?xmt=AQG0AYqe7i-TF9XEeiQU3s7XutbgNRKypgefyRC0HXNcVA,adolfliebert,2026-02-06,"d Kak ibu saya sama kak, kondisi bapak sekarang bagaimana semoga sehat dan dipanjang umur"
https://www.threads.com/@ragustn99_/post/DBgjPehzw-D?xmt=AQG0AYqe7i-TF9XEeiQU3s7XutbgNRKypgefyRC0HXNcVA,novita.anggie,2024-10-24,Krn efek dri obat²an bisa menyebabkan ginjal mengalami penurunan fungsi. Paru kerendam krn efek dari sel² yang sdh tdk berfungsi juga. Coba konsumsi nutrisi AFC yg bisa menjadi solusi untuk semua keluhan² yg dialami
https://www.threads.com/@ragustn99_/post/DBgjPehzw-D?xmt=AQG0AYqe7i-TF9XEeiQU3s7XutbgNRKypgefyRC0HXNcVA,takakurakenz,2024-10-24,neng mending cpt aj datengin bapaknya
https://www.threads.com/@ragustn99_/post/DBgjPehzw-D?xmt=AQG0AYqe7i-TF9XEeiQU3s7XutbgNRKypgefyRC0HXNcVA,ragustn99_,2024-10-24,"Sudah kak, tapi memang belum bisa ketemu dokternya 😢"
https://www.threads.com/@ragustn99_/post/DBgjPehzw-D?xmt=AQG0AYqe7i-TF9XEeiQU3s7XutbgNRKypgefyRC0HXNcVA,haidir_karca,2024-10-24,"Diabetes menyebabkan pembuluh darah menjadi rusak, ibarat jalan tol yang awalnya lancar namun karena jalan tolnya rusak dan penuh lubang akhirnya supply ke segala organ jadi terganggu. Pembuluh darah yang rusak ini akhirnya diisi oleh lemak, kolesterol dan menyebabkan penyempitan dan terjadilah serangan jantung, stroke dst. Edema paru (paru terendam) disebabkan bbrpa mekanisme yg penyebab utama krn jantung dan ginjal yang bermasalah."
https://www.threads.com/@ragustn99_/post/DBgjPehzw-D?xmt=AQG0AYqe7i-TF9XEeiQU3s7XutbgNRKypgefyRC0HXNcVA,yulianamargae,2024-10-25,"Diabetes itu bukan penyakit tapi dampak dari penyakit. Penyakitnya itu ada di pankreas dan pembuluh darah. Dan selama ini dokter memberi obat seumur hidup hanya untuk menekan supaya diabet tidak tinggi. Obat kimia diminum terus menerus tentu saja berdampak kesemua organ tubuh yg lain. Coba gunakan Sop Subarashi, produk ini bisa membantu untuk mentriger induk sel kita untuk meregenerasi sel kita yang rusak. Utk penjelasan lebih banyak bisa DM saya di Instagram saya, jika bersedia. Terima kasih"
https://www.threads.com/@ragustn99_/post/DBgjPehzw-D?xmt=AQG0AYqe7i-TF9XEeiQU3s7XutbgNRKypgefyRC0HXNcVA,ni_sya25,2024-10-25,"suami sya awalnya diabetes lalu hipertensi lalu kolesterol, efeknya sdh ke ginjal dan mata yg semakin rabun"
https://www.threads.com/@ragustn99_/post/DBgjPehzw-D?xmt=AQG0AYqe7i-TF9XEeiQU3s7XutbgNRKypgefyRC0HXNcVA,ragustn99_,2024-10-28,Lalu gimana keadaanya sekarang suaminya kak? 🥺
https://www.threads.com/@ragustn99_/post/DBgjPehzw-D?xmt=AQG0AYqe7i-TF9XEeiQU3s7XutbgNRKypgefyRC0HXNcVA,ni_sya25,2024-10-29,"dilarang minum obat diabetes jd atur makan, yg tetap lanjut obat hipertensi. pernah cek kreatinin infonya diangka , skrg efek ginjal jga kayaknya kena ke lambungnya. matanya proses laser tp yg dilaser malah makin kabur."
https://www.threads.com/@ragustn99_/post/DBgjPehzw-D?xmt=AQG0AYqe7i-TF9XEeiQU3s7XutbgNRKypgefyRC0HXNcVA,ragustn99_,2024-10-29,Semoga tetap kuat untuk kakak yang mendampingi dan semangat juga untuk suami ya kak 🤗
https://www.threads.com/@ragustn99_/post/DBgjPehzw-D?xmt=AQG0AYqe7i-TF9XEeiQU3s7XutbgNRKypgefyRC0HXNcVA,ni_sya25,2024-10-29,makasih
https://www.threads.com/@ragustn99_/post/DBgjPehzw-D?xmt=AQG0AYqe7i-TF9XEeiQU3s7XutbgNRKypgefyRC0HXNcVA,teru2boshu,2024-10-25,"Kebetulan alm ayah diabetes udh menjalar k paru .sumber awal krn pankreas udh kewalahan memproduksi insulin utk mengolah gula spy bs disalurkan ke organ lain. Imbas nya gula numpuk di darah.fungsi ginjal sbg filtrasi darah.klo darah aj full gula,krj dy makin keras. Inilah yg bikin gagal ginjal.komplikasi lain ke organ tubuh.krn yg hrs ny gula bs sbg energi utk organ bekerja tp cm jln di darah doang. Efek samping gula adl inflamasi peradangan"
https://www.threads.com/@ragustn99_/post/DBgjPehzw-D?xmt=AQG0AYqe7i-TF9XEeiQU3s7XutbgNRKypgefyRC0HXNcVA,teru2boshu,2024-10-25,Kebayangkan organ yg dilalui darah yg penuh gula. Si gula cm nempel di dinding organ tanpa ngasih manfaat. Lambat laun si dinding terinflamasi. Rusak lah si organ. Apalagi terpapar virus/bakteri penyebab paru. Gula td bikin organ paru daya tahan nya menurun. Kira gambaran umum ny ky gini sih. Dr penyakit DM. Menjalar nya kemana mana. Yaa krn darah yg diserang sm gula. Sedangkan darah dlm tubuh fungsi nya akomodasi zat yg dibtuhkan tubuh
https://www.threads.com/@ragustn99_/post/DBgjPehzw-D?xmt=AQG0AYqe7i-TF9XEeiQU3s7XutbgNRKypgefyRC0HXNcVA,teru2boshu,2024-10-25,Dan skr aku mengidap prediabetes 😄. Lbh krn pola hidup yg dl ngawur sih. Klo ada yg blg krn turunan yaa bs jd. Jd buat kmu. Please aware yaa sm apa yg kmu makan dan pola hidup sehat. Krn kan Bpk terindikasi ada diabetes. Jd baik nya mulai skr hidup sehat. Jgn sampe nyesel. Diabetes ini masuk penyakit mematikan setelah jantung
https://www.threads.com/@ragustn99_/post/DBgjPehzw-D?xmt=AQG0AYqe7i-TF9XEeiQU3s7XutbgNRKypgefyRC0HXNcVA,ragustn99_,2024-10-25,"Terima kasih penjelasannya kak, semoga kakak juga sehat selalu ya kak semangat 🤗🤗"
https://www.threads.com/@ragustn99_/post/DBgjPehzw-D?xmt=AQG0AYqe7i-TF9XEeiQU3s7XutbgNRKypgefyRC0HXNcVA,cho.dewa,2024-10-24,"Diabetes itu ibunya penyakit. Dengan kata lain diabetes bisa menyebabkan gangguan pada organ lain, sprti pembuluh darah, saraf, ginjal dan jantung."
https://www.threads.com/@ragustn99_/post/DBgjPehzw-D?xmt=AQG0AYqe7i-TF9XEeiQU3s7XutbgNRKypgefyRC0HXNcVA,yoanita_sutjianto,2024-10-25,"Untuk kamu bisa paham, sulit kalau cuma lewat message gini ya. Mending coba dengar di youtube, jd bisa paham. Bisa cek chanel a-z health, atau chanel kesehatan lain"
https://www.threads.com/@ragustn99_/post/DBgjPehzw-D?xmt=AQG0AYqe7i-TF9XEeiQU3s7XutbgNRKypgefyRC0HXNcVA,meiii.liii,2024-10-24,Udh berobat kmn aja kak?
https://www.threads.com/@ragustn99_/post/DBgjPehzw-D?xmt=AQG0AYqe7i-TF9XEeiQU3s7XutbgNRKypgefyRC0HXNcVA,ragustn99_,2024-10-24,Udah kak dan sekarang lagi dirawat. Aku bekum tanya detil tindakan dan perawatan seperti apa yang perlu dilakukan ke dokter langsung karena masih diluar kota. Tapi belum puas dengan bertanya ke kakak/ibu yang menunggu papah.
https://www.threads.com/@ragustn99_/post/DBgjPehzw-D?xmt=AQG0AYqe7i-TF9XEeiQU3s7XutbgNRKypgefyRC0HXNcVA,meiii.liii,2024-10-25,Semangat ya kak. Domisili mana kak?
https://www.threads.com/@ragustn99_/post/DBgjPehzw-D?xmt=AQG0AYqe7i-TF9XEeiQU3s7XutbgNRKypgefyRC0HXNcVA,mik_a_e_l_a,2024-10-24,Diabetes kalo tidak terkontrol merusak organ lain beserta syaraf nya.
https://www.threads.com/@ragustn99_/post/DBgjPehzw-D?xmt=AQG0AYqe7i-TF9XEeiQU3s7XutbgNRKypgefyRC0HXNcVA,cv_kreative,2024-10-24,"Sy perawat luka diabetes ckup paham diabetes, kurleb sama dgn yg dujelaskan tmn tmn diatas"
https://www.threads.com/@ragustn99_/post/DBgjPehzw-D?xmt=AQG0AYqe7i-TF9XEeiQU3s7XutbgNRKypgefyRC0HXNcVA,nyx.inferna,2024-10-25,Jawabannya satu: kerusakan pembuluh darah mikro dan makro.
https://www.threads.com/@ragustn99_/post/DBgjPehzw-D?xmt=AQG0AYqe7i-TF9XEeiQU3s7XutbgNRKypgefyRC0HXNcVA,tirtaswhyd,2024-10-25,Lansia emg rawan komplikasi sih kak
https://www.threads.com/@ragustn99_/post/DBgjPehzw-D?xmt=AQG0AYqe7i-TF9XEeiQU3s7XutbgNRKypgefyRC0HXNcVA,wulandarzky,2024-10-25,"Papahku stroke, sekitar th ke papahku kena serangan jantung dan paru nya kerendam akibat gagal jantung (diagnosis baru), th kemudian nafasnya sesak sekali, pas diperiksa ternyata otot jantungnya kata dokter sudah banyak ada kerusakan dan kelemahan. Ditanya penyebabnya apa, kata dokternya memang perjalanan penyakitnya bisa seperti itu. Papah sya memang agak sulit menuruti pantangan."
https://www.threads.com/@ragustn99_/post/DBgjPehzw-D?xmt=AQG0AYqe7i-TF9XEeiQU3s7XutbgNRKypgefyRC0HXNcVA,xinau_li,2024-10-25,"Kalo kata dokter jantungku, diabetes itu mbahnya penyakit, yg mana pyk lain itu anak cucu nya. Jd siap aja kalau udh kena diabetes, yg lain akan datang (kalau diabetesnya ga ditangani sejak dini)."
https://www.threads.com/@ragustn99_/post/DBgjPehzw-D?xmt=AQG0AYqe7i-TF9XEeiQU3s7XutbgNRKypgefyRC0HXNcVA,faniyah.alhabsyi,2024-10-24,"Diabetes Mellitus adalah ""Ibu dari Banyak Penyakit"". Kalau kena DM, hampir semua organ vital bisa kena dampaknya, mulai dari otak, jantung, paru, ginjal, mata, kulit, dst.."
https://www.threads.com/@ragustn99_/post/DBgjPehzw-D?xmt=AQG0AYqe7i-TF9XEeiQU3s7XutbgNRKypgefyRC0HXNcVA,cokidewi,2024-10-25,"Masih bs jalan?, klu iya olah raga jalan minim mnr hbs makan"
https://www.threads.com/@ragustn99_/post/DBgjPehzw-D?xmt=AQG0AYqe7i-TF9XEeiQU3s7XutbgNRKypgefyRC0HXNcVA,movieweb,2026-02-06,h Ready to rumble. movieweb.com 'Avatar: The Last Airbender' Season Trailer Shows Toph Joining the Fight on Netflix
https://www.threads.com/@ragustn99_/post/DBgjPehzw-D?xmt=AQG0AYqe7i-TF9XEeiQU3s7XutbgNRKypgefyRC0HXNcVA,kathmschmidt,2026-02-06,"h I want to stop doing full PR campaigns by . I've never been in a phase of my life when I have said, ""I don't want to do this anymore,"" more than in the last few weeks. It is just an absolutely thankless job (save for some authors who are truly wonderful). I will be in August, and life is too short. I'd rather consult, teach, and write."
https://www.threads.com/@ragustn99_/post/DBgjPehzw-D?xmt=AQG0AYqe7i-TF9XEeiQU3s7XutbgNRKypgefyRC0HXNcVA,loloisawake,2026-02-06,"h What an incredible opportunity to hear from Former President Evo Morales. The US has its hands all over this situation, per usual. Neolibralism sucks. youtu.be/SQTJ … Bolivia's population is majority Indigenous and they are defending their land and lives. youtube.com Evo Morales to The Grayzone: 'The people have reached their breaking point'"
https://www.threads.com/@dokter_nunung/post/DYLfjRXj0tY?xmt=AQG0AYqe7i-TF9XEeiQU3s7XutbgNRKypgefyRC0HXNcVA,dokter_nunung,2026-05-11,"Bagi yang punya hipertensi, diabetes, dan obesitas, ternyata membuat tubuh jadi normal kembali itu mudah lho. Ayuk gabung, saya akan mendampingi, tanpa diet yg kelaparan lho . saya aja kekenyangan"
https://www.threads.com/@dokter_nunung/post/DYLfjRXj0tY?xmt=AQG0AYqe7i-TF9XEeiQU3s7XutbgNRKypgefyRC0HXNcVA,ndaroetn,2026-05-11,"Ijin, minta tips nya dok, sy gampang naik susah turun. Pernah sampe kg, turun sampe skrg naik lagi ke . IF bisa sampe jam. Olahraga msh rutin jalan kaki dan gym x seminggu @ jam per sesi"
https://www.threads.com/@dokter_nunung/post/DYLfjRXj0tY?xmt=AQG0AYqe7i-TF9XEeiQU3s7XutbgNRKypgefyRC0HXNcVA,85.dewi,2026-05-11,Mau
https://www.threads.com/@dokter_nunung/post/DYLfjRXj0tY?xmt=AQG0AYqe7i-TF9XEeiQU3s7XutbgNRKypgefyRC0HXNcVA,yuan_yuane,2026-05-11,Aku hiperttensi dok
https://www.threads.com/@dokter_nunung/post/DYLfjRXj0tY?xmt=AQG0AYqe7i-TF9XEeiQU3s7XutbgNRKypgefyRC0HXNcVA,dokter_nunung,2026-05-11,diskusi di grup ya.. saya kirim link di inbox
https://www.threads.com/@dokter_nunung/post/DYLfjRXj0tY?xmt=AQG0AYqe7i-TF9XEeiQU3s7XutbgNRKypgefyRC0HXNcVA,susysusy68,2026-05-11,Mksdnya gmn dok ? Ber bayar kah ?
https://www.threads.com/@dokter_nunung/post/DYLfjRXj0tY?xmt=AQG0AYqe7i-TF9XEeiQU3s7XutbgNRKypgefyRC0HXNcVA,fannaniya,2026-05-11,Mau dok
https://www.threads.com/@dokter_nunung/post/DYLfjRXj0tY?xmt=AQG0AYqe7i-TF9XEeiQU3s7XutbgNRKypgefyRC0HXNcVA,naro_pang,2026-05-11,Mau lah dok
https://www.threads.com/@dokter_nunung/post/DYLfjRXj0tY?xmt=AQG0AYqe7i-TF9XEeiQU3s7XutbgNRKypgefyRC0HXNcVA,m15s_n4d1a_b3ye,2026-05-12,Mau donk
https://www.threads.com/@dokter_nunung/post/DYLfjRXj0tY?xmt=AQG0AYqe7i-TF9XEeiQU3s7XutbgNRKypgefyRC0HXNcVA,dokter_nunung,2026-05-12,klik link di profil
https://www.threads.com/@dokter_nunung/post/DYLfjRXj0tY?xmt=AQG0AYqe7i-TF9XEeiQU3s7XutbgNRKypgefyRC0HXNcVA,afdhl84,2026-05-11,Team hypertensi dan DM 😬 Ikutan
https://www.threads.com/@dokter_nunung/post/DYLfjRXj0tY?xmt=AQG0AYqe7i-TF9XEeiQU3s7XutbgNRKypgefyRC0HXNcVA,dokter_nunung,2026-05-12,cepetan
https://www.threads.com/@dokter_nunung/post/DYLfjRXj0tY?xmt=AQG0AYqe7i-TF9XEeiQU3s7XutbgNRKypgefyRC0HXNcVA,fransiskuskriswandaru,2026-05-12,mau dok
https://www.threads.com/@dokter_nunung/post/DYLfjRXj0tY?xmt=AQG0AYqe7i-TF9XEeiQU3s7XutbgNRKypgefyRC0HXNcVA,dokter_nunung,2026-05-12,Sdh klik link wa diprofil ?
https://www.threads.com/@dokter_nunung/post/DYLfjRXj0tY?xmt=AQG0AYqe7i-TF9XEeiQU3s7XutbgNRKypgefyRC0HXNcVA,devy_adhriany,2026-05-12,Mau dok ikutan
https://www.threads.com/@dokter_nunung/post/DYLfjRXj0tY?xmt=AQG0AYqe7i-TF9XEeiQU3s7XutbgNRKypgefyRC0HXNcVA,dokter_nunung,2026-05-12,Ayuk aja
https://www.threads.com/@dokter_nunung/post/DYLfjRXj0tY?xmt=AQG0AYqe7i-TF9XEeiQU3s7XutbgNRKypgefyRC0HXNcVA,dokter_nunung,2026-05-11,ok. klik link di profil ya
https://www.threads.com/@dokter_nunung/post/DYLfjRXj0tY?xmt=AQG0AYqe7i-TF9XEeiQU3s7XutbgNRKypgefyRC0HXNcVA,dokter_nunung,2026-05-14,Bu. ada link WAGdi Profil
https://www.threads.com/@dokter_nunung/post/DYLfjRXj0tY?xmt=AQG0AYqe7i-TF9XEeiQU3s7XutbgNRKypgefyRC0HXNcVA,deriza_muslim_galeri,2026-05-12,"Mau dokter, bagaimana caranya?"
https://www.threads.com/@dokter_nunung/post/DYLfjRXj0tY?xmt=AQG0AYqe7i-TF9XEeiQU3s7XutbgNRKypgefyRC0HXNcVA,dokter_nunung,2026-05-12,masuk grup dulu ya. diskusi. Klik link WAG di profil
https://www.threads.com/@dokter_nunung/post/DYLfjRXj0tY?xmt=AQG0AYqe7i-TF9XEeiQU3s7XutbgNRKypgefyRC0HXNcVA,newichan,2026-05-11,"Mau ikut dong dok,saya diabetes type"
https://www.threads.com/@dokter_nunung/post/DYLfjRXj0tY?xmt=AQG0AYqe7i-TF9XEeiQU3s7XutbgNRKypgefyRC0HXNcVA,dokter_nunung,2026-02-06,d ada link di Profil
https://www.threads.com/@dokter_nunung/post/DYLfjRXj0tY?xmt=AQG0AYqe7i-TF9XEeiQU3s7XutbgNRKypgefyRC0HXNcVA,dokter_nunung,2026-05-12,silakan klik link WAG di profil
https://www.threads.com/@dokter_nunung/post/DYLfjRXj0tY?xmt=AQG0AYqe7i-TF9XEeiQU3s7XutbgNRKypgefyRC0HXNcVA,rosid.ocid.12382,2026-05-11,"Saya prediabetes,gds saya ,td / , BB saya kg,TB"
https://www.threads.com/@dokter_nunung/post/DYLfjRXj0tY?xmt=AQG0AYqe7i-TF9XEeiQU3s7XutbgNRKypgefyRC0HXNcVA,m.didik.kh,2026-05-11,minat dok
https://www.threads.com/@dokter_nunung/post/DYLfjRXj0tY?xmt=AQG0AYqe7i-TF9XEeiQU3s7XutbgNRKypgefyRC0HXNcVA,dokter_nunung,2026-05-12,Sdh berhasil gabung grup?
https://www.threads.com/@dokter_nunung/post/DYLfjRXj0tY?xmt=AQG0AYqe7i-TF9XEeiQU3s7XutbgNRKypgefyRC0HXNcVA,tentang.bahagia,2026-05-11,mau
https://www.threads.com/@dokter_nunung/post/DYLfjRXj0tY?xmt=AQG0AYqe7i-TF9XEeiQU3s7XutbgNRKypgefyRC0HXNcVA,dokter_nunung,2026-05-11,Bu Sdh saya inbox
https://www.threads.com/@dokter_nunung/post/DYLfjRXj0tY?xmt=AQG0AYqe7i-TF9XEeiQU3s7XutbgNRKypgefyRC0HXNcVA,saria270313,2026-05-11,"Mau dok saya bb ,hipertensi,dada rasanya sesak,kaki bokong sudah nyeri,lutut nyeri,umur"
https://www.threads.com/@dokter_nunung/post/DYLfjRXj0tY?xmt=AQG0AYqe7i-TF9XEeiQU3s7XutbgNRKypgefyRC0HXNcVA,panggih_526,2026-05-11,Ikutan dok
https://www.threads.com/@dokter_nunung/post/DYLfjRXj0tY?xmt=AQG0AYqe7i-TF9XEeiQU3s7XutbgNRKypgefyRC0HXNcVA,dian_sangair,2026-05-11,"dokter_nunung / / Bagi yang punya hipertensi, diabetes, dan obesitas, ternyata membuat tubuh jadi normal kembali itu mudah lho. Ayuk gabung, saya akan mendampingi, tanpa diet yg kelaparan lho . saya aja kekenyangan"
https://www.threads.com/@dokter_nunung/post/DYLfjRXj0tY?xmt=AQG0AYqe7i-TF9XEeiQU3s7XutbgNRKypgefyRC0HXNcVA,lusiyani__,2026-05-11,Pernah diet rendah karbo karena mengidap diabetes. Gula darah terkendali sih tanpa obat tapi kolesterol dan asam urat meroket 🤣
https://www.threads.com/@dokter_nunung/post/DYLfjRXj0tY?xmt=AQG0AYqe7i-TF9XEeiQU3s7XutbgNRKypgefyRC0HXNcVA,aymanalatas,2026-02-06,"d Coba mulai dari sekarang kalo mau makan atau minum dipikirin buat jangka panjangnya, banyak yang suka ga sadar tiba-tiba jadi diabetes atau hipertensi aja"
https://www.threads.com/@dokter_nunung/post/DYLfjRXj0tY?xmt=AQG0AYqe7i-TF9XEeiQU3s7XutbgNRKypgefyRC0HXNcVA,rivkaaaaa.ms,2026-04-27,Karena takut sakit diabetes . Karena ada keturunan sakit diabet. Kmrn sempet puasa dlu jadi keterusan jarang makan pagi … Skrng jarang banget sarapan . Makan kadang sehari sekali atau paling banyak x .. Alhasil turun BB kilo 😅😅😅
https://www.threads.com/@dokter_nunung/post/DYLfjRXj0tY?xmt=AQG0AYqe7i-TF9XEeiQU3s7XutbgNRKypgefyRC0HXNcVA,rarayunita,2026-05-07,"Banyaaaak banget yg diet, trus tensi jadi normal, gula darah terkontrol, kolesterol sembuh… Tau ga kenapa 🤔"
https://www.threads.com/@pangarsaditia/post/DYEU6jdEbnL?xmt=AQG0AYqe7i-TF9XEeiQU3s7XutbgNRKypgefyRC0HXNcVA,pangarsaditia,2026-05-08,"Di ulang tahun yang ke- , saya nyaris kena diabetes. bulan saya diet ketat: Ga makan nasi sama sekali. BB berhasil turun kg. Tapi di bulan kelima, saya nonton satu video tentang fakta yang lumayan bikin nyesek."
https://www.threads.com/@pangarsaditia/post/DYEU6jdEbnL?xmt=AQG0AYqe7i-TF9XEeiQU3s7XutbgNRKypgefyRC0HXNcVA,pangarsaditia,2026-05-08,"Sedikit konteks. Dari kecil sampe umur an, saya udah terbiasa makan jorok: Jeroan, gorengan, manisan. Nasi lauk tepung udah jadi makanan sehari-hari. Ga bisa minum air tawar, semua harus manis. Sampai satu kalimat sopan dari dokter ngebalik hidup saya kayak angin topan. “Kamu cuma setipis 🤏 ini dari kena diabetes.” Tekanan darah, BMI, gula darah, kolesterol, semuanya through the roof. Alias, udah jauh di atas batas normal."
https://www.threads.com/@pangarsaditia/post/DYEU6jdEbnL?xmt=AQG0AYqe7i-TF9XEeiQU3s7XutbgNRKypgefyRC0HXNcVA,pangarsaditia,2026-05-08,"Dokter bilang pilihan saya cuma dua: . Ubah pola hidup, atau . Bilang ke istri buat siapin mental, karena beliau harus siap ngurusin suami yang penyakitan. Saya ga bisa pilih yang kedua. Istri saya baru aja kehilangan ibundanya karena diabetes. Saya ga mau beliau ngerasain pengalaman yang sama untuk kedua kalinya."
https://www.threads.com/@pangarsaditia/post/DYEU6jdEbnL?xmt=AQG0AYqe7i-TF9XEeiQU3s7XutbgNRKypgefyRC0HXNcVA,pangarsaditia,2026-05-08,"Saya langsung take action. Dan saya nemu fakta bahwa yang bikin gendut itu gula, bukan lemak. Dari situ saya langsung cut gula. Mulai dari berhenti minum yang manis, kurangin gorengan, sampai akhirnya bulan penuh ga makan nasi, roti, pasta sama sekali. Buat saya yang tahun lebih udah bestie sama gula, ini bukan hal yang gampang. Tapi demi istri, saya ikhlas."
https://www.threads.com/@pangarsaditia/post/DYEU6jdEbnL?xmt=AQG0AYqe7i-TF9XEeiQU3s7XutbgNRKypgefyRC0HXNcVA,pangarsaditia,2026-05-08,"bulan berlalu, saya jadi kaya manusia baru: Tekanan darah, BMI, gula darah, kolesterol semuanya normal. Satu hari saya ngobrol sama teman yang berhasil turun puluhan kg dalam waktu singkat juga. Yang bikin saya kaget, plus sakit ati juga, adalah fakta bahwa dia bisa ngelakuin itu semua... meskipun tetep makan nasi."
https://www.threads.com/@pangarsaditia/post/DYEU6jdEbnL?xmt=AQG0AYqe7i-TF9XEeiQU3s7XutbgNRKypgefyRC0HXNcVA,pangarsaditia,2026-05-08,"Dia ngasih tau bahwa kita bisa turun puluhan kg tanpa harus ngehindar dari nasi, roti, pasta, atau karbo lainnya. Dia rekomendasiin saya buat nonton video-video nya Jessie Inchauspe. Dan di situlah saya ketampar. Ternyata yang bikin gendut bukan semata-mata karena makan gula atau karbo. Tapi karena cara makannya yang salah. Karena yang bikin lemak numpuk adalah saat gula darah naik dan turun secara tiba-tiba. Dan hal itu bisa gampang diakalin."
https://www.threads.com/@pangarsaditia/post/DYEU6jdEbnL?xmt=AQG0AYqe7i-TF9XEeiQU3s7XutbgNRKypgefyRC0HXNcVA,pangarsaditia,2026-05-08,"Yang pertama adalah selalu makan karbo + serat. Makan indomie? Pakein daun sawi segenggam. Makan nasi? wajib ada sayur hijau rebus. Serat memperlambat naiknya gula darah. Alhasil, ga ada lonjakan, dan lemak engga numpuk. Yang kedua adalah minum satu sendok cuka apel dicampur air sebelum makan karbo. Selain serat, asem juga bisa nurunin lonjakan gula darah. Di mana saya mati-matian nahan nafsu buat ga makan nasi, si temen saya itu masih bisa enjoy makan nasgor dan pasta dengan hati tenang"
https://www.threads.com/@pangarsaditia/post/DYEU6jdEbnL?xmt=AQG0AYqe7i-TF9XEeiQU3s7XutbgNRKypgefyRC0HXNcVA,pangarsaditia,2026-05-08,"Ketiga, sekaligus yang paling penting adalah banyak gerak. Kunci turun bb bukan cuma soal apa yang dimakan. Tapi soal gerak. Bukan gym, bukan olahraga berat. Tapi NEAT: gerakan-gerakan kecil sehari-hari yang sering kita anggap sepele. Bersih-bersih rumah, jalan ke toilet, dan yang paling efektif adalah: kurangin waktu duduk. Semakin jarang kita duduk, semakin cepet juga lemak kita kebakar"
https://www.threads.com/@pangarsaditia/post/DYEU6jdEbnL?xmt=AQG0AYqe7i-TF9XEeiQU3s7XutbgNRKypgefyRC0HXNcVA,pangarsaditia,2026-05-08,"Selama tahun terkahir, saya udah praktekin trik-trik tersebut; Tiap hari makan nasi. Tapi selalu sama serat+minum cuka. Saya juga banyakin gerak dan kurangin waktu duduk. Hasilnya? Tiga kali health check-up setiap bulan hasilnya selalu normal. BB saya tetep stabil meskipun saya makan nasi, roti, dan pasta hampir tiap hari."
https://www.threads.com/@pangarsaditia/post/DYEU6jdEbnL?xmt=AQG0AYqe7i-TF9XEeiQU3s7XutbgNRKypgefyRC0HXNcVA,pangarsaditia,2026-05-08,"Ternyata selama ini, musuhnya bukan nasi. Musuhnya adalah panik dan rasa parno yang bikin saya langsung jalanin diet ekstrem tanpa cari tahu alternatifnya dulu. Tapi dari situ saya bersyukur, karena saya bisa belajar bedanya kerja keras dan kerja cerdas."
https://www.threads.com/@pangarsaditia/post/DYEU6jdEbnL?xmt=AQG0AYqe7i-TF9XEeiQU3s7XutbgNRKypgefyRC0HXNcVA,Pinned,2026-05-10,Makasih banyak yang udah luangin waktu buat baca 🙏 Perlu digaris bawahi kalo saya cuma sharing pengalaman pribadi dan informasi yang saya dapet dari narasumber (Jessie Inchauspe) Saya juga bukan ahli kesehatan atau dokter. Jadi mohon kebijaksanaan masing-masing buat ngikutin tips yang ada disini ya… (Terutama soal minum cuka hehe)
https://www.threads.com/@pangarsaditia/post/DYEU6jdEbnL?xmt=AQG0AYqe7i-TF9XEeiQU3s7XutbgNRKypgefyRC0HXNcVA,adelinaayuningtyas,2026-05-08,"Udah nonton dokumenter ini blm di netflix? Intinya walaupun terkena diabet, kolesterol bahkan kanker sekalipun bisa sembuh tanpa bergantung obat an. Intinya hanya dari jaga makan, olahraga dan diet yang benar. Ini diperkuat oleh beberapa dokter ahli dan peneliti medis, cuma metode ini tidak dpromosikan dgn luas krn apa? Industri farmasi itu adalah industri miliaran dollar, dan mereka yg membiayai rumahsakit , jd dibuatlah konspirasi spy kl bisa org trgantung obat seumur hidup."
https://www.threads.com/@pangarsaditia/post/DYEU6jdEbnL?xmt=AQG0AYqe7i-TF9XEeiQU3s7XutbgNRKypgefyRC0HXNcVA,chaniaenjoy,2026-05-08,"Kalo minum cuka, pake sedotan ya gaes.. Biar g langsung kena gigi 😁"
https://www.threads.com/@pangarsaditia/post/DYEU6jdEbnL?xmt=AQG0AYqe7i-TF9XEeiQU3s7XutbgNRKypgefyRC0HXNcVA,rampartez,2026-05-08,". Cara makan yang benar Fiber > Protein > Fat > Carbs > Sugar, ACV bisa langsung sebelum carbs . Sayuran yang anda sebut tidak mengandung fiber, sayuran rata fiber hanya - %, ada sedikit yang % tapi jarang. Lalu apa yang fibernya diatas ? Biji""an dan Kacang""an, - %, ada protein serta lemak juga ☺️ . Makan minum manis boleh, tapi gula bisa diganti stevia. tetes stevia = gr gula, stevia merupakan produk distilasi uap dari daun stevia."
https://www.threads.com/@pangarsaditia/post/DYEU6jdEbnL?xmt=AQG0AYqe7i-TF9XEeiQU3s7XutbgNRKypgefyRC0HXNcVA,ayahokinawae,2026-05-08,"Pengganti nasi kak, kukusan bikin badan lebih seger ringan, kenyang tp nagih"
https://www.threads.com/@pangarsaditia/post/DYEU6jdEbnL?xmt=AQG0AYqe7i-TF9XEeiQU3s7XutbgNRKypgefyRC0HXNcVA,riayani,2026-05-08,"Saya kena tensi n kolestrol,di kelg ada turunan gula n habis operasi tumor ringan di payudara. Komplit g tuh? Terus diet setiap pagi sarapan buah n sayur direbus aja,protein dr telur rebus selama bln,ngurangin nasi n stop Indomie. Alhamdullilah langsung normal semua baik itu tensi,kolestrol n gula n BB nya stabil. G naik g turun."
https://www.threads.com/@pangarsaditia/post/DYEU6jdEbnL?xmt=AQG0AYqe7i-TF9XEeiQU3s7XutbgNRKypgefyRC0HXNcVA,belindamulyono,2026-05-08,Temen ibuku ada yang tanggal gigi karena mungkin tidak hati-hati dalam konsumsi cuka apel. Jadi tolong perhatikan bagi temen threads yang ingin coba juga. . Dicampur air: sendok cuka apel + Air gelas ( - ml) . Hindari kontak langsung cuka apel dengan gigi. Gunakan sedotan kalau perlu. . Kumur dengan air sesaat setelah minum larutan cuka apel dan air. . Tunggu minimal menit sebelum sikat gigi supaya enamel gigi terbentuk kembali.
https://www.threads.com/@pangarsaditia/post/DYEU6jdEbnL?xmt=AQG0AYqe7i-TF9XEeiQU3s7XutbgNRKypgefyRC0HXNcVA,mommy_zaffran,2026-05-09,Maka nya kenapa kl abis makan g boleh langsung sikat gigi ya ? Enamel gigi nya ya
https://www.threads.com/@pangarsaditia/post/DYEU6jdEbnL?xmt=AQG0AYqe7i-TF9XEeiQU3s7XutbgNRKypgefyRC0HXNcVA,belindamulyono,2026-05-09,"Betul! jadi gini ya kak urutannya kalau kita mau makan sambil konsumsi cuka apel. . Cuka apel + air . Kumur langsung . Tunggu - menit kemudian sarapan seperti biasa. . Tunggu LAGI - menit untuk sikat gigi. Jadi kandungan cuka apel itu kan asam ya kak. PHnya di sekitar - . Asam itu bisa meluruhkan enamel gigi untuk sementara. Waktu tunggu - menit itu menetralkan mulut dan memberi waktu untuk enamel terbentuk lagi. Kalau tidak nanti mineral gigi terkikis, jadi gigi rusak."
https://www.threads.com/@pangarsaditia/post/DYEU6jdEbnL?xmt=AQG0AYqe7i-TF9XEeiQU3s7XutbgNRKypgefyRC0HXNcVA,atenxl,2026-05-08,"gw dulu nurunin kg-an dr ke kg gak cut gula am nasi, carbo cukup kurangin aj am cardio jg banyakin protein dan sekali ada cheat day seminggu sekali la tapi kaya yg instant, sachetan am junkfood gw hindarin begadang kadang masi, tapi usahain - jam istirahat btw coba makan pare mentah, lumayan nahan gula darah naik am bab jd lebih lancar besoknya"
https://www.threads.com/@pangarsaditia/post/DYEU6jdEbnL?xmt=AQG0AYqe7i-TF9XEeiQU3s7XutbgNRKypgefyRC0HXNcVA,wiwickxst,2026-05-08,"Saya setuju soal NEAT. Seinget saya, pernah ada utas yg bahas beberapa kebiasaan sepele yg ternyata bisa mencegah atau mengurangi potensi diabetes, salah satunya adalah habis makan lgsg nyuci piring atau gak beresin dapur"
https://www.threads.com/@pangarsaditia/post/DYEU6jdEbnL?xmt=AQG0AYqe7i-TF9XEeiQU3s7XutbgNRKypgefyRC0HXNcVA,tomy_taefuri,2026-05-08,"Mertua ku SDH hampir taun lebih vegetarian&ga minum manis,,di sebabkan Luka di kaki yg ga sembuh .kata dokter dulu harus di potong kakinya.semenjak vegetarian sekarang luka nya sudah kering dan sdh mulai rapet lagi lukanya.kemarin mau jalan aja harus ngesod dulu.sekarang sudah bisa berkebun lagi.dan jama'ah waktu nya ngga pernah telat"
https://www.threads.com/@pangarsaditia/post/DYEU6jdEbnL?xmt=AQG0AYqe7i-TF9XEeiQU3s7XutbgNRKypgefyRC0HXNcVA,fathur.ak,2026-05-08,"Saya diet dari kg, sekarang udah kg selama bln, selama diet karbo tetep masuk (porsi berkurang), tepung, goreng & gula sesekali aja, yg penting banyakin protein & serat. Olahraga jujur jarang. Yg penting itu paham defisit kalori aja sih, kalori yg masuk < kalori yg dibakar tiap hari."
https://www.threads.com/@pangarsaditia/post/DYEU6jdEbnL?xmt=AQG0AYqe7i-TF9XEeiQU3s7XutbgNRKypgefyRC0HXNcVA,pangarsaditia,2026-05-08,"Wah selamat bang! nah kadang orang cuma paham defisit kalori tapi ngesampingin makronutrisi (alias ga mentingin protein dan serat) Contoh saya dulu banget: dari turun ke kalori per hari... tapi yang masuk pizza, sosis goreng, nugget, burger 🤣"
https://www.threads.com/@pangarsaditia/post/DYEU6jdEbnL?xmt=AQG0AYqe7i-TF9XEeiQU3s7XutbgNRKypgefyRC0HXNcVA,fathur.ak,2026-05-08,"Wah bener banget, Bang! Defisit kalori itu emang kunci, tapi kalau makronutrisinya ngaco, badan malah jadi 'ngirit' buat bakar lemak. Tanpa protein yang cukup, tubuh malah cenderung ngerusak otot sendiri buat dijadiin energi. Emang paling bener defisit kalori tapi protein sama serat tetep dijagain, biar pembakarannya pas sasaran ke lemak, bukan ke mana-mana!"
https://www.threads.com/@pangarsaditia/post/DYEU6jdEbnL?xmt=AQG0AYqe7i-TF9XEeiQU3s7XutbgNRKypgefyRC0HXNcVA,khansarumie,2026-05-08,"Suami ogut gk main threads si ya, dikirim link jg gk bakal di buka, di screenshot kebanyakan gk bakal di baca juga. Kalo dikasih tau bakal marah, krn memang lelaki jgn di ajariin. Au ah gelap"
https://www.threads.com/@pangarsaditia/post/DYEU6jdEbnL?xmt=AQG0AYqe7i-TF9XEeiQU3s7XutbgNRKypgefyRC0HXNcVA,nevi_warti_mawardi,2026-05-08,"Saya juga mantan pejuang diabetes yg hba c pernah .. usahanya mirip .. dari semua macam diet udh dilakukan tp hasil ng maksimal. Akhirnya saya dikenali dgn program kesehatan TRme. Alhamdulillah cuma bulan penyakit hilang, punya body goal wajah jadi muda lagi.. metabolisme membaik.. massa tulang naik.."
https://www.threads.com/@pangarsaditia/post/DYEU6jdEbnL?xmt=AQG0AYqe7i-TF9XEeiQU3s7XutbgNRKypgefyRC0HXNcVA,nnatasy9,2026-05-08,"Asli ya minum cuka apel sebelum makan sengaruh itu, aku juga ikutin beli yang kayak gini s.shopee.co.id/ fstA… Gara liat ditiktok pernah direview sama bobby ida s.shopee.co.id Jual Dehealth Supplies FINEGA CUKA APEL ml Kemasan Kaca - Membantu Mestabilkan Lonjakan Gula Darah | Shopee Indonesia"
https://www.threads.com/@pangarsaditia/post/DYEU6jdEbnL?xmt=AQG0AYqe7i-TF9XEeiQU3s7XutbgNRKypgefyRC0HXNcVA,sanny_britz,2026-05-08,"Gimana caranya bisa kenyang walau ga makan nasi? Udah nyoba makan Havermoot pake cranberry, kelar makan masih laper. 😅😭 gimana iniiih wkwkwkwk"
https://www.threads.com/@pangarsaditia/post/DYEU6jdEbnL?xmt=AQG0AYqe7i-TF9XEeiQU3s7XutbgNRKypgefyRC0HXNcVA,desainbywto,2026-05-09,"Ijin menduplikasi cara turun berat badannya Bang pangarsaditia / / Di ulang tahun yang ke- , saya nyaris kena diabetes. bulan saya diet ketat: Ga makan nasi sama sekali. BB berhasil turun kg. Tapi di bulan kelima, saya nonton satu video tentang fakta yang lumayan bikin nyesek."
https://www.threads.com/@pangarsaditia/post/DYEU6jdEbnL?xmt=AQG0AYqe7i-TF9XEeiQU3s7XutbgNRKypgefyRC0HXNcVA,yonosastra,2026-02-06,"Weight loss journey d Awalnya kg. Hasil cek-up byk yg jelek. Akhirnya diet extreme kalori. bln turun kg. Tanpa olga/fasting. Fokus di defkal. Setelah itu, rutin olga. Sering IF , dan ganti pola makan totally (ovo-vegan). Saat ini kg (BMI ). Stabil. Hasil test darah semua jadi normal. Dan juga berhasil lepas obat darting stelah konsul dgn dokter. Saat ini masih terus melatih diri utk jaga tetap sehat/bugar. Salam sehat buat semua 🫶"
https://www.threads.com/@pangarsaditia/post/DYEU6jdEbnL?xmt=AQG0AYqe7i-TF9XEeiQU3s7XutbgNRKypgefyRC0HXNcVA,saifull.amzi,2026-05-14,"Ternyata kita bukan jelek, kita cuma gendut 😅. Foto kiri BB g, foto Kanan Kg. Alhamdulillah... Setelah konsisten jalan pagi sekitar menit, hindari nasi, gula dan tepung selama bulan, mulai terlihat hasilnya. Berkat saran dari warga thread. ""Diet yang baik adalah diet yang dikerjakan."""
https://www.threads.com/@pangarsaditia/post/DYEU6jdEbnL?xmt=AQG0AYqe7i-TF9XEeiQU3s7XutbgNRKypgefyRC0HXNcVA,handakabm,2026-05-08,"Bagus mas, wajah keliatan bersih ketika diet Karbo/gula pangarsaditia / / Di ulang tahun yang ke- , saya nyaris kena diabetes. bulan saya diet ketat: Ga makan nasi sama sekali. BB berhasil turun kg. Tapi di bulan kelima, saya nonton satu video tentang fakta yang lumayan bikin nyesek."
https://www.threads.com/@pangarsaditia/post/DYEU6jdEbnL?xmt=AQG0AYqe7i-TF9XEeiQU3s7XutbgNRKypgefyRC0HXNcVA,gucayyy,2026-05-12,"Ga bisa bikin jurnal diet, Tapi awal aku mulai diet itu waktu berat badan genap kg Ukuran celana , baju jadi XL, Diet rutin bulan dengan jalan kaki - per hari, dan intermiten fasting, sampai akhirnya turun ke kg Size celana balik ke , kaos ke L, Tapi per hari ini sudah balik lagi kg wkwk"
https://www.threads.com/@nafkahnation.dx/post/DYlJfXMH_F2?xmt=AQG0AYqe7i-TF9XEeiQU3s7XutbgNRKypgefyRC0HXNcVA,nafkahnation.dx,2026-02-06,"d TEMENNYA TEMEN GW DIAGNOSA PRE-DIABETES. Umur . Rajin gym. Makan teratur. Lifestyle aktif. Gak ngerti kenapa. Yg dia konsumsi tiap hari cuma hal: es kopi susu kekinian. Buat ""treat"" abis workout. Gw nanya tetangga gw. Bukan owner. Bukan barista. Bagian operasional di chain kopi besar. Dia ketawa: ""Lo tau gak ada modus chain kopi yg sengaja didesain biar cup = AKG gula lo sehari?"" Trs sebut istilah yg bikin gw cek menu langganan gw. Istilahnya :"
https://www.threads.com/@nafkahnation.dx/post/DYlJfXMH_F2?xmt=AQG0AYqe7i-TF9XEeiQU3s7XutbgNRKypgefyRC0HXNcVA,nafkahnation.dx,2026-02-06,"d Gw: ""Maksudnya?"" Dia: ""Premix Syrup. Sirup gula aren cair industrial siap pakai. Bukan gula aren batok yg lo bayangin di pohon."" ""Lo lihat menu: 'gula aren asli dari petani.' Mayoritas chain pake premix dari distributor. Banyak yg dicampur fruktosa atau gula tebu cair. Stabil. Murah. Konsisten manis."" ""Gula aren ASLI: IG ~ . Premix yg banyak dicampur: bisa hampir setara gula putih IG - ."" Lonjakan insulin = beda jauh."
https://www.threads.com/@nafkahnation.dx/post/DYlJfXMH_F2?xmt=AQG0AYqe7i-TF9XEeiQU3s7XutbgNRKypgefyRC0HXNcVA,nafkahnation.dx,2026-02-06,"d ""Trs?"" Dia: ""Itu baru modus . Skrg gw bocorin modus chain kopi yg lo gak sadar."" MODUS : PREMIX DIBRANDING ""GULA AREN ASLI"" ""Gula aren batok asli petani: Rp - rb/kg. Premix syrup industrial: Rp - rb/liter setara."" ""Selisih - x. Chain pasti pilih yg lebih murah, lebih stabil."" ""Klaim 'asli, langsung dari petani' itu copywriting. Sertifikasi organik nya jarang ditunjukin."""
https://www.threads.com/@nafkahnation.dx/post/DYlJfXMH_F2?xmt=AQG0AYqe7i-TF9XEeiQU3s7XutbgNRKypgefyRC0HXNcVA,nafkahnation.dx,2026-02-06,"d MODUS : "" % SWEETNESS"" = AKG SEHARI ""Default sweetness chain kopi: - gram gula per cup. Kemenkes max: gram per HARI."" ""Data Indonesia Baik (Kemkominfo): cup es kopi susu kekinian = - kkal, - g gula."" Gw bengong. ""Lo minum cup = jatah gula sehari abis. Belom hitung makan + cemilan + minuman lain."" Direktur PTM Kemenkes : % masyarakat Indonesia konsumsi gula > batas normal. %."
https://www.threads.com/@nafkahnation.dx/post/DYlJfXMH_F2?xmt=AQG0AYqe7i-TF9XEeiQU3s7XutbgNRKypgefyRC0HXNcVA,nafkahnation.dx,2026-02-06,"d MODUS : ""FRESH MILK"" = UHT BOX ""Menu tulis 'fresh milk dari farm.' Gambar sapi di poster."" ""Realita mayoritas chain mass-market: UHT box. Harga Rp - rb/liter."" ""Susu segar asli peternakan: Rp - rb/liter. Masa simpan pendek. Supply chain ribet. Buat chain ratusan outlet = gak ekonomis."" ""UHT diklaim 'fresh milk' karena belum dibuka kemasan."" Teknis bener. Etika? Lo aja yg nilai."
https://www.threads.com/@nafkahnation.dx/post/DYlJfXMH_F2?xmt=AQG0AYqe7i-TF9XEeiQU3s7XutbgNRKypgefyRC0HXNcVA,nafkahnation.dx,2026-02-06,"d MODUS : HPP Rp . JUAL Rp - RIBU Gw: ""Markup berapa???"" Dia: ""Itung sendiri. HPP es kopi susu chain rata-rata Rp - /cup. Jual Rp - rb."" ""Margin - %. Standar F&B sehat food cost - %. Chain kopi: food cost - %."" ""Lo bukan bayar kopinya. Lo bayar branding, AC, foto Instagram, sewa mall."" Cup di tangan lo: ongkos bahan Rp . Sisanya?"
https://www.threads.com/@nafkahnation.dx/post/DYlJfXMH_F2?xmt=AQG0AYqe7i-TF9XEeiQU3s7XutbgNRKypgefyRC0HXNcVA,nafkahnation.dx,2026-02-06,"d ""Tp gw masih boleh ngopi kan?"" Dia: ""Boleh. Tp lakuin hal:"" "" . PESAN LESS SUGAR %. Default % itu udh lewat AKG. % rasanya tetep manis."" "" . CEK NUTRI-LEVEL. Per Keputusan Kemenkes wajib ada label gizi di minuman berpemanis. Cari logo Nutri-Level. Klo A/B masih aman. C/D = bom gula."" "" . TANYA: 'Pak, gula aren ASLI batok apa premix syrup?' Barista nya mengelak = lo udh dpt jawabannya."""
https://www.threads.com/@nafkahnation.dx/post/DYlJfXMH_F2?xmt=AQG0AYqe7i-TF9XEeiQU3s7XutbgNRKypgefyRC0HXNcVA,nafkahnation.dx,2026-02-06,"d Fakta dr Kemenkes + Riskesdas + IDF: - % masyarakat Indonesia konsumsi gula > batas normal - Indonesia RANKING DUNIA penderita diabetes. , JUTA orang - Diabetes < tahun naik signifikan (dr Erpryta Tetrasiwi SpPD) - Permenkes / wajib cantumin info gula garam lemak - Riskesdas : , % masyarakat konsumsi GGL > batas Lo ngopi cup/hari × = - kg gula setahun. Cuma dari kopi. Belom yg laen."
https://www.threads.com/@nafkahnation.dx/post/DYlJfXMH_F2?xmt=AQG0AYqe7i-TF9XEeiQU3s7XutbgNRKypgefyRC0HXNcVA,nafkahnation.dx,2026-02-06,"d ""Klo gw udh ngopi kekinian bertahun-tahun?"" Dia: ""Cek HbA c di lab. Rp - rb. Indikator gula darah rata-rata bulan terakhir."" ""Lebih dari = pre-diabetes. Lebih dari = diabetes tipe ."" ""Realistis: % org gak akan test krn ngerasa baik aja."" ""Solusi paling aman: bikin kopi sendiri di rumah. Vietnam Drip Rp rb. Espresso machine entry Rp - juta. Gula lo kontrol sendiri."" Mahal awal. Insulin selamat."
https://www.threads.com/@nafkahnation.dx/post/DYlJfXMH_F2?xmt=AQG0AYqe7i-TF9XEeiQU3s7XutbgNRKypgefyRC0HXNcVA,nafkahnation.dx,2026-02-06,d Bukan semua chain kopi begini. Specialty coffee shop yg transparan asal beans + pake fresh milk asli + gula on the side = beda kelas. Tp mayoritas chain mass-market Rp - rb = modus di atas. Bukan salah barista. Mrk jalanin SOP brand. Bukan salah lo. Gak ada yg ngajarin baca info gizi. Tp lo punya senjata simpel. PESAN LESS SUGAR %. detik sebelum bayar. Temennya temen gw umur . Pre-diabetes. Gak ada yg ngasih tau dia dulu. Skrg lo udh tau.
https://www.threads.com/@nafkahnation.dx/post/DYlJfXMH_F2?xmt=AQG0AYqe7i-TF9XEeiQU3s7XutbgNRKypgefyRC0HXNcVA,nafkahnation.dx,2026-02-06,"d Btw setelah gw diceramahin temen gw itu, gw langsung searching dong, ternyata kopi yg bagus itu kopi dgn kandungan gula yg paling sedikit, atau tanpa gula sama sekali Dan ini kopi rekomend gula paling sedikit s.shopee.co.id/ fPM … Ini kopi rekomend tanpa gula s.shopee.co.id/ ALch… Tapi kalo tetep pengen kopi starb***s, gw juga nemu versi murahnya disini s.shopee.co.id/ ztHU…"
https://www.threads.com/@nafkahnation.dx/post/DYlJfXMH_F2?xmt=AQG0AYqe7i-TF9XEeiQU3s7XutbgNRKypgefyRC0HXNcVA,pandi_emon,2026-02-06,d Ada yang salah dari kawan anda. minum kopsu buat treat abis workout padahal kalo diminum sebelum workout kan gulanya bisa diolah jadi energi pas workout
https://www.threads.com/@nafkahnation.dx/post/DYlJfXMH_F2?xmt=AQG0AYqe7i-TF9XEeiQU3s7XutbgNRKypgefyRC0HXNcVA,putririzkita__,2026-02-06,d Baiknya kalo mau ngopi yg manis ya minum kopi dulu baru Olahraga/Workout/aktifitas fisik aktif biar gulanya tersalurkan jadi energi. Kalo langsung rebahan ya blasss lonjakan gula darah naik.
https://www.threads.com/@nafkahnation.dx/post/DYlJfXMH_F2?xmt=AQG0AYqe7i-TF9XEeiQU3s7XutbgNRKypgefyRC0HXNcVA,nafkahnation.dx,2026-02-06,d Nah iyaa betul sekali kak Gulanya langsung jadi energi bener 👍
https://www.threads.com/@nafkahnation.dx/post/DYlJfXMH_F2?xmt=AQG0AYqe7i-TF9XEeiQU3s7XutbgNRKypgefyRC0HXNcVA,adityaa_septian,2026-02-06,"d Maknnya kalo mau ngopi beneran ya kopi pait, kapal api juga mantul Yg itu mah gula rasa kopi"
https://www.threads.com/@nafkahnation.dx/post/DYlJfXMH_F2?xmt=AQG0AYqe7i-TF9XEeiQU3s7XutbgNRKypgefyRC0HXNcVA,nafkahnation.dx,2026-02-06,"d Bener banget sih bang, kopi tanpa gula ya"
https://www.threads.com/@nafkahnation.dx/post/DYlJfXMH_F2?xmt=AQG0AYqe7i-TF9XEeiQU3s7XutbgNRKypgefyRC0HXNcVA,adityaa_septian,2026-02-06,d Sama air putih jangan lupa sih
https://www.threads.com/@nafkahnation.dx/post/DYlJfXMH_F2?xmt=AQG0AYqe7i-TF9XEeiQU3s7XutbgNRKypgefyRC0HXNcVA,vivieliu_,2026-02-06,"d fyi, vape jg bisa jd pemicu pre diabetes guys🫴🏻"
https://www.threads.com/@nafkahnation.dx/post/DYlJfXMH_F2?xmt=AQG0AYqe7i-TF9XEeiQU3s7XutbgNRKypgefyRC0HXNcVA,nafkahnation.dx,2026-02-06,d Wah manis juga sih ya Makasih infonya kak
https://www.threads.com/@nafkahnation.dx/post/DYlJfXMH_F2?xmt=AQG0AYqe7i-TF9XEeiQU3s7XutbgNRKypgefyRC0HXNcVA,yanartsie_,2026-02-06,"d Team americano tiap pagi, pahit² syedep sama ubi rebus dan jagung rebus🤣 Americano nescafe ga bikin diabetes dan ginjal kan bang?"
https://www.threads.com/@nafkahnation.dx/post/DYlJfXMH_F2?xmt=AQG0AYqe7i-TF9XEeiQU3s7XutbgNRKypgefyRC0HXNcVA,nafkahnation.dx,2026-02-06,"d Mantap kak, syedep ya 😂 Engga kok kak, tp jangan berlebihan aja yaa wkwk"
https://www.threads.com/@nafkahnation.dx/post/DYlJfXMH_F2?xmt=AQG0AYqe7i-TF9XEeiQU3s7XutbgNRKypgefyRC0HXNcVA,gembokruumah,2026-02-06,d Klo minum tiap hari tapi no sugar Aman gk kak??
https://www.threads.com/@nafkahnation.dx/post/DYlJfXMH_F2?xmt=AQG0AYqe7i-TF9XEeiQU3s7XutbgNRKypgefyRC0HXNcVA,amyle2987,2026-02-06,d Saya jujur ga ngopi karena kluarga bnyk yg kena diabetes Jd sy pakai pola makan teratur Pagi hanya minum air putih nti jam or baru makan buah ntah alpukat atau yg lainnya. Klo masak nasi pakai magicom setelah matang lgsg cabut karena semangkin nasi terlalu lama semangkin manis dan menyebabkan gula darah naik.
https://www.threads.com/@nafkahnation.dx/post/DYlJfXMH_F2?xmt=AQG0AYqe7i-TF9XEeiQU3s7XutbgNRKypgefyRC0HXNcVA,nafkahnation.dx,2026-02-06,d Wah pola hidup yg sangat sehat kak Terima kasih sharing nya kak Sehat sehat kak 🙌
https://www.threads.com/@nafkahnation.dx/post/DYlJfXMH_F2?xmt=AQG0AYqe7i-TF9XEeiQU3s7XutbgNRKypgefyRC0HXNcVA,amyle2987,2026-02-06,d Kamu juga semoga sehat selalu ya
https://www.threads.com/@nafkahnation.dx/post/DYlJfXMH_F2?xmt=AQG0AYqe7i-TF9XEeiQU3s7XutbgNRKypgefyRC0HXNcVA,restylossaryta,2026-02-06,"d Makasih ya insight ny bang , untung sy gk doyan jajan kopi , atau booba menurut rasany terlalu manis dan mahal jg kurang suka 😆"
https://www.threads.com/@nafkahnation.dx/post/DYlJfXMH_F2?xmt=AQG0AYqe7i-TF9XEeiQU3s7XutbgNRKypgefyRC0HXNcVA,nafkahnation.dx,2026-02-06,"d Iyaa dengan senang hati kak Wah kak untung ga suka yaa, jadi lebih sehat secara tubuh dan juga finansial kak 😂"
https://www.threads.com/@nafkahnation.dx/post/DYlJfXMH_F2?xmt=AQG0AYqe7i-TF9XEeiQU3s7XutbgNRKypgefyRC0HXNcVA,parr.raae,2026-02-06,"d Wahhh makasihh bang insight nya, aku tiap hari minum kopi susu gula nya % kadang americano next order yg gula - %"
https://www.threads.com/@nafkahnation.dx/post/DYlJfXMH_F2?xmt=AQG0AYqe7i-TF9XEeiQU3s7XutbgNRKypgefyRC0HXNcVA,kowekuat,2026-02-06,d thanks informasinya sgt berfaedah.. jadi bisa ngaca.. 👍🏻
https://www.threads.com/@nafkahnation.dx/post/DYlJfXMH_F2?xmt=AQG0AYqe7i-TF9XEeiQU3s7XutbgNRKypgefyRC0HXNcVA,nafkahnation.dx,2026-02-06,"d Sama kak, semoga bermanfaat 😊"
https://www.threads.com/@nafkahnation.dx/post/DYlJfXMH_F2?xmt=AQG0AYqe7i-TF9XEeiQU3s7XutbgNRKypgefyRC0HXNcVA,ninikandria,2026-02-06,"d Apakah cuma sy di dunia ini yg ga suka kopi kekinian? Sama sekali ga pernah sentuh kopi, even di beliin atau ditraktir ttp ga diminum ya cuma sruput aja dikit krn udah terlanjur dibeliin , sebetulnya suka manis tapi udah sejak puluhan tahun sadar diri harus ngurangin manis jd skrng minum manis dikit udah eneg duluan krn lidah udah terbiasa air putih dingin aja cukup"
https://www.threads.com/@nafkahnation.dx/post/DYlJfXMH_F2?xmt=AQG0AYqe7i-TF9XEeiQU3s7XutbgNRKypgefyRC0HXNcVA,cutristy,2026-02-06,h Bisa jadi genetik jg gk sih
https://www.threads.com/@nafkahnation.dx/post/DYlJfXMH_F2?xmt=AQG0AYqe7i-TF9XEeiQU3s7XutbgNRKypgefyRC0HXNcVA,himawanfr,2026-02-06,d Untung jarang bgt kopsus
https://www.threads.com/@nafkahnation.dx/post/DYlJfXMH_F2?xmt=AQG0AYqe7i-TF9XEeiQU3s7XutbgNRKypgefyRC0HXNcVA,nafkahnation.dx,2026-02-06,d Sehat malah bang
https://www.threads.com/@nafkahnation.dx/post/DYlJfXMH_F2?xmt=AQG0AYqe7i-TF9XEeiQU3s7XutbgNRKypgefyRC0HXNcVA,skootrmari,2026-02-06,"h Hey bros who whine about “height supremacy!” Yall are aware that it’s ✨patriarchy✨ that pushes men and women to be insecure about women being taller than their male partners, yes?"
https://www.threads.com/@nafkahnation.dx/post/DYlJfXMH_F2?xmt=AQG0AYqe7i-TF9XEeiQU3s7XutbgNRKypgefyRC0HXNcVA,my.nintendo.news,2026-02-06,h Japan: Pokemon Company considering authentication via government IDs to battle TCG scalping mynintendonews.com/ … mynintendonews.com Japan: Pokemon Company considering authentication via government IDs to battle TCG scalping
https://www.threads.com/@hangnuat/post/DXS2i64k9j_?xmt=AQG0AYqe7i-TF9XEeiQU3s7XutbgNRKypgefyRC0HXNcVA,hangnuat,2026-04-19,Tanda tanda berlebihan GULA dalam tubuh kita
https://www.threads.com/@hangnuat/post/DXS2i64k9j_?xmt=AQG0AYqe7i-TF9XEeiQU3s7XutbgNRKypgefyRC0HXNcVA,hangnuat,2026-04-19,". Selalu haus dan sering kencing Badan cuba buang gula yang berlebihan melalui air kencing, sebab itu badan cepat hilang air"
https://www.threads.com/@hangnuat/post/DXS2i64k9j_?xmt=AQG0AYqe7i-TF9XEeiQU3s7XutbgNRKypgefyRC0HXNcVA,hangnuat,2026-04-19,". Cepat letih dan mudah mengantuk Bila gula tinggi, insulin terpaksa kerja kuat Tenaga pun turun naik, sebab itu badan cepat lemas"
https://www.threads.com/@hangnuat/post/DXS2i64k9j_?xmt=AQG0AYqe7i-TF9XEeiQU3s7XutbgNRKypgefyRC0HXNcVA,hangnuat,2026-04-19,". Penglihatan kabur Gula tinggi ubah penglihatan dalam mata, jadinya pandangan jadi tidak jelas"
https://www.threads.com/@hangnuat/post/DXS2i64k9j_?xmt=AQG0AYqe7i-TF9XEeiQU3s7XutbgNRKypgefyRC0HXNcVA,hangnuat,2026-04-19,". Selera makan naik tak berhenti Walaupun gula dalam darah tinggi, sel badan masih tak cukup tenaga sebab insulin tak berfungsi baik"
https://www.threads.com/@hangnuat/post/DXS2i64k9j_?xmt=AQG0AYqe7i-TF9XEeiQU3s7XutbgNRKypgefyRC0HXNcVA,hangnuat,2026-04-19,. Gigi selalu bermasalah Bakteria plak dan penyebab ulser mulut senang membiak bila gula darah tinggi
https://www.threads.com/@hangnuat/post/DXS2i64k9j_?xmt=AQG0AYqe7i-TF9XEeiQU3s7XutbgNRKypgefyRC0HXNcVA,hangnuat,2026-04-19,. Luka lambat sembuh Gula berlebihan ganggu aliran darah dan proses pembaikan sel
https://www.threads.com/@hangnuat/post/DXS2i64k9j_?xmt=AQG0AYqe7i-TF9XEeiQU3s7XutbgNRKypgefyRC0HXNcVA,hangnuat,2026-04-19,". Kulit gatal, kering, atau naik tompok hitam di leher/ketiak Ini tanda insulin dalam darah banyak sangat"
https://www.threads.com/@hangnuat/post/DXS2i64k9j_?xmt=AQG0AYqe7i-TF9XEeiQU3s7XutbgNRKypgefyRC0HXNcVA,hangnuat,2026-04-19,. Berat badan naik atau turun tanpa sebab yang jelas Metabolisme badan jadi tak stabil gara-gara gangguan insulin
https://www.threads.com/@hangnuat/post/DXS2i64k9j_?xmt=AQG0AYqe7i-TF9XEeiQU3s7XutbgNRKypgefyRC0HXNcVA,hangnuat,2026-04-19,. Rasa kebas atau semut-semut di tangan dan kaki Gula tinggi lama-lama boleh rosakkan saraf
https://www.threads.com/@hangnuat/post/DXS2i64k9j_?xmt=AQG0AYqe7i-TF9XEeiQU3s7XutbgNRKypgefyRC0HXNcVA,suzzy_zie,2026-04-19,"Brisk walk,bnyk kn minum air masak dan kurangkan gula&karbohidrat.."
https://www.threads.com/@hangnuat/post/DXS2i64k9j_?xmt=AQG0AYqe7i-TF9XEeiQU3s7XutbgNRKypgefyRC0HXNcVA,hangnuat,2026-04-19,"Tambah lagi, setahun sekali jumpa doktor buat check up kesihatan..."
https://www.threads.com/@hangnuat/post/DXS2i64k9j_?xmt=AQG0AYqe7i-TF9XEeiQU3s7XutbgNRKypgefyRC0HXNcVA,suzzy_zie,2026-04-19,YES
https://www.threads.com/@hangnuat/post/DXS2i64k9j_?xmt=AQG0AYqe7i-TF9XEeiQU3s7XutbgNRKypgefyRC0HXNcVA,cikgirang,2026-04-19,So solution dia mcm mana?
https://www.threads.com/@hangnuat/post/DXS2i64k9j_?xmt=AQG0AYqe7i-TF9XEeiQU3s7XutbgNRKypgefyRC0HXNcVA,pykaasuhaimi_,2026-04-19,semua ada kat saya😭
https://www.threads.com/@hangnuat/post/DXS2i64k9j_?xmt=AQG0AYqe7i-TF9XEeiQU3s7XutbgNRKypgefyRC0HXNcVA,sheikh_harlem,2026-04-19,No pembetulan. Pancreas akan berkerja keras tu rembes insulin tuk menstabil kan gula dlm badan / darah Info lg jangan amalkan minum air sejuk berais / dr peti sejuk. Perbuatan ini akan membuatkan pankreas anda cepat rosak lg anak kecil bawah umur tahun.
https://www.threads.com/@hangnuat/post/DXS2i64k9j_?xmt=AQG0AYqe7i-TF9XEeiQU3s7XutbgNRKypgefyRC0HXNcVA,tasyamazalee_,2026-04-19,"Sesiapa yang ada tanda-tanda ni, boleh terus pergi med checkup.. Saya buat med checkup dkt KK KD, sekarang dah ada diabetes tahun dah.. Selamatkan badan anda, nanti boleh rosak buah pinggang, mata jadi buta, dan banyak lagi effect diabetes ni kalau tak cegah dari awal.."
https://www.threads.com/@hangnuat/post/DXS2i64k9j_?xmt=AQG0AYqe7i-TF9XEeiQU3s7XutbgNRKypgefyRC0HXNcVA,hangnuat,2026-04-19,Betul tu cik.
https://www.threads.com/@hangnuat/post/DXS2i64k9j_?xmt=AQG0AYqe7i-TF9XEeiQU3s7XutbgNRKypgefyRC0HXNcVA,fazli.perspective,2026-04-19,Saya dah ada. Umur
https://www.threads.com/@hangnuat/post/DXS2i64k9j_?xmt=AQG0AYqe7i-TF9XEeiQU3s7XutbgNRKypgefyRC0HXNcVA,hangnuat,2026-04-19,Allahuakbar....dugaan cik
https://www.threads.com/@hangnuat/post/DXS2i64k9j_?xmt=AQG0AYqe7i-TF9XEeiQU3s7XutbgNRKypgefyRC0HXNcVA,leysaa_._,2026-04-19,"Mostly tanda di atas tu sy ada. Hari minum air manis. Pagi malam, tp sy check gula rendah. . Sy pernah masuk hospital doc check bacaan gula dlm darah rendah sgt. tp xboleh nk tinggal 😢"
https://www.threads.com/@hangnuat/post/DXS2i64k9j_?xmt=AQG0AYqe7i-TF9XEeiQU3s7XutbgNRKypgefyRC0HXNcVA,hangnuat,2026-04-19,"Ya cik...gula lebih sangat pun tak boleh, kurang sangat pun tak boleh...kan"
https://www.threads.com/@hangnuat/post/DXS2i64k9j_?xmt=AQG0AYqe7i-TF9XEeiQU3s7XutbgNRKypgefyRC0HXNcVA,norul_mohd,2026-04-19,"Semua tu sy ada tapi mmg sy xambk gula,pelik…. Sy hny air kosong jur"
https://www.threads.com/@hangnuat/post/DXS2i64k9j_?xmt=AQG0AYqe7i-TF9XEeiQU3s7XutbgNRKypgefyRC0HXNcVA,hangnuat,2026-04-19,Cik minum air tapis yang bayar bulan bulan tu ke?
https://www.threads.com/@hangnuat/post/DXS2i64k9j_?xmt=AQG0AYqe7i-TF9XEeiQU3s7XutbgNRKypgefyRC0HXNcVA,manisann.my,2026-04-19,"Alhamdulillah. Saya baru cek bacaan gula saya dua minggu lepas, je walaupun time tu baru lepas makan (alas perut) coklat macam kinder bueno tu"
https://www.threads.com/@hangnuat/post/DXS2i64k9j_?xmt=AQG0AYqe7i-TF9XEeiQU3s7XutbgNRKypgefyRC0HXNcVA,hangnuat,2026-04-19,"Alhamdullilah..masih diberi kesihatan untuk membuat amal ibadat....sekali sekala takpe, teringin tu memang tak boleh lari..😃"
https://www.threads.com/@hangnuat/post/DXS2i64k9j_?xmt=AQG0AYqe7i-TF9XEeiQU3s7XutbgNRKypgefyRC0HXNcVA,fllnh070,2026-04-19,"Yg diatas blh dikatakan ada pd sy,cane cara utk rawat ye?"
https://www.threads.com/@hangnuat/post/DXS2i64k9j_?xmt=AQG0AYqe7i-TF9XEeiQU3s7XutbgNRKypgefyRC0HXNcVA,hyasmin_hara,2026-04-19,Sy mmg dari dulu kurang gula. Tak suka makanan @ minum manis. Tp mostly atas tu saya ada 😅
https://www.threads.com/@hangnuat/post/DXS2i64k9j_?xmt=AQG0AYqe7i-TF9XEeiQU3s7XutbgNRKypgefyRC0HXNcVA,amantius813,2026-04-19,"Puasa, olahraga dan berdoa"
https://www.threads.com/@hangnuat/post/DXS2i64k9j_?xmt=AQG0AYqe7i-TF9XEeiQU3s7XutbgNRKypgefyRC0HXNcVA,hangnuat,2026-04-19,"Medical check up setahun sekali pun kena buat cik, baru tahu kadar gula dalam badan"
https://www.threads.com/@hangnuat/post/DXS2i64k9j_?xmt=AQG0AYqe7i-TF9XEeiQU3s7XutbgNRKypgefyRC0HXNcVA,thelemorez,2026-04-19,Dah nak masuk minggu kedua buat i.f. Bacaan gula dah terkawal. Tak suka pun minum air manis air viral. Cuma kuat makan nasi. Haritu terkejut check gula . Esok tu terus insaf nak diet.
https://www.threads.com/@hangnuat/post/DXS2i64k9j_?xmt=AQG0AYqe7i-TF9XEeiQU3s7XutbgNRKypgefyRC0HXNcVA,hangnuat,2026-04-19,"Dalam nasi pun Ade gula. Pasal tu yg mane diet , jumlah nasi cuma segenggam penumbuk jer...tak boleh lebih"
https://www.threads.com/@hangnuat/post/DXS2i64k9j_?xmt=AQG0AYqe7i-TF9XEeiQU3s7XutbgNRKypgefyRC0HXNcVA,iliayuni,2026-04-19,Kalau dh semua ada tu maknanya ada kencing manis. Tuje
https://www.threads.com/@hangnuat/post/DXS2i64k9j_?xmt=AQG0AYqe7i-TF9XEeiQU3s7XutbgNRKypgefyRC0HXNcVA,hangnuat,2026-04-19,Kan...tapi kencing manis Ade peringkat peringkat dia..peringkat awal buleh selamatkan lagi
https://www.threads.com/@hangnuat/post/DXS2i64k9j_?xmt=AQG0AYqe7i-TF9XEeiQU3s7XutbgNRKypgefyRC0HXNcVA,aarifsepet,2026-04-19,Dah tahun free from sugar. Xpnh menyesal. 💪
https://www.threads.com/@hangnuat/post/DXS2i64k9j_?xmt=AQG0AYqe7i-TF9XEeiQU3s7XutbgNRKypgefyRC0HXNcVA,hangnuat,2026-04-19,Aarif mest amal disiplin kuat. Bukan kaleng kaleng orang boleh menolak gula ni
https://www.threads.com/@hangnuat/post/DXS2i64k9j_?xmt=AQG0AYqe7i-TF9XEeiQU3s7XutbgNRKypgefyRC0HXNcVA,nasa7am.jpg,2026-04-19,satu lagi mulut berbau peluh kuat bau. saya perasan kalau cut sugar sebulan mesti lama lama mulut kurang bau peluh pun tak busuk sangat
https://www.threads.com/@hangnuat/post/DXS2i64k9j_?xmt=AQG0AYqe7i-TF9XEeiQU3s7XutbgNRKypgefyRC0HXNcVA,hangnuat,2026-04-19,Betul tu nasa. Kalau kita pon terbau...apatah lagi yang nak berbual dengan kita. Mesti tak selesa
https://www.threads.com/@hangnuat/post/DXS2i64k9j_?xmt=AQG0AYqe7i-TF9XEeiQU3s7XutbgNRKypgefyRC0HXNcVA,dawnnrisee,2026-05-11,TANDA TUBUH KAMU KEBANYAKAN GULA DAN KAMU GAK SADAR 😭⤵️
https://www.threads.com/@hangnuat/post/DXS2i64k9j_?xmt=AQG0AYqe7i-TF9XEeiQU3s7XutbgNRKypgefyRC0HXNcVA,mopakeai0,2026-04-21,TANDA TUBUH LO KEBANYAKAN GULA BIAR LO GAK GAMPANG NGANTUK & LAPER TERUS.
https://www.threads.com/@hangnuat/post/DXS2i64k9j_?xmt=AQG0AYqe7i-TF9XEeiQU3s7XutbgNRKypgefyRC0HXNcVA,mopakeai0,2026-04-20,TANDA TUBUH KAMU KEBANYAKAN GULA (pantes aja kamu gampang capek & susah fokus)
https://www.threads.com/@hangnuat/post/DXS2i64k9j_?xmt=AQG0AYqe7i-TF9XEeiQU3s7XutbgNRKypgefyRC0HXNcVA,imranraafi,2026-04-25,benyharjadi
https://www.threads.com/@hangnuat/post/DXS2i64k9j_?xmt=AQG0AYqe7i-TF9XEeiQU3s7XutbgNRKypgefyRC0HXNcVA,rizalimnr,2026-02-06,d ryyn_pdia d Tanda-tanda tubuh kebanyakan gula
https://www.threads.com/@hangnuat/post/DXS2i64k9j_?xmt=AQG0AYqe7i-TF9XEeiQU3s7XutbgNRKypgefyRC0HXNcVA,ryyn_pdia,2026-02-06,d Tanda-tanda tubuh kebanyakan gula
https://www.threads.com/@semesta_rayya/post/DTt-IXgkUSJ?xmt=AQG0AYqe7i-TF9XEeiQU3s7XutbgNRKypgefyRC0HXNcVA,semesta_rayya,2026-01-20,Masalah Utama : Diabetes /Prediabetes/PCOS Penyebab Utama : RESISTENSI INSULIN Latihan dibawah ini adalah Cara Cerdik buat MEMPERBAIKI RESISTENSI INSULIN... Penting!!!!untuk kamu ketahui...
https://www.threads.com/@semesta_rayya/post/DTt-IXgkUSJ?xmt=AQG0AYqe7i-TF9XEeiQU3s7XutbgNRKypgefyRC0HXNcVA,semesta_rayya,2026-01-20,"JALUR (Glucose Storage Capity) "" Memperbesar Kapasitas Massa Otot"" Otot adalah tempat paling aman dalam menyimpan gula,jika ototmu kecil dan kamu jarang gerak..kalori yang kamu masukan akan disimpan di dalam jaringan lemak maupun hati...its dengerous!!! Ingat otot hanya bisa berkembang dengan LATIHAN BEBAN,perbanyak gerakan untuk melatih otot besar seperti Squat, Deadlift,Legpress Lakukan minimal - kali /Minggu dengan durasi - menit kg otot baru setara pembuangan Glucose - %"
https://www.threads.com/@semesta_rayya/post/DTt-IXgkUSJ?xmt=AQG0AYqe7i-TF9XEeiQU3s7XutbgNRKypgefyRC0HXNcVA,semesta_rayya,2026-01-20,"JALUR ( Aktifitavasi Glut- ) ""Glucose Transporter Type- )"" Adalah protein transport glukosa yang sensitif terhadap insulin,diaktivasi dengan kontraksi otot berulang dengan intensitas moderat-tinggi, pemakaian gula tanpa jalur insulin,contoh latihanya interval training,sprint,HIIT...latihan - kali/minggu"
https://www.threads.com/@semesta_rayya/post/DTt-IXgkUSJ?xmt=AQG0AYqe7i-TF9XEeiQU3s7XutbgNRKypgefyRC0HXNcVA,semesta_rayya,2026-01-20,"JALUR ( Aktivasi Enzim AMPK) AMPK menjadi regulator mengativasi jalur penghasil energy dan meningkatkan sensitivitas insulin Latihanya : Olahraga sebelum makan dengan HR - %, Intermiten Fasting.."
https://www.threads.com/@semesta_rayya/post/DTt-IXgkUSJ?xmt=AQG0AYqe7i-TF9XEeiQU3s7XutbgNRKypgefyRC0HXNcVA,semesta_rayya,2026-01-20,Kombinasi latihan bisa jadi POWEFULL jika dilakukan dengan rutin... Selamat Mencoba...
https://www.threads.com/@semesta_rayya/post/DTt-IXgkUSJ?xmt=AQG0AYqe7i-TF9XEeiQU3s7XutbgNRKypgefyRC0HXNcVA,bilychia,2026-01-20,"Bener ni sejak gym Hanya bulan HBa c turun dri ke dengan makan yg masih kyk biasa, gym x seminggu kadang x, masalahnya abis gym tu makannya nadi bar jadi berat stuck😁"
https://www.threads.com/@semesta_rayya/post/DTt-IXgkUSJ?xmt=AQG0AYqe7i-TF9XEeiQU3s7XutbgNRKypgefyRC0HXNcVA,wulanboedojo12,2026-01-20,"Kalau bersepeda, selama kurleb menit, x sepekan, masuk ke latihan yang mana bund ?"
https://www.threads.com/@semesta_rayya/post/DTt-IXgkUSJ?xmt=AQG0AYqe7i-TF9XEeiQU3s7XutbgNRKypgefyRC0HXNcVA,semesta_rayya,2026-01-20,Masuknya cardio kak ....jalur nanti pemakaian gula tanpa jalur insulin...aktifasi AMPK...apalagi nyepedanya pake mode interval..kadang sprint kadang lambat....nanjak dll...begitu... Tambah lagi dengan latihan beban ya...sama rajin puasa...
https://www.threads.com/@semesta_rayya/post/DTt-IXgkUSJ?xmt=AQG0AYqe7i-TF9XEeiQU3s7XutbgNRKypgefyRC0HXNcVA,wulanboedojo12,2026-01-20,"Iya, rutenya naik turun, sampai engap klau nafas n dilakukan saat perut kosong ( paling ke isi air putih L ). Terimakasih ilmunya bund, semoga bisa jadi penambah pahala, aamiin"
https://www.threads.com/@semesta_rayya/post/DTt-IXgkUSJ?xmt=AQG0AYqe7i-TF9XEeiQU3s7XutbgNRKypgefyRC0HXNcVA,semesta_rayya,2026-01-20,Bagi jadwalnya dengan latihan beban juga... Bikin otot cuma bisa di lakukan kalau strength training bukan cardio Kurangi jatah cardio...masukan program Strength training nya - kali /Minggu... Biar otot jantung dan otot rangka nya balance...
https://www.threads.com/@semesta_rayya/post/DTt-IXgkUSJ?xmt=AQG0AYqe7i-TF9XEeiQU3s7XutbgNRKypgefyRC0HXNcVA,nelsontahitu17,2026-01-20,"Kalau olahraga slowpitch intensitas sedang- tinggi, jalan kaki - jam, ditambah dengan FBW jam di variasikan dalam minggu apakah masih aman?"
https://www.threads.com/@semesta_rayya/post/DTt-IXgkUSJ?xmt=AQG0AYqe7i-TF9XEeiQU3s7XutbgNRKypgefyRC0HXNcVA,semesta_rayya,2026-01-20,Sebenarnya yang Kaka lakukan sudah ada kombinasi jalur ya..cardio dan Strength training...akan lebih ciamik lagi FBW nya juga naikin progress dan fokusin ke latihan kaki untuk hiperthropy otot...biar pembungaan gulannya makin aman...🤗🤗🤗 Jangan lupa rest nya juga diatur yaaa...biar ga overtrain...stress badan...inflamasi ....gula ga turun ..itu sih arahnya kalau sudah prediabetes
https://www.threads.com/@semesta_rayya/post/DTt-IXgkUSJ?xmt=AQG0AYqe7i-TF9XEeiQU3s7XutbgNRKypgefyRC0HXNcVA,fatii_0471,2026-01-20,Makasih kak infonya
https://www.threads.com/@semesta_rayya/post/DTt-IXgkUSJ?xmt=AQG0AYqe7i-TF9XEeiQU3s7XutbgNRKypgefyRC0HXNcVA,semesta_rayya,2026-01-20,Kembali kasihh.....🤍🤍
https://www.threads.com/@semesta_rayya/post/DTt-IXgkUSJ?xmt=AQG0AYqe7i-TF9XEeiQU3s7XutbgNRKypgefyRC0HXNcVA,suyasakomang,2026-01-20,"Kalau pull up dan chin up x gimana, bunda?"
https://www.threads.com/@semesta_rayya/post/DTt-IXgkUSJ?xmt=AQG0AYqe7i-TF9XEeiQU3s7XutbgNRKypgefyRC0HXNcVA,semesta_rayya,2026-01-20,"Itu msuk ke strength training kak....latihan beban juga...beban badan...cabang calistenic...bagus juga...tapi untuk nambah massa otot pull up chin up nya berprogres...baik dari repetisi,form atupun beban....selamat berprogress🙌🏻"
https://www.threads.com/@semesta_rayya/post/DTt-IXgkUSJ?xmt=AQG0AYqe7i-TF9XEeiQU3s7XutbgNRKypgefyRC0HXNcVA,suyasakomang,2026-01-20,"Selain pull up dan chin up saya juga burpee x non stop, buat variasi."
https://www.threads.com/@semesta_rayya/post/DTt-IXgkUSJ?xmt=AQG0AYqe7i-TF9XEeiQU3s7XutbgNRKypgefyRC0HXNcVA,semesta_rayya,2026-01-20,Nanti masuknya ke jalur ...aktivasi Glut ..pemakaian gula tanpa insulin..Krn Burpe termasuk HIIT.. Jalur dan jalur tetap dilakuin biar optimal hasilnya
https://www.threads.com/@semesta_rayya/post/DTt-IXgkUSJ?xmt=AQG0AYqe7i-TF9XEeiQU3s7XutbgNRKypgefyRC0HXNcVA,suyasakomang,2026-01-20,Jadi HIIT adalah salah satu cara memakai gula tanpa insulin?
https://www.threads.com/@semesta_rayya/post/DTt-IXgkUSJ?xmt=AQG0AYqe7i-TF9XEeiQU3s7XutbgNRKypgefyRC0HXNcVA,evaeppaa,2026-01-20,"makasih ka infonya,,,sehat sehat sll semua nya"
https://www.threads.com/@semesta_rayya/post/DTt-IXgkUSJ?xmt=AQG0AYqe7i-TF9XEeiQU3s7XutbgNRKypgefyRC0HXNcVA,fauzeeyyah.hms,2026-01-20,"Kak kalo full body workout pakai dumbbell masing kg x/minggu selama - menit, trus lanjut interval walking - jam udah cukup belum?"
https://www.threads.com/@semesta_rayya/post/DTt-IXgkUSJ?xmt=AQG0AYqe7i-TF9XEeiQU3s7XutbgNRKypgefyRC0HXNcVA,semesta_rayya,2026-01-20,Untuk FBW usahakan berprogress ya...di beban atau di repetisi agar tercipta muscle shock sehingga otot berkembang...jangan lupa bahan baku ototnya dengan Protein gr/kg BB minimal.... Interval walking aman sih.... Kasih variasi..biar ga bosen Krn tubuh pinter banget adaptasi...biar berprogres...🤗
https://www.threads.com/@semesta_rayya/post/DTt-IXgkUSJ?xmt=AQG0AYqe7i-TF9XEeiQU3s7XutbgNRKypgefyRC0HXNcVA,annadwihidayanti,2026-01-20,Kurang paham kalau ini kak maaf pemula
https://www.threads.com/@semesta_rayya/post/DTt-IXgkUSJ?xmt=AQG0AYqe7i-TF9XEeiQU3s7XutbgNRKypgefyRC0HXNcVA,mardiguwp,2026-05-06,"Musuh semua orang jaman sekarang: insulin resistent. Insulin resistent penyebab : diabetes, kolesterol, asam urat, tekanan darah tinggi"
https://www.threads.com/@semesta_rayya/post/DTt-IXgkUSJ?xmt=AQG0AYqe7i-TF9XEeiQU3s7XutbgNRKypgefyRC0HXNcVA,dokter.tjindraongko,2026-05-07,"Kalau kemarin @dokter.tjindraongko sudah banyak jelasin tentang apa itu resistensi insulin, nah sekarang kenali penyebab terjadinya resistensi insulin! Ayo mulai bangun komitmen untuk hidup sehat supaya insulin tubuh jadi optimal 💪🏻 #edukasidiabetes #DokterDiabetes #ResistensiInsulin #doktertjindra"
https://www.threads.com/@semesta_rayya/post/DTt-IXgkUSJ?xmt=AQG0AYqe7i-TF9XEeiQU3s7XutbgNRKypgefyRC0HXNcVA,rahmantuff,2026-05-03,Tanda Insulin Resistance Makin Teruk & Ini Solusi untuk Fix
https://www.threads.com/@semesta_rayya/post/DTt-IXgkUSJ?xmt=AQG0AYqe7i-TF9XEeiQU3s7XutbgNRKypgefyRC0HXNcVA,asgaryuk,2026-05-03,Buat kamu yang: • Baru didiagnosis resistensi insulin • Dikasih tahu gula darah borderline • Pre-diabetes dan bingung mau ngapain • Mau prevent diabetes tipe • Pengen paham cara kerja insulin Kita bahas satu-satu ya. Follow biar gak ketinggalan. Drop question juga supaya sekalian kita bahas ⬇️
https://www.threads.com/@ayuwindaaaaaa/post/DUUKqHokiyR?xmt=AQG0AYqe7i-TF9XEeiQU3s7XutbgNRKypgefyRC0HXNcVA,ayuwindaaaaaa,2026-02-04,"Setelah tahun di diagnosis PCOS dan aku nggak melakukan perubahan. Akhirnya aku didiagnosis diabetes. Gula darah puasaku , yg harusnya atau dibawah . Mau nangis tp kesalahan sendiri ga mau bener bener niat berubah pola makan dan olahraga"
https://www.threads.com/@ayuwindaaaaaa/post/DUUKqHokiyR?xmt=AQG0AYqe7i-TF9XEeiQU3s7XutbgNRKypgefyRC0HXNcVA,mel.seulgi,2026-02-04,Semangat kak..aku jg dulu PCOS dan berubah jg diabetes udah tahunan..skrg lg hamil anak pertama. Awal didiagnosa malah harus paoe insulin krn Hba c nya terus turun ke ganti obat oral. Skrg udah turun ke . Bisa kok benerin pola makan dan olga terus bisa hamil jg jgn lupa cek amh nya ke obgyn juga.
https://www.threads.com/@ayuwindaaaaaa/post/DUUKqHokiyR?xmt=AQG0AYqe7i-TF9XEeiQU3s7XutbgNRKypgefyRC0HXNcVA,roycelimindra,2026-02-04,"Kakak bukan gak ada niat berubah, kakak cuma gak tau mesti mulai dari mana. Setidaknya ini adalah step pertama yg baik yaitu kesadaran untuk berubah. Nah berubahnya mulai dari mana? Sudah banyak yg nulis di bawah termasuk dokter. Yg sy highlight : - perbaiki pola makan (pola makan bagaimana, di kerjakan PR nya) - olahraga - hindari stress (manajemen emosi) - tidur yg cukup Semangat ya ✊"
https://www.threads.com/@ayuwindaaaaaa/post/DUUKqHokiyR?xmt=AQG0AYqe7i-TF9XEeiQU3s7XutbgNRKypgefyRC0HXNcVA,ayuwindaaaaaa,2026-02-04,Kaakk terima kasih masukan dan semangatnya 🫶🏽 pelan pelan dicoba kak 💪🏿
https://www.threads.com/@ayuwindaaaaaa/post/DUUKqHokiyR?xmt=AQG0AYqe7i-TF9XEeiQU3s7XutbgNRKypgefyRC0HXNcVA,airinpaper,2026-02-04,"Kak, semangat! Aku tahun kemaren didiagnosis diabetes type pas umur dan awalnya dunia rasanya kayak mau runtuh. Tapi ya pelan berubah. Kalo harus milih salah satu, prioritasin pola makan dulu kak. Kalo bisa jauhin nasi sama tepung an/makanan yang di deep fry, dan jangan minum minuman manis atau minuman yang pake susu. Semangat yaa kak 🤗"
https://www.threads.com/@ayuwindaaaaaa/post/DUUKqHokiyR?xmt=AQG0AYqe7i-TF9XEeiQU3s7XutbgNRKypgefyRC0HXNcVA,ayuwindaaaaaa,2026-02-04,Kaaakk terima kasih semangatnya dan sarannya 🫶🏽 ini diusahain pelan pelan kak
https://www.threads.com/@ayuwindaaaaaa/post/DUUKqHokiyR?xmt=AQG0AYqe7i-TF9XEeiQU3s7XutbgNRKypgefyRC0HXNcVA,neladusan,2026-02-04,"Semangat kak, ubah pola makan kak. Aku dulu juga pcos, fatty liver dan overweight, pastinya udah kena insulin resistan. Bolwh dm aku kalau mau tanya ."
https://www.threads.com/@ayuwindaaaaaa/post/DUUKqHokiyR?xmt=AQG0AYqe7i-TF9XEeiQU3s7XutbgNRKypgefyRC0HXNcVA,gandiswulano,2026-02-04,"Kak maaf nimbrung, pernah periksa hba c kah?"
https://www.threads.com/@ayuwindaaaaaa/post/DUUKqHokiyR?xmt=AQG0AYqe7i-TF9XEeiQU3s7XutbgNRKypgefyRC0HXNcVA,dokterangie,2026-02-04,Yukk kakk bisa kakk.. semangatt yaa
https://www.threads.com/@ayuwindaaaaaa/post/DUUKqHokiyR?xmt=AQG0AYqe7i-TF9XEeiQU3s7XutbgNRKypgefyRC0HXNcVA,ayuwindaaaaaa,2026-02-04,Waahh terima kasih semangatnya dok 😍🫶🏽 yuk bisa diusahakan pelan pelan
https://www.threads.com/@ayuwindaaaaaa/post/DUUKqHokiyR?xmt=AQG0AYqe7i-TF9XEeiQU3s7XutbgNRKypgefyRC0HXNcVA,riizky.kaa,2026-02-04,"semangat kak, saatnya untuk merubah pola makan dan rutin olahraga. dulu gula darahku an malah, skrng masih berusaha buat turunin lagi. udah coba IF belum kak?"
https://www.threads.com/@ayuwindaaaaaa/post/DUUKqHokiyR?xmt=AQG0AYqe7i-TF9XEeiQU3s7XutbgNRKypgefyRC0HXNcVA,ayuwindaaaaaa,2026-02-04,"Terima kasih kak 🫶🏽 untuk IF udah pernah nyoba sih kak sebelumnya, cuma ya gitu ga konsisten kak, kek brpa bulan aja terus berentian. Kakaknya treatmentnya gimana kak? IF aja? Pake obat?"
https://www.threads.com/@ayuwindaaaaaa/post/DUUKqHokiyR?xmt=AQG0AYqe7i-TF9XEeiQU3s7XutbgNRKypgefyRC0HXNcVA,riizky.kaa,2026-02-05,"aku sampai skrng masih rutin IF kak, tantangannya mungkin perut bunyi krucuk krucuk ya wkwk aku bisa biasanya minum diabetasol dulu sih biar ga laper, susunya juga bisa buat stabilin gula darah biar ga naik turun. olahraga angkat beban, itu efektif banget sih kak buat turunin gula darah, coba bisa cari di google. aku ga minum obat kak"
https://www.threads.com/@ayuwindaaaaaa/post/DUUKqHokiyR?xmt=AQG0AYqe7i-TF9XEeiQU3s7XutbgNRKypgefyRC0HXNcVA,nysrg_,2026-02-04,"Sis, please kurangin konsumsi gula (ganti Stevia). Aku skrg sedang mengubah pola makan dan olah raga jalan, dan biasanya aku suka minuman manis aku tahan dan kalo pengen bgt pakai stevia. Semangat yaa 🫶"
https://www.threads.com/@ayuwindaaaaaa/post/DUUKqHokiyR?xmt=AQG0AYqe7i-TF9XEeiQU3s7XutbgNRKypgefyRC0HXNcVA,ayuwindaaaaaa,2026-02-04,Terima kasih kak 🫶🏽
https://www.threads.com/@ayuwindaaaaaa/post/DUUKqHokiyR?xmt=AQG0AYqe7i-TF9XEeiQU3s7XutbgNRKypgefyRC0HXNcVA,dr.rahadianfaisal,2026-02-04,"Benerin pola makan, pola gerak, pola tidur, pola kelola stress, dan rutin kontrol ke dokter ya"
https://www.threads.com/@ayuwindaaaaaa/post/DUUKqHokiyR?xmt=AQG0AYqe7i-TF9XEeiQU3s7XutbgNRKypgefyRC0HXNcVA,ayuwindaaaaaa,2026-02-04,"Noted dok, mari kita usahakan pelan pelan. Terima kasih dok"
https://www.threads.com/@ayuwindaaaaaa/post/DUUKqHokiyR?xmt=AQG0AYqe7i-TF9XEeiQU3s7XutbgNRKypgefyRC0HXNcVA,ririn.rosilla,2026-02-10,"semangat sissss, olahraga rutin, makan juga diatur jam nya. aku juga penderita diabetes, tiap pagi & malem ga makan, soalnya kalo kebanyakan makan gula darahku naiknya tinggi huhu. biar ga lemes bisa minum diabetasol dulu sissss. semoga membantu ya"
https://www.threads.com/@ayuwindaaaaaa/post/DUUKqHokiyR?xmt=AQG0AYqe7i-TF9XEeiQU3s7XutbgNRKypgefyRC0HXNcVA,inaatye,2026-02-04,aku juga pcos kak! pcos itu engga bisa sembuh tapi bisa dikontrol. sayangi diri sendiri yg pertama sisanya pasti ngikutin 🫶
https://www.threads.com/@ayuwindaaaaaa/post/DUUKqHokiyR?xmt=AQG0AYqe7i-TF9XEeiQU3s7XutbgNRKypgefyRC0HXNcVA,raissasbrn,2026-02-04,"Peluk semangat buat kamu ya, aku pun PCOS, insulin resistance yang berakhir DM di usia +. Aku lagi diet ketat untuk nurunin HbA C & pakai obat support juga. Please don’t hesitate to reach me kalau butuh teman cerita ya ☺️"
https://www.threads.com/@ayuwindaaaaaa/post/DUUKqHokiyR?xmt=AQG0AYqe7i-TF9XEeiQU3s7XutbgNRKypgefyRC0HXNcVA,gandiswulano,2026-02-04,"Kak maap, sampe berapa hba c nya ?"
https://www.threads.com/@ayuwindaaaaaa/post/DUUKqHokiyR?xmt=AQG0AYqe7i-TF9XEeiQU3s7XutbgNRKypgefyRC0HXNcVA,raissasbrn,2026-02-05,Dari ke dalam bulan :’)
https://www.threads.com/@ayuwindaaaaaa/post/DUUKqHokiyR?xmt=AQG0AYqe7i-TF9XEeiQU3s7XutbgNRKypgefyRC0HXNcVA,gandiswulano,2026-02-05,Sekarang apa sudah turun lg kak selama proses diet
https://www.threads.com/@ayuwindaaaaaa/post/DUUKqHokiyR?xmt=AQG0AYqe7i-TF9XEeiQU3s7XutbgNRKypgefyRC0HXNcVA,pcosfighterindonesia,2026-02-04,Semangat ya kak. Semoga ada perbaikan metabolisme tubuhnya ya ❤
https://www.threads.com/@ayuwindaaaaaa/post/DUUKqHokiyR?xmt=AQG0AYqe7i-TF9XEeiQU3s7XutbgNRKypgefyRC0HXNcVA,niputudian01,2026-04-09,pakai ini kak.. psylium husk murni tanpa campuran. Aku dr hba c skrg udh s.shopee.co.id Jual Psylium Husk Powder Murni Fiber Drink kg | Shopee Indonesia
https://www.threads.com/@ayuwindaaaaaa/post/DUUKqHokiyR?xmt=AQG0AYqe7i-TF9XEeiQU3s7XutbgNRKypgefyRC0HXNcVA,ladypon_mua,2026-02-04,"Kak semangat ya, obatnya jangan lupa rutin diminum. Gausah nyobain pengobatan alternatif dll nanti ginjalnya bisa rusak 🥹🫶🏻"
https://www.threads.com/@ayuwindaaaaaa/post/DUUKqHokiyR?xmt=AQG0AYqe7i-TF9XEeiQU3s7XutbgNRKypgefyRC0HXNcVA,ningrumkd,2026-02-04,"kakk semangat yaa.. kalo kamu mau dibersamai hidup sehat, aku siap bantu kamu 🫶🏻"
https://www.threads.com/@ayuwindaaaaaa/post/DUUKqHokiyR?xmt=AQG0AYqe7i-TF9XEeiQU3s7XutbgNRKypgefyRC0HXNcVA,lindasilviaa,2026-02-04,"Semangat kak, gaada kata terlambat 💪"
https://www.threads.com/@ayuwindaaaaaa/post/DUUKqHokiyR?xmt=AQG0AYqe7i-TF9XEeiQU3s7XutbgNRKypgefyRC0HXNcVA,mettaamerta,2026-02-04,Yuk cobain terapi kita
https://www.threads.com/@ayuwindaaaaaa/post/DUUKqHokiyR?xmt=AQG0AYqe7i-TF9XEeiQU3s7XutbgNRKypgefyRC0HXNcVA,adamferbi,2026-02-04,Semangaat ka Sekarang penanganannya gmn?
https://www.threads.com/@ayuwindaaaaaa/post/DUUKqHokiyR?xmt=AQG0AYqe7i-TF9XEeiQU3s7XutbgNRKypgefyRC0HXNcVA,misstyranty,2026-02-04,"Halo Kak, saya rasa tidak ada kata telat untuk ke arah yang lebih baik. Ikhtiar dan semangat ya.💞"
https://www.threads.com/@ayuwindaaaaaa/post/DUUKqHokiyR?xmt=AQG0AYqe7i-TF9XEeiQU3s7XutbgNRKypgefyRC0HXNcVA,hormozi,2026-02-06,h Don’t compare your first quarter with someone else’s fourth.
https://www.threads.com/@giapratamamd/post/DQ5zgoAkwKw,giapratamamd,2025-11-11,"Tentang Diabetes Pankreas kita tidak selemah yang dibayangkan. Selama asupan gula harian masih di bawah gram, tubuh bisa bekerja dengan baik. Karena itu, setiap kali kamu ke Indomaret, Alfamart, atau minimarket lainnya, biasakan membaca Tabel Nutrisi sebelum membeli minuman atau camilan kemasan. Perhatikan berapa kandungan gula dalam satu bungkus penuh, bukan hanya per takaran saji."
https://www.threads.com/@giapratamamd/post/DQ5zgoAkwKw,giapratamamd,2025-11-11,"Supaya saya tahu kamu benar-benar paham cara bacanya, coba foto makanan atau minuman yang mau kamu beli, lalu tulis berapa total kadar gulanya dalam satu bungkus. Upload di IG Story dan mention saya ya."
https://www.threads.com/@giapratamamd/post/DQ5zgoAkwKw,budeuyunk354,2025-11-14,"Alhamdulillah minggu lalu abis periksa Guldar puasa : After puasa : Kolesterol: Hb : , Asam Urat : , Usia : + Bb/Tb : / cm"
https://www.threads.com/@giapratamamd/post/DQ5zgoAkwKw,imbuhnur_,2025-11-11,"dok, tetangga saya minggu yang lalu meninggal dunia. beliau penderita diabetes dan ada luka basah di kakinya. beliau sudah kami anggap orangtua sendiri. bulan sebelum meninggal, beliau sudah tidak mau mengkonsumsi obat gula lagi dan beralih pada obat herbal yang justru membuat gula darah sewaktunya tinggi. dokter dari klinik herbal tersebut bilang katanya gula darah sewaktu tinggi itu tandanya pankreas sedang memulihkan kondisinya. saya sudah coba bujuk untuk kembali ke rumah sakit saja"
https://www.threads.com/@giapratamamd/post/DQ5zgoAkwKw,imbuhnur_,2025-11-11,agar luka segera ditangani dan kembali mengkonsumsi obat gula saja. tapi beliau termakan mitos yang bilang konsumsi obat terus menerus bisa kena ginjal. saya sudah berusaha menjelaskan semampu saya karena ibu saya juga termakan mitos itu dulu dan beliau sudah tiada. tapi saya tetap saja orang lain yang tidak punya kuasa penuh...
https://www.threads.com/@giapratamamd/post/DQ5zgoAkwKw,cicil_saham,2025-11-11,"Penting nya olahraga untuk menjaga kestabilan gula darah ya donk. Jadi saat insulin menangkap gula, bisa di makan sm otot 👍👍"
https://www.threads.com/@giapratamamd/post/DQ5zgoAkwKw,karyadi.baskoro,2025-11-11,"Satu tajaran saji, sekali minum, g 😁"
https://www.threads.com/@giapratamamd/post/DQ5zgoAkwKw,willy_soebardja,2025-11-11,Mau nanya juga ya... apakah lemak perut boleh dirampingkan melalui sedot lemak? Apa itu aman? Dan dokter apa yg patut menangani itu?... thanks🙏🏻
https://www.threads.com/@giapratamamd/post/DQ5zgoAkwKw,dewa_ferza,2025-11-11,Kalo saya “mengakali dengan bangun massa otot” dok 🫣
https://www.threads.com/@giapratamamd/post/DQ5zgoAkwKw,shintadewi.hayu,2025-11-11,"Ini aku. Kalo tabelnya gk kebaca krn blur aku senterin Demi liat gula, kalori, natrium Gkpp dianggep aneh"
https://www.threads.com/@giapratamamd/post/DQ5zgoAkwKw,puji_wulandarii,2025-11-11,"Mertuaku start makan jam pagi,biasanya sampe dhuhur bisa makan x.padahal beliau diabetes,habi makan gk ngapa²in cuman rebahan doang kemudian tidur. Bangun tidur makan,tidur lagi,begitu seterusnya 🥲 Pdhl sehat,masih bisa jalan dan aktivitas lain,tapi katanya ngantuk dan capek"
https://www.threads.com/@giapratamamd/post/DQ5zgoAkwKw,silviakresna,2025-11-16,"Orang diabet emang suka ngantukan kk, bujuk mertuanya buat sering jalan pagi."
https://www.threads.com/@giapratamamd/post/DQ5zgoAkwKw,puji_wulandarii,2025-11-16,"Udah sering ku bilang biar berjemur dan jalan pagi,tapi katanya capek trs ngantuk,badan sakit semua. Ya gmna gak sakit semua makan sehari lebih dari x,blm cemilannya tapi gk mau gerak 🥲 Pisang setandan juga sehari bisa habis"
https://www.threads.com/@giapratamamd/post/DQ5zgoAkwKw,joko.trisnanto,2025-11-11,"Gula gr.... maksudnya % glukosa atau termasuk juga asupan karbohidrat lain : roti, nasi, mie...? gr gula eq sekitar kal saja..."
https://www.threads.com/@giapratamamd/post/DQ5zgoAkwKw,mei_suwastini,2025-11-11,"Dok, bagaimana dengan aktivitas Dok? Merujuk pada kalori yg diperlukan untuk aktivitas sehari kalori untuk orang dewasa. Berapa gram gula/glukosa yg dipecah untuk menghasilkan energi sebesar kalori?"
https://www.threads.com/@giapratamamd/post/DQ5zgoAkwKw,jeng_bayik,2025-11-11,kalori itupun kyknya salah deh y
https://www.threads.com/@giapratamamd/post/DQ5zgoAkwKw,ikae78,2025-11-17,"Alhamdulillah dok, aq sama anak ku udh aware soal membaca Tabel Nutrisi sblm membeli makanan atau minuman kemasan 😊"
https://www.threads.com/@giapratamamd/post/DQ5zgoAkwKw,soundgrass,2025-11-11,"Slama ini aku ngerasa aman"" aja kalau makan krena merasa real food dan g prnah minum kmasan / snack. Tpi Pas coba tracking kalori dan makronutrisi nya ternyata rata"" harian aku mengkonsumsi gula sekitar gr, bhkan prnah lebih dri gr 😭😭😭., Lumayan sulit juga ternyata mengurangi, skrg buah ga cocok bgt kalau dijadiin camilan.."
https://www.threads.com/@giapratamamd/post/DQ5zgoAkwKw,hilwafitri11,2025-11-11,Tapi kalau ga salah manisnya buah itu beda yaa. Manis gula itu fruktosa+serat. Kalau manis gula buatan itu sukrosa jadi dampaknya juga beda ke tubuh
https://www.threads.com/@giapratamamd/post/DQ5zgoAkwKw,soundgrass,2025-11-11,"Iya betul kak beda, tapi anjuran who batasan gula harian ttp terhitung gr mau itu gula fruktosa / sukrosa., dan untuk sukrosa sndiri juga gaboleh tok gr, tpi dibatasi sampai / gr gitu.."
https://www.threads.com/@giapratamamd/post/DQ5zgoAkwKw,hilwafitri11,2025-11-11,Makanya kalau diet disuruh kurangi gula biar gak berubah jd lemak yaa dok. Sedih banget dua minggu yg lalu kehilangan salah satu anggota keluarga karena DM yang sudah komplikasi. Semoga bisa jd pelajaran
https://www.threads.com/@giapratamamd/post/DQ5zgoAkwKw,bundanya_dahayu,2025-11-17,"Dok, saya jrng sekali minum minuman kemasan, kalo pas lemes dan pusing, minum teh manis kmudian agak segeran, apakah krn kurang gula ya, kdng gula darah antara - an, saya ga tiap hari minum minuman manis, paling minum madu..itu gimana ya dok..."
https://www.threads.com/@giapratamamd/post/DQ5zgoAkwKw,fadilasahupala_,2025-11-11,"Dok, bahas tentang asam lambung dok 🙏🏼😊"
https://www.threads.com/@giapratamamd/post/DQ5zgoAkwKw,ramelia_pitaloka,2025-11-11,"Penjelasannya mudah dimengerti dok, makasiiih infonya"
https://www.threads.com/@giapratamamd/post/DQ5zgoAkwKw,fbrmrp,2025-11-11,apakah dokter berkenan punya murid tambahan? seru bgt bisa nanya dan dijawab dengan seru jg sm dokter🥹🫶🏻 coba aja dokter dulu jadi guru saya pas smp dan sma
https://www.threads.com/@giapratamamd/post/DQ5zgoAkwKw,aripwijianto,2025-11-16,"Dok, gram tersebut apakah juga termasuk gula yang berasal dari nasi, mie, tepung dan buah?"
https://www.threads.com/@giapratamamd/post/DQ5zgoAkwKw,nia_hamdatina,2025-11-12,Dokter jelaskan tentang gula yg menjadi sumber energi
https://www.threads.com/@giapratamamd/post/DQ5zgoAkwKw,muh.fauzan_,2025-11-11,"Punten dok tanya, di situ tertulis insulin menawarkan kelebihan gula ke otak. Nah seberapa besar otak mengonsumsi gula bila dibandingkan otot ? Mana yg lebih baik, otak berfikir keras tp minim olahraga atau olahraga cukup tapi otak jarang dipakai mikir ?"
https://www.threads.com/@giapratamamd/post/DQ5zgoAkwKw,kirana_rangga,2025-11-11,Semoga bagian garam juga dibahas oleh pak dokter.
https://www.threads.com/@giapratamamd/post/DQ5zgoAkwKw,How we use these cookies,2026-02-06,
https://www.threads.com/@doccandraho/post/DICswO4N-cp,doccandraho,2025-04-04,"Diabetes bukan semata-mata keturunan (genetik) lagi, pentingnya mengatur gaya hidup sehat, kendalikan berat badan. #kesehatan #kedokteran #edukasi #edukasikesehatan #doccandraho"
https://www.threads.com/@nursedigital.id/post/DU2LU7UCWuR,nursedigital.id,2026-02-17,"KOPI SUSU GULA AREN LO ITU BUKAN ""SELF-REWARD"", TAPI SURAT UNDANGAN CUCI DARAH! Gue kasih paham bedanya Caffeine yang bantu fokus vs Liquid Diabetes yang pelan-pelan bikin Nephron lo pensiun dini. H- Ramadan, saatnya lo audit asupan racun berbalas label ""Kopi kekinian""."
https://www.threads.com/@nursedigital.id/post/DU2LU7UCWuR,nursedigital.id,2026-02-17,"Gue sering denger alasan budak korporat: ""Gue butuh yang manis biar nggak ngantuk, ns. Bim."" Realitanya begini: Lo cuma lagi memanipulasi otak lo pake Dopamine Spike dari gula, sambil maksa ginjal lo kerja rodi nyaring limbah kental di darah lo. Gue udah tahun di unit HD, dan gue bisa pastiin, mesin cuci darah nggak se-estetik gelas kopi kekinian lo. Lo ngerasa oke sekarang? Itu cuma karena ginjal lo lagi ""berkorban"" dalam diam sebelum akhirnya Total Failure."
https://www.threads.com/@nursedigital.id/post/DU2LU7UCWuR,nursedigital.id,2026-02-17,". HYPERFILTRATION: SAAT GULA DAN KAFEIN BERSEKUTU Secara fisiologis, kafein meningkatkan Glomerular Filtration Rate (GFR), tapi ketika lo campur dg High Fructose Corn Syrup (HFCS), lo menciptakan kondisi Hyperfiltration, gula berlebih memicu vasodilatasi pembuluh darah Afferent ginjal Hasilnya? Tekanan di dalam saringan ginjal lo meledak. Ini bukan soal lo kuat lari km tiap sore, ini soal tekanan mekanis di level seluler yang nggak bisa lo hindari."
https://www.threads.com/@nursedigital.id/post/DU2LU7UCWuR,nursedigital.id,2026-02-17,". GLYCATION & THE DESTRUCTION OF BASEMENT MEMBRANE Gula tinggi di darah memicu pembentukan Advanced Glycation End-products (AGEs). Jurnal Kidney International menyebutkan bahwa AGEs ini merusak Basement Membrane pada ginjal saringan utama yang mencegah protein bocor ke urine. Begitu saringan ini ""bolong"" karena proses glikasi dari kopi manis lo, kerusakan itu permanen. No Undo Button."
https://www.threads.com/@nursedigital.id/post/DU2LU7UCWuR,nursedigital.id,2026-02-17,". THE OSMOTIC STRESS & DEHYDRATION TRAP Kafein adalah diuretik, dan gula adalah zat Osmotik. Keduanya bekerja sama buat narik air keluar dari sel tubuh lo. Darah lo jadi kental (Hyperviscosity). Data dari Annals of Nutrition and Metabolism menunjukkan bahwa kombinasi ini adalah beban oksidatif tertinggi bagi sel Tubulus ginjal. Lo pikir minum air putih satu gelas setelah kopi itu cukup? Secara hitung-hitungan Fluid Balance, lo masih ""berhutang"" hidrasi ke organ lo."
https://www.threads.com/@nursedigital.id/post/DU2LU7UCWuR,nursedigital.id,2026-02-17,"Sertifikasi CBDN gue cukup buat bilang kalau tren ""Kopi Susu"" ini adalah kontributor tercepat kasus gagal ginjal di usia produktif. Mau tau cara benerinnya? ✅ Audit Total Sugar Intake Cek label atau tanya barista lo, Kalau kandungan gulanya di atas gram per porsi, lo sudah menghabiskan jatah gula harian lo dalam satu gelas. Stop di situ."
https://www.threads.com/@nursedigital.id/post/DU2LU7UCWuR,nursedigital.id,2026-02-17,"✅ Transisi ke Black Coffee (Single Origin) Mau kafein? Ambil Black Coffee. Tanpa gula, tanpa krimer nabati, Lo dapet Antioxidant tanpa harus nembak ginjal lo pake bom glukosa. ✅ Cek Urine Setelah Ngopi Kalau urine lo berbusa (foamy) dan baunya tajam seperti kopi, itu tanda Glomerulus lo sudah kewalahan. Kurangi atau berhenti total sebelum makin parah."
https://www.threads.com/@nursedigital.id/post/DU2LU7UCWuR,nursedigital.id,2026-02-17,"✅ Pre-Ramadan Flush Mulai hari ini, H- Ramadan, stop semua kopi manis. Kasih waktu jam buat ginjal lo melakukan Self-Cleaning dan menurunkan tingkat inflamasi sebelum lo mulai puasa."
https://www.threads.com/@nursedigital.id/post/DU2LU7UCWuR,nursedigital.id,2026-02-17,"Lo kerja keras cari uang buat beli kopi mahal, tapi jangan sampe uang itu berakhir buat bayar tagihan rumah sakit karena lo lalai jaga organ paling setia di tubuh lo. Ginjal lo nggak butuh Lifestyle, dia cuma butuh lo berhenti jadi orang yang denial sama kesehatan diri sendiri. The real luxury is a functional kidney,"
https://www.threads.com/@nursedigital.id/post/DU2LU7UCWuR,nursedigital.id,2026-02-17,"Lo masih berani pesen ""Less Sugar"" yang sebenernya tetep aja banyak gulanya itu? Atau lo siap balik ke kopi item demi masa depan? Tulis di kolom komentar, gue tantang lo jujur"
https://www.threads.com/@nursedigital.id/post/DU2LU7UCWuR,rinadw,2026-02-17,Jangan bilang racun dong.... kopi susu gula aren sesekali minum gpp. yg gak boleh itu klo minumnya tiap hari berlebihan
https://www.threads.com/@nursedigital.id/post/DU2LU7UCWuR,ela_laelasarib210el,2026-02-17,"Ya…minum kopi susu, trus cuci darah, ginjal rusak —-> BPJS nggak mau nanggung. Bisa dihitung statistik jumlah penduduk yg akan berkurang? Ya yang sakit. Dikasih arahan pencegahan penyaki sama nakes malah Oon"
https://www.threads.com/@nursedigital.id/post/DU2LU7UCWuR,polymorphism_099,2026-02-17,"Selalu kopi hitam, giling sendiri, tanpa gula. Pertanyaannya: apakah kekentalan kopi mempengaruhi kerja ginjal dan berapa dosis maksimal kopi macam ini (americano/espresso/v drip) per hari?"
https://www.threads.com/@nursedigital.id/post/DU2LU7UCWuR,fahmi_ahmad.08,2026-02-17,"Nah ini sama dengan saya dan sehari bisa habis gram kopi pagi gram tubruk, agak siangan gram v , dzuhur gram americano, sore gram v (kadang engga, malam gram tubruk... Apakah aman atau tidak ya?"
https://www.threads.com/@nursedigital.id/post/DU2LU7UCWuR,ucoktongatbarus,2026-02-17,"Saban hari minum ice kopi kekinian minimal gelas dgn komposisi selera q yakni : sachet kopi nescafe isi gram, ice cube / ice batu, susu uht yg full cream dan topping sdkit bubuk milo. No gula pasir yg hrsnya sendok makan, no skm yg hrsnya , sendok makan penuh, no boba. Hbs aq minum ini ice kopi, ice batunya masih ad aku tambhkn air putih sebanyak tinggi ice batu yg brsisa. Dan ini dah dr ' hingga skrg jika pesan kopi di langganan saban hari.."
https://www.threads.com/@nursedigital.id/post/DU2LU7UCWuR,eric_aidil,2026-02-17,Kak klo minum kopi susu nya diganti stevia gimana kak
https://www.threads.com/@nursedigital.id/post/DU2LU7UCWuR,triyo16,2026-02-18,"Warga thread sekalian, yuk biasakan kroscek informasi sebelum dipercayai. Thread ini bagus buat reminder yang suka terlalu banyak minum kopi instan, tapi sebenarnya ngopi susu selama gak tiap hari dan tetap seimbang gak semenyeramkan itu. Salah satu tips cek informasi sekarang ada chat gpt. Gunakan promt ini : ""saya ingin anda berperan sebagai dokter spesialis ginjal dan ahli mengenai metabolisme tubuh.. "" Setelah itu tanyakan mengenai topik di atas. Apakah akan sama jawabannya?"
https://www.threads.com/@nursedigital.id/post/DU2LU7UCWuR,dripcaffcoffee,2026-02-17,Kak maaf mau nanya ini.. Lebih bahaya gula aren atau gula putih kak?
https://www.threads.com/@nursedigital.id/post/DU2LU7UCWuR,martijn0447,2026-02-17,Aku dah berhenti KOPI gara gara BATU GINJAL
https://www.threads.com/@nursedigital.id/post/DU2LU7UCWuR,chiie_24,2026-02-17,penyebabnya kopi/hal lain kak
https://www.threads.com/@nursedigital.id/post/DU2LU7UCWuR,kunikasunnie,2026-02-17,"Kopi buat kesehatan liver, kopi bagusnya kopi item. Tanpa susu kopinya colek GERD. Jadi solusinya apa?😆 Serius nanya.."
https://www.threads.com/@nursedigital.id/post/DU2LU7UCWuR,onlyme_20202026,2026-02-17,Kl kopi hitam tanpa gula + susu full fat gimana?
https://www.threads.com/@nursedigital.id/post/DU2LU7UCWuR,faddealahmd,2026-02-17,"padahal bahan²nya semua ada izin BPOM, kan? sama seperti ragam obat & suplemen sintetik yang dikonsumsi tiap hari, pasti suatu saat residu nya juga menumpuk dan timbulkan efek samping bagi organ tubuh yang paling lemah saat itu."
https://www.threads.com/@nursedigital.id/post/DU2LU7UCWuR,febriyulianaputri_,2026-02-17,Kopi itam tanpa gula apakah bener aman untuk ginjal kak?
https://www.threads.com/@nursedigital.id/post/DU2LU7UCWuR,wak_alangs,2026-02-18,"Saya percaya dengan hal ini, dari beberapa teman yang dulu suka kopi sachet dan intens, sebagian sudah menunjukkan gejala masalah di ginjal dan ada juga yang sudah menghadap Tuhan. ""Hasil"" dari minum kopi sachet ini tidak setahun dua tahun, bisa atau tahun."
https://www.threads.com/@nursedigital.id/post/DU2LU7UCWuR,agussyairofi,2026-02-18,"Lebay amat bjirr. Selagi gak over, gak masalah. Misal total gula dibawah gr/ ml perhari masih aman. Gausa berlebihan. Yang bahaya itu lu minum gelas gula aren full tiap hari, gak minum air putih, gak olah raga, over kalori, kurang tidur, ngerokok lagi."
https://www.threads.com/@nursedigital.id/post/DU2LU7UCWuR,hi_midie,2026-02-17,Bang kalo kopi sachet kaya abc itu kali sehari aman ga bang?
https://www.threads.com/@bloomlab.fiber/post/DTMMTnak2gQ,bloomlab.fiber,2026-01-07,"Kalau punya diabetes (atau sedang jaga gula darah), bukan cuma jenis makanannya yang penting, tapi juga cara olahnya. Contoh sederhananya👇🏻 🥗 Olahan ikan • Ikan goreng (batasi) → lemak tambahan bisa memperlambat metabolisme gula • Ikan panggang (boleh) → protein tetap baik tanpa minyak berlebih • Ikan pindang (bagus) → minim lemak, tinggi protein, lebih ramah gula darah 🍎 Buah • Salad buah (batasi) → sering ada tambahan gula/susu"
https://www.threads.com/@bloomlab.fiber/post/DTMMTnak2gQ,bloomlab.fiber,2026-01-07,"• Jus buah (boleh) → pilih tanpa gula tambahan & perhatikan porsi • Buah segar (bagus) → serat utuh bantu gula darah naik lebih stabil 🌱 Olahan tahu • Tahu goreng (batasi) → minyak bikin respon gula darah kurang ideal • Tumis tahu (boleh) → gunakan sedikit minyak • Pepes tahu (bagus) → tinggi protein, rendah lemak tambahan 🍚 Sumber karbohidrat • Nasi putih (batasi) → cepat menaikkan gula darah • Nasi merah (boleh) → serat lebih tinggi, respon gula lebih stabil"
https://www.threads.com/@bloomlab.fiber/post/DTMMTnak2gQ,bloomlab.fiber,2026-01-07,"• Nasi putih + Ricelim (bagus) → serat x lebih tinggi dari nasi putih biasa, bantu nasi lebih ramah gula darah tanpa harus stop makan nasi ✨ Intinya, diabetes bukan soal larangan total, tapi pilihan yang lebih cerdas dan konsisten. Sedikit ubah cara olah & kombinasinya, efeknya bisa jauh lebih baik untuk gula darah 🤍 Komen ""BloomLab"" untuk tips mengontrol gula darah✨ #bloomlab #ricelim #guladarah #diabetes #healthygut"
https://www.threads.com/@bloomlab.fiber/post/DTXvNktkz71,bloomlab.fiber,2026-01-11,"Kalau punya diabetes (atau sedang jaga gula darah), bukan cuma jenis makanannya yang penting, tapi juga cara olahnya. Contoh sederhananya👇🏻 🥗 Olahan ikan • Ikan goreng (batasi) → lemak tambahan bisa memperlambat metabolisme gula • Ikan panggang (boleh) → protein tetap baik tanpa minyak berlebih • Ikan pindang (bagus) → minim lemak, tinggi protein, lebih ramah gula darah"
https://www.threads.com/@bloomlab.fiber/post/DTXvNktkz71,bloomlab.fiber,2026-01-11,"🍎 Buah • Salad buah (batasi) → sering ada tambahan gula/susu • Jus buah (boleh) → pilih tanpa gula tambahan & perhatikan porsi • Buah segar (bagus) → serat utuh bantu gula darah naik lebih stabil 🌱 Olahan tahu • Tahu goreng (batasi) → minyak bikin respon gula darah kurang ideal • Tumis tahu (boleh) → gunakan sedikit minyak • Pepes tahu (bagus) → tinggi protein, rendah lemak tambahan 🍚 Sumber karbohidrat • Nasi putih (batasi) → cepat menaikkan gula darah"
https://www.threads.com/@bloomlab.fiber/post/DTXvNktkz71,bloomlab.fiber,2026-01-11,"• Nasi merah (boleh) → serat lebih tinggi, respon gula lebih stabil • Nasi putih + Ricelim (bagus) → serat x lebih tinggi dari nasi putih biasa, bantu nasi lebih ramah gula darah tanpa harus stop makan nasi ✨ Intinya, diabetes bukan soal larangan total, tapi pilihan yang lebih cerdas dan konsisten. Sedikit ubah cara olah & kombinasinya, efeknya bisa jauh lebih baik untuk gula darah 🤍 Komen ""BloomLab"" untuk tips mengontrol gula darah✨ #bloomlab #ricelim #guladarah #diabetes #healthygut"
https://www.threads.com/@asgaryuk/post/DLr_CWUvjOF,asgaryuk,2025-07-04,"Gula darah kamu naik turun kayak roller coaster? Hati-hati, insulin bisa jadi kagetan. Dan kalau insulin udah nggak stabil, efek dominonya bisa ke mana-mana. Nggak cuma diabetes. Bahkan... kualitas kesehatan keturunan kamu."
https://www.threads.com/@asgaryuk/post/DLr_CWUvjOF,asgaryuk,2025-07-04,"Banyak orang kira masalah gula darah itu cuma urusan “orang tua” atau “orang gemuk”. Padahal faktanya: Gula darah ugal-ugalan & insulin kagetan bisa kejadian di umur -an, dengan badan yang keliatan slim."
https://www.threads.com/@asgaryuk/post/DLr_CWUvjOF,asgaryuk,2025-07-04,"Kenapa bisa gitu? Karena pola makan kita sering banget ngejailin tubuh: 🍞 Nasi putih numpuk 🍰 Roti manis, boba, cake 🍟 Cemilan tinggi tepung & gorengan ☕ Ngopi manis nyaris tiap hari Atau ikut IF-IFan (sekedar pa lama-lama tanpa merhatiin asupan gizi dan olahraga)"
https://www.threads.com/@asgaryuk/post/DLr_CWUvjOF,asgaryuk,2025-07-04,"Makanan ini cepet banget ngebut naikin gula darah. Tiap kali naik, pankreas buru-buru keluarin insulin buat nurunin. Kalau ini kejadian terus, insulin jadi overwork. Lama-lama dia kena panic attack, lalu tantrum tingkat akut alias shutdown... mogok nggak mau ngehasilin insulin lagi. Soak gitu. Mati 'rasa'."
https://www.threads.com/@asgaryuk/post/DLr_CWUvjOF,asgaryuk,2025-07-04,"Maksudnya gimana? Sedikit naik gula darah aja, insulin langsung dilepas banyak. Efeknya gula darah drop cepet ➔ kamu jadi craving manis lagi. Siklusnya muter gitu terus sampai kartun animasi Larva episode 😆"
https://www.threads.com/@asgaryuk/post/DLr_CWUvjOF,asgaryuk,2025-07-04,"Dan kalau insulin udah tumpul (resisten), dia harus dikeluarin makin banyak biar gula darah mau nurun. Tubuh makin effort, tapi hasilnya makin nggak efektif. Hello prediabetes 👋 Assalammualikum prehipertensi Annyeonghaseyo prekolesterol Kon'nichiwa and very welcome: gangguan hormonal --- Lama-lama mereka ngajak arisan si stroke, serangan jantung, gangguan fungsi ginjal, miom, kista, bahkan kanker: ""Yuk dikocok sekarang giliran siapa?"""
https://www.threads.com/@asgaryuk/post/DLr_CWUvjOF,asgaryuk,2025-07-04,"Masalahnya bukan cuma gula darah. Insulin ini punya banyak “teman kerja”. Dia ngatur: - penyimpanan lemak (visceral & subkutan), - sinyal ke ovarium (makanya PCOS sering muncul barengan insulin resistance), - bahkan ngaruh ke liver & tekanan darah."
https://www.threads.com/@asgaryuk/post/DLr_CWUvjOF,asgaryuk,2025-07-04,"Gula darah ugal-ugalan bikin sistem tubuh kayak: 🚦 Lampu lalu lintas rusak. Organ-organ bingung kapan harus “jalan”, kapan “berhenti”. Hormon reproduksi pun kena imbasnya."
https://www.threads.com/@asgaryuk/post/DLr_CWUvjOF,asgaryuk,2025-07-04,"Makanya banyak yang program hamil susah, haid kacau, jerawat hormonal nggak kelar-kelar… Awalnya, satu macam obat. Lama-lama, makin banyak. Kok nggak tuntas-tuntas sih? Padahal dalangnya si insulin kagetan barengan gula darah naik turun. Kenapa kayak gitu? Ada hal paliiiiiiiiiiiiing dasar yang sering banget di skip. --- Kalau kuratif mindset biasanya bakal agak alergi sama pendekatan preventif. Eh 🏃💨"
https://www.threads.com/@asgaryuk/post/DLr_CWUvjOF,asgaryuk,2025-07-04,Ada juga yang gampang ngantuk abis makan. Atau kelaperan lagi padahal baru aja makan. Itu tubuh kamu lagi struggle jaga gula darah supaya stabil.
https://www.threads.com/@asgaryuk/post/DLr_CWUvjOF,asgaryuk,2025-07-04,"Jangan mikir ini bakal kelihatan dari lab Gula Darah Puasa doang ya. Karena kadang hasil GDP normal, tapi insulin udah ngos-ngosan ngejaga biar gula darah stabil. Kalau mau adil, cek juga HbA c. Supaya bisa liat kecenderungan hari ke belakang, kita berkawan sama organ pankreas atau 'ngelawan'?"
https://www.threads.com/@asgaryuk/post/DLr_CWUvjOF,asgaryuk,2025-07-04,"Terus gimana cara bantu biar insulin nggak kagetan? Balik lagi ke sini. Nah, loh 😆 🍳 Makan protein & serat lebih dulu ➔ lambat naikinnya 🚶🏻‍♀️ Jalan kaki abis makan ➔ bantu clear gula 😴 Tidur cukup ➔ kortisol stabil 🧘🏻‍♀️ Kelola stress ➔ stress bikin insulin makin dramatis --- Ouroboros kan jadinya."
https://www.threads.com/@asgaryuk/post/DLr_CWUvjOF,asgaryuk,2025-07-04,"Kurangin juga: 🚫 Liquid sugar (teh manis, boba, kopi susu gula aren) 🚫 Makan tepung-tepungan tanpa pendamping serat/protein 🚫 Ngemil manis sendirian (tanpa kombinasi)"
https://www.threads.com/@asgaryuk/post/DLr_CWUvjOF,asgaryuk,2025-07-04,"Intinya: Bukan kamu yang harus dikurung makan rebusan doang. *menderita banget 😭 Tapi ngerti cara urutannya, kombinasinya, dan kebiasaan ngimbanginnya. Dan ngerti dulu kenapa tubuhnya, baru deh sibukin diri makan apa. Jangan kebalik. Kalau kebalik, itu yang bikin sehat terasa mahal dan dianggap mahal. Padahal bill RS lebih mahal. Choose your mahal. LOL"
https://www.threads.com/@asgaryuk/post/DLr_CWUvjOF,asgaryuk,2025-07-04,"Pernah cek gula darah atau insulin? Atau punya cerita soal ngantuk abis makan, craving manis terus-terusan, jerawat hormonal bandel? Atau siklus haid nggak jelas? Coba share di reply. Kita bahas bareng, santai aja 🌱"
https://www.threads.com/@lillasyifa/post/DVKlB3nD3MI,lillasyifa,2026-02-25,"Sebagai pejuang diabetes, aku tau pentingnya menjaga asupan nutrisi. Makanya di bulan Ramadan yang penuh kebaikan ini, aku pengen melengkapi kebahagiaan oma & opa di panti lansia dengan menu buka puasa yang ramah buat kesehatan mereka. Bukan soal seberapa mewahnya, tapi soal perhatian kita pada kualitas hidup mereka di masa tua. Yuk, ikut berbagi perhatian untuk oma & opa lewat: kitabisa.com/berba… @kitabisacom #KitaBisa #BerbagiBarengLilla #BukaPuasaBersama"
https://www.threads.com/@lillasyifa/post/DVKlB3nD3MI,mamaowine,2026-02-25,"apakah bapak bisa ikut kak? karena bapak penderita diabetes juga, dan saat ini sedang tidak dicover bpjs karena diluar daerah cakupannya🙏🏻"
https://www.threads.com/@giapratamamd/post/DQ5zgoAkwKw,nyitzproperty,2025-11-11,"Alhamdulillah dok Dulu gds hba c , Skrg gdp hba c , Tanpa obat"
https://www.threads.com/@giapratamamd/post/DQ5zgoAkwKw,_little.wing,2025-11-11,Tipsnya kak? 🥺🙏
https://www.threads.com/@giapratamamd/post/DQ5zgoAkwKw,nyitzproperty,2025-11-11,Berdoa Merubah pola makan dan pola hidup kak
https://www.threads.com/@giapratamamd/post/DQ5zgoAkwKw,julita_mangu_,2025-11-11,Makasih dok !
https://www.threads.com/@giapratamamd/post/DQ5zgoAkwKw,ais_shinziku,2025-11-13,"Dok , saya sering makan makanan manis . tp untuk makanan berat pling kali sehari . saya ibu menyusui . kemarin saya ke posyandu cek gula darah cuma mg/dL . bidannya langsung syok . karna bagi bidan itu rendah . dan posisinya dihari itu saya baru makan kue sepotong sama jamu sebotol . Apakah insulin ngirim gula ke ASI juga dok ?"
https://www.threads.com/@dokter_rosandi,dokter_rosandi,2026-02-06,"d Campak bukan sekadar ruam merah biasa. Campak bisa berbahaya bila menimbulkan komplikasi seperti pneumonia, diare berat, hingga radang otak (ensefalitis) yang bisa mengancam nyawa. 👉 Karena itu, pencegahan adalah kunci. Vaksinasi campak membantu melindungi diri dan orang-orang di sekitar kita. Jangan anggap remeh. Jangan lupa share bila bermanfaat dan follow @dokter_rosandi untuk informasi kesehatan bermanfaat lainnya."
https://www.threads.com/@dokter_rosandi,dokter_rosandi,2026-02-06,"d Pernah nggak sih kamu salah sangka, mengira alergi obat, padahal ternyata bukan?"
https://www.threads.com/@dokter_rosandi,dokter_rosandi,2026-02-06,d Saya pernah dikonsulkan kasus di IGD. Awalnya dibilang alergi obat setelah minum obat nyeri wajah pasien penuh ruam merah. Tapi saat saya lihat langsung… ada yang “nggak pas”. Feeling klinis bilang: ini bukan alergi biasa.
https://www.threads.com/@dokter_rosandi,dokter_rosandi,2026-02-06,"d Aku mulai gali lebih dalam. Pola ruamnya, kondisi umum pasien, sampai riwayatnya. Kecurigaanku mengarah ke infeksi virus campak. Dan benar saja… hasil tes IgM campak: positif."
https://www.threads.com/@dokter_rosandi,dokter_rosandi,2026-02-06,"d Kenapa tiap di ruang praktek kalau bapak ibunya yang periksa bawa anak, trus anaknya rewel.. kalimat yang sering banget diucapkan. ""Jangan rewel dek, nanti dimarahin dokternya"" padahal dokternya uda pasang muka super cute lho.. tetep kena aja 😝"
https://www.threads.com/@dokter_rosandi,dokter_rosandi,2026-03-25,"Pagi ini random banget bini tiba bilang ""Pa, kalau aku ulang tahun, kasih surprisenya ga usa mahal ya, kita hemat aja"" Lha saya bingung, kan semua gaji uda ditransfer ke istri, kartu kredit dll di tangan istri.. gimana caranya ngasih surprise. Plis bapak dan ibu ada ide? 😓🤣"
https://www.threads.com/@dastinandre/post/DWXSjkjEn8J,farahdhitafff,2026-03-25,"Dear warga threads. Aku mau cerita sekaligus mau tanya. Jadi pas malem takbir kemarin. Keluarga kan lg pd ngumpul. Om ku cerita kl badannya gatel-gatel sebadan sejak awal puasa. Gatelnya tuh kl digaruk membekas hitam. Aku curiga diabetes. Karena dirumah ada alat cek gula darah, dicek lah akhirnya om ku dan hasilnya duar . Jarak menit aku bilang ke tanteku yg cek. Coba dong te (ibuku) dicek juga. Dan hasilnya . Padahal ibuku ga terlalu suka makanan/minuman manis >>"
https://www.threads.com/@dastinandre/post/DWXSjkjEn8J,dastinandre,2026-03-26,"Stop dulu minum obat yang beli sendiri itu dan segera bawa ibu sama om kamu ke dokter spesialis penyakit dalam (Sp. PD) hari ini juga. Jangan nunggu obatnya habis baru cek lagi karena angka setinggi itu butuh evaluasi menyeluruh. Diabetes nggak cuma soal suka manis atau nggak, tapi soal gimana tubuh mengolah gula yang bisa dipengaruhi banyak faktor termasuk genetik dan pola makan secara keseluruhan."
https://www.threads.com/@dastinandre/post/DWXSjkjEn8J,dastinandre,2026-03-26,Kondisi gatal-gatal yang sampe membekas hitam itu juga udah jadi tanda kalau ada masalah di pembuluh darah atau sarafnya karena gula darah yang tinggi banget itu.
https://www.threads.com/@dastinandre/post/DWXSjkjEn8J,farahdhitafff,2026-03-25,"Karena panik, aku akhirnya ke apotik terdekat utk tanya-tanya obat apa yg bisa menstabilkan gula darah. Apoteker nya bilang ""glimepirit dosis "" diminum satu hari satu kali. Nanti kl obatnya udah abis dicek lagi. Keduanya sampai hari ini masih minum obat. Tapi semalem tante ku bilang ""Kl om sih emg jelas jelas dia gatel sebadan & tiap digaruk membekas. Aku takutnya pas ngecek punya ibu kamu. Alatnya error. Hasilnya masih kebaca punya om"""
https://www.threads.com/@dastinandre/post/DWXSjkjEn8J,farahdhitafff,2026-03-25,"Sebagai org awam ya aku ga tau musti gimana. Yg jelas tanteku tenaga kesehatan yg kerja di IGD. Beliau bilang ""Emg sering sih nemuin alat cek gini error. Kadang hasilnya masih kebaca yg sebelum ini"" Kemaren pas mau cek x stik nya abis. Yg mau kutanyain emg bs kah alat cek begitu bs error? Parno bgt selama lebaran ini ovt kepikiran ibu 🥹"
https://www.threads.com/@dastinandre/post/DWXSjkjEn8J,Pinned,2026-03-26,Kakak kakak semuanya yg sudah ikut komen disini. Terimakasih banyak atas perhatian dan saran-saran baiknya. Semuanya sudah saya baca namun mohon maaf belum bisa saya balas satu per satu. Saat ini keduanya baik om dan ibu saya. Sudah mau diajak cek hba c namun saya baru bisa mengantar di hari senin depan (tgl maret) dikarenakan saat ini saya tidak satu kota dengan keduanya. Utk obat yg dibeli di apotik sudah stop dikonsumsi. Sekali lagi terimakasih untuk saran nya 🙏
https://www.threads.com/@dastinandre/post/DWXSjkjEn8J,pradhana_shop,2026-03-26,"ada satu tempat yang isinya orang orang pintar dengan ilmu kesehatan yang tinggi namanya dokter dan trmpatnya namanya rumah sakit, bawa kesana ga usah sok sokan cari obat sendiri nanya di medsos kecuali memang sudah tidak sayang pada pasiennya"
https://www.threads.com/@dastinandre/post/DWXSjkjEn8J,asgaryuk,2026-03-25,Ngeri ya. Sillent killer banget. Cek HbA c ya kak. Periksa ke dokter penyakit dalam. Ikutin arahannya. Pengobatan jalan + modifikasi kebiasaan dan gaya hidupnya juga. Jgn salah satu. Ciri pengobatannya berhasil = ada perbaikan dan dosis obat berkurang.
https://www.threads.com/@dastinandre/post/DWXSjkjEn8J,ucha_amalia,2026-03-26,Ada bpjs gratis. Jgn sembarangan minum obat cuma berdasarkan saran apoteker. Nanti pingsan mau nyalahin siapa?
https://www.threads.com/@dastinandre/post/DWXSjkjEn8J,wukasuka,2026-03-26,"Kak, langsung ke poli penyakit dalam aja, biar bisa cek (lab darah) semua sekalian. Semoga segera terkontrol ya gula darah nyokap."
https://www.threads.com/@dastinandre/post/DWXSjkjEn8J,morin_sari,2026-03-25,"Sebaiknya di cek HbA C, gula darah puasa dan gula darah jam PP (post puasa), k. Penggunaan obat an penurun gula darah tanpa kontrol bs membahayakan pasien. Sebaiknya begitu pengecekan hasilnya tinggi, lgsg di bawa ke IGD terdekat untuk mendapatkan terapi"
https://www.threads.com/@dastinandre/post/DWXSjkjEn8J,rahmadi.rizki.dr,2026-03-25,"kalau mau hasil yg lebih baik memang cek HbA C, kalau emng tinggi boleh segera diobati. diabetes ndak selalu dari makanan manis kok kak."
https://www.threads.com/@dastinandre/post/DWXSjkjEn8J,magdalena_aqnes,2026-03-26,"Kenapa ga konsul ke SpPD sub spesialis diabet, Kak? Drpd diobati sendiri malah salah."
https://www.threads.com/@dastinandre/post/DWXSjkjEn8J,pensiunberbagi,2026-03-26,"Ke IGD kak, paksu waktu kena stroke GD dan Tensi / ."
https://www.threads.com/@dastinandre/post/DWXSjkjEn8J,finurikha_,2026-03-26,"Saranku sbg apoteker jangan asal ditembak obat hanya karena terbaca tinggi di alat cek mandiri kak. Belum tentu jg yg ngasih obat di apotek itu apoteker, takutnya yg jaga AA/kasir. Apoteker pun ga boleh kasih obat penyakit degeneratif tanpa penegakan diagnosa dari dokter. Apalagi kondisi pengecekannya hanya dr alat cek mandiri dan bukan gula darah puasa, jd banyak bias yg mempengaruhi. Stik alat tes mandiri itu jg ada expirednya. Jadi lebih baik dibawa ke poli PD dan minta cek HbA c sekalian."
https://www.threads.com/@dastinandre/post/DWXSjkjEn8J,fvam95vbw,2026-03-26,"Error itu, cobain ke sepuluh orang, apakah masih ratusan, hasil test nya.. Ada masa daluarsa strip juga.. Kalau benar , behh udah sekarat itu harusnya"
https://www.threads.com/@dastinandre/post/DWXSjkjEn8J,ayam_geprek_cenderawasih,2026-03-25,Coba di cek ke klinik/lab/RS terdekat untuk membandingkan hasilnya jika menggunakan alat dari tempat lain.
https://www.threads.com/@dastinandre/post/DWXSjkjEn8J,srayuu__,2026-03-26,"Kak fyi ku kebetulan kerja di klinik yg dokternya subspesialis endokrin metabolik lebih ke diabetes center, gatal itu ciri diabet tidak terkontrol, mumpung sudah buka praktek dokter cus kesana konsul lgsg ke ahlinya. Semakin cpt minum obat semakin selamat ginjalnya kak. 🙌🏻🤗"
https://www.threads.com/@dastinandre/post/DWXSjkjEn8J,tyawiharjo,2026-03-26,"Padahal energi buat ke apoteknya bisa bgt lih dipake buat ke dokter, ke prodia, kemana kek yg beneran ada tenaga medis yg bener faham dan emang profesional di bidangnya 😌"
https://www.threads.com/@dastinandre/post/DWXSjkjEn8J,azkaulftnnsa,2026-03-26,"YaAllah kaaa, Bapak mertuaku gd an aja udah lemes, berat badan berkurang, kaki bengkak. Bisa di bawah setelah ubah semua pola makan, rawat jalan, dan diingatkan terus minum obat. Cuma yg susah adalah Bapak mengira gula itu hanya makanan/minuman manis, padahal makan mie, tepung-tepungan, nasi putih juga."
https://www.threads.com/@dastinandre/post/DWXSjkjEn8J,elsa.harlie,2026-03-27,"gula darahku hampir aja udah sakit semua ini badan apalagi , cepet sembuh buat ibu ya kak. cek hb ac aja lebih akurat, obatnya minta dokter biar jelas dosisnya soalnya GD nya udah tinggi. wajib rutin olahraga kak, jika memungkinan bisa olahraga angkat beban, itu efektif bgt turunin GD, minum susu diabetasol juga biar stabil gula darahnya biar engga naik turun, banyakin makan realfood kayak tahu tempe, sayuran, telur, ikan, dll"
https://www.threads.com/@dastinandre/post/DWXSjkjEn8J,icaica1203,2026-03-26,Ada satu tempat namanya RS chek darah lengkap paling k
https://www.threads.com/@dastinandre/post/DWXSjkjEn8J,deviaratna08,2026-03-26,"Diabetes tidak selalu dari makanan minuman manis. Kebanyakan makan karbo juga iya. Gak pernah olahraga juga iya, pola hidup lah intinya. Bisa juga genetik"
https://www.threads.com/@dastinandre/post/DWXSjkjEn8J,karennjela,2026-03-26,Yaampun kak sy baca utasmu sambil ngemilin nastar. Auto berhenti makan 😅
https://www.threads.com/@dastinandre/post/DWXSjkjEn8J,veraazhou,2026-03-26,"orang-orang bs percaya lgsg sama satu alat lgsg makan obat yah… 🫣 Dokter ngomong aj masih sering salah diagnosa.. Semoga segera cek lab yaaah kak, minimal ada data valid dluu"
https://www.threads.com/@dastinandre/post/DWXSjkjEn8J,sovinavisah,2026-03-26,"Better saranin ke puskesmas buat konsul ke dokter umum, terus minta di rujuk ke dokter spesialis penyakit dalam, barangkali bener, soalnya Diabetes Melitus ada yg tipe & tipe , jadi terapi obatnya beda setiap kondisi gabisa disamain atau cuma beli di apotik."
https://www.threads.com/@ipadevpro/post/DTZX1KYDPzt,ipadevpro,2026-01-12,"Masuk lab Biologi itu kadang rasanya kayak masuk arena Fear Factor. Apalagi kalau materinya: Peta Rasa Lidah. Tugasnya simpel: Siswa ditutup matanya. Lalu saya teteskan cairan misterius ke lidah mereka. Harus tebak: Manis, Asin, Asam, atau Pahit. Suasananya pecah. Ada murid yang pas dikasih perasan jeruk nipis, mukanya langsung glitch. Matanya merem melek, bibirnya monyong kayak ikan koi kejepit pintu. Satu kelas ngakak guling-guling. Tapi ada satu anak yang aneh. Namanya Awan."
https://www.threads.com/@ipadevpro/post/DTZX1KYDPzt,ipadevpro,2026-01-12,"Awan ini badannya gempal. Hoblnya makan. Prinsip hidupnya: ""Kalau ada yang gratis, kenapa harus bayar?"" Pas giliran dia, dia semangat banget. Mulutnya mangap lebar-lebar. Kayak anak burung nunggu disuapin induknya. Dikasih garem: ""Asin Pak! Tambah lagi dong, enak nih buat lauk."" Dikasih kopi tanpa gula: ""Pahit Pak! Tapi lumayan buat melek."" Dikasih jeruk nipis: ""Seger Pak! Kurang es batu aja nih."" Saya geleng-geleng. ""Wan, ini praktek biologi, bukan prasmanan kondangan!"""
https://www.threads.com/@ipadevpro/post/DTZX1KYDPzt,ipadevpro,2026-01-12,"Sampai di giliran cairan terakhir: Larutan Gula. Saya teteskan sedikit. Awan diem. Dia gak langsung jawab ""Manis"". Dia malah ngecap-ngecap lama banget. Matanya merem. Menikmati banget. Kayak lagi nyicipin Caviar di restoran bintang lima. ""Manis, Pak..."" ""Enak banget..."" Terus dia ngomong sesuatu yang bikin satu kelas sorakin dia. ""Pak, boleh minta sisanya gak?"" ""Botolnya buat saya ya?"""
https://www.threads.com/@ipadevpro/post/DTZX1KYDPzt,ipadevpro,2026-01-12,"Teman-temannya langsung nge-bully. ""Wuuu dasar gentong air!"" ""Maruk lu Wan! Air gula aja diembat!"" ""Awan mah apa aja masuk, meja guru kalau digoreng juga dimakan!"" Saya juga ikutan becanda (yang saya sesali kemudian). ""Wan, kamu ini kurang gizi apa gimana?"" ""Nanti kamu diabetes lho minum air gula segelas gitu."" ""Udah sana duduk, jangan malu-maluin."" Awan cuma nyengir. Tapi dia tetap keukeuh minta izin bawa pulang sisa larutan gula di gelas beker itu. Akhirnya saya kasih, daripada ribet."
https://www.threads.com/@ipadevpro/post/DTZX1KYDPzt,ipadevpro,2026-01-12,"Pas pulang sekolah. Saya mampir ke warung depan sekolah buat beli minum. Di pojokan warung, saya lihat Awan. Dia lagi jongkok. Di depannya ada anak kecil kurus banget, mungkin umur tahun. Adiknya. Saya ngumpet di balik tiang, penasaran dia mau ngapain sama air gula tadi. Apa mau diminum sendiri? Ternyata... Awan nuangin air gula sisa praktek itu ke tutup botol pelan-pelan. Lalu disuapin ke adiknya."
https://www.threads.com/@ipadevpro/post/DTZX1KYDPzt,ipadevpro,2026-01-12,"Saya dengar percakapan mereka samar-samar. ""Aaa... minum Dik. Enak kan?"" ""Manis ya?"" Adiknya ngangguk girang. ""Enak Mas. Kayak sirup."" ""Iya, ini sirup mahal dari sekolah Mas."" ""Ibu kan belum punya uang buat beli gula."" ""Minum aja, biar gak lemes nungguin Ibu pulang mulung."" Awan sendiri gak minum setetes pun. Dia cuma ngeliatin adiknya minum sambil senyum. Senyum yang tulus banget. Padahal tadi di kelas dia dibilang rakus. Dibilang ""gentong air""."
https://www.threads.com/@ipadevpro/post/DTZX1KYDPzt,ipadevpro,2026-01-12,"Kaki saya lemas. Botol minum yang saya pegang rasanya mau jatuh. Kami di kelas tertawa karena menganggap Awan itu lucu dan rakus. Kami gak tahu... Bahwa rasa ""Manis"" yang bagi kita itu hal biasa... Bagi keluarga Awan adalah sebuah kemewahan yang langka. Hari itu, Awan bukan sedang jadi orang rakus. Dia sedang jadi kakak terbaik di dunia. Saya balik ke sekolah. Saya ambil sisa gula pasir stok lab. Besok pagi-pagi, saya mau taruh di laci meja Awan."
https://www.threads.com/@ipadevpro/post/DTZX1KYDPzt,ipadevpro,2026-01-12,"Kadang, pahlawan itu bentuknya murid gempal yang rela dipermalukan demi senyum adiknya. Maafkan Bapak ya, Wan. Bapak gak tau. Ada yang pernah salah menilai murid kayak saya? Cerita di bawah ya."
https://www.threads.com/@badgal.bloom/post/DVPldKnCR1u,syazakiera,2026-02-27,dah cut.sugar bulan. tetibaa check darah ada diabetess. apaa ni 😭😭
https://www.threads.com/@badgal.bloom/post/DVPldKnCR1u,qissue_,2026-02-27,"diabetes not solely from sugar, it comes from stress - cortisol level spiked"
https://www.threads.com/@badgal.bloom/post/DVPldKnCR1u,_.chen._._,2026-02-27,"Ni real story. Last year, aku cut sugar sebab doktor suruh. So aku tak mnum benda manis, aku tak makan nasi for months. Berat mmg turun. Tapi check, gula aku tinggi💀. Aku penat and drain gila. So tahun ni aku makan manis balik. Aku makan kek, minum soda etc. Minggu lps mak aku suruh aku medical check up, hari lps result keluar cakap gula aku ok. 💀💀💀"
https://www.threads.com/@badgal.bloom/post/DVPldKnCR1u,its_luqe,2026-02-27,"I read from somewhere, if you lack muscle mass, it may lead to diabetes as you age. Also, lack of exercise can also lead to diabetes even if you look healthy. Another reason is it could be an underlying medical condition."
https://www.threads.com/@badgal.bloom/post/DVPldKnCR1u,pipie.j,2026-02-27,Cut sugar you macam mana? Total tak makan benda sweet ke? Carbo intake macam mana? Nasi? Roti? Potato ada ambil tak? Cut sugar bukan bermaksud tak ambil langsung tapi from big portion to small portion. Our body still need sugars for energy.
https://www.threads.com/@badgal.bloom/post/DVPldKnCR1u,ziela_fa98,2026-02-27,Selalunya bila cut sugar terlampau and banyak take protein and karbo. Then kidney dah x larat fungsi sbb burden centu. So cause insulin resistance. Ni bahasa rojak la. Tapi ni apa yg saya bljr
https://www.threads.com/@badgal.bloom/post/DVPldKnCR1u,dessertsketagihmerecikk,2026-02-27,"Mmg dh ade diabetes ni way before cut sugar tp kalau mmg dh ade ni better carbs tu mmg kurangkan. Mcm beras tu tukar ke perang or basmathi tp besar pnumbuk. Bykkan syur dn lauk. Mnis bkn pd air dn kuihmuih, tp pd carbs"
https://www.threads.com/@badgal.bloom/post/DVPldKnCR1u,_chaarina,2026-02-27,"Kalau diabetis ni, bukan kita cut sugar sekarang terus takda diabetis dikemudian hari. Sebenarnya dah lama ada diabetis cuma kita taktahu. Hba c ambil darah tu pun, result darah kita bulan yang lepas. Bukan bulan yang sama ambil darah. Saya pun diabetis juga. Tahu masa mengandung tahun . Bukan gdm tapi type dm . Tak suka makan manis pun. Tapi maybe sebab keturunan."
https://www.threads.com/@badgal.bloom/post/DVPldKnCR1u,maisarazainals_,2026-02-27,"Interesting posting. Saya pun memang sangat menjaga gula putih. Tak minum air manis, kuih aestetic viral, anything yang manis berdasarkan gula putih memang saya elak. Nasi, buah tu saya makan je lah cam biasa kang sakit pulak. Turns out bacaan gula dalam darah saya lagi tinggi daripada orang yg ambil gula putih😭 Belum masuk paras bahaya tapi agak tinggi sebab I betul jaga. Benda ni make sense sebab i dulu selalu gak pitam, maybe kurang glukose kot dalam darah. Hmmmmmm"
https://www.threads.com/@badgal.bloom/post/DVPldKnCR1u,syazakiera,2026-02-27,saya tak keseorangan.
https://www.threads.com/@badgal.bloom/post/DVPldKnCR1u,hazmanjaz,2026-02-27,berapa dik hba c. bagitahu abg ni. abg pakar dalam diabetes ni. sebab pernah rawat arwah mak
https://www.threads.com/@badgal.bloom/post/DVPldKnCR1u,palli_mogo,2026-02-27,Bukan sekadar gula shj kena cut.. Stress pun boleh kacau bacaan gula.. Umur berapa?perempuan ke lelaki?. Boleh jd bukan sebab pemakanan semata²..
https://www.threads.com/@badgal.bloom/post/DVPldKnCR1u,syazsubhan,2026-02-27,"Mak saya pun kata dia cut sugar, tapi bila saya balik kg saya tgk bila keluar makan, masih order air manis, nasi still makan, ambik minuman bersusu, roti dia makan, roti canai makan, bihun mee pun makan.. Jadi saya tau la definition cut sugar utk sesetengah org mcm mana.."
https://www.threads.com/@badgal.bloom/post/DVPldKnCR1u,fathianabila_ms,2026-02-27,"Hi. Dietitian here. Saya suggest you make an appointment with a legit Dietitian practitioner to re-check back what you eat lately. Yes. DM also maybe due to stress. But my high respect, you do full blood test include the HbA C also for definite diagnosis."
https://www.threads.com/@badgal.bloom/post/DVPldKnCR1u,fika79,2026-02-27,"klu hba c umur ok ke? sy ni kalau macam.kurang makan nasi rs gigil. tapi dah org dok kata nasi tak bagus, takut juga..huhu"
https://www.threads.com/@badgal.bloom/post/DVPldKnCR1u,azuehamdan,2026-03-04,"FMS here. Diabetes tak jadi overnight. Saya dah tulis pasal ni. Jemput baca. azuehamdan Educational threads / / Sakit hati kan? Dah berbulan-bulan perang dengan nafsu makan, tak sentuh donut, matcha latte pun minta zero sugar, tapi bila buat check-up, doktor cakap: ""Tahniah, awak ada kencing manis."" 😭 ​Sebagai doktor di klinik kesihatan, kami selalu nampak situasi ni. Mari belajar kenapa usaha saat akhir awak tu tak cukup nak padam sejarah tahun badan awak melalui fasa Natural History of Diabetes.🧵👇"
https://www.threads.com/@badgal.bloom/post/DVPldKnCR1u,azuehamdan,2026-02-27,"Sakit hati kan? Dah berbulan-bulan perang dengan nafsu makan, tak sentuh donut, matcha latte pun minta zero sugar, tapi bila buat check-up, doktor cakap: ""Tahniah, awak ada kencing manis."" 😭 ​Sebagai doktor di klinik kesihatan, kami selalu nampak situasi ni. Mari belajar kenapa usaha saat akhir awak tu tak cukup nak padam sejarah tahun badan awak melalui fasa Natural History of Diabetes.🧵👇"
https://www.threads.com/@badgal.bloom/post/DVPldKnCR1u,bmi197819,2026-03-04,"Kalau cam ni dr,bp naik , ,and liver enzim naik sekarang.sedih kalau kata cell tu dah rosak n cant recover *Glucose* June : March : * * Hbaic for diabetic June - March -"
https://www.threads.com/@badgal.bloom/post/DVPldKnCR1u,_liyanayusof,2026-02-27,"Elak makan buah² yang tinggi kandungan fruktosa, elak juga makan makanan bertepung especially yang ada gluten walaupun tak manis. Keluar dapatkan vit D dari matahari. Jaga waktu tidur, jangan tidur lewat."
https://www.threads.com/@badgal.bloom/post/DVPldKnCR1u,zdkynn,2026-02-27,"Cut sugar bukan sekadar tak minum air manis atau tak makan dessert saja. Kita kena tengok keseluruhan diet berapa banyak nasi atau karbo yang diambil, dalam masakan harian ada tak gula tambahan, dan berapa kerap ambil makanan proses. Semua tu boleh menyumbang kepada risiko diabetes. U can join this group to get more information facebook.com/share… facebook.com KELAB PESAKIT DIABETES/KENCING MANIS"
https://www.threads.com/@badgal.bloom/post/DVPldKnCR1u,syazakiera,2026-02-27,tapi saya makan makanan kukus dengan bakar je. nasi pun suku jee.
https://www.threads.com/@badgal.bloom/post/DVPldKnCR1u,cheabdullah8,2026-02-27,Diabetes bukan sbb gula.
https://www.threads.com/@badgal.bloom/post/DVPldKnCR1u,syazakiera,2026-02-27,ohhh okayy baiklah
https://www.threads.com/@badgal.bloom/post/DVPldKnCR1u,abe_wea22,2026-02-27,"sebelum bulan tu, kena cut sugar? masa tu dah cek doktor ke"
https://www.threads.com/@badgal.bloom/post/DVPldKnCR1u,syazakiera,2026-02-27,dah check. sama jee average -
https://www.threads.com/@badgal.bloom/post/DVPldKnCR1u,abe_wea22,2026-02-27,so masalah tu mungkin dah ada masa tu. sebab lepas bulan pun masih sama. btw makan apa setiap hari?
https://www.threads.com/@badgal.bloom/post/DVPldKnCR1u,syazakiera,2026-02-27,makan sekali sehari. nasi suku selebihnya buah.
https://www.threads.com/@badgal.bloom/post/DVPldKnCR1u,abe_wea22,2026-02-27,"Benda dah jadi kan. nasi + buah memang mudah naikkan bacaan gula. lagi bila buah ambil kuantiti banyak. better follow group yg brader ni share. banyak info & cara kawal diabetes. jangan lupa beli glucometer , mudah untuk cek bacaan gula setiap hari. zdkynn / / Replying to @syazakiera Cut sugar bukan sekadar tak minum air manis atau tak makan dessert saja. Kita kena tengok keseluruhan diet berapa banyak nasi atau karbo yang diambil, dalam masakan harian ada tak gula tambahan, dan berapa kerap ambil makanan proses. Semua tu boleh menyumbang kepada risiko diabetes. U can join this group to get more information facebook.com/share… facebook.com KELAB PESAKIT DIABETES/KENCING MANIS"
https://www.threads.com/@badgal.bloom/post/DVPldKnCR1u,zdkynn,2026-02-27,"Replying to @syazakiera Cut sugar bukan sekadar tak minum air manis atau tak makan dessert saja. Kita kena tengok keseluruhan diet berapa banyak nasi atau karbo yang diambil, dalam masakan harian ada tak gula tambahan, dan berapa kerap ambil makanan proses. Semua tu boleh menyumbang kepada risiko diabetes. U can join this group to get more information facebook.com/share… facebook.com KELAB PESAKIT DIABETES/KENCING MANIS"
https://www.threads.com/@badgal.bloom/post/DVPldKnCR1u,nox.rhea,2026-02-27,"Ade sorg dokter kat tt ade explain psal patient die yg ade kondisi lebih kurang mcm u. Walaupon kte cut sugar, badan kte still akan hasilkan glucose nya sendiri. Ble glucose yg hasil sendiri ni tinggi, lame insulin pon xleh nk turunkan glucose dlm darah. So, dpt la kencing manis. Patient ni, even buah pon x makan. So, she said, the key is, balance. Ade kala, kte still kene amik gula dari outside source. Ambil lah yg sihat . Mungkin juga tidur lewat? Selalu? Pon boleh trigger kencing manis"
https://www.threads.com/@badgal.bloom/post/DVPldKnCR1u,johanbinkarim,2026-02-27,Sugar is only one contributing factor. Catat what you eat daily in detail for month n take blood sugar reading every other day. Now Ramadan also do it. Then baru consult dietician n doctor
https://www.threads.com/@badgal.bloom/post/DVPldKnCR1u,syazakiera,2026-02-27,okay noted
https://www.threads.com/@badgal.bloom/post/DVPldKnCR1u,ii.lina.low,2026-02-27,Mungkin bulan tu dah terlambat. Sbb diabetic ni puncanya makan tahun. Mcm dari kecik lagi dah rajin minum manis dan makan carb. Lepas tu penyakit baru dtg bila kita dah tua.
https://www.threads.com/@badgal.bloom/post/DVPldKnCR1u,syazakiera,2026-02-27,sebelum ni pun memang jarang makan manisss. cuba bulan sebelum ni dah cut teruss air manisss.
https://www.threads.com/@badgal.bloom/post/DVPldKnCR1u,ii.lina.low,2026-02-27,Punca utama nasi. Nasi putih kandungan gula tinggi juga.
https://www.threads.com/@hana.h823/post/DFjKkkOvWEZ,hana.h823,2025-02-01,"Perut BUNCIT dan penyakit DIABETES, bukan hanya dialami oleh orang GEMUK dan yang suka konsumsi gula. Tapi juga bisa menimpa orang-orang yang bertubuh kurus dan tidak suka gula. Kok bisa? Dia tidak suka gula, tidak suka yang manis-manis. Namun masih 'SERING' makan gorengan, bersantan, sarapannya nasi-mie terus (tanpa dibarengi protein tinggi). Asupan protein hewani dan serat (buah-sayur) masih sangat kurang. Ditambah lagi malas berolahraga dan sering begadang."
https://www.threads.com/@narasi.tv/post/C3kiublSv3W,narasi.tv,2024-02-20,"Mahasiswa Institut Teknologi Bandung (ITB) kembali menghadirkan inovasi, yaitu aplikasi pelacak gula darah “Glutara” buat penyandang diabetes. 🙌🏻 Inovasi ini berhasil membawa Tim AMN meraih juara dalam HackFest Indonesia dengan inovasi Internet of Things (IoT) untuk penyandang diabetes, Sabtu ( / / )."
https://www.threads.com/@narasi.tv/post/C3kiublSv3W,narasi.tv,2024-02-20,"Aplikasi Glutara diciptakan oleh Tim AMN yang terdiri dari mahasiswa Teknik Informatika ITB, yaitu Michael Leon Putra Widhi, Austin Gabriel Pardosi, Margaretha Olivia Haryono, dan Go Dillon Audris. Mereka mengintegrasikan sistem Internet of Things (IoT) dengan Continuous Glucose Monitor (CGM) yang membuat aplikasi Glutara jadi mudah digunakan."
https://www.threads.com/@narasi.tv/post/C3kiublSv3W,narasi.tv,2024-02-20,"""Fokus utama CGM kami adalah pada deteksi gula darah tanpa memerlukan tusukan pada jari (non-invasive),"" ucap Ketua tim, Michael, dilansir laman ITB, Selasa ( / ). Tim AMN menggunakan metode gelombang elektromagnetik buat ngukur kadar gula darah tanpa menimbulkan rasa sakit."
https://www.threads.com/@narasi.tv/post/C3kiublSv3W,narasi.tv,2024-02-20,"Pada aplikasi Glutara, pengguna dapat mencatat penggunaan insulin, pola makan, obat-obatan, dan aktivitas. Selain itu, Glutara menampilkan informasi statistik yang lengkap serta tren kadar gula darah. Buat mastiin pengguna tetap patuh, aplikasi ini juga dilengkapi dengan pengingat jadwal konsumsi obat. | Narasi #JadiPaham #Narasi"
https://www.threads.com/@narasi.tv/post/C3kiublSv3W,ichwansholichan.sky,2024-02-21,Terus berkarya anak pintar ... kalian hebat
https://www.threads.com/@narasi.tv/post/C3kiublSv3W,zaindn_20,2024-02-21,Gokilll mantapp
https://www.threads.com/@narasi.tv/post/C3kiublSv3W,hallobye.bye,2024-02-20,Keren banget
https://www.threads.com/@devi_fasa/post/DQvA-yoEo3K,reendacraft,2025-11-06,"Hb , kata dokter ""tranfusi ya..?"" aqu ""boleh plg aja nggak dok,br sebulan lalu,masa nginep lagi hehe "" pintaku dengan mimik memelas. dokter ""ya plg gpp,tp klo besok tidak membaik langsung igd ya,jgn nunggu Hb lagi! "" Aqu ""iya dok"" akhirnya plg,karna berbagai pertimbangan. Bismillah,pokok e sehat,kuat,semangat #pejuangsehat #pejuangsembuh #pejuanglunasutang"
https://www.threads.com/@devi_fasa/post/DQvA-yoEo3K,devi_fasa,2025-11-07,Lah kok HB? Itu kan obat diabetes semua
https://www.threads.com/@devi_fasa/post/DQvA-yoEo3K,reendacraft,2025-11-07,"Lha emang klo diabet ,Hb gak boleh droo? (Bertanya dg nada lembut) Setiap kontrol kan cek labirat ,cek darah lengkap,salah satunya Hb ,"
https://www.threads.com/@doktercamo/post/DNomQX1TUTt,doktercamo,2025-08-21,"🚨 PASIEN WANITA, BELUM TAHUN. HASIL LAB HbA c , (PREDIABETES). Dan hobi utamanya: DIET KETAT. Tolong kaum WANITA dengarkan cerita ini baik-baik sebelum terlambat!"
https://www.threads.com/@doktercamo/post/DNomQX1TUTt,doktercamo,2025-08-21,"Pasien ini rajin olahraga macam-macam. Tapi yang bikin saya paling khawatir → dia suka diet ketat. Kalau saya hitung, kalori hariannya cuma sekitar – kalori. Dia merasa sehat, tidak ada keluhan. Saat medical check-up lengkap, ternyata: 👉 HbA c = , (prediabetes) 👉 Glukosa puasa = mg/dL Jadi meski terlihat sehat dari luar… faktanya, metabolisme tubuhnya sudah bermasalah."
https://www.threads.com/@doktercamo/post/DNomQX1TUTt,doktercamo,2025-08-21,"Saya tanya: “Kenapa kok diet ketat sekali?” Dia jawab: “Supaya slim, supaya awet muda.” Lalu saya bilang: “Awet muda dari mananya? Usia belum tahun, tapi sudah prediabetes.”"
https://www.threads.com/@doktercamo/post/DNomQX1TUTt,doktercamo,2025-08-21,"Yang seringkali tidak dipahami : Kalau massa otot kempes atau berkurang drastis, justru itu menjadi faktor risiko diabetes. Kenapa? Karena otot ibarat gudang penyimpanan gula darah dalam tubuh. Kalau otot hilang → gula darah ya muter saja di pembuluh darah, susah dikendalikan. Dan pada pasien ini, itu sudah nyata. Gula darah puasa memang belum di atas . Tapi HbA c sudah , (di atas , = prediabetes). Artinya, kerusakan metabolisme sudah mulai terjadi. Tabel : Panduan DMT Perkeni"
https://www.threads.com/@doktercamo/post/DNomQX1TUTt,doktercamo,2025-08-21,"Selain itu, pada wanita saat menopause, massa otot akan berkurang lebih jauh lagi. Kalau dari awal otot tidak dilatih → hidup bisa menderita sekali. Menjelang atau setelah menopause, risiko penyakit makin banyak: - Metabolisme kacau - Tulang kropos (osteoporosis) Dan yang lebih menakutkan → tiba-tiba patah tulang mendadak 🦴⚠️ Bayangkan hidup dengan tulang rapuh dan risiko patah hanya karena jatuh ringan… 😰"
https://www.threads.com/@doktercamo/post/DNomQX1TUTt,doktercamo,2025-08-21,"💡 Pertama, lakukan MEDICAL CHECK-UP. Pahami kondisi tubuh sendiri, karena profil kesehatan metabolisme tiap orang berbeda-beda. 🚫 Kedua, JANGAN DIET SEMBARANGAN, khususnya untuk wanita. Ingat, kalian harus menabung otot untuk menghadapi masa menopause. Sehat itu bukan cuma soal kurus atau terlihat awet muda. 👉 Yang terpenting adalah punya kualitas hidup yang baik di usia tua: tubuh kuat, metabolisme terjaga, dan tulang tetap kokoh."
https://www.threads.com/@doktercamo/post/DNomQX1TUTt,sawlaaaaaaa,2026-02-06,"Ini persis banget kyk saya dok. Umur , lari kali seminggu, ga nyemil, ga minum manis, makan × sehari. Mutusin MCU karena makin sering pipis tengah malam bisa sampe kali, ngantuk parah setelah makan, dan cepet lemas. Ternyata hasil test HbA C saya , . Dari situ mutusin buat perbaiki pola makan + mulai ngegym buat naikin massa otot. Setelah bulan test lagi HbA c turun jadi ,"
https://www.threads.com/@doktercamo/post/DNomQX1TUTt,sashiomarda,2025-08-22,"Yang jadi pertanyaan, dia rajin olahraga, gulanya kan dibakar, tapi kenapa gulanya masih tinggi? Apakah olahraganya hanya ""sebatas gerak"" tanpa menghitung kalori yang terbakar?"
https://www.threads.com/@doktercamo/post/DNomQX1TUTt,fazerdazh,2025-08-22,"+ add, cmiiw: HbA c = cerminan rata-rata kadar gula di darah selama - bulan terakhir. pasien rajin olahraga 'macam-macam' tapi massa otot kempes. asumsi: olahraga yg dijalani pasien cenderung lebih dominan cardio daripada resistance training, shg massa otot rendah. otot = gudang penyimpanan glukosa paling besar di tubuh. massa otot rendah = penyimpanan/penyerapan glukosa rendah. sehingga kada glukosa 'beredar' banyak di pembuluh darah = lebih banyak yg terikat hemoglobin = Hba c tinggi."
https://www.threads.com/@doktercamo/post/DNomQX1TUTt,fazerdazh,2025-08-22,"kenapa HbA c bisa jadi ukuran kadar gula darah - bulan terakhir? • Hb = Hemoglobin (protein dalam sel darah merah yang ngiket oksigen) • A c = subfraksi kecil dari hemoglobin A (hemoglobin dewasa normal) • hence HbA c = hemoglobin A yang mengalami glikosilasi (terikat glukosa)/'coated' by glucose. usia sel darah merah = kurang lebih hari, maka HbA c dipakai untuk melihat seberapa banyak hemoglobin yang “terlapisi gula” selama usia sel darah merah tsb."
https://www.threads.com/@doktercamo/post/DNomQX1TUTt,sugionotj,2025-08-22,"Intinya olahraga jangan diet aja, bangun masa otot maka berat akan turun karena berkurangnya lemak dalam tubuh dan otot menjadi kuat, begitu ya, Dok.?"
https://www.threads.com/@doktercamo/post/DNomQX1TUTt,gitaci57,2025-08-22,"terus olahraga apa yg wanita itu lakukan, kok sampai ototnya tidak terlatih? ""padahal suka olahraga"""
https://www.threads.com/@doktercamo/post/DNomQX1TUTt,ahmadhape,2025-08-22,"Saya menduga mbak² tersebut diet terlalu ketat sampai lupa memenuhi porsi asupan protein harian. Karena defisit protein, otot jadi ga berkembang. Karbo juga kurang, jadilah otot malah kemakan sama tubuh. Pankreas yang tiap hari kerja keras bikin insulin, ga direpair dengan bahan protein yang cukup. Kerja pankreas jadi lamban, ga bisa ngimbangi kadar gula dalam darah. Prediabetes deh."
https://www.threads.com/@doktercamo/post/DNomQX1TUTt,chaniaenjoy,2025-08-21,"Ntr saat org di nasehati bangun massa otot dgn latihan beban, mereka menghina blg olahraga itu msh byk yg lain bukan nge gym doang. Pdhl mreka ga tau beda cardio ama latihan beban 😒"
https://www.threads.com/@doktercamo/post/DNomQX1TUTt,gitadprastanti,2025-08-22,"Dok, prediabetes apakah bisa kembali normal ? Jika bisa, dgn cara spt apa dok ? Terima kasih🙏🏻"
https://www.threads.com/@doktercamo/post/DNomQX1TUTt,sysxluckyolweis,2025-08-22,"salah pasiennya suka cardio makanya guys cewe jgn takut angkat beban, beban tubuh udah bisa kok (push up, plank)"
https://www.threads.com/@doktercamo/post/DNomQX1TUTt,febriana_cory,2025-08-22,"Klo nyapu, ngepel, nyuci, nyetrika momong anak itu jg bs dikatakan olga ga dok ?"
https://www.threads.com/@doktercamo/post/DNomQX1TUTt,duniaqtoy,2025-08-22,"Kalau makannya kayak gini gimana ya? Masih kurang ga ya proteinnya. Krn kl lihat di aplikasi zepp (krn sy pakai mi Band ) itu kok kurang terus. Sementara itu prohe kl banyak² juga boncos 😅. Saya olahraga tp ga keras² bgt juga. Kombinasi aerobik & jalan kaki, kadang sepeda statis. Oya, yg saya kurangi si karbo (terutama nasi) tapi sebenarnya ga ada pantangan sama sekali soal makanan"
https://www.threads.com/@doktercamo/post/DNomQX1TUTt,ryana_dhewi,2025-08-22,"Emg iya klo ngasih makan otot juga harus cukup protein harian, bangun masa otot perlu kerja keras jg bukan sebulan bulan bs lgsung bangun otot, sumpah lawan mager dan waktu luangnya itu yg susah 😭"
https://www.threads.com/@doktercamo/post/DNomQX1TUTt,kumelz,2025-08-22,"Saya pernah sebulan rajin olahraga, termasuk x weight training seminggu, tapi diet saya kekurangan protein jadi walaupun berat badan turun, yg turun adalah massa ototnya. Sekarang udah perbaikan diet jadi lebih tinggi protein dan massa ototnya naik lagi."
https://www.threads.com/@doktercamo/post/DNomQX1TUTt,mukhtar_akbar,2025-08-22,"Doi lupa angkat beban itu harus sampe close to failure atau failure, biar ada sinyal muscle growth."
https://www.threads.com/@doktercamo/post/DNomQX1TUTt,wi_cheers,2025-08-23,"Sy banget ini dok, kalori harian sy batasin - bb jadi tp jalan bulan badan stuck gak bisa turun lagi walaupun kalori harian hanya segitu, lalu setahun lalu sy mulai angkat beban bb turun ke tapi kalori harian kdg lebih tapi badan segini aja mlh lebih proposional"
https://www.threads.com/@doktercamo/post/DNomQX1TUTt,indr_asia,2025-08-22,Gimana ??? Sering diet ketat + sering olahraga prediabet? Saya baca sampe bawah berulang gak disebutin kenapa nya.
https://www.threads.com/@doktercamo/post/DNomQX1TUTt,sahdrajati,2025-08-22,"Massa otot sangat sedikit, gula yg harusnya tersimpan di otot jadi ikut peredaran darah ..tidak terkendali"
https://www.threads.com/@doktercamo/post/DNomQX1TUTt,bazheera_unime,2025-08-22,"oalahh begitu cara kerjanya 👀 org tua yg jatuh kemudian jd sakit gabisa jalan normal lagi, dsebabkan krn gula darah? 👀 dn gula darah itu dsebabkan antara kalori banyak tp gapernah olahraga ato selalu olahraga tp kalori rendah? yg keduanya mngakibatkan massa otot kempes? massa otot kempes > gula darah ga terkontrol > metabolisme terganggu > tulang kropos Dok saya mau tanya, sy awam, medical check up itu harus di rumah sakit atau bisa di puskesmas? mencakup apa saja? dan budgetnya skitar brp ya?"
https://www.threads.com/@doktercamo/post/DNomQX1TUTt,medilanguage,2026-03-14,"Puasa Ramadhan aja sahur dan buka hrs diatur. Sahur mulai dg banyak buah, sayur, protein, complex carbohydrates. Saya juga masih minum kopi panas(bukan sampah in one ya). Saya baru bawa kue kering dari Jerman yg dibuat dari spelt wheat. Ini saya makan sedikit sbg tahap terakhir dari sahur sebelum olahraga. Cadangan dari makanan hanya bertahan - jam. Setelah itu tubuh akan memulai glukoneogenesis. Cara alami tubuh utk menyediakan molekul glukosa besar. Jadi teman , jangan panik"
https://www.threads.com/@doktercamo/post/DNomQX1TUTt,mademoiselle_axrr,2025-08-22,"Dok boleh nambahin gak?, aku dulu kekurusan sering diet (ngatur pola makan) BBku kg, terus menstruasiku jd keganggu yg akhirnya PCOS, aku juga sering olahraga hampir tiap hari, terus dokter obgynku ngasih m*tfo*min (obat yg biasa dipake orang yg kena diabetes) nah ternyata masalahnya di BBku yg parah banget, akhirnya yaudah makan biasa aja pagi sarapan telor kampung , jalan kaki k steps perday, ningkatin massa otot, skg BBku kg dan mensku teratur malah maju sehari"
https://www.threads.com/@doktercamo/post/DNomQX1TUTt,khalif_thafariz_azzam,2025-08-22,Saya tiap sore volly apakah itu ada manfaat untuk usia + ?
https://www.threads.com/@doktercamo/post/DNomQX1TUTt,doktercamo,2025-08-22,Tergantung manfaat yg dicari
https://www.threads.com/@nadataufik/post/DNiaOLfSg61,nadataufik,2025-08-19,"Assalamualaikum bismillah, izin saya share, semoga teman-teman terbantu sedikit ya. Saya dl penyintas diabetes, pcos, mama achberans, asma, gerd dan banyak lagi penyakit, dikarenakan obesitas. Saya hanya mengingatkan sumber utama nya adalah Glukosa, dimana glukosa melonjak karena Karbo dan gula. Maka perlahan saya mencoba untuk menerapkan low carb, if dan masuk kedalam ketofastosis. Qodarullah dalam tahun saya bisa turun KG, dari KG skrg stuck di KG. Tidak hanya membaik semuanya,"
https://www.threads.com/@nadataufik/post/DNiaOLfSg61,nadataufik,2025-08-19,"ada doanya untuk saat kita mendapatkan penyakit, bismillah saya sharing disini lagi ya 🙏🏻 ""Robbi annii massaniyadh dhurru wa anta arhamar roohimiin"" artinya, ""Ya Tuhanku, sesungguhnya aku telah ditimpa penyakit dan Engkau adalah Tuhan yang Maha Penyayang di antara semua penyayang."" Dan untuk penerapan saya, kembali pada pola hidup sehat. Jika kalian mau sharing atau bertanya, silahkan monggo ya bebas saja 🙏🏻"
https://www.threads.com/@nadataufik/post/DNiaOLfSg61,Pinned,2025-08-19,"Insyallah saya bisa bermanfaat untuk semuanya, kalau ada yang mau ditanyakan boleh tulis di komen atau DM saya aman-aman aja kok 🙏🏻 bebas dan free aja ya 😊"
https://www.threads.com/@nadataufik/post/DNiaOLfSg61,nadataufik,2025-08-19,"izin sharing saya dulu dan sekarang ya 🙏🏻 KG awalnya dan sekarang KG, alhamdulillah penyakit membaik semuanya ❤️🫰🏻"
https://www.threads.com/@nadataufik/post/DNiaOLfSg61,asthiey,2025-08-19,"butuh motovasi kaya gini nih. Aku adenomyosis, ginjal hanya satu sisa yang kiri, pernah kista ovarium sudah diangkat ovarium kanan, lower backpain (HNP), baru ini hipertensi. kudu banget ngurusin badan. TB , BB lagi naik drastis karna pengobatan hormon. ayo kak spill diet dan workoutnya ❤️"
https://www.threads.com/@nadataufik/post/DNiaOLfSg61,nadataufik,2025-08-19,"assalamualaikum bismillah untuk diet nya pasti Low carbs dan IF ya, untuk exercise cukup plank, squat aja. Kalau ginjal sisa berapa % kak? apakah airnya sudah dibatasi atau blm? karena kalau ginjal, saya pernah mentorin juga dan air sudah dibatasi, makanan hanya ikan ya kak 🙏🏻"
https://www.threads.com/@nadataufik/post/DNiaOLfSg61,asthiey,2025-08-19,"Waalaikumsalam 🤍 wah hanya ikan? bosenan aku tuh 😅 kalo ginjal sisa berapa persen sih yang kiri fully function ya. jadi karna yg kanan mengecil (bahkan dokter bilang hilang), yg kiri compensate jadi membesar karena bebannya di dia smua."
https://www.threads.com/@nadataufik/post/DNiaOLfSg61,asthiey,2025-08-19,"air tidak dibatasi, hanya dibilang harus diet rendah purin (padahal doyan banget ati dan air kelapa). skrg olahraga hanya jalan kaki seminggu sekali (iya kuraaangg). skrg baru mulai IF lagi : baru harian dengan jendela makan jam sampe jam . tapi segala macem masih dimakan 😅"
https://www.threads.com/@nadataufik/post/DNiaOLfSg61,black_swan0101,2025-08-19,ayo spill kaaa tp jgn suruh kita join kelas yaaa
https://www.threads.com/@nadataufik/post/DNiaOLfSg61,nadataufik,2025-08-19,"assalamualaikum, bismillah, izin menjawab 🙏🏻 kalau untuk low carb, makanan nya harus hewani, yang tidak mengandung gula, kecap dan tepung an ya kak, contohnya ikan-ikan dan seafood. Untuk IF bisa dimulai dengaj : , biasanya bisa dibantu dengan waktu tidur, kalau tidur kan pasti ga makan ya. Jadikan itu dulu kalau sdh terbiasa bisa dinaikkan lagi menjadi : untuk jendela puasanya. Jangan lupa olahraga beban seperti barbel, bisa juga yoga. Tidur harus berkualitas, stress bawa meditasi."
https://www.threads.com/@nadataufik/post/DNiaOLfSg61,nadataufik,2025-08-19,"ga perlu pake kelas, kakak boleh kok dm saya pribadi insyallah saya jawab 🙏🏻 bebas free aja kok, insyallah saya bs membantu bermanfaat untuk semuanya 😊"
https://www.threads.com/@nadataufik/post/DNiaOLfSg61,umah_hannaf,2025-08-20,barakallahufik MasyaAllah
https://www.threads.com/@nadataufik/post/DNiaOLfSg61,nadataufik,2025-08-21,jazakumullahu khairan katsiran
https://www.threads.com/@nadataufik/post/DNiaOLfSg61,astrisusmanto,2025-08-20,"Assalamualaikum....Kak, minta sarannya dong. TBku cm BB kg, gula normal , yg jadi permasalahan kolestrol sm asam uratku tinggi sama . Aq harus diet apa y Kak, harus memulai dr mana? Pdahal aq dah mengurangi gorengan sama skali, udah jarang banget lah makan gorengan. Paling atw itupun g setiap hari. Aq udah g makan nasi, ganti kadang pisang rebus atau umbi an, terus telor rebus, kadang makan capcay sayur dikasih orak arik telor."
https://www.threads.com/@nadataufik/post/DNiaOLfSg61,ridhafitri,2025-08-20,Kalo jendela puasa kopi dengan stevia amankah?
https://www.threads.com/@nadataufik/post/DNiaOLfSg61,nadataufik,2025-08-20,"assalamualaikum bismillah, izin menjawab kak Ridha 🙏🏻 insyallah aman tapi ada batasan stevia, boleh aja tapi saya menyarankan jangan banyak konsumsi stevia atau tutes karen nanti lidahnya masih terbiasa dengan manis 🙏🏻 semoga bermanfaat"
https://www.threads.com/@nadataufik/post/DNiaOLfSg61,ridhafitri,2025-08-20,Terimakasih. Aku dm tp belum bisa full hewani masih suka tahu tempe jadi belum lepas obat kapan baiknya stop obat kalo if sudah :
https://www.threads.com/@nadataufik/post/DNiaOLfSg61,nadataufik,2025-08-20,"Assalamualaikum, bismillah, izin menjawab kakak 🙏🏻 ga papa kak Ridha, berapa gdp nya? Hba c nya berapa? Kakak bisa masuk ke low carb dulu sebelum keto, artinya boleh konsumsi tahu dan tempe sesuai batasan, tidak lebih dr - gram perhari tapi harus diimbangi juga dengan lemak baik yang masuk, contohnya konsumsi VCO untuk membantu kakak 🙏🏻 semoga bermanfaat"
https://www.threads.com/@nadataufik/post/DNiaOLfSg61,arnessandy,2025-08-19,Sekarang diabetes nya bagaimana kak ? Apa sembuh ?
https://www.threads.com/@nadataufik/post/DNiaOLfSg61,nadataufik,2025-08-19,"Barakallah fiikum sudah turun drastis, malah saya skrg ga butuh glukosa kakak 🙏🏻"
https://www.threads.com/@nadataufik/post/DNiaOLfSg61,arnessandy,2025-08-20,"MasyaAllah, boleh di share tipnya kak karena qadarullah suami juga Diabetes gula sempat mencapai"
https://www.threads.com/@nadataufik/post/DNiaOLfSg61,nadataufik,2025-08-21,"assalamualaikum bismillah, maaf baru baca 🙏🏻 suaminya bagaimana pola hidup sebelumnya? coba utk makan ikan dl jangan sampe kena tepung, gula dan kecap kak, hindari karbo 🙏🏻 kira usia brp ya kak? kalau sanggup coba dulu awal pake jendela puasa : , makan terakhir jam malam, nanti buka jam pagi. Kalau sdh biasa dan adaptasi ditambah jadi : , makan terakhir jam malam, buka jam siang 🙏🏻 di sela itu boleh minum air putih, teh tawar dan kopi tawar 🙏🏻 insyallah bermanfaat"
https://www.threads.com/@nadataufik/post/DNiaOLfSg61,arnessandy,2025-08-21,Na'am kak.. Berarti IF juga hindari karbo ya termasuk nasi merah ? Memang suami penyuka minuman kaleng n manis.. Jazakillah Khairan kak untuk sharingnya..
https://www.threads.com/@nadataufik/post/DNiaOLfSg61,p.r.b.w.n,2025-08-19,HBA C-nya bagaimana kalau boleh tahu?
https://www.threads.com/@nadataufik/post/DNiaOLfSg61,nadataufik,2025-08-19,"boleh kakak 🙏🏻 ini gdp pagi hari ya, abaikan jam nya 😊"
https://www.threads.com/@nadataufik/post/DNiaOLfSg61,nilaam,2025-08-19,Kak ini udah masuk hipoglikemia kan? Kok ga kliyengan?
https://www.threads.com/@nadataufik/post/DNiaOLfSg61,nadataufik,2025-08-21,"assalamualaikum bismillah, maaf baru lihat komennya. Sebelumnya saya menjelaskan sedikit ya kakak 🙏🏻 Hipoglikemia ada jika kakak menggunakan metabolisme glukosa. Sedangkan yang saya jalani menggunakan metabolisme Lemak (ketone), kalau sdh menggunakan metabolisme ini, dengan sendirinya tubuh tidak lagi membutuhkan glukosa karena sudah dirubah menjadi lemak dan ketone. Justru makin turun GDP akan semakin seger dan tenaganya ekstra %. begitu ya kak, semoga paham 🙏🏻"
https://www.threads.com/@nadataufik/post/DNiaOLfSg61,ibunya_3d,2025-08-19,Spill cara dietnya kak
https://www.threads.com/@nadataufik/post/DNiaOLfSg61,nadataufik,2025-08-19,"assalamualaikum, bismillah, izin menjawab 🙏🏻 kalau untuk low carb, makanan nya harus hewani, yang tidak mengandung gula, kecap dan tepung an ya kak, contohnya ikan-ikan dan seafood. Untuk IF bisa dimulai dengaj : , biasanya bisa dibantu dengan waktu tidur, kalau tidur kan pasti ga makan ya. Jadikan itu dulu kalau sdh terbiasa bisa dinaikkan lagi menjadi : untuk jendela puasanya. Jangan lupa olahraga beban seperti barbel, bisa juga yoga. Tidur harus berkualitas, stress bawa meditasi."
https://www.threads.com/@nadataufik/post/DNiaOLfSg61,sitimunawaroh94_,2025-08-19,Sekarang masih lanjut ketofastosis ya kak? Berarti sudah full protein sj makannya?
https://www.threads.com/@nadataufik/post/DNiaOLfSg61,nadataufik,2025-08-19,masyallah barakallah alhmadulillah sudah masuk di - tahun saya KF kakak 🙏🏻🙏🏻🙏🏻 awal pertemuan dengan founder nya mas Tyo 😊
https://www.threads.com/@nadataufik/post/DNiaOLfSg61,zuriatmahasin,2025-11-07,Saya juga pernah kf kak ...di grup fb juga ada ya ...qodarulloh pernah diabetes gestasional
https://www.threads.com/@nadataufik/post/DNiaOLfSg61,wichita.abror,2025-08-20,Semoga sehat selalu Kak
https://www.threads.com/@nadataufik/post/DNiaOLfSg61,nadataufik,2025-08-20,"masyallah amin yra ya mujabasaillin, sama kakak 🙏🏻"
https://www.threads.com/@nadataufik/post/DNiaOLfSg61,_anarizki,2025-08-19,"Wa’alaikum salam, kak..saya juga penyintas pcos. Waktu itu promil di klinik yasmin RSCM. Karena ga kuat sama antriannya kak, saya dari Cirebon jam subuh, baru ketemu dokter jam / sore, dan ga ada menit, dikasi obat, akhirnya saya mengurangi karbo, dari nasi, tepung, saya juga mengurangi gula, misalnya boba, saya suka banget cha time. Alhamdulillah tidak sampai / tahun, saya hamil. Alhamdulillah"
https://www.threads.com/@nadataufik/post/DNiaOLfSg61,nadataufik,2025-08-19,"masyallah barakallah kakak, memang kunci nya itu ada pada glukosa. Glukosa itu jahat banget dan selalu menambah sel-sel yang tidak baik berkembang pesat. Dan satu lagi untuk pcos itu harus menurunkan stress tinggi didalam badan apalagi suka banyak yang overthinking"
https://www.threads.com/@nadataufik/post/DNiaOLfSg61,ifah.al,2025-08-19,"Tidak makan nasi sama sekali ? Kok aku pusing ya. Sampe rasanya ky muter . Bb sebelum nikah kg, setelah nikah kg🫠"
https://www.threads.com/@nadataufik/post/DNiaOLfSg61,frida_freed,2026-01-27,"Terima kasih kak sharingnya yg bermanfaat. Saya juga sedang berjuang dengan gerd disertai gangguan kecemasan. Maaf kak, saya izin DM di thread @nadataufik .. terima kasih.."
https://www.threads.com/@nadataufik/post/DNiaOLfSg61,nadataufik,2026-01-27,ya kak siap
https://www.threads.com/@nadataufik/post/DNiaOLfSg61,frida_freed,2026-01-27,Terima kasih kak🙏
https://www.threads.com/@nadataufik/post/DNiaOLfSg61,riendiastika,2025-08-19,Spill ka cara diet low carbnya sm ifnya brp jam? Olahraga juga kah?
https://www.threads.com/@nadataufik/post/DNiaOLfSg61,nadataufik,2025-08-19,"assalamualaikum, bismillah, izin menjawab 🙏🏻 kalau untuk low carb, makanan nya harus hewani, yang tidak mengandung gula, kecap dan tepung an ya kak, contohnya ikan-ikan dan seafood. Untuk IF bisa dimulai dengaj : , biasanya bisa dibantu dengan waktu tidur, kalau tidur kan pasti ga makan ya. Jadikan itu dulu kalau sdh terbiasa bisa dinaikkan lagi menjadi : untuk jendela puasanya. Jangan lupa olahraga beban seperti barbel, bisa juga yoga. Tidur harus berkualitas, stress bawa meditasi."
https://www.threads.com/@nadataufik/post/DNiaOLfSg61,leshamayra,2025-08-19,Blh spill step step nya utk pemula dari mulai sarapan hingga makan mlm kak??
https://www.threads.com/@nadataufik/post/DNiaOLfSg61,nadataufik,2025-08-19,"assalamualaikum, bismillah, izin menjawab 🙏🏻 kalau untuk low carb, makanan nya harus hewani, yang tidak mengandung gula, kecap dan tepung an ya kak, contohnya ikan-ikan dan seafood. Untuk IF bisa dimulai dengaj : , biasanya bisa dibantu dengan waktu tidur, kalau tidur kan pasti ga makan ya. Jadikan itu dulu kalau sdh terbiasa bisa dinaikkan lagi menjadi : untuk jendela puasanya. Jangan lupa olahraga beban seperti barbel, bisa juga yoga. Tidur harus berkualitas, stress bawa meditasi."
https://www.threads.com/@nadataufik/post/DNiaOLfSg61,kissofapanda,2025-08-19,Tips turun BB saat sedang menyusui
https://www.threads.com/@nadataufik/post/DNiaOLfSg61,nadataufik,2025-08-21,"menggunakan fase maintance namanya kakak, artinya sayur dan buah boleh, tidak usah pakai puasa. nanti saya sharing sayur dan buah ketofy, artinya boleh di konsumsi tapi ada batasannya"
https://www.threads.com/@nadataufik/post/DNiaOLfSg61,lebah.bulan,2025-08-19,Kak tb ku bb 😭 baca ini setelah pesen nasi goreng malem hbs hujan
https://www.threads.com/@nadataufik/post/DNiaOLfSg61,naharrasjidi208,2025-08-19,Low carb artinya tidak boleh makan nasi sama sekali?
https://www.threads.com/@nadataufik/post/DNiaOLfSg61,nadataufik,2025-08-21,"ya pak, tidak makan karbo spt nasi, tepung, mie, soun, bihun, singkong, ubi, kentang yang termasuk karbo didalamnya 🙏🏻 Tapi kita masih butuh karbo kan? ya benar kita masih butuh karbo - % dlm konsumsi makanan, lalu dari mana? dari bumbu masakan yang kakak konsumsi, seperti bawang merah, bawang putih, cabe, itu semua ada karbonya juga"
https://www.threads.com/@nadataufik/post/DNiaOLfSg61,sunnahtalk,2025-08-19,Spill metode diet nya Kak
https://www.threads.com/@nadataufik/post/DNiaOLfSg61,nadataufik,2025-08-19,"assalamualaikum, bismillah, izin menjawab, ketofastosis kakak 🙏🏻 awal makan low carb, makanan nya harus hewani, yang tidak mengandung gula, kecap dan tepung an ya kak, contohnya ikan-ikan dan seafood. Untuk IF bisa dimulai dengaj : , biasanya bisa dibantu dengan waktu tidur, kalau tidur kan pasti ga makan ya. Jadikan itu dulu kalau sdh terbiasa bisa dinaikkan lagi menjadi : untuk jendela puasanya. Jangan lupa olahraga beban seperti barbel. Tidur harus berkualitas, stress bawa meditasi."
https://www.threads.com/@nadataufik/post/DNiaOLfSg61,oka_sidoarjo,2025-08-20,Saya jg penyitas diabetes hb ac saya udah pgn bgt bs turun apa yg hrs saya lakuin klu Karbo makan udah saya kurangin jauh cm blm BS lepas dr tepung gula jarang bgt saya konsumsi gula
https://www.threads.com/@nadataufik/post/DNiaOLfSg61,adtrhma,2025-08-19,"Wah keren kak, ke . Saya mau langsung jugaaa"
https://www.threads.com/@nadataufik/post/DNiaOLfSg61,nadataufik,2025-08-21,"masyallah barakallah boleh dong kak, assalamualaikum, bismillah mohon maaf sekali baru lihat komen nya 🙏🏻 Ini tips triknya, niatkan usaha ikhtiar untuk kesehatan, insyallah dimudahkan Allah. . Intermitten Fasting . Low Carb . Exercise (Olahraga) . Stress Management (mengatur stress dalam tubuh) . Tidur berkualitas."
https://www.threads.com/@lillasyifa/post/DUa6HEGkpww,lillasyifa,2026-02-06,"Buat yg nanya nanya sekali lagi. Aku umur . Gaada turunan diabetes. Kena Diabetes baru aja Agustus . Koma, dan inap di ICU hari, di RS hampir sebulan. Hampir hilang ingatan, hampir ilang kemampuan motorik, krn keracunan gula. Penyebabnya? - begadang tiap hari - ngemil tengah malam - suka makan manis kayak donat, brownies, dubai coklat, roti an, smua yg manis dan viral pokoknya. dan itu hampir tiap hari - manajemen stress buruk Kalo ini adalah kebiasaan kalian, saran gue; KURANGIN."
https://www.threads.com/@lillasyifa/post/DUa6HEGkpww,lillasyifa,2026-02-06,"Reply to unavailable post Buat yg tanya treatment nya gmn, Pokoknya skrg aku udh GAK makan: - nasi putih - dessert - minuman manis - tepung an dll Pokoknya in a strict diet gituuu yaa."
https://www.threads.com/@lillasyifa/post/DUa6HEGkpww,yusabikuy,2026-02-06,"Terima kasih ajakannya kak, jadi: . Tidur cepat, paling lambat jam (optimalkan - jam tidur) . Tidur cepat = tidak makan/ngemil tengah malam . Kurangin makan manis an . Manajemen stress: Meditasi/breathwork, olahraga (kardio, yoga, senam, kalistenik), cari teman yg bisa saling influence healthy lifestyle."
https://www.threads.com/@lillasyifa/post/DUa6HEGkpww,lillasyifa,2026-02-06,Iya bener gitu
https://www.threads.com/@lillasyifa/post/DUa6HEGkpww,qorryamanda,2026-02-06,"Hai kak. Smoga lekas diberi baik keadaannya ya. Dan saya bersaksi smua kebiasaan yang kelihatan remeh diatas adalah pintu gerbang DM. Saya sndiri tahun kuliah mlakukan itu smua dan ends up keguguran x dan stelah dicek: PCOS dan hiperinsulinemia. Gulanya OK tp bgitu cek insulin udh tinggi skali. Tanda insulin mulai ga sensitif lagi ke otot. Dan akhirnya syapun ubah lifestyle drastis dan alhamdulillaah skrg sudah stabil. DM is closer than you think, warga."
https://www.threads.com/@lillasyifa/post/DUa6HEGkpww,richard_giofanny,2026-02-06,"Oh ternyata diabetes ya dek. Puji Tuhan udah pulih. Teringat teman kerjaku beberapa hari lalu harus meregang nyawa karena diabetes. Ngelihat nya yang sedang koma waktu itu sebelum berpulang sangat membekas. Pola makannya dulu sangat buruk, terakhir kadar gulanya sampai ."
https://www.threads.com/@lillasyifa/post/DUa6HEGkpww,baroque_917,2026-02-07,"Maaf kl komen saya rada OOT ya kak. Makanya saya heran liatin netijen yg bangga posting makan Indomie bungkus ditambah nasi sepiring penuh. Tiap diingatkan malah balas ""yg penting bahagia"" Mindset bangga berpola makan ngawur kayak gini sangat menyedihkan"
https://www.threads.com/@lillasyifa/post/DUa6HEGkpww,lexi.omo,2026-02-06,"jadi gini kak, kadang orang yang gak gemuk alias kurus mikirnya ga mungkin kena diabetes, tapi ternyata itu semua salah.. yang bener harus rajin cek gula darah ya.. soalnya saya juga mantan prediabet gula darah puasa di waktu itu, puji Tuhan tersadarkan dan sekarang sudah normal"
https://www.threads.com/@lillasyifa/post/DUa6HEGkpww,inderanwidi,2026-02-07,Ngomong diabetes tapi gak ada angka HBA C nya 😂
https://www.threads.com/@lillasyifa/post/DUa6HEGkpww,nicholasmcss,2026-02-07,Tp gak ada link shopee juga berarti beneran om 🫣. Biasa threads yg beginian ujung nya ada link shopee
https://www.threads.com/@lillasyifa/post/DUa6HEGkpww,inderanwidi,2026-02-10,Iya. Just a friendly reminder ☺️
https://www.threads.com/@lillasyifa/post/DUa6HEGkpww,nudia.elma94,2026-02-07,Padahal ga obes ya kak n masih muda.. Ku kira dan pada umumnya org obes dlu baru kena diabet 🥲 trnyata gaya hidup berpengaruh bgt
https://www.threads.com/@lillasyifa/post/DUa6HEGkpww,77_andik_77,2026-02-06,"Trims kak sebagai literasi, di usia tahun dampak terasa untuk pola makan tidak sehat. Orang menyeduh kopi pait mungkin sebagai nasihat diri sendiri dan penikmat gula"
https://www.threads.com/@lillasyifa/post/DUa6HEGkpww,ansharas,2026-02-06,"Begadangnya biasa jam brp tidurnya ka ,, agak susah juga ini soal tidur 😴"
https://www.threads.com/@lillasyifa/post/DUa6HEGkpww,lillasyifa,2026-02-06,"Jam pagi dulu. Krn stress kerjaan, lembur, meeting dll"
https://www.threads.com/@lillasyifa/post/DUa6HEGkpww,denspriadi123,2026-02-06,"Kalo buat kalian yg harus tugas negara kayak kerja shift malam di pabrik, rs, hotel, gpp bergadang asal jangan makan saat shift malam. Tetap kurangi makanan sumber karbo (nasi, tepung, sagu, kentang, sagu, ubi, singkong, dll porsinya cukup % dari porsi yg dimakan), kurangi juga gula dan pemanis lainnya serta kurangi buah gk boleh setiap hari. Kalo mau jelas lihat Instagram @ xuxuboen . Dengan metode psxx nya, semua penyakit gangguan metabolisme akan membaik tanpa minum obat an tiap hari."
https://www.threads.com/@lillasyifa/post/DUa6HEGkpww,cistindami,2026-02-07,Apa yg dirasain ka sebelum tau kalo kena diabetes?
https://www.threads.com/@lillasyifa/post/DUa6HEGkpww,mytaardiaa,2026-02-07,"ini tanda P Diabetes, cek aja gula darah sewaktu di klinik klinik biasanya ada untuk skrining awal ka"
https://www.threads.com/@lillasyifa/post/DUa6HEGkpww,joddyjun,2026-02-06,hba c brp kak ?
https://www.threads.com/@lillasyifa/post/DUa6HEGkpww,lillasyifa,2026-02-07,", % tadinya. Skrg udh , %"
https://www.threads.com/@lillasyifa/post/DUa6HEGkpww,fend.vixel,2026-02-07,"Buset, masih tinggi gila itu"
https://www.threads.com/@lillasyifa/post/DUa6HEGkpww,lillasyifa,2026-02-07,Ya bukan sulap kak. Namanya jg proses penyembuhan ga ada yg instant yea hahaha
https://www.threads.com/@lillasyifa/post/DUa6HEGkpww,fend.vixel,2026-02-07,Berarti harus minum obat diabetes terus dong selama nya?
https://www.threads.com/@lillasyifa/post/DUa6HEGkpww,wasilatul_fatichah,2026-02-07,"Baca ini jadi keingat sebulan yg lalu adik sepupuku berpulang karena tiba tiba dikabari koma dan gula darahnya . hari ranap akhirnya berpulang. Usianya masih sangat muda. Tante cerita tdk ada keluhan, karena anaknya aktif organisasi. Dan ceria. Anak satu satunya dari pamanku. 🥀"
https://www.threads.com/@lillasyifa/post/DUa6HEGkpww,catherinaeridani,2026-02-06,"Kak, perhatikan juga food label. Suka banyak “hidden sugar”. And just a friendly reminder: gula itu bumbu dapur di Indonesia (mostly Asian food). Jadi suka lupa meski bentukannya bukan dessert, namun ada gula-nya."
https://www.threads.com/@lillasyifa/post/DUa6HEGkpww,nigustimadeanh,2026-03-05,"Betul kak. Semoga cerita kakak bisa menginspirasi orang lain untuk mulai menjaga kesehatan dirinya, dengan cara: nggak makan atau minum manis kebanyakan, tidur cukup, manajemen stres baik (bukan dengan makanan). Sehat selalu ya kak."
https://www.threads.com/@lillasyifa/post/DUa6HEGkpww,lunalulabye,2026-02-07,"mg lalu sy jg kena hipertensi / dpt obat lalu semenjak itu sy perbaiki tidur tidur under jam . Makan close jam atau mlm. Keesokan harinya sy mulai makan di jam atau siang. nasi sedikit, dibanyakan telur rebus buah sayur. Olahraga masih tipis .. Setelah mg cek lg tensi / , sudah agak lumayan.. apakah sudah benar spt ini?"
https://www.threads.com/@lillasyifa/post/DUa6HEGkpww,ekarinimeitari,2026-02-07,"Setuju, jadi banyak faktor ya ges bisa kena penyakit kronis. Jangan sepele, usia brp aja skrg bisa kena diabetes, Begadang dan tidak bisa kelola Stress juga pemicu melonjak gula darah. Saran : sering cek kesehatan juga, dan cek cara kelola stress. Karna hidup jangka panjang perlu cara juga untuk hal ini sangat penting, bukanlagicuma bangun, aktivitas, tidur & Makan x sehari🙏🏻❤ salam sehat smua"
https://www.threads.com/@lillasyifa/post/DUa6HEGkpww,anggitazhenk_,2026-02-07,"ngeri banget, suamiku skrg gula darah tinggi dan suntik insulin. kira kira bisa turun ga ya gula darahnya, dengan cara apa?"
https://www.threads.com/@lillasyifa/post/DUa6HEGkpww,eraf27,2026-02-06,Njirr tahun ternyata. Lahir dong? Itu mah ya gen Z. Bisa²nya bikin thread 'gen z gak bakalan tau blablabla'. Kocakkkk
https://www.threads.com/@lillasyifa/post/DUa6HEGkpww,darylnasution,2026-02-07,Tipe or tipe Kak? Harus suntik insulin kah?
https://www.threads.com/@lillasyifa/post/DUa6HEGkpww,rovindra.cs,2026-02-07,Recover and come back stronger!💪
https://www.threads.com/@byerin90/post/DQZuRlLEp4P,byerin90,2025-10-29,"Akhirnya Bebas Diabetis ulan lepas , suami saya doctor inform kena diabetesselepas tu..bermula lah rutin diet OMAD. / / ,ambil darah balik.. / / , appoinment doctor..check balik diabetes gone..Automatik berat kg drop..darah tinggi paras normal and yes stop ubat darah tinggi ya masa bulan diet tu.. TIPS : STOP SEMUA JENIS GULA ROTI TEPUNG GANDUM"
https://www.threads.com/@byerin90/post/DQZuRlLEp4P,drintannabila,2025-10-30,Telur rebus tu selalunya mkn dngn apa? Ke kosong je
https://www.threads.com/@byerin90/post/DQZuRlLEp4P,byerin90,2025-10-30,kosong je..kadang buat telur hancur..xde garam..minyak sikit je
https://www.threads.com/@byerin90/post/DQZuRlLEp4P,drintannabila,2025-10-30,Perghh kena kental yee. Ok baik. Saya cuba hehehhe
https://www.threads.com/@byerin90/post/DQZuRlLEp4P,byerin90,2025-10-30,kena kental..terus insaff🤣🤣🤣🤣
https://www.threads.com/@byerin90/post/DQZuRlLEp4P,Pinned,2025-10-29,CONSUME HIGH PROTEIN - mostly telur rebus SAYUR KENTANG - Max biji sehari rebus tempe-grill dengan sikit minyak tauhu- grill dengan sikit minyak never miss a day probiotic dan omega PALING PENTING BRISK WALK Sekarang focus jaga kesihatan je..
https://www.threads.com/@byerin90/post/DQZuRlLEp4P,cheabdullah8,2025-10-30,Rasanya bukan bebas diabetes dan bukan diabetes gone. Once dah diabetes dia x gone. Dia gula under control.
https://www.threads.com/@byerin90/post/DQZuRlLEp4P,thebiey,2025-10-30,"Sya da stop ubat darah tinggi almost a year, after buat if+omad. Tp bila stress darah on off naik normal 😆 nak buat blk if omad, tp kena gastric la pula. Tgu dlu la"
https://www.threads.com/@byerin90/post/DQZuRlLEp4P,1124whitespace,2025-10-30,"Kalau type punca adalah rintangan insulin. Biasanya bebas tue maksud gula terkawal sbb kita jaga makan, tapi rintangan insulin masih ada. Kalau mkn mcm biasa gula akan naik."
https://www.threads.com/@byerin90/post/DQZuRlLEp4P,suri_yantis,2025-10-30,Saya pun insyaAllah dalam proses nak bebas diabetes..lebih bulan jaga food intake + exercise..doc dah kurangkan dos ubat dan stop ubat.. Semoga istiqamah..
https://www.threads.com/@byerin90/post/DQZuRlLEp4P,byerin90,2025-10-30,inshaAllah..semoga istiqomah..awak ada brisk walk ke?
https://www.threads.com/@byerin90/post/DQZuRlLEp4P,suri_yantis,2025-10-30,Ye ada buat.
https://www.threads.com/@byerin90/post/DQZuRlLEp4P,byerin90,2025-10-30,Alhamdulillah
https://www.threads.com/@byerin90/post/DQZuRlLEp4P,ajamajamon,2025-10-29,Nasi makan?
https://www.threads.com/@byerin90/post/DQZuRlLEp4P,byerin90,2025-10-30,makn juga..tapi sikit je
https://www.threads.com/@byerin90/post/DQZuRlLEp4P,glad_sunnah,2025-10-30,Supplement or minyak ada ambik?
https://www.threads.com/@byerin90/post/DQZuRlLEp4P,journey_24exmed,2025-10-30,Berapa bacaan gula
https://www.threads.com/@byerin90/post/DQZuRlLEp4P,byerin90,2025-10-30,masa mula doctor inform kena diabetes …sekarang ..kat gambar ni saya kasi time table skali..dalam bulatan tu result suami saya
https://www.threads.com/@byerin90/post/DQZuRlLEp4P,aylaglowterengganu.mimi,2025-10-30,Darah tinggi boleh normal ke sis?
https://www.threads.com/@byerin90/post/DQZuRlLEp4P,byerin90,2025-10-30,boleh normal..once u jaga makan..cut sugar..paling penting cut gula..dan xlupa exercise…simple movement pon boleh…inshaAllah turun and paras normal..try follow dr mani…
https://www.threads.com/@byerin90/post/DQZuRlLEp4P,ainulmardhiah.ar,2025-10-30,Bacaan gula brpe? Takde hypo ye?
https://www.threads.com/@byerin90/post/DQZuRlLEp4P,byerin90,2025-10-30,result bacaan HbaA c ..purata bacaan darah sepanjang bulan..bukan daily bacaan..yg bulatan tu result..tak ada hypo
https://www.threads.com/@byerin90/post/DQZuRlLEp4P,namasayaadila,2025-10-30,"Sy cut semua nie termasuk proses food , junk food , fast food . Cumaa sy bukan diabetis tp pcos"
https://www.threads.com/@byerin90/post/DQZuRlLEp4P,byerin90,2025-10-30,sama..saya ada cyst..dah buang ovari dan tiub falopio kanan..memang kena cut sugar dan semua awak sebut
https://www.threads.com/@byerin90/post/DQZuRlLEp4P,suriedw,2025-10-30,Masha Allah!! Tahniah!!
https://www.threads.com/@byerin90/post/DQZuRlLEp4P,byerin90,2025-10-30,Alhamdulillah
https://www.threads.com/@byerin90/post/DQZuRlLEp4P,melmohamednor.mua,2025-10-30,Minta izin share ya
https://www.threads.com/@byerin90/post/DQZuRlLEp4P,byerin90,2025-10-30,boleh
https://www.threads.com/@byerin90/post/DQZuRlLEp4P,syuhadahamid,2025-10-30,Wah motivasi
https://www.threads.com/@byerin90/post/DQZuRlLEp4P,byerin90,2025-10-30,Alhamdulillah..tapi tu la..dah kena baru insaf🤣🤣🤣🤣
https://www.threads.com/@byerin90/post/DQZuRlLEp4P,bungaliliespetuna,2025-10-30,Terbaik. Memang itu yg sebaiknya
https://www.threads.com/@byerin90/post/DQZuRlLEp4P,hambanyag73,2025-12-04,Mantap
https://www.threads.com/@doktervito/post/DUZZObwkpTC,doktervito,2026-02-06,"Obat Diabetes dan Obat Darah Tinggi yang sering dilupakan pasien jantung adalah: Olahraga. Bisa gratis, tapi banyak yang nggak mau"
https://www.threads.com/@doktervito/post/DUZZObwkpTC,doktercamo,2026-02-06,"Nanya whey aman apa nggak ✅️ Nanya olahraga harus tiap hari apa nggak ✅️ Nanya jalan kaki itu olahraga apa bukan ✅️ Nanya pantangan makan ✅️ Nanya nasi masih boleh apa nggak ✅️ Nanya dokternya bisa ditanya lagi apa nggak ✅️ Nanya kalau udah lansia masih boleh gym apa nggak ✅️ Udah semua ditanya Yang belum apa? Yak, memulai ❎️"
https://www.threads.com/@doktervito/post/DUZZObwkpTC,juliadewi99,2026-02-06,Setujuuu.. mulai aja dulu.. nanti terfahamkan sendr dgn tanpa sengaja krn pola pikir pelan juga berubah krn badan makin segar dan fit.. semangat sehat semua..
https://www.threads.com/@doktervito/post/DUZZObwkpTC,aswitasoe,2026-02-06,"Hai dok! Aku diabetesi. Udah tahun rutin gym - x ditambah jalan pagi hampir tiap hari. Yg tadinya hba c , skrg jadi , . Yg tadinya bb kg skrg kg. Yg aku sesali, kenapa aku ga tau ini sebelum jadi diabetesi. Sesal? Iyaa.. tapi kalo gak dimulai mungkin aku dalam kondisi kronik. Semoga semua orang mau memulai dan gatakut ‘berotot kayak laki’ 😆😆😆"
https://www.threads.com/@doktervito/post/DUZZObwkpTC,nameazis,2026-02-06,"Gw punya turunan darah tinggi, nenek dan kake nurun ke nyokap dan bokap darah tingginya. Dan gw harus mutusin rantai itu, setiap hari gw lari dan gym alhamdulilah segimana pun kerjaan numpuk gak pernah sekalipun darah naik. Kalo pusing kerjaan besoknya lari strees dikit gym tenang lagi 😁"
https://www.threads.com/@doktervito/post/DUZZObwkpTC,rikoputtra,2026-02-06,"Bg, sering check up gak? Saya juga udah rutin olahraga tahun terakhir, kedua org tua punya riwayat darting. Berasa semuanya baik-baik aja hingga jadi bom waktu, tensiku ternyata tinggi -an dan sampai sekarang masih kontrol."
https://www.threads.com/@doktervito/post/DUZZObwkpTC,nameazis,2026-02-06,"Karna saya punya riwayat darah tinggi yang kuat, saya pernah di saranin untuk check up. [ tidak untuk di tiru] tapi saya gak ngegrubris saran itu, jujur saja jika saya tahu angka tensi darahnya justru malah bikin saya strees. Saya lebih baik gak tau dan yakin bahwa setiap masalah setiap rasa sakit pasti ada obatnya selama kita bisa mengontrol pikiran kita dan berpikir positif 😁"
https://www.threads.com/@doktervito/post/DUZZObwkpTC,chaniaenjoy,2026-02-06,"Padahal sehat itu murah ya dok, sdgkn sakit itu mahal bgt.... Emg Indonesia ini banyak pemalas, jgn kn olahraga.. Membaca aj jg kdg malas 😂😂 Terkadang org yg rutin olahraga dipandang aneh bagi sebagian org 🤣"
https://www.threads.com/@doktervito/post/DUZZObwkpTC,yonosastra,2026-02-06,"Bener itu, kusus nya utk darah tinggi. Dgn diet yg tepat (sy sendiri bisa di blg % vegan), dan olga yg teratur, sy berhasil lepas obat darting, awalnya sy konsumsi terus thn, setelah capai BB ideal dan jaga makan ketat, BP saya turun drastis, dan setelah monitor ketat selama sebulan ""tanpa obat"", BP sy tetap stabil normal, jadi saya lepas obat hingga saat ini :) nurut ay plg penting adalah: ) makanan ) olga tratur. Good luck!"
https://www.threads.com/@doktervito/post/DUZZObwkpTC,sugiharti_rita,2026-02-06,"Saya baru mulai jalan kaki pagi ke kantor, atau kali seminggu. Sekitar km. Efek instan : . Hemat bbm/ongkos . Terbiasa bangun lebih pagi (supaya tidak telat ke kantor) . Menyaksikan lebih banyak hal di sepanjang perjalanan."
https://www.threads.com/@doktervito/post/DUZZObwkpTC,sabellanurprasasti,2026-02-06,Wow km butuh berapa lama sampai dikantor?
https://www.threads.com/@doktervito/post/DUZZObwkpTC,sugiharti_rita,2026-02-06,menit kira kira hehehe
https://www.threads.com/@doktervito/post/DUZZObwkpTC,sabellanurprasasti,2026-02-06,Hebat ibu sehat selalu ya.
https://www.threads.com/@doktervito/post/DUZZObwkpTC,sugiharti_rita,2026-02-06,Aamiin Allahumma Aamiin Semoga kamu dan keluarga juga tetap dan selalu sehat dan berbahagia ya... 🥰
https://www.threads.com/@doktervito/post/DUZZObwkpTC,lidyapratiwieabadi,2026-02-06,"Usia ... Download senam sehat dr yt,, pagi sempetin jalan - langkah di sekitar rumah...udh nyaman minum air hangat aja sekarang karena emang gak suka minuman manis... sesekali konsumsi Rimpang ( Jahe,, Lengkuas,,Sereh,, Kunyit,, Daun pandan ) Berasa ringan badan,, tidur juga Deep sleep bgt... Alhamdulillah 😇🤲"
https://www.threads.com/@doktervito/post/DUZZObwkpTC,08swandito,2026-02-06,Sekedar berbagi pengalaman hidup.... Yg ingin hidup sehat dan bahagia sampai usia seabad.... . Makan yg pantas . Olahraga yg pas . Jaga pantangan . Mental batin tenang seimbang 🌹🌹🌹
https://www.threads.com/@doktervito/post/DUZZObwkpTC,buernierna,2026-02-06,Udh olahraga jalan kaki aja ngaruh ga dok menit sehari
https://www.threads.com/@doktervito/post/DUZZObwkpTC,kangshaleh_indra,2026-02-06,"Olahraga yg teratur, terukur dan sesuai umur. Kalo masuk usia jelita (jelang thn) ya olahraga yg sifatnya rekreatif, spt jalan sehat, jogging tipis dll, bkn yg modelan stop and go apalagi kompetisi."
https://www.threads.com/@doktervito/post/DUZZObwkpTC,bukuharian_lelarian,2026-02-06,"Olahraga itu perlu komitmen kuat untuk mulai dan memelihara untuk konsisten ... kalau sudah merasakan kebahagian saat olahraga, perjuangan berikutnya akan lebih ringan"
https://www.threads.com/@doktervito/post/DUZZObwkpTC,inggridraras,2026-02-06,Betul. Sy tahun - full jaga semua. Memulai sampai bisa th sudah banyak progress yg sy dpt. - off. Akhirnya sakit itu dtg. Skrg mulai lg dari awal. Lebih susah dan berat. Semoga tetap bisa konsisten dan sehat kembali
https://www.threads.com/@doktervito/post/DUZZObwkpTC,arrytristanti,2026-02-06,Saya pernah kena neuropatik syaraf dok....kuaaaapooookk saya....akhirnya jaga pola makan joging mnt tiap pagi angkat beban jam tiap hari....diabetes????apa itu😁😁😁
https://www.threads.com/@doktervito/post/DUZZObwkpTC,juliadewi99,2026-02-06,Alasanya gak sanggup dok.. pdhl blm nyoba.. malas debat sama boomer lelah hati jelasinya sok.. dari aku yg baruu aja kelar wo di rumah aja.. sehat semua.. luangkan waktu olahraga wee..
https://www.threads.com/@doktervito/post/DUZZObwkpTC,chamatcha73,2026-02-06,Masih berlaku untuk bapak usia tahun ga dok? Baru ini bapak saya divonis darah tangga. Sebelumnya beliau diabetes sejak tahun
https://www.threads.com/@doktervito/post/DUZZObwkpTC,sabellanurprasasti,2026-02-06,Olahraga ga Mandang usia ga ada kata terlambat. Lakukan sekarang sebelum terlambat.
https://www.threads.com/@doktervito/post/DUZZObwkpTC,noviananata,2026-02-06,Seringnya ga di tulis di resep dokter
https://www.threads.com/@doktervito/post/DUZZObwkpTC,gustav_n_purnomo,2026-02-06,Yg dianjurkan.. kurangi makan enak 🤣🤣🤣
https://www.threads.com/@doktervito/post/DUZZObwkpTC,noviananata,2026-02-06,Nahhh... Kann...
https://www.threads.com/@doktervito/post/DUZZObwkpTC,dewa_ferza,2026-02-06,Saya pilih yg gratis. Semoga terhindar dari penyakit bahaya. Dan mati dengan tenang.
https://www.threads.com/@doktervito/post/DUZZObwkpTC,lukmannhk14,2026-02-06,Gk ada yg semangatin dok
https://www.threads.com/@doktervito/post/DUZZObwkpTC,lelasari25,2026-02-06,Follow ah
https://www.threads.com/@doktervito/post/DUZZObwkpTC,tresnaerwin_,2026-02-06,Beberes rumah olga juga ya dok?
https://www.threads.com/@doktervito/post/DUZZObwkpTC,dokterrelly,2026-02-06,Setuju Dokter
https://www.threads.com/@doktervito/post/DUZZObwkpTC,dokterkodya,2026-02-06,Setuju Doc.
https://www.threads.net/@doktervito/post/DJmZp6pr4yH,theclashcalling,2026-02-06,h HBD to one of the greatest guitarists and coolest octuagenarians on the planet: Robbie Krieger…
https://www.threads.net/@doktervito/post/DJmZp6pr4yH,jjackyliang,2026-02-06,tough decision making time h left
https://www.threads.net/@doktervito/post/DJmZp6pr4yH,sung.kim.mw,2026-02-06,"h I'm getting ""API Error: Rate limit reached"" in Claude Code when I'm within my usage limits for both current session and weekly limits. @boris_cherny"
https://www.threads.net/@doktervito/post/DJmZp6pr4yH,pbr,2026-02-06,h Keyshawn Whitehorse has New Mexico on its feet‼️
https://www.threads.net/@dr.tirta/post/DK6ZxXyJp2a,mcwm,2026-02-06,h i don't get why i would ever need to ask google maps something
https://www.threads.net/@dr.tirta/post/DK6ZxXyJp2a,kateravenbooks,2026-02-06,h I have an opinion on Is Lindy West Funny and it’s that her takedown of The Whale with Brendan Fraser is one of the BEST and funniest pieces of film criticism I have everrrrrr read
https://www.threads.net/@dr.tirta/post/DK6ZxXyJp2a,feministajones,2026-02-06,"h Why be controlling, jealous, and possessive when you can just be free?"
https://www.threads.net/@dr.tirta/post/DK6ZxXyJp2a,melodywisp,2026-02-06,gaming threads h Going live to play more Hollow Knight: Silksong! im gonna be backtracking to get stronger before i attempt that high halls gauntlet again. @translifeline.org donation: tilt.fyi/hvwmG… im on twitch twitch.tv/melod… and YouTube (vertically) youtube.com/live… youtube.com [ #LIVE] time to get stronger! | Let's Play Hollow Knight: Silksong - First Playthrough
https://www.threads.net/@dr.tirta/post/DK6ZxXyJp2a,seattlekraken,2026-02-06,h that was a good ️⃣
https://www.threads.net/@dokterlina/post/DKz1YxqP1bL,ethancraft420,2026-02-06,h love watching white people play Uno
https://www.threads.net/@dokterlina/post/DKz1YxqP1bL,davyjoneslr,2026-02-06,SeaKraken h Seattle! Kraken! GOAL!!! A nifty little bit of passing to Chandler Stephenson gives the SeaKraken the lead!
https://www.threads.net/@dokterlina/post/DKz1YxqP1bL,kateravenbooks,2026-02-06,h I have an opinion on Is Lindy West Funny and it’s that her takedown of The Whale with Brendan Fraser is one of the BEST and funniest pieces of film criticism I have everrrrrr read
https://www.threads.net/@dokterlina/post/DKz1YxqP1bL,thejasonwojo,2026-02-06,h The hook is the ad.
https://www.threads.net/@dokterlina/post/DKz1YxqP1bL,feministajones,2026-02-06,h This content is unavailable
https://www.threads.net/@dokterjason/post/DLhP2WgrxN8,dannybyersii,2026-02-06,"No Kings h Today's No Kings event in Boca Raton, Florida gave me a lot of hope. For those who aren't aware, Boca just elected it's first Dem Mayor in years. years ago, I wasn't an Independent voting for Democrats. I was a registered Republican who was a fiscal conservative, small government advocate, and social liberal. He won by FIVE ( ) votes. If you don't think your vote counts or have other excuses for not voting, please spend a couple of beats on that: Five Votes! Your vote DOES MATTER!"
https://www.threads.net/@dokterjason/post/DLhP2WgrxN8,theseareletters,2026-02-06,h Nothing a double oreo blizzard can't fix
https://www.threads.net/@dokterjason/post/DLhP2WgrxN8,abcnews,2026-02-06,"h James Tolkan, known for his roles as authoritarian figures in the “Back to the Future” and “Top Gun” films, has died. He was . abcnews.com Actor James Tolkan of 'Top Gun' and 'Back to the Future' fame dies at"
https://www.threads.net/@dokterjason/post/DLhP2WgrxN8,authorarianastclaire,2026-02-06,"h If you're afraid of snake clowns, we can be friends."
https://www.threads.net/@dokterjason/post/DLhP2WgrxN8,guillecummings,2026-02-06,F Threads h Leclerc vs Hamilton is fun TV
https://www.threads.net/@dokteradam/post/DLrH8VapqzR,feministajones,2026-02-06,"h Why be controlling, jealous, and possessive when you can just be free?"
https://www.threads.net/@dokteradam/post/DLrH8VapqzR,davyjoneslr,2026-02-06,SeaKraken h The Seattle Kraken have been defeated by the Buffalo Sabres in a shootout. SeaKraken pick up a critical standings point. Final score: Sabres Kraken
https://www.threads.net/@dokteradam/post/DLrH8VapqzR,imgwendy,2026-02-06,"h I miss when I was able to post on this platform and not receive a single hateful comment. Trans derangement syndrome has gotten so bad that these people seek us out now. They just get so angry that we exist. I don’t even have to do anything, they are just angry by default"
https://www.threads.net/@dokteradam/post/DLrH8VapqzR,alpha1906,2026-02-06,"h One thing I do each night, is go through the dialogue in my manuscript, and cut. Not to the bone, but there is ALWAYS fat in what you just wrote. Full sentences like English class. I go through and ask one question: Can I live without this word or group of words. If yes, then I don't think twice, I cut. You gotta LOVE to cut your own words. If not, your shit's gonna be bad."
https://www.threads.net/@dokteradam/post/DLrH8VapqzR,seattlekraken,2026-02-06,h gotta stay strong through the last ️⃣ ️⃣
https://www.threads.com/@drg.silva/post/DWssnN7DrFR,drg.silva,2026-02-06,"h “Bau khas” pada penderita diabetes disebut juga “bau keton”. Ini adalah bau yang muncul saat tubuh terpaksa membakar lemak jadi energi. Kenapa bisa begitu? Karena insulin sangat kurang, jadi gula dalam darah tidak bisa digunakan. Akhirnya tubuh cari alternatif: membakar lemak → terbentuklah zat keton. Yang perlu diwaspadai, bau keton ini sering jadi tanda bahwa kadar gula darah sudah sangat tinggi dan tidak terkontrol. Tapi tetap perlu pemeriksaan scr langsung yaa kons_ngete h Replying to @drg.silva Dok kenapa orang mengidap penyakit DM itu bau mulutnya sangat khas walaupun kita sdh pake masker tetap saja tembus ?"
https://www.threads.com/@drg.silva/post/DWssnN7DrFR,kons_ngete,2026-02-06,h Replying to @drg.silva Dok kenapa orang mengidap penyakit DM itu bau mulutnya sangat khas walaupun kita sdh pake masker tetap saja tembus ?
https://www.threads.com/@drg.silva/post/DWssnN7DrFR,Pinned,2026-02-06,"si.troy h Baunya kayak apa sih, Dok? Gak kebayang.."
https://www.threads.com/@drg.silva/post/DWssnN7DrFR,nzshiro,2026-02-06,"h Nah ini. Kalo dalam tekpang, keton adalah produk yang dihasilkan dari oksidasi lemak. Yups.. karakteristiknya berbau tengik. Jarang ada yang bahas ini."
https://www.threads.com/@drg.silva/post/DWssnN7DrFR,cintapertama9535,2026-02-06,"m Dok suami saya Diabetes, bau mulutnya ketika ia tidur seperti bau BESI.. tapi kalau lagi ngga tidur ngga ada aroma, biasa aja"
https://www.threads.com/@drg.silva/post/DWssnN7DrFR,februaritaa,2026-02-06,"h Real ya aku tadi kontrol poli dalam sebelahku pasien sakit gula, dia duduk dan ngobrol langsung aroma makzenggg. Bukan aku kemayu tapi aku punya asam lambung yang kalo nyium bau ga enak bisa mual muntah, untung jilbab penyelamat bisa sedikit membantu. Huhu"
https://www.threads.com/@drg.silva/post/DWssnN7DrFR,aarkidhya_orchids,2026-02-06,m oh..mungkin begini ya kondisi dia.. Ok makasih infonya doc!
https://www.threads.com/@drg.silva/post/DWssnN7DrFR,klinik_hewan_bandung,2026-02-06,h dok itu sama kayak gejala ketosis gak sih?
https://www.threads.com/@drg.silva/post/DWssnN7DrFR,drg.silva,2026-02-06,"h Lebih tepatnya ketoasidosis diabetik, kalau ketosis biasanya normal saat kita berpuasa atau diet rendah karbohidrat"
https://www.threads.com/@drg.silva/post/DWssnN7DrFR,klinik_hewan_bandung,2026-02-06,h owhh ok. mengerti sekrang. biasanya sering terjadi di sapi jga bauk nya smriwing
https://www.threads.com/@drg.silva/post/DWssnN7DrFR,drg.silva,2026-02-06,h Kalau sapi biasanya dicek gula darahnya jg ga ya? Lalu kalau misal ternyata sapinya diabetes apakah aman di konsumsi? Atau malah jadi haram ya krn sakit jd tdk boleh di sembelih?
https://www.threads.com/@drg.silva/post/DWssnN7DrFR,klinik_hewan_bandung,2026-02-06,"h bwahahaha ... bisa diperiksa dalam bbrpa kasus dok. ga setiap kali. kalau di hewan jarang kayak penyakit diabetes kolesterol asam urat. karena fisiologic nya hewan itu bs mengurangi sendiri atau mengolah agar jangan berlebihan di dlm tubuhnya. sapi boleh dikonsumsi kalaupum ada diabetes. yg ga boleh itu klo kena antrax, bovine spongioform, dan sapi gila"
https://www.threads.com/@drg.silva/post/DWssnN7DrFR,bukanpetrolhead,2026-02-06,h Wah baru tau mulut bisa kaya aseton baunya Info yg sangat mencerahkan Thank u 🙏
https://www.threads.com/@drg.silva/post/DWssnN7DrFR,papto85,2026-02-06,m Bau nya Dari mulut nya apa bau Dari keringat badannya
https://www.threads.com/@drg.silva/post/DWssnN7DrFR,kons_ngete,2026-02-06,m Mulut pasiennya kak
https://www.threads.com/@drg.silva/post/DWssnN7DrFR,restinvianti,2026-02-06,m apakah bau keton ini hanya pada penderita diabetes dok?
https://www.threads.com/@drg.silva/post/DWssnN7DrFR,denniocaroline,2026-02-06,m Belom lagi kalo luka basah/gangren penderita diabetes itu konon baunya bisa menembus berlapis lapis tissue. Nakes sering kali sampai lapis masker yang didalamnya sudah diberi tissue dan ditetesin minyak angin atau yang lain. Namun tetap tembus.
https://www.threads.com/@drg.silva/post/DWssnN7DrFR,okkyploekito,2026-02-06,h Bau keton itu sama kah kayak bau mulut orang yg sudah sepuh? Krn sering ngobrol sama orang sepuh bau mulutnya khas..
https://www.threads.com/@drg.silva/post/DWssnN7DrFR,pan24n_,2026-02-06,m Pantes orang kalo puasa juga suka bau mulut. Apakah ini karena ketosis juga dok?
https://www.threads.com/@drg.silva/post/DWssnN7DrFR,yolahayuuu,2026-02-06,h Pantesan pd bbrp penderita diabetes malah kurus ya dok?
https://www.threads.com/@drg.silva/post/DWssnN7DrFR,bugurutitik,2026-02-06,"h Dok, apa bedanya sama ketosis saat IF?"
https://www.threads.com/@drg.silva/post/DWssnN7DrFR,irfanprominensia,2026-02-06,m Ketosis di IF terjadi didalam proses pembakaran lemak menjadi energi dibantu oleh glicogen atau gula darah. Tidak ada bau yang tercium Dari proses ini
https://www.threads.com/@drg.silva/post/DWssnN7DrFR,bugurutitik,2026-02-06,"m Kalau ketosissnya penderita diabet dibantu apa, kenapa bisa lebih bau?"
https://www.threads.com/@drg.silva/post/DWssnN7DrFR,irfanprominensia,2026-02-06,"m Jaga pola konsumsi makanan yang bisa menyebabkan asam didalam tubuh, kurangi nasi(bisa diganti jagung), banyak sayur Dan batasi buah yang tinggi gula. Food combining bisa diterapkan(karbo+serat),(daging+serat)"
https://www.threads.com/@asgaryuk/post/DU6yiDRk8Km,asgaryuk,2026-02-19,Yang lagi berjuang sama: • Resistensi insulin dan diabetes • Kolesterol yang gak turun-turun • Tekanan darah yang naik turun • Perlemakan hati (fatty liver) non alcoholic • Asam urat tapi hobi makan gula yang jadi siluman Kita bedah pola makannya di sini pelan-pelan.
https://www.threads.com/@asgaryuk/post/DU6yiDRk8Km,asgaryuk,2026-02-19,"Resistensi insulin. Diabetes. Kolesterol. Darah tinggi. Fatty liver (non-alcoholic). Kamu kira ini penyakit beda? Enggak. Ini cerita, yang berkembang pelan-pelan di tubuh kamu. Jadi ber-season-season."
https://www.threads.com/@asgaryuk/post/DU6yiDRk8Km,asgaryuk,2026-02-19,"Satu hal yang jarang dibahas, padahal ini akar masalahnya. Semuanya biasanya mulai dari satu tempat: sel tubuh kamu yang mulai ""budek"" sama insulin."
https://www.threads.com/@asgaryuk/post/DU6yiDRk8Km,asgaryuk,2026-02-19,"Coba bayangin insulin kayak kurir paket. Dia bawa glukosa dari darah, ketok pintu sel kamu, bilang: ""Nih, energi buat kamu."" Kalau sel-nya responsif, pintu kebuka. Glukosa masuk. Kamu bertenaga."
https://www.threads.com/@asgaryuk/post/DU6yiDRk8Km,asgaryuk,2026-02-19,"Tapi kalau sel kamu udah sering kebanjiran glukosa -- karena makan manis terus, kurang gerak, tidur berantakan -- lama-lama pintunya nggak mau buka. Kurir teriak lebih keras. Pankreas produksi insulin lebih banyak. Tapi pintu tetap nggak buka. Itu resistensi insulin."
https://www.threads.com/@asgaryuk/post/DU6yiDRk8Km,asgaryuk,2026-02-19,"Gula darah kamu mulai nyangkut di darah. Belum diabetes, tapi udah di zona ""prediabetes."" Kamu ngerasa: ngantuk habis makan, ngidam manis jam sore, perut kembung, berat badan naik padahal makan nggak banyak. Itu sinyal."
https://www.threads.com/@asgaryuk/post/DU6yiDRk8Km,asgaryuk,2026-02-19,"Sekarang hati kamu mulai kerja lembur. Tugas hati = bersihkan lemak dan gula dari darah. Tapi kalau traffic terlalu rame, hati nggak sanggup. Eaa. Eh 🏃‍♂️💨 Lemak menumpuk di hati. Itu fatty liver non-alkoholik. Bukan karena alkohol. Karena gula dalam darah yg gak terkendali."
https://www.threads.com/@asgaryuk/post/DU6yiDRk8Km,asgaryuk,2026-02-19,Prevalensi obesitas sentral di Indonesia berdasarkan data dari: - Riskesdas : % - SKI : ± % Artinya ada kenaikan sekitar + poin persentase dalam ± tahun 🫣 Apa kabar hari ini? Makin gak heran kenapa ini terjadi ⬇️
https://www.threads.com/@asgaryuk/post/DU6yiDRk8Km,asgaryuk,2026-02-19,"Obesitas central alias penumpukan lemak di area visceral -- lemak di rongga perut yang nggak keliatan dari luar -- ini yang nyambung langsung ke gula darah, kolesterol, dan trigliserida. Bukan lemak di lengan. Bukan lemak di paha. Lemak di rongga perut. Dia yang bikin ribet. (Baca: Sindrom Metabolik)"
https://www.threads.com/@asgaryuk/post/DU6yiDRk8Km,asgaryuk,2026-02-19,"Kolesterol kamu ""tinggi"" bukan selalu karena makan telur. Hati kamu yang produksi kolesterol. Kalau hati udah kelelahan urus limpahan gula dan lemak, pengaturan kolesterol kacau. LDL naik. HDL turun. Trigliserida melejit. Ini bukan salah telur. Ini konsekuensi dari resistensi insulin yang nggak ditangani."
https://www.threads.com/@asgaryuk/post/DU6yiDRk8Km,asgaryuk,2026-02-19,"Lalu si pembuluh darah kamu mulai kaku. Gula darah tinggi kronis ngerusak dinding pembuluh darah. Kolesterol nempel di dinding yang rusak. Jantung kerasa kerja lebih berat buat mompain darah. Tekanan naik. Hipertensi bukan penyakit ""orang tua."" Ini penyakit ""orang yang insulin-nya diabaikan."""
https://www.threads.com/@asgaryuk/post/DU6yiDRk8Km,asgaryuk,2026-02-19,"Sekarang masuk yang jarang dibahas: asam urat. ""Asam urat kan karena makan jengkol dan jeroan?"" Sebagian benar. Tapi siluman terbesarnya: fruktosa. Fruktosa dari gula pasir, sirup jagung, minuman manis -- ini dimetabolisme di hati dan menghasilkan asam urat sebagai ""limbah."""
https://www.threads.com/@asgaryuk/post/DU6yiDRk8Km,asgaryuk,2026-02-19,"Jadi kalau kamu minum es teh manis gelas sehari dg takaran memanjakan lidah, kamu nggak cuma naikin gula darah. Kamu juga naikin potensi asam urat. Kamu juga nambah beban hati. Kamu juga ganggu kolesterol. Kamu juga dorong tekanan darah naik. Satu kebiasaan. Lima dampak."
https://www.threads.com/@asgaryuk/post/DU6yiDRk8Km,asgaryuk,2026-02-19,"Kelihatannya kamu cuma ""sering ngantuk habis makan,"" tapi sebenarnya tubuh kamu lagi kasih warning bahwa insulin udah mulai nggak direspon. Kelihatannya kamu cuma ""kolesterol tinggi,"" tapi sebenarnya hati kamu lagi overload. Kelihatannya kamu cuma ""asam urat naik,"" tapi sebenarnya gula darah kamu yang bikin."
https://www.threads.com/@asgaryuk/post/DU6yiDRk8Km,asgaryuk,2026-02-19,"Kabar baiknya: karena semua ini saling terhubung, perbaikan di satu titik bisa ngefek ke semuanya. Langkah kecil yang bisa kamu mulai hari ini: Ganti - gelas minuman manis jadi air putih. Itu aja dulu."
https://www.threads.com/@asgaryuk/post/DU6yiDRk8Km,asgaryuk,2026-02-19,"Sederhananya, kondisi tubuh yg ""dibiarkan"" dehidrasi bakal bikin tubuh makin kepayahan buat regulasi si gula darah. YOLO You Only Live Once, katanya. Justru karena Once, kenapa penderitaan kita ciptain sendiri? Eh 🏃‍♂️💨"
https://www.threads.com/@asgaryuk/post/DU6yiDRk8Km,asgaryuk,2026-02-19,"Karena kalau kamu benerin input harian -- kurangi gula tambahan, tambah protein di sarapan, jalan kaki menit habis makan -- insulin membaik, hati lega, kolesterol cenderung turun, tekanan darah ikut stabil. Bukan obat. Tapi pola yang konsisten."
https://www.threads.com/@asgaryuk/post/DU6yiDRk8Km,asgaryuk,2026-02-19,"Kalau kamu ngerasa beberapa gejala di atas familiar, coba mulai dari cek kondisi kamu sekarang. Survei Kebugaran Online (SKO) ini gratis, menit, dan bisa kasih gambaran awal status tubuh kamu: 👉 asgaryuk.tapsite.ai/surve… Minimal dapet gambaran status gizi. Karena nggak ada yang tau kondisi tubuh kamu, kalau bukan kamu yang mulai ngecek. asgaryuk.tapsite.ai 🤔 Tubuhmu Lagi Fit Beneran atau Cuma Keliatan? Tes Gratis Menit🤔"
https://www.threads.com/@asgaryuk/post/DU6yiDRk8Km,april_hero,2026-02-19,Thanks buat pencerahannya dok
https://www.threads.com/@asgaryuk/post/DU6yiDRk8Km,jozhdenfohisglory,2026-02-19,Jadi gula dan nasi jangan berlebih
https://www.threads.com/@asgaryuk/post/DU6yiDRk8Km,asgaryuk,2026-02-19,"Yes, tepat. Kuncinya balance alias gizi seimbang dan kondisional."
https://www.threads.com/@doktercamo/post/DWK2Iawk_6i,doktercamo,2026-03-22,"Minum dikit, tapi KENCING BISA SAMPAI LITER Ini bukan hal yang normal, pikirkan Diabetes ☝️ ""Kencing manis kan Dok?"" Bukan, DIABETES INSIPIDUS! 🤔"
https://www.threads.com/@doktercamo/post/DWK2Iawk_6i,doktercamo,2026-03-22,Kalau kamu: 🚽 kencing terus (bisa > – liter/hari) 🥤 haus ekstrem 🌙 bolak-balik ke toilet malam 👉 JANGAN langsung mikir KENCING MANIS Bisa jadi ini: ⚠️ DIABETES INSIPIDUS Masalahnya bukan gula… tapi: 🧠 hormon ADH bermasalah 💧 ginjal gagal “tahan air” ➡️ urine jadi sangat encer & terus keluar 🧪 Ciri khas: 📉 urine encer 📈 darah lebih pekat (Natrium naik) 🚨 HATI-HATI: Ini bukan kondisi ringan Dan beda total dengan 'KENCING MANIS'
https://www.threads.com/@doktercamo/post/DWK2Iawk_6i,handreastefano,2026-03-22,"Sudah hidup dengan DI selama tahun. Sangat tidak mudah. Dulu waktu parah-parahnya (sebelum terdiagnosa dan minum obat) Pipis bisa liter sehari. Haus tidak bisa hilang. Minum, menit kemudian mulut langsung kering sampai lidah nempel ke langit mulut. Tidak bisa berkeringat sama sekali walaupun olahraga atau cuaca panas. Tidak bisa tidur lelap karena selalu bangun tiap jam, kandung kemih serasa mau meledak. Pipis selalu - , liter. Sangat menderita, tp sekarang sudah bs menerima."
https://www.threads.com/@doktercamo/post/DWK2Iawk_6i,themoels23,2026-03-22,Maaf dok sy baca berulang memastikan bukan INSIDIUS🫡🙏
https://www.threads.com/@doktercamo/post/DWK2Iawk_6i,pan24n_,2026-03-22,Baca disini banyak banget yg resah gampang kencing setelah minum. Sy sempet punya permasalahan yg sama. Tiap abis minum pasti bocor. Dan hidrasi harian jauh dibawah anjuran tp air kencing bening banget. Ngbrol sama GPT kemungkinan tubuh kita kemampuan menahan airnya lemah. Karena normalnya kalo hidrasi buruk kencingnya nggak mungkin jernih. Nah dari situ disarankan meningkatkan asupan natrium. Alhamdulillah perlahan normal lagi.
https://www.threads.com/@doktercamo/post/DWK2Iawk_6i,koselige,2026-03-22,"Dok katanya kalo urine bening malah tanda kita sehat/tidak kekurangan cairan. Justru kalo urine kuning pekat itu yg ga bagus, gimana dong jadinya??"
https://www.threads.com/@doktercamo/post/DWK2Iawk_6i,cittapermataa,2026-03-22,Emang kalau pipis kita sekali pipis brp ml sih
https://www.threads.com/@doktercamo/post/DWK2Iawk_6i,f.richman29,2026-03-22,Kalo sering minum sering kecing apakah normal dok?
https://www.threads.com/@doktercamo/post/DWK2Iawk_6i,mukhlisalafkar,2026-03-22,Klo habis ngopi pasti bs liter wajar ya
https://www.threads.com/@doktercamo/post/DWK2Iawk_6i,kantuikkbalapuikk,2026-03-22,"Lebih ke bentar kencing tp kayaknya gak sampe literan,cm kencing normal lancar tapi ada jarak beberapa kali,cm ga sampe seharian"
https://www.threads.com/@doktercamo/post/DWK2Iawk_6i,idulflex,2026-03-22,Kalo katanya urine pekat masalah tapi knpa kalo bening masalah juga terus urine yg baik yg bagaimana karena sy kalo malam dan minum air dlm jumlah banyak sgt sering kencing tapi tdk sampai bangun untuk kencing tapi sebelum tidur sampai jam malam bisa sampai sampai kali tapi saat tes di lab semuanya normal
https://www.threads.com/@doktercamo/post/DWK2Iawk_6i,doktercamo,2026-03-22,Ini pertanyaannya dimulai darimana ya? Ga ada komanya
https://www.threads.com/@doktercamo/post/DWK2Iawk_6i,fenn_94,2026-03-22,"Mon maap dok izin nanya, cara cek kt kencing lbh dr ltr perhari gimna? Masa hrs saya tampung d ember 😭😭😭"
https://www.threads.com/@doktercamo/post/DWK2Iawk_6i,bossbulu24,2026-03-22,"Lha iya...tampung di literan air, kek rumah sakit"
https://www.threads.com/@doktercamo/post/DWK2Iawk_6i,alfianski,2026-03-22,"Apa bedanya dengan Overactive Bladder (OAB), dok?"
https://www.threads.com/@doktercamo/post/DWK2Iawk_6i,rahmawatiatiek,2026-03-22,"Ibu saya seperti ini Dok, sampai beliau kalau pas dalam perjalanan ga berani minum karena takut pipis. Adakah penyebab dan atau pemicu lain selain kekurangan hormon ADH? (eh, benar ga sih? seingat saya dulu itu nama hormonnya pas belajar Biologi jaman SMA)"
https://www.threads.com/@doktercamo/post/DWK2Iawk_6i,handreastefano,2026-03-22,"Kalau DI justru harus minum, tidak boleh tidak atau malah bisa jadi fatal. Karena pipisnya bukan dari banyaknya minum. Tidak minum pun, akan pipis terus."
https://www.threads.com/@doktercamo/post/DWK2Iawk_6i,rahmawatiatiek,2026-03-22,Terima kasih infonya. Saya yg awam ini jadi tambah ilmu
https://www.threads.com/@doktercamo/post/DWK2Iawk_6i,adelehelenaa,2026-03-22,Izin 👣
https://www.threads.com/@doktercamo/post/DWK2Iawk_6i,itsdeviaa_,2026-03-22,"Dok, saya punya diabetes tipe . Akhir ini pipisnya sering bgt+banyak, kadang kalau lg tidur ga pipis tp pas bangun saking banyaknya air pipis sampe anyeng an keluarnya. Sehari bisa liter lebih air diminum saking haus terus padahal ga ngerjain aktifitas berat"
https://www.threads.com/@doktercamo/post/DWK2Iawk_6i,kantuikkbalapuikk,2026-03-22,"Waktu sahur puasa kemarin pernah sekali minum kopi,setelah subuh beberapa kali kencing mulu, berhenti² siang menjelang sore,dan jadi super haus kering rasanya,mana cuacanya panasss bgt, besoknya ga mau lagi ngopi pas sahur"
https://www.threads.com/@doktercamo/post/DWK2Iawk_6i,bibu_hij,2026-03-22,"Apa ini bisa terjadi pada anak ya? Soalnya anakku yg umur tahun itu jarang minum tapi sampe skrg masih suka ngompol kalo malam, alasannya males krn harus bolak balik pipis."
https://www.threads.com/@doktercamo/post/DWK2Iawk_6i,doktercamo,2026-03-22,Sudah diperiksakan ke dokter?
https://www.threads.com/@doktercamo/post/DWK2Iawk_6i,bibu_hij,2026-03-22,Belum dok
https://www.threads.com/@doktercamo/post/DWK2Iawk_6i,doktercamo,2026-03-22,Ya sebaiknya diperiksakan dulu ke dokter 🙏 Saya ga bisa / ga sebaiknya nerawang lewat sosmed
https://www.threads.com/@doktercamo/post/DWK2Iawk_6i,bibu_hij,2026-03-22,Tes apa yg diperlukan untuk mengetahui kecenderungan DI dok?
https://www.threads.com/@doktercamo/post/DWK2Iawk_6i,gracenandatambun,2026-03-22,"Dok aku malah lebh aktif kencing di malam hari darpda di siang hari, apa bisa krna indikasi gula?"
https://www.threads.com/@doktercamo/post/DWK2Iawk_6i,doktercamo,2026-03-22,"Kalau pertanyaannya ""bisa nggak?"", hampir selalu jawabannya ""bisa jadi"". Sudah pernah medical check up?"
https://www.threads.com/@doktercamo/post/DWK2Iawk_6i,listysulis95,2026-03-22,"ini seperti pasien yang saya jaga dia kelainan ceberal palsy. dia kalau setiap setelah minum/makan sesuatu langsung pengin kencing , baru kencing pun beberapa menit sudah keluar lagi itu kencing, apalagi kalau suasana hati tidk baik saja. malam gk tidur cuma bolak balik wc untuk kencing."
https://www.threads.com/@doktercamo/post/DWK2Iawk_6i,tbudhiardjo,2026-03-22,
https://www.threads.com/@doktercamo/post/DWK2Iawk_6i,nur.habibie,2026-03-22,"Dok kalo sahur abis sebotol air mineral ml, absa subuh kencing mulu, wajar ga dok 😁"
https://www.threads.com/@doktercamo/post/DWK2Iawk_6i,arthur_scolletta,2026-03-22,"Bagaimana kalau suka minum air putih, satu hari bisa - liter?"
https://www.threads.com/@doktercamo/post/DWK2Iawk_6i,iqbalnugro,2026-03-23,Gimana caranya tau berapa banyak kencing kita dok? Apakah harus pake gelas takar?
https://www.threads.com/@doktercamo/post/DWK2Iawk_6i,anggiegiovanni,2026-03-22,Penyakit yg merenggut nyawa adik ipar saya. Husnul Khatimah adek cantik 🥹🤲🏻
https://www.threads.com/@doktercamo/post/DWK2Iawk_6i,vinz_kho25,2026-03-22,Pernah baca di forum komunitas DI (diabetes inisipidus) Mereka sehari bisa minum - liter sehari…. Kencing mya jg sehari belasan liter Jd kyk air mengalir aja di badan mereka wkkw
https://www.threads.com/@dr.doddyrizqi/post/DVxezlnjxng,dr.doddyrizqi,2026-03-12,"Selamat hari ginjal sedunia, Dimana di indonesia penyebab gagal ginjal nomer adalah darah tinggi dan kedua diabetes yg tidak terkontrol Masih banyak yg menyepelekan, dan masih banyak stigma obat tensi dan diabet merusak ginjal, tapi justru sebaliknya Mbuh piye carane TENSI sama GULA mu kudu TERKONTROL Nb : target tensi < / , gula hba c <"
https://www.threads.com/@dr.doddyrizqi/post/DVxezlnjxng,fitriwahyuni228,2026-03-12,"Andai tidak dirujuk ke Internist akhir Desember kemarin karena tekanan darah selalu diatas / saya tidak akan tahu kalau hal tersebut bisa berpengaruh ke ginjal saya. Oleh dokter diagnosanya Secondary Hypertension, unspecified"
https://www.threads.com/@dr.doddyrizqi/post/DVxezlnjxng,netui_kadneme,2026-03-12,Vidi darah tinggi atau diabetes?
https://www.threads.com/@dr.doddyrizqi/post/DVxezlnjxng,martinimerin,2026-03-12,Dok apakah benar batu ginjal ada unsur bawaan alias genetika? Soalnya ibu sy punya riwayat batu ginjal dan sekarang sy jg ada batunya di ginjal kanan dan kiri.
https://www.threads.com/@dr.doddyrizqi/post/DVxezlnjxng,dr.doddyrizqi,2026-03-12,"Betul, ada kak"
https://www.threads.com/@dr.doddyrizqi/post/DVxezlnjxng,martinimerin,2026-03-12,"Ooh baik dok, terima kasih byk infonya 🙏🏼"
https://www.threads.com/@dr.doddyrizqi/post/DVxezlnjxng,hanifarrasyadhrp,2026-03-13,Dok kenapa pasien HD walaupun sudah cuci darah sulit tidur? Bolehkah pasien HD konsumsi magnesium supaya bisa tidur nyenyak dok?
https://www.threads.com/@dr.doddyrizqi/post/DVxezlnjxng,dr.doddyrizqi,2026-03-13,"Jangan, nanti resiko hipermagnesemia kecuali sudah di cek lab dulu ka, sebaiknya memang di analisis dulu, apakah ada cairan di paru, nyeri kaki, atau problem psikis"
https://www.threads.com/@dr.doddyrizqi/post/DVxezlnjxng,wisuprawestri,2026-03-12,"Tadi ada istri pasien ke poli minta surat sakit. Suami gak ikut, katanya badannya sdh bengkak semua, gak mau dibawa ke IGD. Katanya sdh disuruh HD tp masih pikir"". Yg saya ingat beliau ada riwayat DM dan hipertensi. Ya salam.....terus buat apa surat sakit kalau kondisinya sdh perlu dirawat dan perlu HD"
https://www.threads.com/@dr.doddyrizqi/post/DVxezlnjxng,ipahamilah,2026-03-13,wingi wis tak kandani apik . Lha aku malah dinesoni mbok ku. Soale wegah karo obat tensi. Lha emboh piye carane...
https://www.threads.com/@dr.doddyrizqi/post/DVxezlnjxng,pentyendah,2026-03-12,Matur nuwon remindernya ya...semoga pasien HT dan DM pada aware ya
https://www.threads.com/@dr.doddyrizqi/post/DVxezlnjxng,dianpangestu.p.s,2026-03-12,"Alhamdulillah tensi dah perlahan turun ke / , semoga tahan terhadap godaan makanan gurih dan berminyak😭😭"
https://www.threads.com/@st.antonius678/post/DWDcEbpEZwc,st.antonius678,2026-03-19,"Temen gue kurus sejak SMA. Makan banyak, gak gemuk-gemuk. Semua orang bilang dia beruntung. Metabolisme bagus katanya. Umur , dia check-up rutin. Hasilnya: diabetes tipe . Dokternya bilang gini: ""Berat badan lo normal. Tapi visceral fat lo seperti orang obesitas."" Gue yang denger ceritanya aja langsung diem. Ini yang ternyata selama ini kita salah paham:"
https://www.threads.com/@st.antonius678/post/DWDcEbpEZwc,st.antonius678,2026-03-19,"Kurus bukan berarti sehat. Selama ini kita ngira orang kurus itu aman dari penyakit metabolik. Diabetes, fatty liver, tekanan darah tinggi, itu ""urusan orang gemuk."" Ternyata enggak. Yang menentukan risiko itu bukan berat badan lo. Tapi di mana lemak lo disimpan. Dan ada satu jenis lemak yang bisa bersembunyi di orang kurus sekalipun."
https://www.threads.com/@st.antonius678/post/DWDcEbpEZwc,st.antonius678,2026-03-19,"Ada dua jenis lemak di tubuh lo. Lemak subkutan: yang ada di bawah kulit. Yang bikin perut buncit keliatan, paha berisi. Ini yang lo liat di cermin. Visceral fat: lemak yang nempel di organ dalam. Hati, pankreas, jantung, usus. Gak keliatan dari luar. Orang kurus bisa punya sedikit lemak subkutan tapi visceral fat yang tinggi. Dari luar kelihatan oke. Dari dalam, organnya lagi berjuang."
https://www.threads.com/@st.antonius678/post/DWDcEbpEZwc,st.antonius678,2026-03-19,"Bayangkan dua kantong plastik. Kantong A penuh, melar ke mana-mana kelihatan dari luar. Kantong B kelihatan kosong dari luar, tapi isinya dipadatin rapat-rapat ke dalam. Itulah bedanya lemak subkutan vs visceral fat. Kantong B yang sebenernya lebih berbahaya. Tekanannya ke organ di dalam. Dan mayoritas alat ukur biasa termasuk timbangan gak bisa bedain dua kantong itu."
https://www.threads.com/@st.antonius678/post/DWDcEbpEZwc,st.antonius678,2026-03-19,"Ini yang gue gak nyangka. Visceral fat tinggi itu bisa terjadi ke orang yang: — Jarang olahraga tapi berat badannya normal — Sering makan karbohidrat tinggi tapi kalorinya ""pas-pasan"" — Duduk – jam sehari tanpa gerak Gak harus gemuk. Gak harus makan banyak. Pola hidupnya yang bikin visceral fat numpuk diam-diam. Kayak debu di kipas angin tiap hari numpuk dikit-dikit, gak keliatan sampai tiba-tiba macet."
https://www.threads.com/@st.antonius678/post/DWDcEbpEZwc,st.antonius678,2026-03-19,"Dan ini yang paling jarang dibahas. Visceral fat itu aktif secara hormonal. Dia ngelepas zat kimia yang ganggu cara tubuh lo proses gula darah. Makanya bisa langsung nyambung ke diabetes tipe bahkan tanpa obesitas. Bukan cuma soal penampilan. Ini soal fungsi organ. Kayak baterai yang kelihatan penuh di layar HP, tapi konsumsi dayanya tinggi dari dalam dan bikin performa keseluruhan drop."
https://www.threads.com/@st.antonius678/post/DWDcEbpEZwc,st.antonius678,2026-03-19,"Fakta yang bikin gue bengong: Kondisi ini punya nama resmi: TOFI. Thin Outside, Fat Inside. Penelitian di UK menemukan sekitar dari orang dengan BMI ""normal"" ternyata punya kadar lemak tubuh setara obesitas. Mereka kelihatan kurus. Tapi profil kesehatannya mirip orang yang kelebihan berat badan. Dan mereka sendiri gak tau karena selama ini cuma nimbang badan."
https://www.threads.com/@st.antonius678/post/DWDcEbpEZwc,st.antonius678,2026-03-19,"Nah ini yang agak menyebalkan. Gejala visceral fat tinggi itu hampir gak ada yang obvious. Bukan nyeri. Bukan bengkak. Bukan perubahan fisik yang keliatan. Yang biasa muncul perlahan: gampang capek, perut kembung, susah fokus, gula darah naik pelan-pelan. Semua itu gampang dikira ""kurang tidur"" atau ""kecapekan kerja."" Makanya banyak yang ketahuannya pas check-up kayak temen gue tadi."
https://www.threads.com/@st.antonius678/post/DWDcEbpEZwc,st.antonius678,2026-03-19,"Dan ini yang bikin hasilnya beda jauh. Kabar baiknya: visceral fat itu yang paling responsif terhadap perubahan gaya hidup. Turunin dulu visceral fat, hasilnya keliatan lebih cepat dibanding ngurangin lemak subkutan. Tapi syaratnya: lo harus tau level visceral fat lo sekarang. Kalau gak tau, lo gak bisa track apakah yang lo lakuin itu beneran efektif atau cuma nguras tenaga doang."
https://www.threads.com/@st.antonius678/post/DWDcEbpEZwc,st.antonius678,2026-03-19,"Setelah cerita temen gue itu, gue mulai cek sendiri. Berat badan gue normal. BMI oke. Dari luar gak ada yang aneh. Tapi pas gue ukur komposisi tubuh, visceral fat gue ada di level . Batas aman itu di level – . Gue pas di ujungnya. Kalau gue gak ukur, gue gak akan tau. Dan gue mungkin santai-santai aja sampai tiba-tiba ketauan pas check-up kayak temen gue."
https://www.threads.com/@st.antonius678/post/DWDcEbpEZwc,st.antonius678,2026-03-19,"Dan ini yang bikin gue nyesel gak lakuin lebih awal. Ngukur visceral fat sekarang itu udah bisa dilakukan sendiri di rumah. Bukan cuma di klinik. Ada timbangan body composition yang pakai teknologi BIA sama yang dipakai dokter buat baca visceral fat level, body fat %, muscle mass, sampai resting metabolism. Lo tau angkanya. Lo bisa track perubahannya. Dan lo gak perlu nunggu check-up tahunan buat tau kondisi lo."
https://www.threads.com/@st.antonius678/post/DWDcEbpEZwc,st.antonius678,2026-03-19,"Untuk ngecek-nya biar lebih praktis dirumah bisa pakai Omron Karada Scan HBF- 👉 s.shopee.co.id/ AJl … Dia ukur metrik sekaligus: visceral fat level, body fat %, muscle mass, resting metabolism, body age, BMI, dan berat badan semua dalam detik. Yang penting: visceral fat level-nya akurat dan konsisten. Bisa track dari bulan ke bulan. Harganya jauh lebih murah dibanding biaya check-up rutin tiap bulan."
https://www.threads.com/@st.antonius678/post/DWDcEbpEZwc,st.antonius678,2026-03-19,"Btw, ini panduan level visceral fat buat referensi: Level – → Aman Level – → Waspada, mulai perlu diperhatiin Level + → Risiko tinggi, perlu tindakan serius Kalau lo kurus dan belum pernah cek visceral fat, ini sign buat mulai. Bukan soal penampilan. Temen gue yang kurus itu buktinya. Save thread ini sebelum hilang dari feed."
https://www.threads.com/@st.antonius678/post/DWDcEbpEZwc,ineznovindriastuti,2026-03-19,jadi ternyata ini jawaban kalo orang kurus tp kolesterolnya dicek tinggi bgt
https://www.threads.com/@st.antonius678/post/DWDcEbpEZwc,hasrullah.haris,2026-03-19,Ini aman ya Kak? Kebetulan tahun lalu habis di check sama dokter perusahaan.
https://www.threads.com/@st.antonius678/post/DWDcEbpEZwc,diskonkalori,2026-03-19,Usually this case happens to asian ppl due to genetics
https://www.threads.com/@st.antonius678/post/DWDcEbpEZwc,st.antonius678,2026-03-19,Bener banget! Makanya BMI standar kadang suka tricky buat orang Asia. Genetik kita emang cenderung lebih gampang numpuk lemak di organ dalam dibanding sekadar di bawah kulit.
https://www.threads.com/@st.antonius678/post/DWDcEbpEZwc,yulianingsih8869,2026-03-19,"Aku badan kurus, pernah ngerasa ga enak badan beberapa hari tanpa tau sebabnya. Cek kolesterol asam urat . Ga nyangka bisa kaya gitu"
https://www.threads.com/@st.antonius678/post/DWDcEbpEZwc,st.antonius678,2026-03-19,"Persis kayak di utas, gejalanya emang sering diem-diem dan cuma kerasa 'gak enak badan' atau gampang capek doang. Karena badannya kurus, kita sering kecolongan dan nggak nyangka angkanya bisa segitu. Berhubung angkanya lumayan tinggi, saran gue kalau hasil cek lab-nya tinggi kayak gitu mending langsung konsul ke dokter aja ya kak biar dapet penanganan/diet yang pas. Dan next-nya dirutinin aja cek lab atau pantau komposisi tubuhnya biar nggak nebak-nebak lagi. Semangat & sehat selalu ya kak."
https://www.threads.com/@st.antonius678/post/DWDcEbpEZwc,yulianingsih8869,2026-03-20,"Iya, umur menjelang merasa santai karena kurus, ternyata oh ternyata.. mkasih kk infonya, insya Allah mulai jaga badan dan harus ke dokter. Sehat selalu juga kk.."
https://www.threads.com/@st.antonius678/post/DWDcEbpEZwc,galuhgitapratiwi,2026-03-19,"Baca utas ini bikin nambah pengetahuan, tp nambah bahan ovt saya juga😅"
https://www.threads.com/@st.antonius678/post/DWDcEbpEZwc,joynerkitchen,2026-03-19,Jd utk menghilangkan lemak visceralnya itu bgmn mas? Rutin Olga ato rubah pola makannya?
https://www.threads.com/@st.antonius678/post/DWDcEbpEZwc,bunda_tarsan,2026-03-19,"Aku beli timbangan yg komplit itu, bisa ngetrack visceral fat dan Alhamdulillah kadarnya"
https://www.threads.com/@st.antonius678/post/DWDcEbpEZwc,purmana,2026-03-20,"Gw nge gym, otot naik, dada, paha dan tangan membesar tapi pinggang mengecil. BB masuk kategori overweight tapi body fat < %. Dengan semua effort gw buat sehat, malah seenaknya diejek oleh temen gw yang ""kurus""... ""Nih liat gw ga usah olahraga dan makan sembarangan aja badan gw udah bisa kurus"" 😂😂😂."
https://www.threads.com/@st.antonius678/post/DWDcEbpEZwc,artistraveler_,2026-03-19,
https://www.threads.com/@st.antonius678/post/DWDcEbpEZwc,glaz.ziersmile,2026-03-20,"Saya rutin timbang bb yg bisa cek viceral fat rata , -"
https://www.threads.com/@st.antonius678/post/DWDcEbpEZwc,kaishananjani,2026-03-20,"Saya sejak dia hari lalu kepikiran. Saya makan dengan baik, tapi terlihat kurus. Jarang olahraga juga... Baca utas ini sampe selesai jadi ngerti kemungkinan itu.. Makasih pak"
https://www.threads.com/@st.antonius678/post/DWDcEbpEZwc,puspa_april_sasyanto,2026-03-19,Dulu juga punya temen waktu SMK. Dia gemuk tapi kata dokter dia kurang gizi 🤦 Hal itu dijadiin becandaan temen nya
https://www.threads.com/@st.antonius678/post/DWDcEbpEZwc,kristiani_naomi,2026-03-19,"Makasih info nya kak , aku termasuk org kurus tapi ada penyakit nya. Sekarang udah ada asam urat padahal umur masih an 😌"
https://www.threads.com/@fadly_aja.ya/post/DRnwTJ1AfbZ,fadly_aja.ya,2025-11-29,"Gluten dan Neuropathy - Kesemutan yang Bukan Diabetes ""Tangan Kesemutan, Dikira Diabetes - Ternyata Celiac!"" Tangan dan kaki saya kesemutan terus, kebas. Terutama ujung jari. Makin lama makin parah. Dokter suspect diabetes → cek gula darah: NORMAL! HbA c: NORMAL! ""Mungkin neuropathy idiopathic"" - dikasih vitamin B complex. Nggak membaik."
https://www.threads.com/@fadly_aja.ya/post/DRnwTJ1AfbZ,fadly_aja.ya,2025-11-29,"Setelah screening comprehensive: Celiac disease! Strict GF + high-dose B vitamins: bulan → kesemutan % berkurang. Thawani et al. ( ) dalam studi kohort besar menemukan peripheral neuropathy terjadi pada % pasien celiac yang tidak terdiagnosis, sering menjadi presenting symptom sebelum GI issues muncul. Celiac nggak cuma soal perut - bisa mulai dari nerve damage!"
https://www.threads.com/@fadly_aja.ya/post/DRnwTJ1AfbZ,fadly_aja.ya,2025-11-29,"Types of Gluten-Related Neuropathy Type : Peripheral Sensory Neuropathy (paling umum - - % kasus) Symptoms: Tingling, numbness (kesemutan, kebas) ""Stocking-glove"" distribution (kaki dulu, terus tangan) Burning sensation di telapak kaki (terutama malam hari) Sensasi seperti ""pakai sarung tangan tebal"" atau ""jalan di atas kapas"" Pain sensitivity berkurang (nggak kerasa saat kena panas/tajam - bahaya!)"
https://www.threads.com/@fadly_aja.ya/post/DRnwTJ1AfbZ,fadly_aja.ya,2025-11-29,"Progression: Start di jari kaki Naik ke kaki bawah Lalu tangan Bisa progress ke proksimal (paha, lengan atas) kalau nggak treated Type : Autonomic Neuropathy ( - % kasus - lebih serius) Symptoms: Orthostatic hypotension (pusing saat berdiri) Heart rate irregularities Gastroparesis (lambung lambat empty - kembung parah) Bladder dysfunction (susah kencing atau nggak terkontrol) Sexual dysfunction Sweating abnormal (terlalu banyak atau nggak bisa)"
https://www.threads.com/@fadly_aja.ya/post/DRnwTJ1AfbZ,fadly_aja.ya,2025-11-29,"Type : Motor Neuropathy ( - % kasus - jarang) Symptoms: Muscle weakness (terutama kaki - susah jinjit, susah naik tangga) Foot drop (kaki nggak bisa angkat, tersandung sering) Muscle atrophy (mengecil) Cramping Fasciculations (kedutan otot) Type : Mononeuropathy (rare - % kasus) Symptoms: Single nerve affected Contoh: Carpal tunnel syndrome (median nerve) Ulnar neuropathy (siku) Peroneal neuropathy (kaki drop)"
https://www.threads.com/@fadly_aja.ya/post/DRnwTJ1AfbZ,fadly_aja.ya,2025-11-29,"Ludvigsson et al. ( ) melaporkan kombinasi sensory-autonomic neuropathy paling umum, menekankan pentingnya evaluasi komprehensif neurologis pada pasien celiac."
https://www.threads.com/@fadly_aja.ya/post/DRnwTJ1AfbZ,ldvnbl,2025-11-30,"Dulu saya berfikir kenapa sih diluar negeri tuh anak bulenya kalau makan harus yang gluten free. Apa harus gluten free. Kayaknya di Indonesia ga ada tuh anak nya yg mesti gluten free segala. Semua dimakan dan aman aja. Sampai akhirnya terjadi di anak saya sendiri. Jadi kesimpulannya di Indonesia tuh bukan nya ga ada, tapi tidak menyadari dan kurang ilmu 😅"
https://www.threads.com/@fadly_aja.ya/post/DRnwTJ1AfbZ,fadly_aja.ya,2025-11-30,Mmaanntttaapppp..bener bgt apa yg d sampaikan
https://www.threads.com/@fadly_aja.ya/post/DRnwTJ1AfbZ,ila2_59,2025-11-29,"Ini, gejala saya. Hilangnya memang setelah pola makan gluten free"
https://www.threads.com/@fadly_aja.ya/post/DRnwTJ1AfbZ,fadly_aja.ya,2025-11-29,Alhamdulillah
https://www.threads.com/@fadly_aja.ya/post/DRnwTJ1AfbZ,ozarax,2025-11-29,Kalau kepala yang kesemutan kenapa ya? soalnya kepala tu suka tiba kesemutan.
https://www.threads.com/@fadly_aja.ya/post/DRnwTJ1AfbZ,fadly_aja.ya,2025-11-29,Tgl tua itu penyebabnya
https://www.threads.com/@fadly_aja.ya/post/DRnwTJ1AfbZ,journey_24exmed,2025-11-29,Macam mane nak diagnosis ?
https://www.threads.com/@fadly_aja.ya/post/DRnwTJ1AfbZ,fadly_aja.ya,2025-11-29,Silahkan d baca dan d ikutii thread sy
https://www.threads.com/@fadly_aja.ya/post/DRnwTJ1AfbZ,lab_spesialist_bawono,2025-11-29,"Cara ceknya gmn y? Istri sy suka gt, dl pernah diet tnp nasi cm buah dan sayur jd lbh sehat dan fresh"
https://www.threads.com/@bjornnesy/post/DUU0sFIkpV_,bjornnesy,2026-02-04,good news buat penderita diabetes atau yg baru pre-diabetes ternyata olahraga ringan jam setelah makan seperti jalan kaki cepat selama menit atau lari pelan selama menit dengan incline minimal derajat menanjak bisa menurunkan kadar gula darah hingga - mg/dl sudah saya coba sendiri karena saya pre-diabet
https://www.threads.com/@bjornnesy/post/DUU0sFIkpV_,herbmeal_official,2026-02-06,d kerennn mesti dpertahankan tuh kak
https://www.threads.com/@bjornnesy/post/DUU0sFIkpV_,xinau_li,2026-02-04,"Itu ada penelitiannya kok, tp mager nyari lagi, cari sendiri ya warga kalo penasaran, hehe"
https://www.threads.com/@farahdhitafff/post/DWSb2haD1V4,farahdhitafff,2026-03-25,"Dear warga threads. Aku mau cerita sekaligus mau tanya. Jadi pas malem takbir kemarin. Keluarga kan lg pd ngumpul. Om ku cerita kl badannya gatel-gatel sebadan sejak awal puasa. Gatelnya tuh kl digaruk membekas hitam. Aku curiga diabetes. Karena dirumah ada alat cek gula darah, dicek lah akhirnya om ku dan hasilnya duar . Jarak menit aku bilang ke tanteku yg cek. Coba dong te (ibuku) dicek juga. Dan hasilnya . Padahal ibuku ga terlalu suka makanan/minuman manis >>"
https://www.threads.com/@farahdhitafff/post/DWSb2haD1V4,farahdhitafff,2026-03-25,"Karena panik, aku akhirnya ke apotik terdekat utk tanya-tanya obat apa yg bisa menstabilkan gula darah. Apoteker nya bilang ""glimepirit dosis "" diminum satu hari satu kali. Nanti kl obatnya udah abis dicek lagi. Keduanya sampai hari ini masih minum obat. Tapi semalem tante ku bilang ""Kl om sih emg jelas jelas dia gatel sebadan & tiap digaruk membekas. Aku takutnya pas ngecek punya ibu kamu. Alatnya error. Hasilnya masih kebaca punya om"""
https://www.threads.com/@farahdhitafff/post/DWSb2haD1V4,Pinned,2026-03-26,Kakak kakak semuanya yg sudah ikut komen disini. Terimakasih banyak atas perhatian dan saran-saran baiknya. Semuanya sudah saya baca namun mohon maaf belum bisa saya balas satu per satu. Saat ini keduanya baik om dan ibu saya. Sudah mau diajak cek hba c namun saya baru bisa mengantar di hari senin depan (tgl maret) dikarenakan saat ini saya tidak satu kota dengan keduanya. Utk obat yg dibeli di apotik sudah stop dikonsumsi. Sekali lagi terimakasih untuk saran nya 🙏
https://www.threads.com/@farahdhitafff/post/DWSb2haD1V4,farahdhitafff,2026-03-25,"Sebagai org awam ya aku ga tau musti gimana. Yg jelas tanteku tenaga kesehatan yg kerja di IGD. Beliau bilang ""Emg sering sih nemuin alat cek gini error. Kadang hasilnya masih kebaca yg sebelum ini"" Kemaren pas mau cek x stik nya abis. Yg mau kutanyain emg bs kah alat cek begitu bs error? Parno bgt selama lebaran ini ovt kepikiran ibu 🥹"
https://www.threads.com/@farahdhitafff/post/DWSb2haD1V4,pradhana_shop,2026-03-26,"ada satu tempat yang isinya orang orang pintar dengan ilmu kesehatan yang tinggi namanya dokter dan trmpatnya namanya rumah sakit, bawa kesana ga usah sok sokan cari obat sendiri nanya di medsos kecuali memang sudah tidak sayang pada pasiennya"
https://www.threads.com/@farahdhitafff/post/DWSb2haD1V4,asgaryuk,2026-03-25,Ngeri ya. Sillent killer banget. Cek HbA c ya kak. Periksa ke dokter penyakit dalam. Ikutin arahannya. Pengobatan jalan + modifikasi kebiasaan dan gaya hidupnya juga. Jgn salah satu. Ciri pengobatannya berhasil = ada perbaikan dan dosis obat berkurang.
https://www.threads.com/@farahdhitafff/post/DWSb2haD1V4,rezanabillaa,2026-03-26,Lagi hamil cek HbA c parah bgt mualllll minum air gula 😭🤣
https://www.threads.com/@farahdhitafff/post/DWSb2haD1V4,ucha_amalia,2026-03-26,Ada bpjs gratis. Jgn sembarangan minum obat cuma berdasarkan saran apoteker. Nanti pingsan mau nyalahin siapa?
https://www.threads.com/@farahdhitafff/post/DWSb2haD1V4,dinar.e,2026-03-26,Saya apoteker. Ga berani ngasih obat diabetes tanpa resep dokter. Ngeri banget efeknya kalo salah. Denger ada sejawat ngasih gitu rasanya ……… 😡😢
https://www.threads.com/@farahdhitafff/post/DWSb2haD1V4,nengekawidia,2026-03-26,"Iyaaa ihh aku pas baca jg langsung kagett, tiba-tiba bgt glimepirid (?), trus jd trust issue, kayanya itu yg ngasih bukan apoteker deh. Soalnya kalau apoteker mana berani langsung kasih gol sulfonilurea 😭"
https://www.threads.com/@farahdhitafff/post/DWSb2haD1V4,dinar.e,2026-03-26,"Iya aih. Aku mah udh nyuruh igd kayanya 😭🙏. Ya ttp meskipun bukan apotekernya, apotek kan dikepalai apoteker. Kalpun TTKnya, harusnya konfirmasi kalo ada case gt 🫠🙏"
https://www.threads.com/@farahdhitafff/post/DWSb2haD1V4,wukasuka,2026-03-26,"Kak, langsung ke poli penyakit dalam aja, biar bisa cek (lab darah) semua sekalian. Semoga segera terkontrol ya gula darah nyokap."
https://www.threads.com/@farahdhitafff/post/DWSb2haD1V4,morin_sari,2026-03-25,"Sebaiknya di cek HbA C, gula darah puasa dan gula darah jam PP (post puasa), k. Penggunaan obat an penurun gula darah tanpa kontrol bs membahayakan pasien. Sebaiknya begitu pengecekan hasilnya tinggi, lgsg di bawa ke IGD terdekat untuk mendapatkan terapi"
https://www.threads.com/@farahdhitafff/post/DWSb2haD1V4,magdalena_aqnes,2026-03-26,"Kenapa ga konsul ke SpPD sub spesialis diabet, Kak? Drpd diobati sendiri malah salah."
https://www.threads.com/@farahdhitafff/post/DWSb2haD1V4,farahdhitafff,2026-03-26,Kakkkk. Kemarin kan pas malem takbir tuh poli spesialis penyakit dalam kan pada tutup. Ke igd takut disuruh rawat inap. Apalagi besoknya lebaran kak. Sedangkan kondisi klinis ibu aku ga ada lemes ga ada ngantuk atau gatel-gatel. Kalau kondisi om aku yg gatel nya udah parah sebulanan. Melihat situasi yg seperti itu sy buru buru cari obat utk menstabilkan gula darah di hari itu. Besok mau cek hba c dulu kak. Setelah itu sy periksakan ke SpPD. Makasih sarannya ya kak 🤍
https://www.threads.com/@farahdhitafff/post/DWSb2haD1V4,rahmadi.rizki.dr,2026-03-25,"kalau mau hasil yg lebih baik memang cek HbA C, kalau emng tinggi boleh segera diobati. diabetes ndak selalu dari makanan manis kok kak."
https://www.threads.com/@farahdhitafff/post/DWSb2haD1V4,farahdhitafff,2026-03-26,Baik terimakasih sarannya dok. Sebenernya diabetes juga bs dari stress berlebih ya dok?
https://www.threads.com/@farahdhitafff/post/DWSb2haD1V4,rahmadi.rizki.dr,2026-03-26,"bisa jadi tapi banyakk kak penyebabnya, kolestrol dan asam uratnya bagaimana? obesitas atau tidak? aktivitas fisiknya bagaimana? ada genetik diabetes juga atau tidak?"
https://www.threads.com/@farahdhitafff/post/DWSb2haD1V4,finurikha_,2026-03-26,"Saranku sbg apoteker jangan asal ditembak obat hanya karena terbaca tinggi di alat cek mandiri kak. Belum tentu jg yg ngasih obat di apotek itu apoteker, takutnya yg jaga AA/kasir. Apoteker pun ga boleh kasih obat penyakit degeneratif tanpa penegakan diagnosa dari dokter. Apalagi kondisi pengecekannya hanya dr alat cek mandiri dan bukan gula darah puasa, jd banyak bias yg mempengaruhi. Stik alat tes mandiri itu jg ada expirednya. Jadi lebih baik dibawa ke poli PD dan minta cek HbA c sekalian."
https://www.threads.com/@farahdhitafff/post/DWSb2haD1V4,farahdhitafff,2026-03-26,Baik kak. Jadi memang alat stik itu bisa expired ya ternyata? Senin depan baru bs bawa HbA c kak karena saya masih diluar kota. Makasih banyak insight nya 🙏
https://www.threads.com/@farahdhitafff/post/DWSb2haD1V4,finurikha_,2026-03-27,Iyaa kak di botol kemasannya ada tgl expirednya. Sama kak. Semoga membantu.
https://www.threads.com/@farahdhitafff/post/DWSb2haD1V4,pensiunberbagi,2026-03-26,"Ke IGD kak, paksu waktu kena stroke GD dan Tensi / ."
https://www.threads.com/@farahdhitafff/post/DWSb2haD1V4,ayam_geprek_cenderawasih,2026-03-25,Coba di cek ke klinik/lab/RS terdekat untuk membandingkan hasilnya jika menggunakan alat dari tempat lain.
https://www.threads.com/@farahdhitafff/post/DWSb2haD1V4,farahdhitafff,2026-03-25,Iya katanya cek hba c sekalian ya kakkk. Huhu takut
https://www.threads.com/@farahdhitafff/post/DWSb2haD1V4,dastinandre,2026-03-26,"Stop dulu minum obat yang beli sendiri itu dan segera bawa ibu sama om kamu ke dokter spesialis penyakit dalam (Sp. PD) hari ini juga. Jangan nunggu obatnya habis baru cek lagi karena angka setinggi itu butuh evaluasi menyeluruh. Diabetes nggak cuma soal suka manis atau nggak, tapi soal gimana tubuh mengolah gula yang bisa dipengaruhi banyak faktor termasuk genetik dan pola makan secara keseluruhan."
https://www.threads.com/@farahdhitafff/post/DWSb2haD1V4,dastinandre,2026-03-26,Kondisi gatal-gatal yang sampe membekas hitam itu juga udah jadi tanda kalau ada masalah di pembuluh darah atau sarafnya karena gula darah yang tinggi banget itu.
https://www.threads.com/@farahdhitafff/post/DWSb2haD1V4,azkaulftnnsa,2026-03-26,"YaAllah kaaa, Bapak mertuaku gd an aja udah lemes, berat badan berkurang, kaki bengkak. Bisa di bawah setelah ubah semua pola makan, rawat jalan, dan diingatkan terus minum obat. Cuma yg susah adalah Bapak mengira gula itu hanya makanan/minuman manis, padahal makan mie, tepung-tepungan, nasi putih juga."
https://www.threads.com/@farahdhitafff/post/DWSb2haD1V4,farahdhitafff,2026-03-26,Susah kan kakkk. Cuma senin bsk mau kubawa periksa hba c dlu kakk Usia brp bapak mertuanya kak?
https://www.threads.com/@farahdhitafff/post/DWSb2haD1V4,azkaulftnnsa,2026-03-26,kak. Semoga lekas membaik ya kak
https://www.threads.com/@farahdhitafff/post/DWSb2haD1V4,srayuu__,2026-03-26,"Kak fyi ku kebetulan kerja di klinik yg dokternya subspesialis endokrin metabolik lebih ke diabetes center, gatal itu ciri diabet tidak terkontrol, mumpung sudah buka praktek dokter cus kesana konsul lgsg ke ahlinya. Semakin cpt minum obat semakin selamat ginjalnya kak. 🙌🏻🤗"
https://www.threads.com/@farahdhitafff/post/DWSb2haD1V4,farahdhitafff,2026-03-26,Kakkkk terima kasih banyak 🤍🤍🤍 Senin dpn aku baru di tempat dmn ibuku tinggal kak. InsyaaAllah senin dpn mau hba c dlu
https://www.threads.com/@farahdhitafff/post/DWSb2haD1V4,fvam95vbw,2026-03-26,"Error itu, cobain ke sepuluh orang, apakah masih ratusan, hasil test nya.. Ada masa daluarsa strip juga.. Kalau benar , behh udah sekarat itu harusnya"
https://www.threads.com/@farahdhitafff/post/DWSb2haD1V4,sovinavisah,2026-03-26,"Better saranin ke puskesmas buat konsul ke dokter umum, terus minta di rujuk ke dokter spesialis penyakit dalam, barangkali bener, soalnya Diabetes Melitus ada yg tipe & tipe , jadi terapi obatnya beda setiap kondisi gabisa disamain atau cuma beli di apotik."
https://www.threads.com/@farahdhitafff/post/DWSb2haD1V4,farahdhitafff,2026-03-26,"Hai kaakk iya senin mau diajak periksa keduanya, baik om dan ibukuuu. Kl besok akunya msh blm di kota tempat ibuku tinggal."
https://www.threads.com/@farahdhitafff/post/DWSb2haD1V4,elsa.harlie,2026-03-27,"gula darahku hampir aja udah sakit semua ini badan apalagi , cepet sembuh buat ibu ya kak. cek hb ac aja lebih akurat, obatnya minta dokter biar jelas dosisnya soalnya GD nya udah tinggi. wajib rutin olahraga kak, jika memungkinan bisa olahraga angkat beban, itu efektif bgt turunin GD, minum susu diabetasol juga biar stabil gula darahnya biar engga naik turun, banyakin makan realfood kayak tahu tempe, sayuran, telur, ikan, dll"
https://www.threads.com/@farahdhitafff/post/DWSb2haD1V4,kpermata24,2026-03-27,Coba Mama suruh cek HbA c. Jd bisa tau gula darah bln terakhir.
https://www.threads.com/@farahdhitafff/post/DWSb2haD1V4,tyawiharjo,2026-03-26,"Padahal energi buat ke apoteknya bisa bgt lih dipake buat ke dokter, ke prodia, kemana kek yg beneran ada tenaga medis yg bener faham dan emang profesional di bidangnya 😌"
https://www.threads.com/@farahdhitafff/post/DWSb2haD1V4,farahdhitafff,2026-03-26,Iya kakkk siap. Waktu itu malem takbir. Di lain sisi karena panik juga. Ini mau kubawa periksa HARI INI juga ga memungkinkan aku masih di malang
https://www.threads.com/@farahdhitafff/post/DWSb2haD1V4,veraazhou,2026-03-26,"orang-orang bs percaya lgsg sama satu alat lgsg makan obat yah… 🫣 Dokter ngomong aj masih sering salah diagnosa.. Semoga segera cek lab yaaah kak, minimal ada data valid dluu"
https://www.threads.com/@farahdhitafff/post/DWSb2haD1V4,farahdhitafff,2026-03-26,"Kakkk aku panik bgt waktu itu karena itu angka nya gak rendah. Takut ibu kenapa tapi juga beliau ga mau diajak ke IGD. Om juga begitu. Apalagi orgtua ya merasa dirinya ga kenapa susah kakkk susah mau edukasi orgtua ini. Besoknya lebaran lagiiii. Dipaksa ke RS pun gak akan mempan mikirin lebaran dulu. Ga bs aku jelasin disini, beliau (om & ibu) blg aku gpp udah gpp. Tapi aku yg kepikiran parah mana skrg msh mudik balik minggu. InsyaaAllah senin aku bw cek hba c kak. Makasih sarannya yaaa.."
https://www.threads.com/@farahdhitafff/post/DWSb2haD1V4,edoagusta,2026-03-26,"Pertanyaannya apakah sticknya baru apa lama? Karena stick test itu ada shelf live nya juga, karena mertua juga diabet, ada alat cek gula suatu saat ketemu kadar gulanya ab padahal sebelumnya sudah bisa under dengan. Obat dan pola makan, kemudian langsung cek di lab ternyata ya sekitar an. Ternyata sticknya sudah lama dari dibuka lebih dari bulan. Coba beli stick baru lagi aja trus di cek"
https://www.threads.com/@farahdhitafff/post/DWSb2haD1V4,shint____,2026-03-26,"Saya paham, ini masa lebaran. Kamu bisa ke apotik kayak guardian yg ada layanan cek gula darah. Ada yg tes gula darah sewaktu, atau dengan puasa. Kalau fix setinggi itu gula darahnya, langsung dibawa ke dokter mana sj yg buka ya. Jangan langsung dikasih obat. Bisa meninggal kalau hipoglikemi akibat minum obat gula yg tidak tepat dosisnya. Kalau kepepet bgt bisa ke halodoc atau alodokter."
https://www.threads.com/@farahdhitafff/post/DWSb2haD1V4,farahdhitafff,2026-03-26,Iyaa kakkk terima kasih sarannya. Kedua nya sdh stop obat dan mau periksa InsyaaAllah senin depan
https://www.threads.com/@farahdhitafff/post/DWSb2haD1V4,karennjela,2026-03-26,Yaampun kak sy baca utasmu sambil ngemilin nastar. Auto berhenti makan 😅
https://www.threads.com/@farahdhitafff/post/DWSb2haD1V4,farahdhitafff,2026-03-26,"Kakkk km tau, ini kan cek gula nya pas malem takbir. Besoknya lebaran. Semua keluarga termasuk aku stop jajanan manis padahal itu kue suguhan kami sendiri. Aku dan ibuku jualan nastar juga kak. Cookies gitu deh pokonya. Jadi auto stoppppppp nyemilin 🥹🥲😂"
https://www.threads.com/@lillasyifa/post/DUa6HEGkpww,lillasyifa,2026-02-06,"Buat yg nanya nanya sekali lagi. Aku umur . Gaada turunan diabetes. Kena Diabetes baru aja Agustus . Koma, dan inap di ICU hari, di RS hampir sebulan. Hampir hilang ingatan, hampir ilang kemampuan motorik, krn keracunan gula. Penyebabnya? - begadang tiap hari - ngemil tengah malam - suka makan manis kayak donat, brownies, dubai coklat, roti an, smua yg manis dan viral pokoknya. dan itu hampir tiap hari - manajemen stress buruk Kalo ini adalah kebiasaan kalian, saran gue; KURANGIN."
https://www.threads.com/@lillasyifa/post/DUa6HEGkpww,lillasyifa,2026-02-06,"Reply to unavailable post Buat yg tanya treatment nya gmn, Pokoknya skrg aku udh GAK makan: - nasi putih - dessert - minuman manis - tepung an dll Pokoknya in a strict diet gituuu yaa."
https://www.threads.com/@lillasyifa/post/DUa6HEGkpww,yusabikuy,2026-02-06,"Terima kasih ajakannya kak, jadi: . Tidur cepat, paling lambat jam (optimalkan - jam tidur) . Tidur cepat = tidak makan/ngemil tengah malam . Kurangin makan manis an . Manajemen stress: Meditasi/breathwork, olahraga (kardio, yoga, senam, kalistenik), cari teman yg bisa saling influence healthy lifestyle."
https://www.threads.com/@lillasyifa/post/DUa6HEGkpww,lillasyifa,2026-02-06,Iya bener gitu
https://www.threads.com/@lillasyifa/post/DUa6HEGkpww,qorryamanda,2026-02-06,"Hai kak. Smoga lekas diberi baik keadaannya ya. Dan saya bersaksi smua kebiasaan yang kelihatan remeh diatas adalah pintu gerbang DM. Saya sndiri tahun kuliah mlakukan itu smua dan ends up keguguran x dan stelah dicek: PCOS dan hiperinsulinemia. Gulanya OK tp bgitu cek insulin udh tinggi skali. Tanda insulin mulai ga sensitif lagi ke otot. Dan akhirnya syapun ubah lifestyle drastis dan alhamdulillaah skrg sudah stabil. DM is closer than you think, warga."
https://www.threads.com/@lillasyifa/post/DUa6HEGkpww,baroque_917,2026-02-07,"Maaf kl komen saya rada OOT ya kak. Makanya saya heran liatin netijen yg bangga posting makan Indomie bungkus ditambah nasi sepiring penuh. Tiap diingatkan malah balas ""yg penting bahagia"" Mindset bangga berpola makan ngawur kayak gini sangat menyedihkan"
https://www.threads.com/@lillasyifa/post/DUa6HEGkpww,lexi.omo,2026-02-06,"jadi gini kak, kadang orang yang gak gemuk alias kurus mikirnya ga mungkin kena diabetes, tapi ternyata itu semua salah.. yang bener harus rajin cek gula darah ya.. soalnya saya juga mantan prediabet gula darah puasa di waktu itu, puji Tuhan tersadarkan dan sekarang sudah normal"
https://www.threads.com/@lillasyifa/post/DUa6HEGkpww,richard_giofanny,2026-02-06,"Oh ternyata diabetes ya dek. Puji Tuhan udah pulih. Teringat teman kerjaku beberapa hari lalu harus meregang nyawa karena diabetes. Ngelihat nya yang sedang koma waktu itu sebelum berpulang sangat membekas. Pola makannya dulu sangat buruk, terakhir kadar gulanya sampai ."
https://www.threads.com/@lillasyifa/post/DUa6HEGkpww,inderanwidi,2026-02-07,Ngomong diabetes tapi gak ada angka HBA C nya 😂
https://www.threads.com/@lillasyifa/post/DUa6HEGkpww,nicholasmcss,2026-02-07,Tp gak ada link shopee juga berarti beneran om 🫣. Biasa threads yg beginian ujung nya ada link shopee
https://www.threads.com/@lillasyifa/post/DUa6HEGkpww,inderanwidi,2026-02-10,Iya. Just a friendly reminder ☺️
https://www.threads.com/@lillasyifa/post/DUa6HEGkpww,nudia.elma94,2026-02-07,Padahal ga obes ya kak n masih muda.. Ku kira dan pada umumnya org obes dlu baru kena diabet 🥲 trnyata gaya hidup berpengaruh bgt
https://www.threads.com/@lillasyifa/post/DUa6HEGkpww,denspriadi123,2026-02-06,"Kalo buat kalian yg harus tugas negara kayak kerja shift malam di pabrik, rs, hotel, gpp bergadang asal jangan makan saat shift malam. Tetap kurangi makanan sumber karbo (nasi, tepung, sagu, kentang, sagu, ubi, singkong, dll porsinya cukup % dari porsi yg dimakan), kurangi juga gula dan pemanis lainnya serta kurangi buah gk boleh setiap hari. Kalo mau jelas lihat Instagram @ xuxuboen . Dengan metode psxx nya, semua penyakit gangguan metabolisme akan membaik tanpa minum obat an tiap hari."
https://www.threads.com/@lillasyifa/post/DUa6HEGkpww,77_andik_77,2026-02-06,"Trims kak sebagai literasi, di usia tahun dampak terasa untuk pola makan tidak sehat. Orang menyeduh kopi pait mungkin sebagai nasihat diri sendiri dan penikmat gula"
https://www.threads.com/@lillasyifa/post/DUa6HEGkpww,cistindami,2026-02-07,Apa yg dirasain ka sebelum tau kalo kena diabetes?
https://www.threads.com/@lillasyifa/post/DUa6HEGkpww,mytaardiaa,2026-02-07,"ini tanda P Diabetes, cek aja gula darah sewaktu di klinik klinik biasanya ada untuk skrining awal ka"
https://www.threads.com/@lillasyifa/post/DUa6HEGkpww,herbmeal_official,2026-02-06,d KURANGI + mesti jaga/perbaiki metabolisme
https://www.threads.com/@lillasyifa/post/DUa6HEGkpww,ansharas,2026-02-06,"Begadangnya biasa jam brp tidurnya ka ,, agak susah juga ini soal tidur 😴"
https://www.threads.com/@lillasyifa/post/DUa6HEGkpww,lillasyifa,2026-02-06,"Jam pagi dulu. Krn stress kerjaan, lembur, meeting dll"
https://www.threads.com/@lillasyifa/post/DUa6HEGkpww,wasilatul_fatichah,2026-02-07,"Baca ini jadi keingat sebulan yg lalu adik sepupuku berpulang karena tiba tiba dikabari koma dan gula darahnya . hari ranap akhirnya berpulang. Usianya masih sangat muda. Tante cerita tdk ada keluhan, karena anaknya aktif organisasi. Dan ceria. Anak satu satunya dari pamanku. 🥀"
https://www.threads.com/@lillasyifa/post/DUa6HEGkpww,joddyjun,2026-02-06,hba c brp kak ?
https://www.threads.com/@lillasyifa/post/DUa6HEGkpww,lillasyifa,2026-02-07,", % tadinya. Skrg udh , %"
https://www.threads.com/@lillasyifa/post/DUa6HEGkpww,fend.vixel,2026-02-07,"Buset, masih tinggi gila itu"
https://www.threads.com/@lillasyifa/post/DUa6HEGkpww,lillasyifa,2026-02-07,Ya bukan sulap kak. Namanya jg proses penyembuhan ga ada yg instant yea hahaha
https://www.threads.com/@lillasyifa/post/DUa6HEGkpww,fend.vixel,2026-02-07,Berarti harus minum obat diabetes terus dong selama nya?
https://www.threads.com/@lillasyifa/post/DUa6HEGkpww,lunalulabye,2026-02-07,"mg lalu sy jg kena hipertensi / dpt obat lalu semenjak itu sy perbaiki tidur tidur under jam . Makan close jam atau mlm. Keesokan harinya sy mulai makan di jam atau siang. nasi sedikit, dibanyakan telur rebus buah sayur. Olahraga masih tipis .. Setelah mg cek lg tensi / , sudah agak lumayan.. apakah sudah benar spt ini?"
https://www.threads.com/@lillasyifa/post/DUa6HEGkpww,hanyyyoung96world,2026-02-07,“Koma tidak memberi pemberitahuan. Kerusakan organ tidak mengirim surat peringatan. Dan rumah sakit tidak menerima alasan ‘saya tidak tahu’.”
https://www.threads.com/@lillasyifa/post/DUa6HEGkpww,catherinaeridani,2026-02-06,"Kak, perhatikan juga food label. Suka banyak “hidden sugar”. And just a friendly reminder: gula itu bumbu dapur di Indonesia (mostly Asian food). Jadi suka lupa meski bentukannya bukan dessert, namun ada gula-nya."
https://www.threads.com/@lillasyifa/post/DUa6HEGkpww,nigustimadeanh,2026-03-05,"Betul kak. Semoga cerita kakak bisa menginspirasi orang lain untuk mulai menjaga kesehatan dirinya, dengan cara: nggak makan atau minum manis kebanyakan, tidur cukup, manajemen stres baik (bukan dengan makanan). Sehat selalu ya kak."
https://www.threads.com/@lillasyifa/post/DUa6HEGkpww,ekarinimeitari,2026-02-07,"Setuju, jadi banyak faktor ya ges bisa kena penyakit kronis. Jangan sepele, usia brp aja skrg bisa kena diabetes, Begadang dan tidak bisa kelola Stress juga pemicu melonjak gula darah. Saran : sering cek kesehatan juga, dan cek cara kelola stress. Karna hidup jangka panjang perlu cara juga untuk hal ini sangat penting, bukanlagicuma bangun, aktivitas, tidur & Makan x sehari🙏🏻❤ salam sehat smua"
https://www.threads.com/@lillasyifa/post/DUa6HEGkpww,ketosehat.id,2026-02-07,Saran akusi beli kue keto tanpa tepung dan gula di moaicheese. Gulanya murni stevia
https://www.threads.com/@lillasyifa/post/DUa6HEGkpww,eraf27,2026-02-06,Njirr tahun ternyata. Lahir dong? Itu mah ya gen Z. Bisa²nya bikin thread 'gen z gak bakalan tau blablabla'. Kocakkkk
https://www.threads.com/@ratih.anggraaini/post/DUYk2lYk9NW,ratih.anggraaini,2026-02-05,"Warga thread Yang usia - an , tapi sampai saat ini ga minum Obat darah tinggi & kolestrol & diabetes Selamat ya.."
https://www.threads.com/@ratih.anggraaini/post/DUYk2lYk9NW,ratih.anggraaini,2026-02-07,"Banyak yang DM aku nanya, gimana caranya tetap fit & nggak bergantung obat di usia +. Aku jawab satu-satu ya, pelan-pelan 🤍 Kalau ada yang mau ngobrol juga, DM aja."
https://www.threads.com/@ratih.anggraaini/post/DUYk2lYk9NW,pujiharjoyakubm,2026-02-05,"Alhamdulillah Ananda, saya tahun lebih, tidak ada obat yang saya konsumsi , kecuali kalau sakit kepala minum obat terus tidur. Kopi sehari cangkir, makan semua makanan halal , kecuali yang saya tidak suka dari dulu. Tidak berolahraga, atau gym."
https://www.threads.com/@ratih.anggraaini/post/DUYk2lYk9NW,endang_my,2026-02-06,"Aku umur ...ga minum obat darah tinggi, kolesterol dan diabetes...TAPI minum tamofen ( penyitas kanker payudara ) utk tahun ke depan....apa aku berhak ikut dapat ucapan "" selamat "" ?"
https://www.threads.com/@ratih.anggraaini/post/DUYk2lYk9NW,arrytristanti,2026-02-05,"akhir gula darah saya tinggi sekali sampai kena neuropatik syaraf ,hampir bulan gak bisa jalan.....sejak itu rubah pola hidup....alhamdulilah skrg gula darah normal,stop obat....BB dari turun ,latihan angkat . beban tiap hari jam,joging mnt.....usia tahun bulan ini"
https://www.threads.com/@ratih.anggraaini/post/DUYk2lYk9NW,endang.hesty.54,2026-02-06,"Saya tahun dan sudah tahun lebih tidak pernah minum obat apapun termasuk vitamin yg berbentuk obat kimia, alhamdulillah sehat mampu jln kaki puluhan km"
https://www.threads.com/@ratih.anggraaini/post/DUYk2lYk9NW,sofianti_bt,2026-02-05,"tahun. TB , BB . Imut kan ya? Bersyukur sampai sekarang no kolesterol, no diabetes (papa meninggal di tahun ke- karena diabetes). No asam urat (masih mampu ikut run dan mendaki gunung setiap hari di tempat mengajar, di pedalaman). Kuncinya? Gaya hidup sehat: olah raga meski pun sekadar jogging pagi dan sore, banyak minum air putih, terapi sayur, jadi fruit lover sejak remaja. Satu lagi: selalu tersenyum (mungkin karena saya guru PAUD ya 😄)"
https://www.threads.com/@ratih.anggraaini/post/DUYk2lYk9NW,inidia_coffee,2026-02-06,tambahin yg giginya masih lengkap ada gak yah?
https://www.threads.com/@ratih.anggraaini/post/DUYk2lYk9NW,bundaeabiyyukhanza,2026-02-05,"Aku ada tensi ketauan usia tth alhamdulillah langsung rubah pla hidup pola makan,awal diet IF, sekarang sdh bulan rutin jalan kan puasa senin dan minum rimpang an alhamdulillah tensi stabil tanpa obat-obatan"
https://www.threads.com/@ratih.anggraaini/post/DUYk2lYk9NW,araymoe,2026-02-06,"Saya ( thn) sering ditertawakan temen kalo pas makan bareng-bareng. Saya kebetulan nggak doyan 'daleman', lele, gabus, lindung, tongkol, cumi-cumi, duren, Pete, jengkol dan tauco. Suatu hari ada MCU dari tempat kerja, asam urat, kolest dan guldar bagus semua. Saat ditanya ttg pola makan, sy jwb kalo nggak pernah makan spti yg sy sebutkan td. Om Dokter senyum sambil acungin jempol ☺"
https://www.threads.com/@ratih.anggraaini/post/DUYk2lYk9NW,fragrant.moon,2026-02-06,"Me, yo nggak minum obat darah tinggi, kolesterol, diabetes..tapi berjuang melawan gerd.. no body is perfect..👍"
https://www.threads.com/@ratih.anggraaini/post/DUYk2lYk9NW,dipendamdulu,2026-02-05,", hasil MCU selalu bagus jd ga butuh obat, usia biologis an Butuhnya: - olga rutin (sjk usia , msh butuh smp skrg) - jaga makan, yg sehat aja, comfort food sesekali boleh lah Udah itu aja, aman hidup"
https://www.threads.com/@ratih.anggraaini/post/DUYk2lYk9NW,listiaamir,2026-02-06,"Alhamdulilah menuju thn. Ngga ada minum obat kolesterol, darah tinggi atau diabetes. Smg kita selalu sehat. Aamiin"
https://www.threads.com/@ratih.anggraaini/post/DUYk2lYk9NW,nurlaela5702,2026-02-06,Alhamdulillah...saya ke dokter juga gk pernah... Sehatkanlah badanku dan mudahkanlah ibadahku dan rezekiku... Aamiin Yaarobbal'aallaamiin 🤲
https://www.threads.com/@ratih.anggraaini/post/DUYk2lYk9NW,ratih.anggraaini,2026-02-06,Aamiin yra
https://www.threads.com/@ratih.anggraaini/post/DUYk2lYk9NW,suara_kebenaran2610,2026-02-05,"Sy ga minum obat apapun. Tapi di kotak obat selalu sedia. Krn puasa ga sahur, pas buka makan sayur sedikit, telur wajib, ikan ayam daging ganti an, tahu tempe. Dah lama ga makan nasi. Sesekali cheating mkn kue, mie tp jarang banget. Buah jg ga. Tiap pagi cek tensi dan dargul. Kopi, teh ga."
https://www.threads.com/@ratih.anggraaini/post/DUYk2lYk9NW,yuliana_mahya,2026-02-06,"Maaf bu, tapi sahur itu sunah muakkad ( sangat dianjurkan ), makanlah walau sedikit, dan jaraknya jangan terlalu jauh dengan subuh"
https://www.threads.com/@ratih.anggraaini/post/DUYk2lYk9NW,faizarales8,2026-02-06,Alhamdulillah usia + Bismilah tdk akan menyentuh sampai akhir hayat.. Kobul ya Allah🤲🤲
https://www.threads.com/@ratih.anggraaini/post/DUYk2lYk9NW,mamake_powerrangers,2026-02-05,"Alhamdulillah aku ga dn smg sll sehat, umurku th anak tp msh suka Olga zumba + kick boxing dn mengelola stres dg me time"
https://www.threads.com/@ratih.anggraaini/post/DUYk2lYk9NW,rosa_re,2026-02-06,Terima kasih .. saya th dan bulan ini hrs minum obat krn darderdor kena autoimmune dan hrs minum obat ckp keras dan banyak .. sehat badan dan jiwa ku 😅
https://www.threads.com/@ratih.anggraaini/post/DUYk2lYk9NW,rif_dementor,2026-02-07,"ke alhamdulillah belum konsumsi obat itu… rajin bekam Topung, olahraga jalan kaki, tenis, gym kadang paddle"
https://www.threads.com/@ratih.anggraaini/post/DUYk2lYk9NW,ummi.niyah,2026-02-06,"Alhamdulillah sy , so far so good, aman dr diabetes dan darting."
https://www.threads.com/@ratih.anggraaini/post/DUYk2lYk9NW,egga2425,2026-02-05,Terima kasiiihh..pakailah metode pola makan yg mindfull.. jangan over...aku udh stop minum manis sejak th yg lalu. Makan fast food bln sekali. Makan mie instan bln sekali.jus buah setiap hari. Yoghurt utk kesehataan pencernaan dan kewanitaan. Air putih minimal L.
https://www.threads.com/@ratih.anggraaini/post/DUYk2lYk9NW,primanez,2026-02-06,alhamdulillah masih menikmati sop kaki kambing dan duren
https://www.threads.com/@ratih.anggraaini/post/DUYk2lYk9NW,henky_chan_story,2026-02-06,😍😍😍
https://www.threads.com/@ratih.anggraaini/post/DUYk2lYk9NW,primanez,2026-02-06,Wihh
https://www.threads.com/@ratih.anggraaini/post/DUYk2lYk9NW,henky_chan_story,2026-02-06,Hahaha
https://www.threads.com/@ratih.anggraaini/post/DUYk2lYk9NW,delldjohan,2026-02-06,Alhamdulillah sy gak konsumsi obat apa .. pusing cuma gosok pake my kapak cukup. Jangankan saya .. mamaku th juga
https://www.threads.com/@ratih.anggraaini/post/DUYk2lYk9NW,uniiemurnie,2026-02-07,"Huhuhu aku baru tahun udah mnum obat psikiater, obat tensi pagie mlem obat jantung siang obat Gerd akud obat batu empedu 😭😭😭 doain aku y smoga cepet sembuh"
https://www.threads.com/@ratih.anggraaini/post/DUYk2lYk9NW,bungayghilang9,2026-02-06,"Saya umur menuju ,kakak saya dan kakak lg gigi masih utuh, Alhamdulillah tdk minum obat darah tinggi,no kole,no diabetes Kuncinya : Waktu kecil org tua saya tdk kasih anaknya minum manis,tdk makan gorengan/krupuk,tdk makan mie instan,tdk makan jajan manis,Chiki,es krim,no nasi goreng,tdk pernah minum obat warung,tiap hari makan nasi dan sayur,ayam goreng biasanya ayam kampung. Ibu saya seorg perawat,iziinn 🙏"
https://www.threads.com/@christianwijay/post/DILvF-3JpFL?xmt=AQG0FeDDdBUZGK3Bi9KCUDrnrioom0JJMTNbx8vEchUVTg,christianwijay,2025-04-08,"Haii warga wargi thread, ada yg berjuang dengan diabetes? Sini yukk ngumpul, sy juga pejuang diabetes. GD sy selalu d atas dan harus bergantung dgn obat, kl uda pake obatpun GD sy masih . bulan lalu BB sy - , HbA C sy bulan lalu % normal kl d bawah %. Kl k dokter (biasa sy puskesmas) selalu diingatkan obat harus diminum seumur hidup. Wah ini bener bwt sy kuatir. Well, sy yakin ini bisa sembuh dan tidak bergantung obat lagi. Kondisi sy sekarang? Next"
https://www.threads.com/@christianwijay/post/DILvF-3JpFL?xmt=AQG0FeDDdBUZGK3Bi9KCUDrnrioom0JJMTNbx8vEchUVTg,christianwijay,2025-04-08,"Ok ini kondisi saya sesudah bulan : . Bb sy kg (turun kg) . GD sy puasa (normal) . Sy sdh lepas obat (wah bersyukur bgt, bahagianya melebihi apapun) . HbA C sy, maaf blm update, krn blm waktunya, akan sy update kemudian hari. Ok trus apa strategi bulan ini yg sy lakukan? Next"
https://www.threads.com/@christianwijay/post/DILvF-3JpFL?xmt=AQG0FeDDdBUZGK3Bi9KCUDrnrioom0JJMTNbx8vEchUVTg,christianwijay,2025-04-08,". Sy tidak makan nasi, mie, roti dan gula (ganti stevia) . % makan protein (ayam, sapi, ikan, telur) . % buah (cek indeks glikemiknya), singkong, beras porang . Defisit kalori (pake aplikasi fat secret bwt hitung) tiap hari dbawah kalori . Olahraga rutin min hari sekali, jenis olahrga : workout bodyweigth (youtube) angkat beban, lari, jalan kaki. . Tidur harus cukup min jam sehari. . Intermitten fasting jam. (Penting bgt) Yg punya masalah sama yuk sharing dong. Makasih"
https://www.threads.com/@christianwijay/post/DILvF-3JpFL?xmt=AQG0FeDDdBUZGK3Bi9KCUDrnrioom0JJMTNbx8vEchUVTg,irene_a93,2025-04-08,"nahh tuh kann DM sbnrnyaa masalah pola makan ajaa. Tapi herannya dokter disini kalo ngasi pola makan kayak takut ngebuang karbo...suru ganti nasi sama nasi merah 🤣. Snack disuru singkong ktnya lebih sehat. Sama jgn skip obat yaampuunn. Kenapa ga suru pola diet keto + IF aja sekalian, auto sembuh gausa minum obat lg"
https://www.threads.com/@christianwijay/post/DILvF-3JpFL?xmt=AQG0FeDDdBUZGK3Bi9KCUDrnrioom0JJMTNbx8vEchUVTg,irene_a93,2025-04-08,"btw kalo uda atur makanan yg ga karbo ga gula, menurut saya ga perlu defisit kalori sih hahaha. Itu perut dan hipotalamus udh alarmnya jalan...masi butu nutrisi ya dia laper, udh cukup ya uda kenyang. Soalnya saya perna praktekin pas diet low carb, bisa turun ke bb jaman saya SMP tanpa hitung an kalori nimbang makanan."
https://www.threads.com/@christianwijay/post/DILvF-3JpFL?xmt=AQG0FeDDdBUZGK3Bi9KCUDrnrioom0JJMTNbx8vEchUVTg,rudykwang83,2025-04-08,Sampai saat ini setahu saya diabetes tidak dapat disembuhkan. Jika pemeriksaan gula darah rutin anda normal itu artinya gula darah anda terkontrol tapi bukan berarti sembuh dari diabetes. Saran saya cari dokter/ahli gizi untuk menentukan nutrisi harian yang sesuai untuk DM. Asupan di bawah cal/hari itu tidak sustainable jangka panjang dan justru tidak baik apalagi jika anda berolahraga. Proses recovery membutuhkan protein dan calorie harian di maintenance.
https://www.threads.com/@christianwijay/post/DILvF-3JpFL?xmt=AQG0FeDDdBUZGK3Bi9KCUDrnrioom0JJMTNbx8vEchUVTg,czcerita,2025-04-08,"Betul👍 Jaga HbA c < , % bisa banget dilakukan tanpa obat an. Semangat ya👍"
https://www.threads.com/@christianwijay/post/DILvF-3JpFL?xmt=AQG0FeDDdBUZGK3Bi9KCUDrnrioom0JJMTNbx8vEchUVTg,christianwijay,2025-04-08,Wah menguatkan. Terima kasih bgt.
https://www.threads.com/@christianwijay/post/DILvF-3JpFL?xmt=AQG0FeDDdBUZGK3Bi9KCUDrnrioom0JJMTNbx8vEchUVTg,kstubun3f11,2025-04-08,perlu jg di periksa kadar insulin dlm darah dan resistansi cell tubuh pd insulin untuk memastikan masalah dr pankreas atau insulin reseptor pd cell
https://www.threads.com/@christianwijay/post/DILvF-3JpFL?xmt=AQG0FeDDdBUZGK3Bi9KCUDrnrioom0JJMTNbx8vEchUVTg,christianwijay,2025-04-08,Nah ni tes nya apa ya ? Krn memang kunci diabetes d bag ini nih.
https://www.threads.com/@christianwijay/post/DILvF-3JpFL?xmt=AQG0FeDDdBUZGK3Bi9KCUDrnrioom0JJMTNbx8vEchUVTg,kstubun3f11,2025-04-09,dgn LPIR test di prodia atau lainnya
https://www.threads.com/@christianwijay/post/DILvF-3JpFL?xmt=AQG0FeDDdBUZGK3Bi9KCUDrnrioom0JJMTNbx8vEchUVTg,christianwijay,2025-04-09,Oh baik. Thx
https://www.threads.com/@christianwijay/post/DILvF-3JpFL?xmt=AQG0FeDDdBUZGK3Bi9KCUDrnrioom0JJMTNbx8vEchUVTg,krisnaadipradana,2025-04-08,"Om jangan lepas kontrol dokter. Dan jangan konsumsi gula buatan karena malah lebih berbahaya. Minum manis sehari kali aja. Saya pengen omnya tetap sehat, saya kehilangan orang kerabat karena diabetes dan tidak terkontrol dengan baik. Sehat selalu ya om."
https://www.threads.com/@christianwijay/post/DILvF-3JpFL?xmt=AQG0FeDDdBUZGK3Bi9KCUDrnrioom0JJMTNbx8vEchUVTg,christianwijay,2025-04-08,Makasih doanya. Sy juga ngeri bgt sm ini penyakit. Keluarga sy jg ada yg meninggal krn ini.
https://www.threads.com/@christianwijay/post/DILvF-3JpFL?xmt=AQG0FeDDdBUZGK3Bi9KCUDrnrioom0JJMTNbx8vEchUVTg,adolfitz,2025-04-09,"Miskonsepsi tentang ""sembuh"". Diabetes itu ketidakmampuan tubuh dalam menurunkan gula dalam darah. Ini kata kunci utamanya. Kalau asupan gula nya sedikit ya normalnya jga gula dalam darah akan sedikit, sehingganya ketidakmampuan insulin bisa diredam dengan gula yg memang sudah rendah dari sononya. Bagi yg bisa mengontrol sih bagus saja. Cuma bagi yg tidak bisa mengontrol itu terapi obat an jadi satu nya jalan"
https://www.threads.com/@christianwijay/post/DILvF-3JpFL?xmt=AQG0FeDDdBUZGK3Bi9KCUDrnrioom0JJMTNbx8vEchUVTg,novena_mg,2025-04-08,Sama dg yg di lakukan paksu kak.. tambahan: kalau makan sayur dulu baru protein baru nasi ( - sendok) jadi lonjakan gula darahnya tdk terlalu tinggi.
https://www.threads.com/@christianwijay/post/DILvF-3JpFL?xmt=AQG0FeDDdBUZGK3Bi9KCUDrnrioom0JJMTNbx8vEchUVTg,n_yogi.p,2025-04-09,"setau sya diabetes tidak bisa sembuh, cuma penderita bisa mengontrol gd agar normal, dgn cara menjaga pola makan dan olahraga / istirahat teratur"
https://www.threads.com/@christianwijay/post/DILvF-3JpFL?xmt=AQG0FeDDdBUZGK3Bi9KCUDrnrioom0JJMTNbx8vEchUVTg,moses_k.s,2025-04-08,"Bisa lepas obat iya, bisa sembuh... ya sulit ngomongnya tergantung kondisi. Yg jelas mekanisme pengaturan gula sudah bermasalah."
https://www.threads.com/@christianwijay/post/DILvF-3JpFL?xmt=AQG0FeDDdBUZGK3Bi9KCUDrnrioom0JJMTNbx8vEchUVTg,dbkurniawan,2025-04-09,Selama pankreas masi belom rusak harusnya masi bisa sembuh. Puasa dan mengurangi karbo akan melatih pankreas supaya peka lagi..
https://www.threads.com/@christianwijay/post/DILvF-3JpFL?xmt=AQG0FeDDdBUZGK3Bi9KCUDrnrioom0JJMTNbx8vEchUVTg,christianwijay,2025-04-09,Tantangan berat ini.
https://www.threads.com/@christianwijay/post/DILvF-3JpFL?xmt=AQG0FeDDdBUZGK3Bi9KCUDrnrioom0JJMTNbx8vEchUVTg,iyan_darmawan2012,2025-04-08,Sudah jogging menit setiap pagi dan tidak makan malam?
https://www.threads.com/@christianwijay/post/DILvF-3JpFL?xmt=AQG0FeDDdBUZGK3Bi9KCUDrnrioom0JJMTNbx8vEchUVTg,christianwijay,2025-04-08,Jendela makan saya mulai dr jam siang sampai malam kak. Biasa d jam itu sy bagi sesi makan plus snack. Olahraga pagi menit wktu libur kemarin.
https://www.threads.com/@christianwijay/post/DILvF-3JpFL?xmt=AQG0FeDDdBUZGK3Bi9KCUDrnrioom0JJMTNbx8vEchUVTg,jorie.graham,2026-02-06,h I understand that my messages about Israel/Palestine are all being blocked or deleted here. I actually don't mind because the response from other users is so abusive it's not worth trying to communicate. But it is strange that my entire feed has been deleted. No big loss. I'm not that committed to it.
https://www.threads.com/@christianwijay/post/DILvF-3JpFL?xmt=AQG0FeDDdBUZGK3Bi9KCUDrnrioom0JJMTNbx8vEchUVTg,phucaname,2026-02-06,Threads h Squuuaaddd! Wassup with y'all? It's finally Friday!
https://www.threads.com/@christianwijay/post/DILvF-3JpFL?xmt=AQG0FeDDdBUZGK3Bi9KCUDrnrioom0JJMTNbx8vEchUVTg,mackenzieheflin_,2026-02-06,"h What IF & hear me out.. You stopped laying in bed at night asking yourself “what’s keep my buyers up at night? What problem do they need solved so bad, they’d do anything to fix it?” And just focused on the transformation you’re solving. What results are they going to walk away with?? Because TRUTHFULLY my biggest regret in the + year I spent writing into the void was saying “they’re not buying, which means I don’t actually know my people….” And in reality? I just didn’t trust the outcome."
https://www.threads.com/@christianwijay/post/DILvF-3JpFL?xmt=AQG0FeDDdBUZGK3Bi9KCUDrnrioom0JJMTNbx8vEchUVTg,samanthayoung.me,2026-02-06,"h If running your business under capitalism feels heavy, isolating, and like it all rests on your shoulders, you might be exactly who The Mycelial Network is for. You do not want to quit. You do not want “just hire people” to be the only answer. You want to be in community with other money misfits, black sheep, neurodivergent and spiritual business owners who get it. Come join us."
https://www.threads.com/@christianwijay/post/DILvF-3JpFL?xmt=AQG0FeDDdBUZGK3Bi9KCUDrnrioom0JJMTNbx8vEchUVTg,secretusliber,2026-02-06,"h Dear algo give me queer women, horror movie nerds and board gamers who love theme parks and s music"
https://www.threads.com/@christianwijay/post/DILvF-3JpFL?xmt=AQG0FeDDdBUZGK3Bi9KCUDrnrioom0JJMTNbx8vEchUVTg,How we use these cookies,2026-02-06,
https://www.threads.com/@doktercamo/post/DX5Pra7EzJp?xmt=AQG0FeDDdBUZGK3Bi9KCUDrnrioom0JJMTNbx8vEchUVTg,doktercamo,2026-05-03,"“Sejak Diabetes, saya stop nasi & tepung, treadmill jam tiap hari.” Tapi hasilnya? ⚠️ Gula darah > mg/dL 🏥 Masuk IGD, tidak sadar 🫁 Sesak nafas Kenapa bisa begitu? Ayo kita bahas ➡️"
https://www.threads.com/@doktercamo/post/DX5Pra7EzJp?xmt=AQG0FeDDdBUZGK3Bi9KCUDrnrioom0JJMTNbx8vEchUVTg,andreaslimongan,2026-05-04,Karena tidak dibarengi latihan angkat beban dan asupan tinggi protein. Latihan kardio doank tidak bikin gula darah turun.
https://www.threads.com/@doktercamo/post/DX5Pra7EzJp?xmt=AQG0FeDDdBUZGK3Bi9KCUDrnrioom0JJMTNbx8vEchUVTg,krisss5__,2026-05-04,"Betul itu. Dikira aktivitas Aerobic sudah cukup, padahal belum. Perlu aktivitas Anaerobic juga seperti latihan beban"
https://www.threads.com/@doktercamo/post/DX5Pra7EzJp?xmt=AQG0FeDDdBUZGK3Bi9KCUDrnrioom0JJMTNbx8vEchUVTg,nunik_8915,2026-05-04,Penjelasan nya gak keliatan dok. Ulang buat utas baru aja dok.
https://www.threads.com/@doktercamo/post/DX5Pra7EzJp?xmt=AQG0FeDDdBUZGK3Bi9KCUDrnrioom0JJMTNbx8vEchUVTg,dabozky13,2026-05-04,"Saya cuma minum obat bulan, udah nya tidak pernah minum obat lagi. Hba normal selalu tiap bulan, intermitent fasting berat turun - kg. Jalan kaki lebih dari rb langkah tiap hari. Tidur dipaksain jam. Minum daun kelor malahan berapa bulan lalu drop gula darah"
https://www.threads.com/@doktercamo/post/DX5Pra7EzJp?xmt=AQG0FeDDdBUZGK3Bi9KCUDrnrioom0JJMTNbx8vEchUVTg,muhammad.okky.aditya,2026-05-04,"Saya HBA C .. Insulin obat udah kumplit, lalu ketemu dokter yang suruh latihan beban dan kardio, utk makan nasi sayur lauk bebas.. Alhamdulillah HBA C dalam waktu bukan turun ke dan lepas obat serta insulin Semoga istiqomah"
https://www.threads.com/@doktercamo/post/DX5Pra7EzJp?xmt=AQG0FeDDdBUZGK3Bi9KCUDrnrioom0JJMTNbx8vEchUVTg,sahirathalib,2026-05-04,kak emg bisa ya lepas obat kalo udh ekena diabetess/insulin gitu?
https://www.threads.com/@doktercamo/post/DX5Pra7EzJp?xmt=AQG0FeDDdBUZGK3Bi9KCUDrnrioom0JJMTNbx8vEchUVTg,rethaaretha678,2026-05-04,"Bisa, dgn mengubah gaya hidup dan pola makan/minum"
https://www.threads.com/@doktercamo/post/DX5Pra7EzJp?xmt=AQG0FeDDdBUZGK3Bi9KCUDrnrioom0JJMTNbx8vEchUVTg,hidayatthen8,2026-05-04,"Saya sejak di Amerika gula darah baru bisa terkontrol, diberi resep obat utk setahun/ bulan sekali ambil obatnya,kerja jam/hari berdiri/jalan hari/minggu makan nasi hanya kadang-kadang lebih sering oatmeal,ketika di Indonesia gula darah saya tidak terkontrol"
https://www.threads.com/@doktercamo/post/DX5Pra7EzJp?xmt=AQG0FeDDdBUZGK3Bi9KCUDrnrioom0JJMTNbx8vEchUVTg,dr.matthew_christopher,2026-05-04,"Hyperglicdmia ec susp DKA pasti ini, diabetic ketoacidosis kwkwkwkwk loading Fluid NS L/ jam ----> tpm Novorapid iu SC check jam nilai GCS, kalo dibawah saran intubazi target GDS check CBC, ur, cr, electrolyte, AGD kalo kalium aman bisa drip - iu/kgbn/jam atau biasanya iu/jam dr guideline kasih K kalo kalium dibawah atau normal - meq dalam NS pertahankan kalium dj - , kalo kalium diatas dichwck tiap jam kasih bicnat mmol"
https://www.threads.com/@doktercamo/post/DX5Pra7EzJp?xmt=AQG0FeDDdBUZGK3Bi9KCUDrnrioom0JJMTNbx8vEchUVTg,dr.matthew_christopher,2026-05-04,"harus rawat HCU,"
https://www.threads.com/@doktercamo/post/DX5Pra7EzJp?xmt=AQG0FeDDdBUZGK3Bi9KCUDrnrioom0JJMTNbx8vEchUVTg,denspriadi123,2026-05-04,"Puasa dokkk, makan cukup sekali ajaa bila usia lebih dari +. Makan sekali kenyang, energi yg dihasilkan bisa buat hari. Trus kurangi asupan karbohidrat, gula dan buah, perbanyak makan sayuran, protein dan lemak. Obat an cuma buat jangka pendek, gak bagus buat jangka panjangnya."
https://www.threads.com/@doktercamo/post/DX5Pra7EzJp?xmt=AQG0FeDDdBUZGK3Bi9KCUDrnrioom0JJMTNbx8vEchUVTg,renny.rekinaa,2026-02-06,"d Solusinya paling mujarab adalah latihan angkat beban, itu manjur banget turunin gula darah, ga boong aku sampai skrng nge gym minimal seminggu kali, minum susu khusus diabetes juga untuk stabilin gula darahku, tiap hari wajib makan telur rebus, ikan, dll yang tinggi protein"
https://www.threads.com/@doktercamo/post/DX5Pra7EzJp?xmt=AQG0FeDDdBUZGK3Bi9KCUDrnrioom0JJMTNbx8vEchUVTg,ka_rina800,2026-05-03,jam?? Tiap hari.?...
https://www.threads.com/@doktercamo/post/DX5Pra7EzJp?xmt=AQG0FeDDdBUZGK3Bi9KCUDrnrioom0JJMTNbx8vEchUVTg,mimiitul,2026-05-04,minggu lalu tanpa gejala tes hba c krn mau cabut gigi. Hasil yg keluar hba c dan eAG minggu dpt metformin mg n glimepiride mg stlh gda . Seminggu kyk mayat hidup ga selera makan. periksa ke spesialis PD gda minggu ini masih glime dan galvus mg. Gd bangun tidur . jam stlh makan . Keluhan saya selalu lapar smp keringetan di jam antara makan berqt. Di jam dan jam
https://www.threads.com/@doktercamo/post/DX5Pra7EzJp?xmt=AQG0FeDDdBUZGK3Bi9KCUDrnrioom0JJMTNbx8vEchUVTg,sophiacatarinawidjaja,2026-05-04,"Klu hba c uda segitu , ga bisa cuma pake obat aja sih . Harus gerak juga. Cardio is the best . Tapi klu pusing yah coba konsul ke dokter gizi kak Mi."
https://www.threads.com/@doktercamo/post/DX5Pra7EzJp?xmt=AQG0FeDDdBUZGK3Bi9KCUDrnrioom0JJMTNbx8vEchUVTg,vio_letsilver,2026-05-04,Penjelasannya dimana ya? Aku cariin gak ketemu
https://www.threads.com/@doktercamo/post/DX5Pra7EzJp?xmt=AQG0FeDDdBUZGK3Bi9KCUDrnrioom0JJMTNbx8vEchUVTg,al_bulus,2026-05-04,Lha ini pembahasannya mana? Malah ngebahas pertanyaannya orang 🤣
https://www.threads.com/@doktercamo/post/DX5Pra7EzJp?xmt=AQG0FeDDdBUZGK3Bi9KCUDrnrioom0JJMTNbx8vEchUVTg,benbali__,2026-05-04,"hba c , rutin cek setahun x IF dan minum cuka apel pagi bangun todur dan mau tidur"
https://www.threads.com/@doktercamo/post/DX5Pra7EzJp?xmt=AQG0FeDDdBUZGK3Bi9KCUDrnrioom0JJMTNbx8vEchUVTg,rafafndi,2026-05-04,Penjelasannya mana dok di reply gk ada?
https://www.threads.com/@doktercamo/post/DX5Pra7EzJp?xmt=AQG0FeDDdBUZGK3Bi9KCUDrnrioom0JJMTNbx8vEchUVTg,doktercamo,2026-05-04,Aneh juga padahal dipin
https://www.threads.com/@doktercamo/post/DX5Pra7EzJp?xmt=AQG0FeDDdBUZGK3Bi9KCUDrnrioom0JJMTNbx8vEchUVTg,iamyulifi,2026-05-04,"Pak dokter, kenapa GD puasa sy klu pagi lebih tinggi dari pada GD sewaktu, GD puasa , GD sewaktu ."
https://www.threads.com/@doktercamo/post/DX5Pra7EzJp?xmt=AQG0FeDDdBUZGK3Bi9KCUDrnrioom0JJMTNbx8vEchUVTg,doktercamo,2026-05-04,Sebaiknya konsultasi medis dulu ya Kalau dari angka saja nanti penjelasannya kurang tepat
https://www.threads.com/@doktercamo/post/DX5Pra7EzJp?xmt=AQG0FeDDdBUZGK3Bi9KCUDrnrioom0JJMTNbx8vEchUVTg,avitaf_,2026-05-04,"Dok, saya pernah cek gula jam set malam. Keadaan emang udah makan, minum es dan camilan. Pas saya cek GD di angka , apa itu artinya tinggi atau masih normal ya dok? Krn kata perawat GD segitu termasuk tinggi tapi kata dokter jaga masih dalam batas normal krn cek nya malam hari"
https://www.threads.com/@doktercamo/post/DX5Pra7EzJp?xmt=AQG0FeDDdBUZGK3Bi9KCUDrnrioom0JJMTNbx8vEchUVTg,herry.nugroho,2026-05-04,"Stop nasi dan tepung tapi es teh manis, boba, kopi gula aren tetap lanjut ya sama aja"
https://www.threads.com/@doktercamo/post/DX5Pra7EzJp?xmt=AQG0FeDDdBUZGK3Bi9KCUDrnrioom0JJMTNbx8vEchUVTg,perdani80,2026-05-04,"Mnrt sy kalau pola tidur dan stress tdk dikelola ya tetap kadar gula darah akan tinggi. Tidur hrs - jam sehari, makan seimbang kombinasi ant protein, sayur dan karbo sesuai kebutuhan sehari, disamping latihan beban. Ga bisa hanya dihajar olahraga. Tlalu cape, guldar drop, stress marker naik malah gula gak turun . Cmiiw"
https://www.threads.com/@doktercamo/post/DX5Pra7EzJp?xmt=AQG0FeDDdBUZGK3Bi9KCUDrnrioom0JJMTNbx8vEchUVTg,sheira_ki,2026-05-04,"betul tidur larut, banyak pikiran, cek gdp pagi 🫩 biasanya gdp sy"
https://www.threads.com/@doktercamo/post/DX5Pra7EzJp?xmt=AQG0FeDDdBUZGK3Bi9KCUDrnrioom0JJMTNbx8vEchUVTg,perdani80,2026-05-04,"Sama kak. Tdk semata pola makan yg salah, tp pola tidur dan stress jg ngaruh bgt. Sering begitu pas dicek hba c biasanya merah."
https://www.threads.com/@doktercamo/post/DX5Pra7EzJp?xmt=AQG0FeDDdBUZGK3Bi9KCUDrnrioom0JJMTNbx8vEchUVTg,arika_irga,2026-05-04,"Sy cewek usia menuju tahun. msh obesitas bb di kg. Msh makan nasi, makan manis jg tp hba c sy di angka ..kolestrol asam urat pun normal..kunciny adalah latihan beban seminggu - x setelah latihan beban cardio menit. Sy sudah tahun rutin angkat beban. Kalo kerja hanya rebahan glukosa yg masuk ga akan kebakar jd energi."
https://www.threads.com/@doktercamo/post/DX5Pra7EzJp?xmt=AQG0FeDDdBUZGK3Bi9KCUDrnrioom0JJMTNbx8vEchUVTg,jimmmigambar,2026-05-04,"kalau tidak di barengi tidur yg berkualitas apalagi stress psikis sama aja bohong,, gak bakal turun Gd nya apalagi membaik"
https://www.threads.com/@doktercamo/post/DX5Pra7EzJp?xmt=AQG0FeDDdBUZGK3Bi9KCUDrnrioom0JJMTNbx8vEchUVTg,reyryz_1607,2026-05-04,"Apakah KKA ?ketoasidosis diabetik? Stop Karbo > gak dapat energi > kirim signal ke otak kalo sel kelaparan > malah treadmill > organ hati terpaksa bikin glukosa baru dari protein > glukosa gak diserap karena insulin bermasalah > glukosa numpuk dalam darah jadi naik lebih dari > tubuh terpaksa memecah lemak dalam jumlah besar > menghasilkan limbah keton > pH darah turun menjadi sangat asam > paru paru otomatis harus buang kelebihan asam , makanya jadi sesak (kussmaul). Ya gak sih? @doktercamo"
https://www.threads.com/@doktercamo/post/DX5Pra7EzJp?xmt=AQG0FeDDdBUZGK3Bi9KCUDrnrioom0JJMTNbx8vEchUVTg,bangggggaban,2026-05-04,Masih mencari penjelasan yg di pin itu
https://www.threads.com/@doktercamo/post/DX5Pra7EzJp?xmt=AQG0FeDDdBUZGK3Bi9KCUDrnrioom0JJMTNbx8vEchUVTg,jasonaaron,2026-02-06,"h ""I got a restless mind, it don't always do what I want it to."" --William Gay, Provinces of Night"
https://www.threads.com/@doktercamo/post/DX5Pra7EzJp?xmt=AQG0FeDDdBUZGK3Bi9KCUDrnrioom0JJMTNbx8vEchUVTg,aliahsheffield,2026-02-06,blackbookthreads h This content is unavailable
https://www.threads.com/@doktercamo/post/DX5Pra7EzJp?xmt=AQG0FeDDdBUZGK3Bi9KCUDrnrioom0JJMTNbx8vEchUVTg,skeletalcommander,2026-02-06,h Hate when people wear big hats. What are you trying to prove?
https://www.threads.com/@dr.gregorybudiman/post/DX9GDJuk7hQ?xmt=AQG0FeDDdBUZGK3Bi9KCUDrnrioom0JJMTNbx8vEchUVTg,dr.gregorybudiman,2026-05-05,"Barusan dengar ada pasien cerita, ayahnya kena diabetes, gula darahnya tinggi banget. Beliau sudah meninggal karena kena ginjal akibat sering minum obat diabetes. Hhhmmmm,,,, edukasi pelan ya,,,"
https://www.threads.com/@dr.gregorybudiman/post/DX9GDJuk7hQ?xmt=AQG0FeDDdBUZGK3Bi9KCUDrnrioom0JJMTNbx8vEchUVTg,Pinned,2026-05-06,"Padahal obatnya ga bikin rusak ginjal, yang bikin rusak ginjal karena gula darahnya tinggi. Betul apa betul? Aku juga penderita diabetes sampai skrng konsumsi obat, yg penting jgn hanya mengandalkan obat, diimbangi sama olahraga, aku minum susu khusus diabetes juga buat stabilin gula darah, kurangi Karbo, banyakin makan realfood"
https://www.threads.com/@dr.gregorybudiman/post/DX9GDJuk7hQ?xmt=AQG0FeDDdBUZGK3Bi9KCUDrnrioom0JJMTNbx8vEchUVTg,h4ldigital,2026-05-05,"Masyarakat kita sangat butuh edukasi ttg diabetes Dok. Kebanyakan masih gak paham, apa itu Diabetes tipe dan tipe . Tau nya cuma sakit gula basah dan gula kering 🤣"
https://www.threads.com/@dr.gregorybudiman/post/DX9GDJuk7hQ?xmt=AQG0FeDDdBUZGK3Bi9KCUDrnrioom0JJMTNbx8vEchUVTg,imabasfain,2026-05-05,"Betul dok. Hampir tmn"" ku yg tau aq DM sering tanya basah dan kering. Kadang aq bingung jg jelaskan krn aq dpt edukasi nya tipe dan tipe . Aq pasien yg sering banyak tanya ketika waktunya kontrol."
https://www.threads.com/@dr.gregorybudiman/post/DX9GDJuk7hQ?xmt=AQG0FeDDdBUZGK3Bi9KCUDrnrioom0JJMTNbx8vEchUVTg,rere19__10,2026-05-05,"Bukannya obat² kyk gitu malah bagus buat ginjal,iya gak dok?"
https://www.threads.com/@dr.gregorybudiman/post/DX9GDJuk7hQ?xmt=AQG0FeDDdBUZGK3Bi9KCUDrnrioom0JJMTNbx8vEchUVTg,poth__,2026-05-05,"apapun bentuk obatnya, pastinya bikin ginjal kerja ekstra jadi ya lebih baik tanpa obat an"
https://www.threads.com/@dr.gregorybudiman/post/DX9GDJuk7hQ?xmt=AQG0FeDDdBUZGK3Bi9KCUDrnrioom0JJMTNbx8vEchUVTg,rere19__10,2026-05-05,"Berarti kalau sakit diabet,jantung yg konsumsi obatnya jangka panjang,gak perlu minum obat gitu?"
https://www.threads.com/@dr.gregorybudiman/post/DX9GDJuk7hQ?xmt=AQG0FeDDdBUZGK3Bi9KCUDrnrioom0JJMTNbx8vEchUVTg,lelaf.adillah,2026-05-05,Ibu aku dok.. Udh komplikasi diabetes stroke udh kena ginjal jg.. Dapet obatnya banyak jg.. Jd worry jg dok.. Aman gk yah dok obat banyak gt buat pasien diabet n gagal ginjal..
https://www.threads.com/@dr.gregorybudiman/post/DX9GDJuk7hQ?xmt=AQG0FeDDdBUZGK3Bi9KCUDrnrioom0JJMTNbx8vEchUVTg,widyahningsih_,2026-05-05,Bapakku dok ! Jelas jelas gula ga mau banget dblg diabetes 😭 bapakku tipe orangtua ga mau dgr masukan smpe skrng bingung gmn cara buat dia sadar pdhal udah pernah msk rs gara” gula & d kasi suntikan insulin malah ngeyel 🙄
https://www.threads.com/@dr.gregorybudiman/post/DX9GDJuk7hQ?xmt=AQG0FeDDdBUZGK3Bi9KCUDrnrioom0JJMTNbx8vEchUVTg,nusantara.pdf,2026-05-06,Bapak saya pernah op diabet dok dan sampe sekarang masih minum obat insulin sehat ga kayak dulu lagi sakit-sakitan
https://www.threads.com/@dr.gregorybudiman/post/DX9GDJuk7hQ?xmt=AQG0FeDDdBUZGK3Bi9KCUDrnrioom0JJMTNbx8vEchUVTg,keytrinas,2026-05-08,"Kak. Spill obat insulinnya dong,, ibuku jg lagi penderita diabetes"
https://www.threads.com/@dr.gregorybudiman/post/DX9GDJuk7hQ?xmt=AQG0FeDDdBUZGK3Bi9KCUDrnrioom0JJMTNbx8vEchUVTg,nusantara.pdf,2026-05-08,Glimepiride. Lbh baik ke dokter ka setiap org beda- beda dosis nya bpk saya resep dari dokter
https://www.threads.com/@dr.gregorybudiman/post/DX9GDJuk7hQ?xmt=AQG0FeDDdBUZGK3Bi9KCUDrnrioom0JJMTNbx8vEchUVTg,keytrinas,2026-05-08,Kalau yg herbal itu bagus apa enggk kak
https://www.threads.com/@dr.gregorybudiman/post/DX9GDJuk7hQ?xmt=AQG0FeDDdBUZGK3Bi9KCUDrnrioom0JJMTNbx8vEchUVTg,imabasfain,2026-05-05,"Pasien nya perlu edukasi dok. Bapakku DM dgn obat insulin. Bpk meninggal alhamdulillah ginjalnya sehat. Skrg aq udh tahun berjuang jg dgn DM. Minm obt Metf rm!n setiap hari rutin perbulan cek ginjal alhamdulillah ginjalku aman. Malah yg aq tau edukasi dr dokter rawat bpkku. Ketika gula darah tdk terkontrol, minum obat asal""an bahkan banyak pasien yg berbohong ke dokter dan keluargany katanya minum obt ternyata tdk. Yg mengakibatkan kerusakan ginjal. Keluarga nya menyalahkan obat diabetes nya"
https://www.threads.com/@dr.gregorybudiman/post/DX9GDJuk7hQ?xmt=AQG0FeDDdBUZGK3Bi9KCUDrnrioom0JJMTNbx8vEchUVTg,budzvmcx,2026-05-05,"Mana ada org minum obat kena ginjal, emang pas minum gitu, ada ginjal melayang ke kita?"
https://www.threads.com/@dr.gregorybudiman/post/DX9GDJuk7hQ?xmt=AQG0FeDDdBUZGK3Bi9KCUDrnrioom0JJMTNbx8vEchUVTg,dr.gregorybudiman,2026-05-05,"Hehe,,, ada yg nimpuk ya"
https://www.threads.com/@dr.gregorybudiman/post/DX9GDJuk7hQ?xmt=AQG0FeDDdBUZGK3Bi9KCUDrnrioom0JJMTNbx8vEchUVTg,diliv00,2026-05-05,"Mana dok, edukasi pelan nya ? Saya nungguin."
https://www.threads.com/@dr.gregorybudiman/post/DX9GDJuk7hQ?xmt=AQG0FeDDdBUZGK3Bi9KCUDrnrioom0JJMTNbx8vEchUVTg,dr.gregorybudiman,2026-05-05,Hehe males ah 😅
https://www.threads.com/@dr.gregorybudiman/post/DX9GDJuk7hQ?xmt=AQG0FeDDdBUZGK3Bi9KCUDrnrioom0JJMTNbx8vEchUVTg,windimaulana_,2026-05-05,"Ibu mertuaku matanya kabur hampir gabisa melihat , katanya gula darahnya sempet tinggi , tapi kata orang terdekat bukan diabetes cuma gula darah tinggi , jadi apa bener gitu dok ?"
https://www.threads.com/@dr.gregorybudiman/post/DX9GDJuk7hQ?xmt=AQG0FeDDdBUZGK3Bi9KCUDrnrioom0JJMTNbx8vEchUVTg,dr.gregorybudiman,2026-05-05,Diabetes itu tandanya gula darah yang tinggi bu
https://www.threads.com/@dr.gregorybudiman/post/DX9GDJuk7hQ?xmt=AQG0FeDDdBUZGK3Bi9KCUDrnrioom0JJMTNbx8vEchUVTg,dewirati2121,2026-05-05,Itu gmn dok? Suami ku diabet. Bs kena ginjal?
https://www.threads.com/@dr.gregorybudiman/post/DX9GDJuk7hQ?xmt=AQG0FeDDdBUZGK3Bi9KCUDrnrioom0JJMTNbx8vEchUVTg,lelaf.adillah,2026-05-05,Biasanya klo udh kena diabet itu satu lingkaran kak sm penyakit lain termasuk gagal ginjal.. Klo gulanya gak terkontrol
https://www.threads.com/@dr.gregorybudiman/post/DX9GDJuk7hQ?xmt=AQG0FeDDdBUZGK3Bi9KCUDrnrioom0JJMTNbx8vEchUVTg,dewirati2121,2026-05-05,Iya dia masih aja minum minuman kemasan alasanya itu mama di botolnya % gula nya..
https://www.threads.com/@dr.gregorybudiman/post/DX9GDJuk7hQ?xmt=AQG0FeDDdBUZGK3Bi9KCUDrnrioom0JJMTNbx8vEchUVTg,hafidzi76,2026-05-05,Edukasi orang belum berilmu akan lebih susah
https://www.threads.com/@dr.gregorybudiman/post/DX9GDJuk7hQ?xmt=AQG0FeDDdBUZGK3Bi9KCUDrnrioom0JJMTNbx8vEchUVTg,yati.liana12,2026-05-05,Benarkah itu dok? Gimana dengan konsumi budenofalk dan urdafalk berbulan bulan apa bisa kena ginjal?
https://www.threads.com/@dr.gregorybudiman/post/DX9GDJuk7hQ?xmt=AQG0FeDDdBUZGK3Bi9KCUDrnrioom0JJMTNbx8vEchUVTg,didik_img,2026-05-05,Faktor utama diabetes apa dok? Apakah keturunan itu benar?
https://www.threads.com/@dr.gregorybudiman/post/DX9GDJuk7hQ?xmt=AQG0FeDDdBUZGK3Bi9KCUDrnrioom0JJMTNbx8vEchUVTg,dapursybill,2026-05-05,Follow ah dok.. kakak ku meninggal Krn diabetes
https://www.threads.com/@dr.gregorybudiman/post/DX9GDJuk7hQ?xmt=AQG0FeDDdBUZGK3Bi9KCUDrnrioom0JJMTNbx8vEchUVTg,nunuk178,2026-05-05,Penting nih edukasi nya.lanjut Dok
https://www.threads.com/@dr.gregorybudiman/post/DX9GDJuk7hQ?xmt=AQG0FeDDdBUZGK3Bi9KCUDrnrioom0JJMTNbx8vEchUVTg,nauraa091081,2026-05-05,Nungguin
https://www.threads.com/@dr.gregorybudiman/post/DX9GDJuk7hQ?xmt=AQG0FeDDdBUZGK3Bi9KCUDrnrioom0JJMTNbx8vEchUVTg,social_security_works,2026-02-06,Social Security h We are demanding that Congress hold DOGE accountable by: 🚨Leading investigations into any potential criminal behavior 🚨Reviewing federal contracts approved by DOGE officials 🚨Investigating AI programs deployed in federal agencies by DOGE for potential risks
https://www.threads.com/@dr.gregorybudiman/post/DX9GDJuk7hQ?xmt=AQG0FeDDdBUZGK3Bi9KCUDrnrioom0JJMTNbx8vEchUVTg,ua_arc,2026-02-06,h Do you preface White supremacy with “not all White people”?
https://www.threads.com/@dr.gregorybudiman/post/DX9GDJuk7hQ?xmt=AQG0FeDDdBUZGK3Bi9KCUDrnrioom0JJMTNbx8vEchUVTg,annazarves,2026-02-06,"h This is once again your weekly reminder that we should elect more women, especially more Black women."
https://www.threads.com/@dr.gregorybudiman/post/DX9GDJuk7hQ?xmt=AQG0FeDDdBUZGK3Bi9KCUDrnrioom0JJMTNbx8vEchUVTg,feministajones,2026-02-06,h Imma get me some Fleet
https://www.threads.com/@dr.gregorybudiman/post/DX9GDJuk7hQ?xmt=AQG0FeDDdBUZGK3Bi9KCUDrnrioom0JJMTNbx8vEchUVTg,mzyal,2026-02-06,h days in Japan. Can I move here already?! I know everything is not as good as it seems. But I like that everyone is so….. organized 🥺
https://www.threads.com/@wisnu.segara/post/DYHhPQ-GL6C?xmt=AQG0FeDDdBUZGK3Bi9KCUDrnrioom0JJMTNbx8vEchUVTg,wisnu.segara,2026-02-06,"RS thread d Pas dapet pasien diabetes di Poli. 👨‍⚕️: ""Gula darah itu seperti kita bikin es teh bu, semakin banyak gulanya semakin kental. Jadi kurangi gulanya ya bu."" 🤷‍♀️: ""Dok, kalau gulanya tetap sendok tapi airnya saya banyakin gimana? Kan gak kental jadinya, gula darah saya jadi gak naik."" Berhubung pasiennya perempuan, saya yang minta maaf atas analogi saya 🙂"
https://www.threads.com/@wisnu.segara/post/DYHhPQ-GL6C?xmt=AQG0FeDDdBUZGK3Bi9KCUDrnrioom0JJMTNbx8vEchUVTg,lovely_faratos,2026-02-06,d Pasien saya udah dijelasin tentang konsep indeks glikemik dengan bahasa sesederhana mungkin. Saya udah ga makan nasi Dok. Beberapa hari cuma makan bubur sumsum 🫠🫠🫠 GDS ++. Bye.
https://www.threads.com/@wisnu.segara/post/DYHhPQ-GL6C?xmt=AQG0FeDDdBUZGK3Bi9KCUDrnrioom0JJMTNbx8vEchUVTg,dipendamdulu,2026-02-06,"d No, it's not about the analogic. That's gender issue you bring here you should sorry about, Doc"
https://www.threads.com/@wisnu.segara/post/DYHhPQ-GL6C?xmt=AQG0FeDDdBUZGK3Bi9KCUDrnrioom0JJMTNbx8vEchUVTg,tikapratama9,2026-02-06,"d Padahal tinggal dijelasin aja ""tubuh kita itu kayak gelas, mau sebanyak apapun masukin airnya yang berada di gelas tetep satu gelas ini, yang lainnya tumpah. Begitupun darah di tubuh ibu, gak bisa ditambah sembarangan, kan gula darah ini gulanya di darah ibu bukan di teh"". Tapi dok, dulu juga aku pernah ketemu orang yang bikin kopi sachet tapi airnya segelas gede. Alasannya ""kalo airnya banyak kan jadi gak manis, kan dokter nyuruhnya jangan minum yang manis-manis""."
https://www.threads.com/@wisnu.segara/post/DYHhPQ-GL6C?xmt=AQG0FeDDdBUZGK3Bi9KCUDrnrioom0JJMTNbx8vEchUVTg,lepetitenutri,2026-02-06,d Jd inget pasien DM buat gula pasir sendiri dari tebu yg ditanam sendiri. Beliau meyakini buat sendiri jd aman ✋️
https://www.threads.com/@wisnu.segara/post/DYHhPQ-GL6C?xmt=AQG0FeDDdBUZGK3Bi9KCUDrnrioom0JJMTNbx8vEchUVTg,dexjoin,2026-02-06,"d DOKTER WISNU!!!! SAYA PERNAH NGEJELASIN HAL YANG SAMA KE IBU SAYA 😂😂😂 karena saya emosian dan jawabnya cepat, setelah respond persis kyk kasus di atas yg ditambahin air sampe gk manis, saya tim paling lagi ""Yaudah boleh tapi ibu jawab aku dulu, mau gk teh nya dikasih tai kucing aku aduk sampe rata terus aku tambahin air putih sampe tai kucingnya gak berasa?"" Langsung diem nyengir wkwk, lalu aku jelasin lagi lanjutannya soal kandungan vs rasa."
https://www.threads.com/@wisnu.segara/post/DYHhPQ-GL6C?xmt=AQG0FeDDdBUZGK3Bi9KCUDrnrioom0JJMTNbx8vEchUVTg,wisnu.segara,2026-02-06,d Nah ini analoginya lebih masuk 😂
https://www.threads.com/@wisnu.segara/post/DYHhPQ-GL6C?xmt=AQG0FeDDdBUZGK3Bi9KCUDrnrioom0JJMTNbx8vEchUVTg,tsukiarc,2026-02-06,"d Dok kalo misal saya beli chatime ukuran large, tapi ga langsung diminum sekaligus, minumnya seteguk"" aja bisa sampe harian baru habis, ini pengaruhnya gimana? Saya sehari konsumsi air mineral minimal liter"
https://www.threads.com/@wisnu.segara/post/DYHhPQ-GL6C?xmt=AQG0FeDDdBUZGK3Bi9KCUDrnrioom0JJMTNbx8vEchUVTg,wisnu.segara,2026-02-06,"d Nah ini beda, yang terhitung adalah berapa konsumsi gula yang masuk ke tubuh perhari, bukan manis atau tidaknya apa yg dikonsumsi. Tapi ya itu, gula darah bukan hanya bersumber dari gula pasir atau semacamnya, tapi dari berbagai karbohidrat lain. Makanya sering disarankan kurangi jumlah nasi sehari, kurangi roti, dan sebagainya. Gitu..."
https://www.threads.com/@wisnu.segara/post/DYHhPQ-GL6C?xmt=AQG0FeDDdBUZGK3Bi9KCUDrnrioom0JJMTNbx8vEchUVTg,tsukiarc,2026-02-06,"d nah saya udah mau minggu ini ga konsumsi nasi maupun karbo yang lain, tapi masih makan protein tapi yang deep fried 😭 ini gimana dok? 😭😭"
https://www.threads.com/@wisnu.segara/post/DYHhPQ-GL6C?xmt=AQG0FeDDdBUZGK3Bi9KCUDrnrioom0JJMTNbx8vEchUVTg,wisnu.segara,2026-02-06,"d Kalau deep friednya sendiri akan menjenuhkan lemak dsri minyak yang kita pakai, otomatis kalau kita konsumsi, maka lemak jahat meningkat, yang akhirnya naikin kolesterol jahat (LDL). Deep fried ga langsung ngaruh ke gula, tapi tunggu dulu, apa yang di goreng pasti tetap mengandung karbo, meskipun itu daging tanpa lemak (misal dada ayam)."
https://www.threads.com/@wisnu.segara/post/DYHhPQ-GL6C?xmt=AQG0FeDDdBUZGK3Bi9KCUDrnrioom0JJMTNbx8vEchUVTg,tsukiarc,2026-02-06,d wah terima kasih insight nya dok 🙏🏼🙏🏼🙏🏼🙏🏼
https://www.threads.com/@wisnu.segara/post/DYHhPQ-GL6C?xmt=AQG0FeDDdBUZGK3Bi9KCUDrnrioom0JJMTNbx8vEchUVTg,erika.asdi,2026-02-06,"d Gula sendok makan (sekitar gram) utk teh segelas. Wah, berani sekali, mgkn punya banyak stok nyawa."
https://www.threads.com/@wisnu.segara/post/DYHhPQ-GL6C?xmt=AQG0FeDDdBUZGK3Bi9KCUDrnrioom0JJMTNbx8vEchUVTg,johan_riady,2026-02-06,"d Pertanyaan yang bagus, bs ttp dijelaskan dgn analogi dokter, maaf bu ibarat badan ibu gelas, dan airnya darah ibu, ibu tidak bisa memperbesar tubuh ibu dan menambahkan jumlah darah di tubuh ibu"
https://www.threads.com/@wisnu.segara/post/DYHhPQ-GL6C?xmt=AQG0FeDDdBUZGK3Bi9KCUDrnrioom0JJMTNbx8vEchUVTg,wisnu.segara,2026-02-06,d Pas bgt 👍👍
https://www.threads.com/@wisnu.segara/post/DYHhPQ-GL6C?xmt=AQG0FeDDdBUZGK3Bi9KCUDrnrioom0JJMTNbx8vEchUVTg,pamali.sateh,2026-02-06,d Dok katanya ada batasan konsumsi gula per hari kan? Nah itu diresetnya jam kah? Atau direset pas kita tidur? 😶
https://www.threads.com/@wisnu.segara/post/DYHhPQ-GL6C?xmt=AQG0FeDDdBUZGK3Bi9KCUDrnrioom0JJMTNbx8vEchUVTg,wisnu.segara,2026-02-06,"d Dewasa laki sekitar gram per hari, dewasa perempuan gram per hari. Reset gula darah itu sebenarnya kurang tepat, karena tubuh kita memetabolisme gula tanpa henti. Jadi, itu tergantung sekali sama tingkat pembakaran kita. Jadi kapan kita tidur, kapan kita aktivitas harian, dan kapan olah raga. Tentunya, dalam hari, kebutuhan gula tertinggi yaitu saat aktivitas/ olah raga."
https://www.threads.com/@wisnu.segara/post/DYHhPQ-GL6C?xmt=AQG0FeDDdBUZGK3Bi9KCUDrnrioom0JJMTNbx8vEchUVTg,sepiceless,2026-02-06,"d Punten dok, yg dimaksud gram dan gram ini dalam bentuk gula pasir atau sudah termasuk bentuk gula yg lain (misal laktosa pd susu, fruktosa pd buah bahan)?"
https://www.threads.com/@wisnu.segara/post/DYHhPQ-GL6C?xmt=AQG0FeDDdBUZGK3Bi9KCUDrnrioom0JJMTNbx8vEchUVTg,wisnu.segara,2026-02-06,"d Sudah termasuk gula kompleks dari sumber lain, bahkan nasi pun ada glukosanya walaupun sangat sangat rendah, sayangnya nasi (yang tanpa gula secara langsung) alan tetap diubah oleh tubuh kita menjadi glukosa sebagai bahan baku energi. Tapi, yang terhitung gram atau gram itu adalah konsumsi glukosa dari luar, ga termasuk yang diubah oleh tubuh kita. Sekarang di intermet banyak kalkulator yang bisa mengkonversi jenis makanan kita ke kadar glukosa yang terkandung di dalamnya."
https://www.threads.com/@wisnu.segara/post/DYHhPQ-GL6C?xmt=AQG0FeDDdBUZGK3Bi9KCUDrnrioom0JJMTNbx8vEchUVTg,nurisa_aegis,2026-02-06,d Tapii logika pasiennya masuk juga dok. Karena analogi yg dokter sampaikan belum tuntas (menurut saya)
https://www.threads.com/@wisnu.segara/post/DYHhPQ-GL6C?xmt=AQG0FeDDdBUZGK3Bi9KCUDrnrioom0JJMTNbx8vEchUVTg,ka_rina800,2026-02-06,"d Dok tanya apakah bawang putih encerkan darah, saya dlu tiap hri makan bwang putih nah kna pisau jariku..trus aja keluar tuh darah aneh aja ga mampet,misal kering kena senggol keluar lg drah nya gt"
https://www.threads.com/@wisnu.segara/post/DYHhPQ-GL6C?xmt=AQG0FeDDdBUZGK3Bi9KCUDrnrioom0JJMTNbx8vEchUVTg,wisnu.segara,2026-02-06,"d Bawang putih memang punya efek ""anti-koagulasi"", artinya bisa menghambat pembekuan darah. Tapi kalau ada kasus seperti itu, baiknya jangan memikirkan penyebab saja, banya kemungkinan. Bisa aja memang ada penyakit lainnya."
https://www.threads.com/@wisnu.segara/post/DYHhPQ-GL6C?xmt=AQG0FeDDdBUZGK3Bi9KCUDrnrioom0JJMTNbx8vEchUVTg,makeup_andara,2026-02-06,"d Dok kenapa pas hamil gula darah saya rendah? (Range - ) Efeknya saya jadi sering lemes tiap kerja, dokter saya udah menyarankan untuk banyak makan buah an biar gak lemes, tapi naiknya gak terlalu signifikan dan masih sering lemes. Untuk berat badan janin alhamdulillah setiap bulannya sudah sesuai standar persentil %"
https://www.threads.com/@wisnu.segara/post/DYHhPQ-GL6C?xmt=AQG0FeDDdBUZGK3Bi9KCUDrnrioom0JJMTNbx8vEchUVTg,wisnu.segara,2026-02-06,"d Karena gula darah kita ada di peredaran darah kita bu. Sedangkan saat hamil, kita berbagi darah dengan si janin dalam kandungan. Otomatis kita berbagi gula darah dan nutrisi lainnya juga. Tiap hari, janin bertumbuh, maka kebutuhannya akan gula darah juga meningkat. Nah jadi itu alasannya, kenapa meskipun ibu sudah konsumsi buah an gula darah tidak naik signifikan. Terbukti dari perkembangan bayi ibu yang bagus, jadi bisa kita simpulkan kalau gula darah ibu digunakan dengan baik oleh si janin."
https://www.threads.com/@wisnu.segara/post/DYHhPQ-GL6C?xmt=AQG0FeDDdBUZGK3Bi9KCUDrnrioom0JJMTNbx8vEchUVTg,lintang.mrs,2026-02-06,"d Mgkn bisa dijawab gini dok. 'Oiya bisa gula sendok airnya dibanyakin. Ibu ttp minum gelas, sisanya dikasih ke tetangga'. 🤭"
https://www.threads.com/@wisnu.segara/post/DYHhPQ-GL6C?xmt=AQG0FeDDdBUZGK3Bi9KCUDrnrioom0JJMTNbx8vEchUVTg,wisnu.segara,2026-02-06,d Aduuuuuu
https://www.threads.com/@wisnu.segara/post/DYHhPQ-GL6C?xmt=AQG0FeDDdBUZGK3Bi9KCUDrnrioom0JJMTNbx8vEchUVTg,homecare_bekasi_ners_rizki,2026-02-06,d Masa cuma makan kue sedikit Bisa naik gulanya Pas cek GDS ++ I Want To Break Free..... 🤣🫢😅😄
https://www.threads.com/@wisnu.segara/post/DYHhPQ-GL6C?xmt=AQG0FeDDdBUZGK3Bi9KCUDrnrioom0JJMTNbx8vEchUVTg,fionnacm,2026-02-06,"d Kue itu buat ngembangnya butuh gula, lalu biar enak rasanya jg adonannya ditambahin gula lagi, plus di luar hiasannya, entah itu coklat, icing, krim, selai, dsb jg dikasi gula, so gula plus plus. Makanya kenapa orang ln terutama dr barat tempat dimana cake diciptakan itu byk yg obesitas. Kue tradisional yg ga terlalu manis malah lebih aman, meski tetap hrs dibatasi klw udh ada diabetes."
https://www.threads.com/@wisnu.segara/post/DYHhPQ-GL6C?xmt=AQG0FeDDdBUZGK3Bi9KCUDrnrioom0JJMTNbx8vEchUVTg,homecare_bekasi_ners_rizki,2026-02-06,d Kalau saya Lebih ke Melarang Mutlak Apalagi jika Gulanya sudah lebih dari Paling kalau mau makan Ganti ke Telur Rebus Dan makanan non Karbo Minum cukup Air Kosongan 😅
https://www.threads.com/@wisnu.segara/post/DYHhPQ-GL6C?xmt=AQG0FeDDdBUZGK3Bi9KCUDrnrioom0JJMTNbx8vEchUVTg,fionnacm,2026-02-06,d This content is unavailable
https://www.threads.com/@wisnu.segara/post/DYHhPQ-GL6C?xmt=AQG0FeDDdBUZGK3Bi9KCUDrnrioom0JJMTNbx8vEchUVTg,fredywibisono,2026-02-06,"d mohon koreksi bila salah ya dok menurut saya klo mau minum teh ato kopi dengan gula sendok setidaknya itu skiplah sarapan, makan siang, camilan 🤣"
https://www.threads.com/@wisnu.segara/post/DYHhPQ-GL6C?xmt=AQG0FeDDdBUZGK3Bi9KCUDrnrioom0JJMTNbx8vEchUVTg,wisnu.segara,2026-02-06,"d Nah masalahnya lonjakan gula darah sekali konsumsi itu yang bahaya, apalagi kalau pasien sudah punya diabetes. Jadi tidak bisa jadi ""akumulasi"" atau ""balas dendam"", kurang lebih gitu"
https://www.threads.com/@wisnu.segara/post/DYHhPQ-GL6C?xmt=AQG0FeDDdBUZGK3Bi9KCUDrnrioom0JJMTNbx8vEchUVTg,hermawanprakoso,2026-02-06,"d Jwb Dok: Gpp Bu, tapi yg perlu ibu banyakin bukan air di teh manisnya Bu, ibu perlu tambahin jumlah darah di badan ibu, barulah bisa encer 😅"
https://www.threads.com/@wisnu.segara/post/DYHhPQ-GL6C?xmt=AQG0FeDDdBUZGK3Bi9KCUDrnrioom0JJMTNbx8vEchUVTg,nemuweb_id,2026-02-06,"d Kamu minum gelas dengan sendok dan liter dengan sendok, kalau habis semua , gula yang masuk sama sama sendok, tapi jika yang liter itu gari baru habis , yang masuk perhari setengah sendok"
https://www.threads.com/@wisnu.segara/post/DYHhPQ-GL6C?xmt=AQG0FeDDdBUZGK3Bi9KCUDrnrioom0JJMTNbx8vEchUVTg,wisnu.segara,2026-02-06,d Betul 👍
https://www.threads.com/@wisnu.segara/post/DYHhPQ-GL6C?xmt=AQG0FeDDdBUZGK3Bi9KCUDrnrioom0JJMTNbx8vEchUVTg,zenhsb94,2026-02-06,"d Jika dibarengi tinggi serat dok? Eeh iseng aja, aku guldar cek bulan lalu sih, cuma karena dah ++ jadi pen lebih baik lagi"
https://www.threads.com/@wisnu.segara/post/DYHhPQ-GL6C?xmt=AQG0FeDDdBUZGK3Bi9KCUDrnrioom0JJMTNbx8vEchUVTg,wisnu.segara,2026-02-06,"d Nah uniknya gula pasir, dia tinggi kadar glukosa sederhana, jadi dengan sangat mudah terserap dari usus ke darah kita. Jadi meskipun serat tinggi, gula tetep akan banyak yang masuk ke aliran darah dibanding terbuang bersama serat ke feses, kalah cepat gitu.."
https://www.threads.com/@wisnu.segara/post/DYHhPQ-GL6C?xmt=AQG0FeDDdBUZGK3Bi9KCUDrnrioom0JJMTNbx8vEchUVTg,zenhsb94,2026-02-06,d Jadi sebaiknya dikurangi ya dok
https://www.threads.com/@wisnu.segara/post/DYHhPQ-GL6C?xmt=AQG0FeDDdBUZGK3Bi9KCUDrnrioom0JJMTNbx8vEchUVTg,beylatte_,2026-02-06,d Hahaha allahu ga kepikiran juga😭
https://www.threads.com/@wisnu.segara/post/DYHhPQ-GL6C?xmt=AQG0FeDDdBUZGK3Bi9KCUDrnrioom0JJMTNbx8vEchUVTg,zliciovs,2026-02-06,"d Aku pernah tanya hal yg sama, sm chat gpt ku. Dijawab ya gapapa asal km minum nya cm seteguk 😂. Diceramahin "" tubuh km ga mengenal manis atau ga manis, dia cm tau berapa banyak gula yg masuk"""
https://www.threads.com/@wisnu.segara/post/DYHhPQ-GL6C?xmt=AQG0FeDDdBUZGK3Bi9KCUDrnrioom0JJMTNbx8vEchUVTg,rahmatbudiman1982,2026-02-06,d Intinya pengidap diabet ini sebagian nya orang orang yg kecanduan gula dok
https://www.threads.com/@wisnu.segara/post/DYHhPQ-GL6C?xmt=AQG0FeDDdBUZGK3Bi9KCUDrnrioom0JJMTNbx8vEchUVTg,rizalasrul,2026-02-06,"d Haha analoginya sudah tepat dok. Air di dalam gelas ibarat darah di dalam tubuh, kan ya? Jadi kita tidak bisa memperbanyak darah dalam tubuh karena ukuran tubuhnya segitu-gitu aja."
https://www.threads.com/@wisnu.segara/post/DYHhPQ-GL6C?xmt=AQG0FeDDdBUZGK3Bi9KCUDrnrioom0JJMTNbx8vEchUVTg,wisnu.segara,2026-02-06,d Betull 😂👍
https://www.threads.com/@wisnu.segara/post/DYHhPQ-GL6C?xmt=AQG0FeDDdBUZGK3Bi9KCUDrnrioom0JJMTNbx8vEchUVTg,agisramadhan07,2026-02-06,"d dok saya masih makan nasi, tapi pati resisten yg disimpen dulu di kulkas kadang jam kadang jam. porsi g/makan. sehari makan x gmn mnrt dokter"
https://www.threads.com/@wisnu.segara/post/DYHhPQ-GL6C?xmt=AQG0FeDDdBUZGK3Bi9KCUDrnrioom0JJMTNbx8vEchUVTg,wisnu.segara,2026-02-06,"d Untuk kalori yang masuk ke tubuh antara nasi putih biasa dengan nasi putih yang dibekukan jam sebenernya ga jauh beda, hanya berbeda - % aja tingkat kalorinya. Tapi karna memiliki sifat pati resisten, di usus nasi putih yang dibekukan sebelumnya ga gamoang diurai, sehingga glukosa yang diserapnke darah ga setinggi nasi putih biasa. Jadi tujuannya bukan menurunkan kalori, tapi menjadi kontrol lonjakan gula darah setelah makan, begitu kurang lebih 🙏🏻"
https://www.threads.com/@wisnu.segara/post/DYHhPQ-GL6C?xmt=AQG0FeDDdBUZGK3Bi9KCUDrnrioom0JJMTNbx8vEchUVTg,agisramadhan07,2026-02-06,"d ya dok tujuannya utk mengontrol lonjakan gula, nah setelah makan jeda mnt saya selalu melakukan gerakan calf rise x dan jalan pake tumit menit. dan Alhamdulillah GD PP selalu di angka - an"
https://www.threads.com/@wisnu.segara/post/DYHhPQ-GL6C?xmt=AQG0FeDDdBUZGK3Bi9KCUDrnrioom0JJMTNbx8vEchUVTg,wisnu.segara,2026-02-06,d Mantap 👍👍
https://www.threads.com/@wisnu.segara/post/DYHhPQ-GL6C?xmt=AQG0FeDDdBUZGK3Bi9KCUDrnrioom0JJMTNbx8vEchUVTg,agisramadhan07,2026-02-06,"d gpp kan gak di jeda mnt, hnya jeda semenit lgsg melakukan gerakan tersebut?"
https://www.threads.com/@wisnu.segara/post/DYHhPQ-GL6C?xmt=AQG0FeDDdBUZGK3Bi9KCUDrnrioom0JJMTNbx8vEchUVTg,tiger.66038151,2026-02-06,"d Mau tanya dok, suami sy thn, makan nggak berlebihan, bb ideal, tapi memang suka makan gorengan dan kopi susu tanpa gula dan kurang olahraga,hba c , sebagai langkah awal untuk mengurangi hba c apakah cukup disiplin jalan kaki /menggerakkan otot betis setiap habis makan selama menit?"
https://www.threads.com/@wisnu.segara/post/DYHhPQ-GL6C?xmt=AQG0FeDDdBUZGK3Bi9KCUDrnrioom0JJMTNbx8vEchUVTg,wisnu.segara,2026-02-06,"d Ini sudah masuk pre-diabetes, agar tidak jatuh ke diabetes, pola makan dan aktivitas harus di ubah. . Kalau suka kopi, cukup kopi hitam, cangkir/ hari. Pastikan tekanan darah tidak tinggi (< / ). . Gorengan salah satu tipe deep fried yang jahat sekali. Jadi karena sudah prediabet, lebih baik dihindari sama sekali. . Olah raga intensitas sedang s/d berat (jogging, bersepeda, atau kalau suka permainan bisa di tenis, futsal, bulu tangkis, atau semacamnya. MINIMAL menit perhari 🙏🏻"
https://www.threads.com/@wisnu.segara/post/DYHhPQ-GL6C?xmt=AQG0FeDDdBUZGK3Bi9KCUDrnrioom0JJMTNbx8vEchUVTg,tiger.66038151,2026-02-06,"d Terima kasih banyak buat advise-nya, dok, sehat dan sukses selalu 🙏"
https://www.threads.com/@wisnu.segara/post/DYHhPQ-GL6C?xmt=AQG0FeDDdBUZGK3Bi9KCUDrnrioom0JJMTNbx8vEchUVTg,wisnu.segara,2026-02-06,"d Amin, semoga membantu gih 🙏🏻"
https://www.threads.com/@wisnu.segara/post/DYHhPQ-GL6C?xmt=AQG0FeDDdBUZGK3Bi9KCUDrnrioom0JJMTNbx8vEchUVTg,dewin_jae,2026-02-06,"d Dok, kl diabetes makan nasi jagung bagus gak? Pure nasi jagung, gakdi campur sama nasi putih."
https://www.threads.com/@wisnu.segara/post/DYHhPQ-GL6C?xmt=AQG0FeDDdBUZGK3Bi9KCUDrnrioom0JJMTNbx8vEchUVTg,wisnu.segara,2026-02-06,"d Secara nutrisi, jagung kandungan gulanya lebih rendah dsri nasi putih biasa. Tapi selain jenis, kita harus perhatikan porsi juga yaa, agar tujuan kita menurunkan konsumsi karbo tercapai 👍"
https://www.threads.com/@wisnu.segara/post/DYHhPQ-GL6C?xmt=AQG0FeDDdBUZGK3Bi9KCUDrnrioom0JJMTNbx8vEchUVTg,dewin_jae,2026-02-06,d Terimakasih banyak dok 🙏🙏
https://www.threads.com/@wisnu.segara/post/DYHhPQ-GL6C?xmt=AQG0FeDDdBUZGK3Bi9KCUDrnrioom0JJMTNbx8vEchUVTg,anthony_faria,2026-02-06,h The application isn't the hard part. Believing your work is worth submitting is. Most designers lose opportunities because they talked themselves out of applying. Send it.
https://www.threads.com/@wisnu.segara/post/DYHhPQ-GL6C?xmt=AQG0FeDDdBUZGK3Bi9KCUDrnrioom0JJMTNbx8vEchUVTg,skootrmari,2026-02-06,h A lot of people point to MAGAs lack of response to January as a turning point of sorts; when they knew these people were fucked. But I knew them and the rest of us were fucked when he won an election after bragging about SAing women.
https://www.threads.com/@wisnu.segara/post/DYHhPQ-GL6C?xmt=AQG0FeDDdBUZGK3Bi9KCUDrnrioom0JJMTNbx8vEchUVTg,ragewithsage666,2026-02-06,"h It is not possible for me to be stressed or have my feelings hurt, what with the degree of weinerings I am receiving ✨daily✨ I don’t have time to frown!!! I’m busy!!!!!!"
https://www.threads.com/@rumahlesa/post/DUZfkoVD0wa?xmt=AQG0FeDDdBUZGK3Bi9KCUDrnrioom0JJMTNbx8vEchUVTg,rumahlesa,2026-02-06,Ijin tanya cemilan yang bagus buat penderita diabetes apa ya? Yang bisa awet juga.
https://www.threads.com/@rumahlesa/post/DUZfkoVD0wa?xmt=AQG0FeDDdBUZGK3Bi9KCUDrnrioom0JJMTNbx8vEchUVTg,dienodin,2026-02-06,"Krupuk rambak/darokdok/kulit sapi. Yg goreng sendiri, kalo beli jadi itu garamnya byk banget"
https://www.threads.com/@rumahlesa/post/DUZfkoVD0wa?xmt=AQG0FeDDdBUZGK3Bi9KCUDrnrioom0JJMTNbx8vEchUVTg,rumahlesa,2026-02-06,Mksh kak
https://www.threads.com/@rumahlesa/post/DUZfkoVD0wa?xmt=AQG0FeDDdBUZGK3Bi9KCUDrnrioom0JJMTNbx8vEchUVTg,ririn.rosilla,2026-02-10,"diabetasol wafer sih kalo cari aman, itu zero sugar, jadi ga bikin gula darah naik. aku juga suka ngemil itu, apalagi nyambi nonton tv wkwkw"
https://www.threads.com/@rumahlesa/post/DUZfkoVD0wa?xmt=AQG0FeDDdBUZGK3Bi9KCUDrnrioom0JJMTNbx8vEchUVTg,vaandila,2026-02-06,Diabetasol wafer kak s.shopee.co.id/ fy O…
https://www.threads.com/@rumahlesa/post/DUZfkoVD0wa?xmt=AQG0FeDDdBUZGK3Bi9KCUDrnrioom0JJMTNbx8vEchUVTg,rumahlesa,2026-02-06,Wah Mkasih banyak ya kak
https://www.threads.com/@rumahlesa/post/DUZfkoVD0wa?xmt=AQG0FeDDdBUZGK3Bi9KCUDrnrioom0JJMTNbx8vEchUVTg,vaandila,2026-02-06,Sama kak
https://www.threads.com/@rumahlesa/post/DUZfkoVD0wa?xmt=AQG0FeDDdBUZGK3Bi9KCUDrnrioom0JJMTNbx8vEchUVTg,initaselistia,2026-02-06,Creakers yg rendah gula atau tnpa gula atau ada merk dari tropicanaslim
https://www.threads.com/@rumahlesa/post/DUZfkoVD0wa?xmt=AQG0FeDDdBUZGK3Bi9KCUDrnrioom0JJMTNbx8vEchUVTg,rumahlesa,2026-02-06,Ada linknya kak
https://www.threads.com/@rumahlesa/post/DUZfkoVD0wa?xmt=AQG0FeDDdBUZGK3Bi9KCUDrnrioom0JJMTNbx8vEchUVTg,inkind.id,2026-03-06,"Hi kak, izin ikut meramaikan threadnya 🤍 Kami punya solusi buat cemilan yang sehat buat sekeluarga. Dibuat tanpa tepung, tanpa gula, tanpa pewarna dan tanpa pengawet. Berbahan dasar kurma premium, kacang-kacangan tinggi nutrisi, cacao murni dan matcha ceremonial grade. Rasanya enak seperti kue gurih dan manisnya pas, bikin nagih. Bisa cek katalog kami di shopee.co.id/inkin… 📍Surabaya"
https://www.threads.com/@rumahlesa/post/DUZfkoVD0wa?xmt=AQG0FeDDdBUZGK3Bi9KCUDrnrioom0JJMTNbx8vEchUVTg,riizky.kaa,2026-02-12,"diabetasol wafer, ibuku penderita diabetes suka ngemil itu. pernah ibuku beli kripik langsung aku buang, daripada gula nya naik mending ku buang😅"
https://www.threads.com/@rumahlesa/post/DUZfkoVD0wa?xmt=AQG0FeDDdBUZGK3Bi9KCUDrnrioom0JJMTNbx8vEchUVTg,feministajones,2026-02-06,"h There was an independent film that came out a while back made by a black woman. I saw it out a film festival and I thought it was absolutely terrible. I did not elaborate on that publicly, instead I just said that I don’t like it and I wouldn’t recommend it to anyone. The filmmaker blocked me and then went on a rant talking shit about how BW are the biggest haters ￼ Here’s the thing,"
https://www.threads.com/@rumahlesa/post/DUZfkoVD0wa?xmt=AQG0FeDDdBUZGK3Bi9KCUDrnrioom0JJMTNbx8vEchUVTg,tinamarsbooks,2026-02-06,h I’m having the hardest time sitting on ~things~ and keeping my mouth shut. What ever shall I do.
https://www.threads.com/@rumahlesa/post/DUZfkoVD0wa?xmt=AQG0FeDDdBUZGK3Bi9KCUDrnrioom0JJMTNbx8vEchUVTg,elizabethwarren,2026-02-06,"h Millions of Americans use buy-now-pay-later because they're stretched thin. The last thing they need is to be penalized on their credit score for it—especially with no transparency, no consistency, and no recourse. I’m demanding answers."
https://www.threads.com/@rumahlesa/post/DUZfkoVD0wa?xmt=AQG0FeDDdBUZGK3Bi9KCUDrnrioom0JJMTNbx8vEchUVTg,simonsinek,2026-02-06,"h When people are financially invested, they want a return. When people are emotionally invested, they want to contribute."
https://www.threads.com/@senaara03/post/DWtAPYElF-L?xmt=AQG0FeDDdBUZGK3Bi9KCUDrnrioom0JJMTNbx8vEchUVTg,senaara03,2026-04-04,"Halooo... Aku pendatang baru di dunia diabetes. Yg terkena diabetes adalah ibuku, usia tahun. Kemarin gula darahnya melonjak dan hari ini sudah minggu di suntik insulin. Aku awan banget di dunia diabetes ini, yg punya pengalaman dengan diabetes (ortu/pejuang DM) boleh dong share disini apa yang boleh dan tidak boleh untuk penderita diabetes 🥲"
https://www.threads.com/@senaara03/post/DWtAPYElF-L?xmt=AQG0FeDDdBUZGK3Bi9KCUDrnrioom0JJMTNbx8vEchUVTg,senaara03,2026-04-05,"Terimakasih semua yg sudah share pengalaman diabetes di thread ini. Aku seneng bgt krna bnyak yg berhasil sembuh dr DM. Smga aku jg bisa merawat ibu sampai sembuh 🥲 Aku akan update perkembangan ibu dan perawatan yg aku lakukan disini, smg thread ini bisa bermanfaat bagi caregiver diabetes / penderita diabetes. Smg semua yg membaca termotivasi untuk sehat dan menjaga pola hidup sehat 😇"
https://www.threads.com/@senaara03/post/DWtAPYElF-L?xmt=AQG0FeDDdBUZGK3Bi9KCUDrnrioom0JJMTNbx8vEchUVTg,senaara03,2026-04-05,". Kondisi awal Saat dirumah ibu sdh lemas parah selama hari, sebelum aku bw ke igd bener² lemes sampai gak bisa di bangunin. Di igd cek gula ternyata dan langsung opname . Opname Ibu opname selama hari, setiap hari di suntik insulin sebelum makan. Insulin sebelum makan x, insulin sebelum tidur x. Batas makan jam malam, diatas jam itu dilarang makan apapun sampai pagi dan hanya boleh minum air putih . Makanan Selama di rs ibu ttp makan nasi menu rs. Setiap hari cek gula pagi-sore"
https://www.threads.com/@senaara03/post/DWtAPYElF-L?xmt=AQG0FeDDdBUZGK3Bi9KCUDrnrioom0JJMTNbx8vEchUVTg,roycelimindra,2026-04-04,"Cuma mau bilang : - karbo, nasi, ubi, jagung, tepung, buah, gula, kerupuk, kue, Mie, roti =====> menaikkan gula darah - protein, serat, lemak sehat ======> tidak signifikan menaikkan gula darah Bikin meal plan : - pagi = gak boleh sentuh buah, karbo Makanlah telur, ayam, sapi, ikan - siang = nasi / serat, / protein, / karbo Buah / piring hanya boleh siang Krn siang waktu terbaik bakar gula - malam = nasi / serat, / protein, / karbo * tak boleh ngemil * olahraga rutin"
https://www.threads.com/@senaara03/post/DWtAPYElF-L?xmt=AQG0FeDDdBUZGK3Bi9KCUDrnrioom0JJMTNbx8vEchUVTg,kuntadewii,2026-04-06,"Pas banget aku juga lagi ngerawat ibuku yang kena diabetes. Kuncinya sabar, kalo orang tua emosi jangan ikut emosi ya kak, orang kena diabetes suka emosi. Cari makanan yg indeks glimeknya rendah kayak nasi merah, obat, ubi, dll, banyakin makan realfood. Beliin susu diabetasol kak untuk tambahan nutrisi, bisa untuk stabilin gula darah juga. Semangat ya kak"
https://www.threads.com/@senaara03/post/DWtAPYElF-L?xmt=AQG0FeDDdBUZGK3Bi9KCUDrnrioom0JJMTNbx8vEchUVTg,elsa.harlie,2026-04-10,"Sama kayak aku minum susu diabetasol juga, biasanya aku mix sama alpukat. Enak banget ga boong, bikin ketagihan🤣"
https://www.threads.com/@senaara03/post/DWtAPYElF-L?xmt=AQG0FeDDdBUZGK3Bi9KCUDrnrioom0JJMTNbx8vEchUVTg,a.fatimah_jusri,2026-04-04,"Seringakan konsumsi sayur, pare,toge,kacang panjang,wortel, tumis, agar sensitifitas insulin bereaksi. No tepung, no nasi, no gula, no buah, kecuali pepaya, alpukat, stoberi. Camilannya kacang-kacangan untuk menstabilkan gula darah. Youghut. Saya juga tgl kmrn diopname hari gula darah . Alhamdulillah pola makan diubah, jalan pagi m, berjemur, umur saya th. Alhamdulilah mulai stabil."
https://www.threads.com/@senaara03/post/DWtAPYElF-L?xmt=AQG0FeDDdBUZGK3Bi9KCUDrnrioom0JJMTNbx8vEchUVTg,rusitarr,2026-04-04,"dijaga aja ya ka, usahakan gula darah harus selalu stabil dan anggota tuhuh jgn ada yg luka. takut kyk mamaku. maaf bukan nakutin ya. mamaku ada luka di kaki. gara didiemin krn dikira luka biasa, lukanya jd infeksi dan menyebar. ketambah gula darahnya lg tinggi. alhasil harus dioperasi. skrg masih proses penyembuhan. dan dokter blg ini bakal panjang prosesnya. makanan /minuman manis baiknya distop. buah jg, dicari tau dulu ya mana yg rendah indeks glikemiknya."
https://www.threads.com/@senaara03/post/DWtAPYElF-L?xmt=AQG0FeDDdBUZGK3Bi9KCUDrnrioom0JJMTNbx8vEchUVTg,rusitarr,2026-04-04,"kalo ada alat cek gula, cek sendiri sesekali gpp. buat skrining. jd kita bs evaluasi, kira kenapa kalo gulanya tinggi atau rendah bgt."
https://www.threads.com/@senaara03/post/DWtAPYElF-L?xmt=AQG0FeDDdBUZGK3Bi9KCUDrnrioom0JJMTNbx8vEchUVTg,febyray,2026-04-04,"Rutin kontrol sih kak, mulai cari dokter penyakit dalam yg ftiendly dan enak di ajak diskusi, usahakan yg ibu kakak cocok ngobrol nya. Dampingi terus tiap kontrol, usahakan tidak gonta ganti pendamping, tapi kalau tidak bisa, selalu share sama anggota keluarga lain apa hasil kontrol mingguan atau bulanan. Pastikan BPJS aktif, karena DM dengan segala insulinnya yg mahal itu di tanggung BPJS. Next.."
https://www.threads.com/@senaara03/post/DWtAPYElF-L?xmt=AQG0FeDDdBUZGK3Bi9KCUDrnrioom0JJMTNbx8vEchUVTg,febyray,2026-04-04,"Ortu payah di larang, untuk itu kita mesti tega soal disiplin makanan, kalau gak pake kalimat, ""kalau mama mau bebas makan, berarti mesti rutin suntik insulin, minum obat dan kontrol ke dokter"". Ke mamaku sih berhasil ya 😌"
https://www.threads.com/@senaara03/post/DWtAPYElF-L?xmt=AQG0FeDDdBUZGK3Bi9KCUDrnrioom0JJMTNbx8vEchUVTg,caloriestruck,2026-04-04,"Ayah punya diabet selama + tahun. Makan nasi porsi kecil, gak makan makanan olahan bergula kecuali gula jagung ke minuman (jarang). Gorengan masih tapi dikit. Buah apa aja tp makan di porsi. Skrg, kena jantung lagi karena setelah pensiun gak punya kegiatan, alhasil bb naik juga. Orang dgn diabet cepet capek dan badan mudah lemas. Jangan pernah skip obat+insulin+suplemen. Obat dr BPJS + beli sendiri. Alat yg ada di rumah, tensimeter + alat cek gula darah, kolestrol, dan asam urat."
https://www.threads.com/@senaara03/post/DWtAPYElF-L?xmt=AQG0FeDDdBUZGK3Bi9KCUDrnrioom0JJMTNbx8vEchUVTg,halimahtaryadi,2026-04-05,"Halo Kak. Pastikan ibunya rajin kontrol yah kak, kurangin makanan berlemak dan goreng-gorengan. Buat jendela waktu makan, sarapan kurangin yang berminyak, mungkin rebus-rebusan. Awal bulan puasa, Ibuku malas kontrol selama bulan, alhasil gula melonjak ke sampai diarahkan ke IGD. Jadi, tolong jangan skip kontrol yah kak. Semangat! ☺️☺️"
https://www.threads.com/@senaara03/post/DWtAPYElF-L?xmt=AQG0FeDDdBUZGK3Bi9KCUDrnrioom0JJMTNbx8vEchUVTg,aryafrd,2026-04-05,"Halo ka, saya pernah ngerawat nenek saya yang kena diabetes. Harus sering kontrol rutin gula darah sama darah tingginya juga ka. Terus harus sabar ya ka ngadepin org diabetes."
https://www.threads.com/@senaara03/post/DWtAPYElF-L?xmt=AQG0FeDDdBUZGK3Bi9KCUDrnrioom0JJMTNbx8vEchUVTg,candy_mochtar_usman,2026-04-04,"Saya wkt ketahuan diabetes jg tinggi, tp sama Dr di kasih obat, saya diet nasi hanya siang gram, pagi n malam oat meal/kukusan, kurangin gorengan, kopi sachet, tdk makan mie instan n pengawet, gula diet, makan buah, alhamdullilah dlm minggu normal, setelah itu saya jg makan, olah raga n minum obat rutin. Diabetes itu klo kita makannya teratur n kita jg, In Shaa Allah, stabil, asal kita tau batasannya."
https://www.threads.com/@senaara03/post/DWtAPYElF-L?xmt=AQG0FeDDdBUZGK3Bi9KCUDrnrioom0JJMTNbx8vEchUVTg,hartonotjung,2026-04-04,Coba mulai latihan angkat beban ringan
https://www.threads.com/@senaara03/post/DWtAPYElF-L?xmt=AQG0FeDDdBUZGK3Bi9KCUDrnrioom0JJMTNbx8vEchUVTg,harsono5144,2026-04-04,"Cek hba c insya Alloh pasti tinggi turunkan stop obat caranya Puasa atau intermeeting fasting, olahraga cardio dan strength, zero atau low karbohidrat, banyak makan protein, serat stop gorengan, tepung, upf maximal tidur jam malam, usahakan banyak makan telor rebus kalau ada uang beli alpukat lakukan SD bln, insya Alloh gula normal kembali, Saya kemarin hba c , (gula ) komplikasi Neuropati, sekarang alhamdulillah , GDP , hrs dgn tekat kuat"
https://www.threads.com/@senaara03/post/DWtAPYElF-L?xmt=AQG0FeDDdBUZGK3Bi9KCUDrnrioom0JJMTNbx8vEchUVTg,neng_nenty,2026-04-04,bapak ibuku diabetes kak.. jadi sebagai caregiver pertama kali adalah memahami emosi orang tua.. dan harus sabarrrr baannnggeeettt klo dirasa lelah boleh istirahat jangan berhenti.. emosi amburadul soale.. hehe.. klo medis nya yaa dijalani aja sesuai dengan terapi dari dokter nyaa.. just that..
https://www.threads.com/@senaara03/post/DWtAPYElF-L?xmt=AQG0FeDDdBUZGK3Bi9KCUDrnrioom0JJMTNbx8vEchUVTg,desipoftea,2026-04-04,"rutin minum obat dan suntik insulin sesuai instruksi dokter, rajin kontrol ke dokter, jaga tekanan darah tinggi agar diabetes tidak cepat merusak ginjal lewat tekanan darah yg tinggi sehingga harus cuci darah, makan senormalnya, jgn banyak atau bahkan ekstrim makan dikit/diet aneh , aktivitas fisik rutin yg santai. Jaga kelembapan kulit pakai lotion untuk mengurangi gatal . Sedia madu di kamar atau tas, jd kalau drop gulanya konsumsi madu."
https://www.threads.com/@senaara03/post/DWtAPYElF-L?xmt=AQG0FeDDdBUZGK3Bi9KCUDrnrioom0JJMTNbx8vEchUVTg,kampayski,2026-04-05,Jgn lupa dalam hal pemberian insulin.... setelah suntik malah suntik lagi karena lupa.... resikonya hipoglikemi... salah satu efeknya dulu alm. Bapakku... buat rame orang dirumah... gak sadar tapi seperti ngamuk² gitu... kalau terjadi demikian(mudah²an gak ya)... jgn panik... dicor aja gulanya buat teh manis atau apa yg bisa naikin lagi gulanya secara cepat... Dietnya dijaga... Banyak minum air putih... Rajin olahraga... Rutin kontrol ke dokter...
https://www.threads.com/@senaara03/post/DWtAPYElF-L?xmt=AQG0FeDDdBUZGK3Bi9KCUDrnrioom0JJMTNbx8vEchUVTg,dieterapinn,2026-04-04,pola makan nya kak yang paling penting untuk diperbaiki
https://www.threads.com/@senaara03/post/DWtAPYElF-L?xmt=AQG0FeDDdBUZGK3Bi9KCUDrnrioom0JJMTNbx8vEchUVTg,simplynisa88,2026-04-04,Rutin puasa jangan lupa kak
https://www.threads.com/@senaara03/post/DWtAPYElF-L?xmt=AQG0FeDDdBUZGK3Bi9KCUDrnrioom0JJMTNbx8vEchUVTg,samanthayoung.me,2026-02-06,"h As if my job losing two of my paychecks and my husband getting bronchitis wasn’t enough, I also just got diagnosed with ✨a UTI✨ 🙃"
https://www.threads.com/@senaara03/post/DWtAPYElF-L?xmt=AQG0FeDDdBUZGK3Bi9KCUDrnrioom0JJMTNbx8vEchUVTg,martinldart,2026-02-06,"h I'm so sick of the false ""Musk created jobs!"" narrative. We gave him $ illion so far, exactly how many jobs did that create? Don't bother looking it up, he used it to buy more Republicans."
https://www.threads.com/@senaara03/post/DWtAPYElF-L?xmt=AQG0FeDDdBUZGK3Bi9KCUDrnrioom0JJMTNbx8vEchUVTg,essentiallyebonee,2026-02-06,NFL Threads h OH — the football girlies are going to LOVE this! 🙌🏾💕🏉 yahoosports
https://www.threads.com/@senaara03/post/DWtAPYElF-L?xmt=AQG0FeDDdBUZGK3Bi9KCUDrnrioom0JJMTNbx8vEchUVTg,talynstormcrow,2026-02-06,h Oh yeah... I posted boob 😂 VIEWS DAYS APR – MAY
https://www.threads.com/@dheacory/post/DVNOf_8EpIa?xmt=AQG0FeDDdBUZGK3Bi9KCUDrnrioom0JJMTNbx8vEchUVTg,dheacory,2026-02-26,"Tanya serius, kenapa ya kalau yang udah punya diabetes, saat puasa dan tidak lagi mengonsumsi gula, pas dinpriksa gulanya malah tinggi?"
https://www.threads.com/@dheacory/post/DVNOf_8EpIa?xmt=AQG0FeDDdBUZGK3Bi9KCUDrnrioom0JJMTNbx8vEchUVTg,andymahendr,2026-02-26,"Gula darah itu naik turun sepanjang hari.. Kalo pagi cenderung tinggi karena pagi hari ada hormon kortisol, ini bukan gara stress, tapi memang jadwal hormon kortisol dirilis tiap pagi oleh kelenjar adrenal..😊"
https://www.threads.com/@dheacory/post/DVNOf_8EpIa?xmt=AQG0FeDDdBUZGK3Bi9KCUDrnrioom0JJMTNbx8vEchUVTg,dheacory,2026-02-26,Trimakasih penjelasannya bang
https://www.threads.com/@dheacory/post/DVNOf_8EpIa?xmt=AQG0FeDDdBUZGK3Bi9KCUDrnrioom0JJMTNbx8vEchUVTg,eli_setya.noverdison,2026-02-26,"Bisa karena faktor stres, kurang tidur, ada infeksi"
https://www.threads.com/@dheacory/post/DVNOf_8EpIa?xmt=AQG0FeDDdBUZGK3Bi9KCUDrnrioom0JJMTNbx8vEchUVTg,andragaspol16,2026-02-26,Seharusnya kalo ngk punya diabetes posisi puasa normnya turun kalo naik pas habis makan..
https://www.threads.com/@dheacory/post/DVNOf_8EpIa?xmt=AQG0FeDDdBUZGK3Bi9KCUDrnrioom0JJMTNbx8vEchUVTg,yunitayeniii,2026-02-26,"bisa jadi salah di menu sahurnya, ga konsumsi gula belum tentu gula darahnya baik. btw aku penderita juga kak, biasanya sahur makan butir telur rebus+minum susu diabetasol buat stabilin gula darah. nanti waktu sahur jangan bales dendam makan asal asalan, pilih karbohidrat kompleks, banyakin proteinnya juga"
https://www.threads.com/@dheacory/post/DVNOf_8EpIa?xmt=AQG0FeDDdBUZGK3Bi9KCUDrnrioom0JJMTNbx8vEchUVTg,lif_cholifah0612,2026-02-26,Faktor stres biasanya kak. Berkaitan dengan sistem tubuh
https://www.threads.com/@dheacory/post/DVNOf_8EpIa?xmt=AQG0FeDDdBUZGK3Bi9KCUDrnrioom0JJMTNbx8vEchUVTg,dheacory,2026-02-26,"Ohh gitu ya kak, padahal sedang di rawat makanannya pun dalam pengawasan, pas mau CT scan kan puasa dlu kak, dan di chek kg gulanya, ehh tinggi an 😩"
https://www.threads.com/@dheacory/post/DVNOf_8EpIa?xmt=AQG0FeDDdBUZGK3Bi9KCUDrnrioom0JJMTNbx8vEchUVTg,lif_cholifah0612,2026-02-26,Iya kak. Klo stres tubuh otomatis naikin gula darah kak. Semoga kondisi kk lekas membaik ya
https://www.threads.com/@dheacory/post/DVNOf_8EpIa?xmt=AQG0FeDDdBUZGK3Bi9KCUDrnrioom0JJMTNbx8vEchUVTg,dheacory,2026-02-26,"Bukan aku kak, tapi temen ku pas kemo, udah kayak ibu aku"
https://www.threads.com/@dheacory/post/DVNOf_8EpIa?xmt=AQG0FeDDdBUZGK3Bi9KCUDrnrioom0JJMTNbx8vEchUVTg,lif_cholifah0612,2026-02-26,Iya kak. Kirain kk. Semoga beliau lekas diangkat penyakitnya
https://www.threads.com/@dheacory/post/DVNOf_8EpIa?xmt=AQG0FeDDdBUZGK3Bi9KCUDrnrioom0JJMTNbx8vEchUVTg,a_drial,2026-02-26,Udah gak konsumsi gula. Yang masuk kedalam mulut ketika sahur & berbuka tinggi Karbo juga gak kak?
https://www.threads.com/@dheacory/post/DVNOf_8EpIa?xmt=AQG0FeDDdBUZGK3Bi9KCUDrnrioom0JJMTNbx8vEchUVTg,dheacory,2026-02-26,"Enggak bang, hanya protein dan sayur"
https://www.threads.com/@dheacory/post/DVNOf_8EpIa?xmt=AQG0FeDDdBUZGK3Bi9KCUDrnrioom0JJMTNbx8vEchUVTg,oishi_tv,2026-02-26,Di check pake strip mandiri kak? Setelah atau sebelum makan?
https://www.threads.com/@dheacory/post/DVNOf_8EpIa?xmt=AQG0FeDDdBUZGK3Bi9KCUDrnrioom0JJMTNbx8vEchUVTg,dheacory,2026-02-26,"Tidak kak, ini sedang di rawat kak, jd di chek sama susternya"
https://www.threads.com/@dheacory/post/DVNOf_8EpIa?xmt=AQG0FeDDdBUZGK3Bi9KCUDrnrioom0JJMTNbx8vEchUVTg,oishi_tv,2026-02-26,"Faktornya bs ada bbrp hal, kemungkinan krn lg dirawat RS, hormon mood tidak seimbang. Sy aja klo lagi nemenin ibu wktu dirawat, bawaannya feeling blue, apalagi pasien sdh pasti scr sadar atau tidak, merasa stress. Kebetulan bpkku jg penderita diabetes, beliau saat puasa awalnya tinggi tp skr masuk kategori normal ke tinggi(krn efek lansia). Kuncinya ada di jangan stop mendadak asupan glukosa. Pelan aja Apalagi puasa, ada saat dimana terjadi lonjakan gula saat berbuka"
https://www.threads.com/@dheacory/post/DVNOf_8EpIa?xmt=AQG0FeDDdBUZGK3Bi9KCUDrnrioom0JJMTNbx8vEchUVTg,dheacory,2026-02-26,"Ohh gitu kak, jadi nasi makan aja ya kak"
https://www.threads.com/@dheacory/post/DVNOf_8EpIa?xmt=AQG0FeDDdBUZGK3Bi9KCUDrnrioom0JJMTNbx8vEchUVTg,oishi_tv,2026-02-26,"Normal aja, perbanyak air putih. Klo Bpk ku menghadapi lonjakan kadar gula saat lebaran nanti, tiap hari minum teh kayu manis. Scr medis terbukti dapat meningkatkan sensitifitas insulin. Tp obat ttp diminum"
https://www.threads.com/@dheacory/post/DVNOf_8EpIa?xmt=AQG0FeDDdBUZGK3Bi9KCUDrnrioom0JJMTNbx8vEchUVTg,garyvee,2026-02-06,h Deploy joy for others and don’t allow it to trigger your own insecurities
https://www.threads.com/@dheacory/post/DVNOf_8EpIa?xmt=AQG0FeDDdBUZGK3Bi9KCUDrnrioom0JJMTNbx8vEchUVTg,itschristybowie,2026-02-06,"h My biggest flex is not how much money I make. It’s how much I can afford to say no when something no longer feels fully aligned. This week I made a HUGE pivot in my business. The kind where you cut off a major revenue stream, redesign offers that are already selling, and completely change the structure while everyone else is telling you to just “keep scaling what works.” 😅🙃😅"
https://www.threads.com/@dheacory/post/DVNOf_8EpIa?xmt=AQG0FeDDdBUZGK3Bi9KCUDrnrioom0JJMTNbx8vEchUVTg,laurenlopes.author,2026-02-06,h WHO LIKES RETELLINGS
https://www.threads.com/@dheacory/post/DVNOf_8EpIa?xmt=AQG0FeDDdBUZGK3Bi9KCUDrnrioom0JJMTNbx8vEchUVTg,ellie_annnnne,2026-02-06,h Sometimes I think about the fact that I’m used as an object lesson for what happens when you sin at the church I grew up in and honestly that kinda makes me happy.
https://www.threads.com/@dheacory/post/DVNOf_8EpIa?xmt=AQG0FeDDdBUZGK3Bi9KCUDrnrioom0JJMTNbx8vEchUVTg,feministajones,2026-02-06,h I am currently offering two classes in research methods but Threads think I’m too dumb to know how to research treatments for constipation Amazing.
https://www.threads.com/@wenitr1605/post/DTkDa6_j74O?xmt=AQG0FeDDdBUZGK3Bi9KCUDrnrioom0JJMTNbx8vEchUVTg,wenitr1605,2026-01-16,"Ibuku penderita diabetes ada kira tahun.. obat diabetes rutin diminum tiap pagi, ditambah lagi minum ramuan jahe kunyit sereh dan kayu manis buat bantu nurunin kadar gula nya.. tapi mentok nya turun hanya diangka sebelum makan kadang an.. lalu ada org yg anjurin minum jus buah bit, alhamdulillah baru diminum seminggu ee gula darah puasa nya turun jadi ... Suatu pencapaian yg luar biasa.. ini masih terus konsumsi semoga bisa lepas obat... Aamiin"
https://www.threads.com/@wenitr1605/post/DTkDa6_j74O?xmt=AQG0FeDDdBUZGK3Bi9KCUDrnrioom0JJMTNbx8vEchUVTg,annisyachair,2026-01-16,Akuuu jg sering bikin jus bit kk Aku jg jualin eh banyak yg minat Paling enak mix apel nanas jahe
https://www.threads.com/@wenitr1605/post/DTkDa6_j74O?xmt=AQG0FeDDdBUZGK3Bi9KCUDrnrioom0JJMTNbx8vEchUVTg,mightyellow,2026-01-16,"kalau rutin minum buat bit jangan lebih dari ml per hari kak, dan jangan lupa rutin juga cek fungsi ginjal. Semoga sehat kembali ibunya"
https://www.threads.com/@wenitr1605/post/DTkDa6_j74O?xmt=AQG0FeDDdBUZGK3Bi9KCUDrnrioom0JJMTNbx8vEchUVTg,wenitr1605,2026-01-17,Iya terima kasih kk
https://www.threads.com/@wenitr1605/post/DTkDa6_j74O?xmt=AQG0FeDDdBUZGK3Bi9KCUDrnrioom0JJMTNbx8vEchUVTg,lutfi_bw,2026-01-16,Cara yg paling bagus adalah dgn puasa
https://www.threads.com/@wenitr1605/post/DTkDa6_j74O?xmt=AQG0FeDDdBUZGK3Bi9KCUDrnrioom0JJMTNbx8vEchUVTg,d_darma_wati,2026-01-16,jangan lupa jaga aktivitas fisik dan kelola stress Stress bisa bikin tiba-tiba GD melonjak Salam sehat buat ibunya
https://www.threads.com/@wenitr1605/post/DTkDa6_j74O?xmt=AQG0FeDDdBUZGK3Bi9KCUDrnrioom0JJMTNbx8vEchUVTg,wenitr1605,2026-01-16,"Iya kk, terima kasih doa nya"
https://www.threads.com/@wenitr1605/post/DTkDa6_j74O?xmt=AQG0FeDDdBUZGK3Bi9KCUDrnrioom0JJMTNbx8vEchUVTg,srieharmisiregar,2026-01-17,Bit nya berapa buah dan di jus dengan berapa cc air? Pakai juicer atau blender? Diminum pagi /siang/malam? Diminum perut kosong atau habis makan? Maaf nanya krn sy mau ikutin spt itu
https://www.threads.com/@wenitr1605/post/DTkDa6_j74O?xmt=AQG0FeDDdBUZGK3Bi9KCUDrnrioom0JJMTNbx8vEchUVTg,wenitr1605,2026-01-17,Pake blender kk.. minum nya sore kalo ibuku setelah makan
https://www.threads.com/@wenitr1605/post/DTkDa6_j74O?xmt=AQG0FeDDdBUZGK3Bi9KCUDrnrioom0JJMTNbx8vEchUVTg,nurulainicans,2026-01-16,Selama minum jus..obat dokternya di minum gak kak Terus minum jusnya sehari berapa kali..
https://www.threads.com/@wenitr1605/post/DTkDa6_j74O?xmt=AQG0FeDDdBUZGK3Bi9KCUDrnrioom0JJMTNbx8vEchUVTg,wenitr1605,2026-01-16,"Untuk sementarara ini masih, karna minum jus buah bit nya baru satu minggu... Tapi gula darah puasa sudah mulai bagus.. minum jus nya sekali sehari saja"
https://www.threads.com/@wenitr1605/post/DTkDa6_j74O?xmt=AQG0FeDDdBUZGK3Bi9KCUDrnrioom0JJMTNbx8vEchUVTg,nurulainicans,2026-01-16,Makasih infonya .karena saya juga diabet
https://www.threads.com/@wenitr1605/post/DTkDa6_j74O?xmt=AQG0FeDDdBUZGK3Bi9KCUDrnrioom0JJMTNbx8vEchUVTg,laukpauksemarang,2026-01-16,Wah terimakasih infonya kak Aku mau coba juga Guldar tdnya Tp pengen jadi normal guldarnya
https://www.threads.com/@wenitr1605/post/DTkDa6_j74O?xmt=AQG0FeDDdBUZGK3Bi9KCUDrnrioom0JJMTNbx8vEchUVTg,wenitr1605,2026-01-16,"Aamiin coba aja kak, btw minum jus buah bit beserta ampas nya ya kak, karna ibuku seperti itu minum nya..."
https://www.threads.com/@wenitr1605/post/DTkDa6_j74O?xmt=AQG0FeDDdBUZGK3Bi9KCUDrnrioom0JJMTNbx8vEchUVTg,dheekahanie,2026-01-17,"Waduh thx masukannya kak...itu jusnya pahit ga y? Blum pernah coba..btw, kalo dokter blum nganjurin lepas obat tetep ya kak ibunya harus minum..diabetes setauku emang harus minum obat"
https://www.threads.com/@wenitr1605/post/DTkDa6_j74O?xmt=AQG0FeDDdBUZGK3Bi9KCUDrnrioom0JJMTNbx8vEchUVTg,wenitr1605,2026-01-17,"Gak pait buah nya kk, seger... Iya masih minum obat jg ibu sy..."
https://www.threads.com/@wenitr1605/post/DTkDa6_j74O?xmt=AQG0FeDDdBUZGK3Bi9KCUDrnrioom0JJMTNbx8vEchUVTg,tigo.wibowo,2026-01-17,"kak, jng bercanda, bit dibilang seger 😁"
https://www.threads.com/@wenitr1605/post/DTkDa6_j74O?xmt=AQG0FeDDdBUZGK3Bi9KCUDrnrioom0JJMTNbx8vEchUVTg,wenitr1605,2026-01-17,Hahaha seger menjurus ke anyep dikit kk 🤭
https://www.threads.com/@wenitr1605/post/DTkDa6_j74O?xmt=AQG0FeDDdBUZGK3Bi9KCUDrnrioom0JJMTNbx8vEchUVTg,annisa.ghina.imaniar,2026-01-17,"Tetep gabisa lepas obat kak, bisa tinggi lagi walaupun tetap minum buah bit, bahaya nanti ginjalnya"
https://www.threads.com/@wenitr1605/post/DTkDa6_j74O?xmt=AQG0FeDDdBUZGK3Bi9KCUDrnrioom0JJMTNbx8vEchUVTg,wenitr1605,2026-01-17,Iya kk terima kasih
https://www.threads.com/@wenitr1605/post/DTkDa6_j74O?xmt=AQG0FeDDdBUZGK3Bi9KCUDrnrioom0JJMTNbx8vEchUVTg,nusantara.pdf,2026-01-17,"Ka kalau dokter sudah ada bilang minum obat seumur hidup tolong ikuti aja apa kata dokter, dokter itu lebih tau. Biasanya kalau obat di stop minum bakal komplikasi."
https://www.threads.com/@wenitr1605/post/DTkDa6_j74O?xmt=AQG0FeDDdBUZGK3Bi9KCUDrnrioom0JJMTNbx8vEchUVTg,liongvincentchristian,2026-01-17,Masalahnya tidak ada penyakit yg bisa beneran sembuh. Yang ada cuma meredam gejala. Rutin meredam sambil diperhitungkan efek samping obat akan mengakibatkan perlu obat lain. Idealnya tindakan meredam tidak memiliki efek samping sehingga aman jika pemakaian terus menumpuk seumur hidup.
https://www.threads.com/@wenitr1605/post/DTkDa6_j74O?xmt=AQG0FeDDdBUZGK3Bi9KCUDrnrioom0JJMTNbx8vEchUVTg,sag.ittaria,2026-01-17,"Jaga makan, olahraga setelah makan, jangan lepas obat tanpa rekomendasi dokter ya. Konsultasikan juga ke dokternya apakah boleh minum jus bit seperti itu, takut ada efek sampingnya. Saya hanya minum obat dokter, jaga pola hidup sehat, alhamdulillah lepas obat. Semoga ibunya bisa lepas obat juga ya🙂"
https://www.threads.com/@wenitr1605/post/DTkDa6_j74O?xmt=AQG0FeDDdBUZGK3Bi9KCUDrnrioom0JJMTNbx8vEchUVTg,wenitr1605,2026-01-17,Aamiinn makasih kk
https://www.threads.com/@wenitr1605/post/DTkDa6_j74O?xmt=AQG0FeDDdBUZGK3Bi9KCUDrnrioom0JJMTNbx8vEchUVTg,yuliyeti16,2026-01-16,Minum jusnya kapan? Apa sebelum sarapan apa kapan saja?
https://www.threads.com/@wenitr1605/post/DTkDa6_j74O?xmt=AQG0FeDDdBUZGK3Bi9KCUDrnrioom0JJMTNbx8vEchUVTg,wenitr1605,2026-01-17,Kalo ibuku biasanya sore hari kk
https://www.threads.com/@wenitr1605/post/DTkDa6_j74O?xmt=AQG0FeDDdBUZGK3Bi9KCUDrnrioom0JJMTNbx8vEchUVTg,triwahyuni_sk,2026-01-16,Minumnya berapa kali sehari? Berapa gelas?
https://www.threads.com/@wenitr1605/post/DTkDa6_j74O?xmt=AQG0FeDDdBUZGK3Bi9KCUDrnrioom0JJMTNbx8vEchUVTg,wenitr1605,2026-01-16,Minum nya cukup kali sehari.. buah bit nya dijus dgn sedikit air lalu diminum beserta ampasnya
https://www.threads.com/@wenitr1605/post/DTkDa6_j74O?xmt=AQG0FeDDdBUZGK3Bi9KCUDrnrioom0JJMTNbx8vEchUVTg,gendhismomy,2026-01-16,Berarti mentah yaa? Soalnya ada jg yg ngasih tau bisa minum rebusannya
https://www.threads.com/@wenitr1605/post/DTkDa6_j74O?xmt=AQG0FeDDdBUZGK3Bi9KCUDrnrioom0JJMTNbx8vEchUVTg,wenitr1605,2026-01-16,Kalo ibuku di jus mentah kk
https://www.threads.com/@wenitr1605/post/DTkDa6_j74O?xmt=AQG0FeDDdBUZGK3Bi9KCUDrnrioom0JJMTNbx8vEchUVTg,candy_mochtar_usman,2026-01-16,Klo gula darah masih tinggi setelah minum obat sebaiknya k Dr Internist di cari penyebabnya
https://www.threads.com/@wenitr1605/post/DTkDa6_j74O?xmt=AQG0FeDDdBUZGK3Bi9KCUDrnrioom0JJMTNbx8vEchUVTg,vivi.hannafi,2026-01-17,Kalo saya lebih suka di makan mentah enak mirip bengkuang rasanya
https://www.threads.com/@wenitr1605/post/DTkDa6_j74O?xmt=AQG0FeDDdBUZGK3Bi9KCUDrnrioom0JJMTNbx8vEchUVTg,governorshapiro,2026-02-06,"h ALL of our neighboring states have raised their minimum wage. If we want our next generation to stay here in Pennsylvania and contribute to our economy, then we need to raise our minimum wage. The PA House has done its part. It’s time for Senate Republicans to follow their lead."
https://www.threads.com/@wenitr1605/post/DTkDa6_j74O?xmt=AQG0FeDDdBUZGK3Bi9KCUDrnrioom0JJMTNbx8vEchUVTg,ellen_mint_author,2026-02-06,h Remember when MAGA were threatening to turn Trump into a second pope?
https://www.threads.com/@wenitr1605/post/DTkDa6_j74O?xmt=AQG0FeDDdBUZGK3Bi9KCUDrnrioom0JJMTNbx8vEchUVTg,her.name.is.what,2026-02-06,chronicillness h I saw the post of the woman who said she gets enraged when childless people say they're tired. *Laughs in chronic illness and post-exertional malaise*
https://www.threads.com/@wenitr1605/post/DTkDa6_j74O?xmt=AQG0FeDDdBUZGK3Bi9KCUDrnrioom0JJMTNbx8vEchUVTg,tsmarymagdalene,2026-02-06,h changing my name to Dusty Nugget
https://www.threads.com/@wenitr1605/post/DTkDa6_j74O?xmt=AQG0FeDDdBUZGK3Bi9KCUDrnrioom0JJMTNbx8vEchUVTg,jjackyliang,2026-02-06,h sentiment is slowly shifting against a certain lab
https://www.threads.com/@shirouchaaa/post/DVVkKgmgXFz?xmt=AQG0FeDDdBUZGK3Bi9KCUDrnrioom0JJMTNbx8vEchUVTg,shirouchaaa,2026-03-01,"Temanku baru saja meninggal karena diabetes udah cuci darah seminggu x. Karena minum kukubima dll. Ga tau selebihnya Sedangkan aku juga mayan parah minumnya, minuman racikan kopi gula aren eskrim, kadang kukubima dll. Ga olahraga. Kalau boleh tau ada yang tau nggak sih ciri atau gejala diabetes yang akan memburuk?"
https://www.threads.com/@shirouchaaa/post/DVVkKgmgXFz?xmt=AQG0FeDDdBUZGK3Bi9KCUDrnrioom0JJMTNbx8vEchUVTg,shirouchaaa,2026-03-01,Ngeri baca komentar nya. 😭
https://www.threads.com/@shirouchaaa/post/DVVkKgmgXFz?xmt=AQG0FeDDdBUZGK3Bi9KCUDrnrioom0JJMTNbx8vEchUVTg,aldipungki,2026-03-01,"Bukan ngeri kita hanya menasehati saja , saya diabetes+hipertensi di usia tahun ketahuan diabetes hipertensi di usia gaya hidup di rubah lebih sehat + obat dan rajin kontrol dan cek gula+tensi alhamdulillah sdh lebih stabil intinya segera cek daripada nunggu ada komplikasi"
https://www.threads.com/@shirouchaaa/post/DVVkKgmgXFz?xmt=AQG0FeDDdBUZGK3Bi9KCUDrnrioom0JJMTNbx8vEchUVTg,aldipungki,2026-03-01,"Hipertensi kalau tidak terkontrol yang kena bisa jantung, ginjal, struk , diabet kalau tidak segera di kontrol yang kena bisa ke mana² sama serperti hioertensi + kalau mata jadi kabur sampai buta , luka tidak bisa kunjung sembuh bisa berahir amputasi dll"
https://www.threads.com/@shirouchaaa/post/DVVkKgmgXFz?xmt=AQG0FeDDdBUZGK3Bi9KCUDrnrioom0JJMTNbx8vEchUVTg,shirouchaaa,2026-03-02,"Terimakasih sudah kasih saran. Aku bingung balas gimana karena agak takut aja, tapi aku baca kok."
https://www.threads.com/@shirouchaaa/post/DVVkKgmgXFz?xmt=AQG0FeDDdBUZGK3Bi9KCUDrnrioom0JJMTNbx8vEchUVTg,aldipungki,2026-03-01,"Diabet tidak akan terasa sama seperti hipertensi , kalaumau cek darah gula puasa sama gula pp , tapi ciri umumnya suka kencing malam hari tidak hanya sekali bisa berulang kali ada yang mata kabur , bb turun drastis tapi paling rnak cek gula darah saja intinya kalau gula puasa di atas itu sdh masuk pre kalau diatas - sdh diabetes gula pp di atas sdh pasti diabetes"
https://www.threads.com/@shirouchaaa/post/DVVkKgmgXFz?xmt=AQG0FeDDdBUZGK3Bi9KCUDrnrioom0JJMTNbx8vEchUVTg,aldipungki,2026-03-01,Sedini mungkin ketahuan akan meminimalisir kerusakan organ mau diabet ataupun hipertensi dan pasti kalau sdh + harus minum obat tidak boleh putus karena itu initinya
https://www.threads.com/@shirouchaaa/post/DVVkKgmgXFz?xmt=AQG0FeDDdBUZGK3Bi9KCUDrnrioom0JJMTNbx8vEchUVTg,mataharijinggaaja,2026-03-01,"Ke lab aja ka test hba c. Karena gejala beda beda Ketiduran di kantor, lagi meeting tau ngorok, leher hitam, siku hitam, ada kutil tumbuh, kesemutan, gatal gatal, luka ga sembuh, pipis terus terutama kebangun saat tidur buat pipis."
https://www.threads.com/@shirouchaaa/post/DVVkKgmgXFz?xmt=AQG0FeDDdBUZGK3Bi9KCUDrnrioom0JJMTNbx8vEchUVTg,hutagalungfm,2026-03-02,"Kalau cuma buat tegakkin diagnosis ga perlu amat sih periksa hba c, cuku gula darah puasa dan jam stlah ditambah gejala P"
https://www.threads.com/@shirouchaaa/post/DVVkKgmgXFz?xmt=AQG0FeDDdBUZGK3Bi9KCUDrnrioom0JJMTNbx8vEchUVTg,story_of_redward,2026-03-01,diabetes itu lebih banyak dpengaruhi oleh keturunan...apabila ortu atau kakek nenek ada yg diabetes ..kemungkinan % lebih akan terkena...apabila tdk ada...menurut saya aman aman saja ....paling paling kl makannya tdk terkontrol ya ujung nya kena kolesterol Dan stroke pembuluh darah
https://www.threads.com/@shirouchaaa/post/DVVkKgmgXFz?xmt=AQG0FeDDdBUZGK3Bi9KCUDrnrioom0JJMTNbx8vEchUVTg,yogsadius,2026-03-01,Bang puasa jam trus lngsung ke lab rumah sakit aja. Ambil paket MCU darah lengkap. Kalau perut abang besar sklian usg abdomen juga. Buat kira kira cek darah urin lengkap itu - njuta. Yang sama paket ekg ronsen usg abdomen diatas itu Lebih baik deteksi sejak dini bang. Diabetes “the mother of all desease” Pintu komplikasi berbagai penyakit
https://www.threads.com/@shirouchaaa/post/DVVkKgmgXFz?xmt=AQG0FeDDdBUZGK3Bi9KCUDrnrioom0JJMTNbx8vEchUVTg,magdalena_aqnes,2026-03-01,"Suka haus, pipis terus, lapar tak tertahankan tp BB turun drastis. Klu mau tahu sebaiknya tes gula darah. Mulai skrg stop dulu minum manis, sirup². Makan nasi putih msh OK tp ya jumlahnya disesuaikan yg bagus. Klu uda kena diabetes, ada obat yg hrs rajin dikonsumsi spy gula darah terkontrol."
https://www.threads.com/@shirouchaaa/post/DVVkKgmgXFz?xmt=AQG0FeDDdBUZGK3Bi9KCUDrnrioom0JJMTNbx8vEchUVTg,icaica1203,2026-03-02,Malam sring kencing Sering lapar walau makan banyak Ngantukan Badan tiba kurus
https://www.threads.com/@shirouchaaa/post/DVVkKgmgXFz?xmt=AQG0FeDDdBUZGK3Bi9KCUDrnrioom0JJMTNbx8vEchUVTg,yokky_s777,2026-03-01,"Tdk usah meraba . Tdk usah mengira . Ke lab saja. Periksa: HBA C, GD puasa, GD jpp. Biar jelas. Soale klo bicara gejala, biasanya stadium awal blm bergejala. Gangguan organ klo sdh std lanjut, baru memberikan gejala & keluhan. Skalian cek jg bgmn fungsi ginjalnya di lab."
https://www.threads.com/@shirouchaaa/post/DVVkKgmgXFz?xmt=AQG0FeDDdBUZGK3Bi9KCUDrnrioom0JJMTNbx8vEchUVTg,pringadisurya,2026-03-01,Tes darah saja sudah. Kalau angkanya lewat batas tertentu ya sudah diabetes. Kalau angkanya kelewat banyak ya parah.
https://www.threads.com/@shirouchaaa/post/DVVkKgmgXFz?xmt=AQG0FeDDdBUZGK3Bi9KCUDrnrioom0JJMTNbx8vEchUVTg,vanepan13,2026-03-01,Kulit leher hitam
https://www.threads.com/@shirouchaaa/post/DVVkKgmgXFz?xmt=AQG0FeDDdBUZGK3Bi9KCUDrnrioom0JJMTNbx8vEchUVTg,han.dy88,2026-03-02,Yg bner bang ? Kok baru denger
https://www.threads.com/@shirouchaaa/post/DVVkKgmgXFz?xmt=AQG0FeDDdBUZGK3Bi9KCUDrnrioom0JJMTNbx8vEchUVTg,ancancah,2026-03-01,"Saya diabetes type ...saran saya cek gula darah aja ke dokter/puskesmas/ atau rumah sakit..atau bisa beli alat cek gula darah (glucometer)..klo hasilnya jam setelah makan dibawah mg/dl..berarti aman..klo diatas - mg/dl berarti pradiabetes..diatas mg/dl diabetes,"
https://www.threads.com/@shirouchaaa/post/DVVkKgmgXFz?xmt=AQG0FeDDdBUZGK3Bi9KCUDrnrioom0JJMTNbx8vEchUVTg,cerlta_kakl,2026-03-31,"seperti yg abang bilang. luruskan mindset. positif thinking & jaga hati. cukup kepala yg mumet tp jgn ijinin bawa masuk kehati. klo mindset udh sehat, inshaaAllah utk ngembaliin kesehatan fisik jd lebih memungkinkan. Mudah an 🙏🏼"
https://www.threads.com/@shirouchaaa/post/DVVkKgmgXFz?xmt=AQG0FeDDdBUZGK3Bi9KCUDrnrioom0JJMTNbx8vEchUVTg,hasan.muharram,2026-03-02,Kaki bengkak di bagian punggung kaki. Pergelangan kaki dan sekitar jempol terasa nyeri. Perubahan warna kulit pada punggung kaki san sekitar jari kaki.
https://www.threads.com/@shirouchaaa/post/DVVkKgmgXFz?xmt=AQG0FeDDdBUZGK3Bi9KCUDrnrioom0JJMTNbx8vEchUVTg,hendrik_awuy,2026-03-02,Percayalah. Kalau ciri diabetes sudah muncul bisa dibilang sudah parah. Jadi lebih baik stop langsung atau langsung rajin beli polis asuransi
https://www.threads.com/@shirouchaaa/post/DVVkKgmgXFz?xmt=AQG0FeDDdBUZGK3Bi9KCUDrnrioom0JJMTNbx8vEchUVTg,programmer30an,2026-03-01,Kukub*ma emang enak tuh. Makanya aku gak sering-sering minumnya. Mending kopi item sih cuman ya namanya manusia ya normal craving minuman yang manis-manis begitu
https://www.threads.com/@shirouchaaa/post/DVVkKgmgXFz?xmt=AQG0FeDDdBUZGK3Bi9KCUDrnrioom0JJMTNbx8vEchUVTg,shinta_traveller01,2026-03-02,"Salah satu cirinya sering kencing di malam hari, jd kalau kencing lebih dari x langsung cek gula darahnya aja"
https://www.threads.com/@shirouchaaa/post/DVVkKgmgXFz?xmt=AQG0FeDDdBUZGK3Bi9KCUDrnrioom0JJMTNbx8vEchUVTg,bjornnesy,2026-03-01,"jam setelah makan pergi ke apotik, minta cek gula darah. klo gula darah tembus antara - itu berarti lu masuk pre-diabetes, tapi klo udah diatas lu fix udah kena diabetes. tahu kan kenapa diabetes disebut silent killer? karena klo badan lu udah limit lu bakal kolaps tanpa warning"
https://www.threads.com/@shirouchaaa/post/DVVkKgmgXFz?xmt=AQG0FeDDdBUZGK3Bi9KCUDrnrioom0JJMTNbx8vEchUVTg,erina_azz16,2026-03-02,Cek lab ke puskesmas aja bang pakai BPJS gratis. Bilang mau cek darah lengkap. Kalo bayar pun paling rb an. Aku dan suamiku tiap bulan sekali cek di puskesmas
https://www.threads.com/@shirouchaaa/post/DVVkKgmgXFz?xmt=AQG0FeDDdBUZGK3Bi9KCUDrnrioom0JJMTNbx8vEchUVTg,ihsan_azf,2026-03-01,cek gula darah aja bang.. mayan terjangkau itu diklinik.. kalau dari fisik temen ane yg kena diabetes.. (maaf) lehernya gelap bang.. 🙏
https://www.threads.com/@shirouchaaa/post/DVVkKgmgXFz?xmt=AQG0FeDDdBUZGK3Bi9KCUDrnrioom0JJMTNbx8vEchUVTg,idahapsarii,2026-03-04,"aku penderita diabetes, dulu gejala awal sering pipis malem hari, mudah haus & laper juga. minuman kemasan dihindari kak, kalo pengen minum manis pake gula pengganti nulife sweetener/stevia biar lebih aman"
https://www.threads.com/@shirouchaaa/post/DVVkKgmgXFz?xmt=AQG0FeDDdBUZGK3Bi9KCUDrnrioom0JJMTNbx8vEchUVTg,fananigram,2026-03-02,Rajin Olahraga pun ginjal tetep kerja keras nyaring minuman itu.. minum oralit aja klo suka olahraga..ama penuhi kebutuhan air putih itu wajib. .
https://www.threads.com/@shirouchaaa/post/DVVkKgmgXFz?xmt=AQG0FeDDdBUZGK3Bi9KCUDrnrioom0JJMTNbx8vEchUVTg,elsa.harlie,2026-03-06,"mudah laper, sering pipis, ngantukan. kalo berasa udah kerasa itu rutin olahraga angkat beban, otot bisa nyerap glukosa. kalo pengen minum manis ganti gula nya pake nulife diabetasol biar aman"
https://www.threads.com/@shirouchaaa/post/DVVkKgmgXFz?xmt=AQG0FeDDdBUZGK3Bi9KCUDrnrioom0JJMTNbx8vEchUVTg,knewgoat,2026-02-06,h I don’t know which artists needs to hear this but Biggie gave the world albums and yall still can’t touch him.
https://www.threads.com/@shirouchaaa/post/DVVkKgmgXFz?xmt=AQG0FeDDdBUZGK3Bi9KCUDrnrioom0JJMTNbx8vEchUVTg,anarchotradwife,2026-02-06,"h at this point I firmly believe that ""it's not left vs. right, it's top vs. bottom"" is an anti-communist psyop disguised as class consciousness, based purely on how many normies latched on to it immediately and how it seems designed to muddy the waters of political discourse by ignoring the entire history of explicitly left-wing organizing in the US"
https://www.threads.com/@shirouchaaa/post/DVVkKgmgXFz?xmt=AQG0FeDDdBUZGK3Bi9KCUDrnrioom0JJMTNbx8vEchUVTg,aliahsheffield,2026-02-06,h This content is unavailable
https://www.threads.com/@shirouchaaa/post/DVVkKgmgXFz?xmt=AQG0FeDDdBUZGK3Bi9KCUDrnrioom0JJMTNbx8vEchUVTg,thejustinwelsh,2026-02-06,"h The longer I'm alive, the more I notice that % of people overcomplicate living well. Learn to earn money on your own, keep yourself in good physical shape, and build strong relationships. Congrats. You've won."
https://www.threads.com/@shirouchaaa/post/DVVkKgmgXFz?xmt=AQG0FeDDdBUZGK3Bi9KCUDrnrioom0JJMTNbx8vEchUVTg,pschoett,2026-02-06,h We're talking about voting law controversies in Intro to American Politics today so I have to go and update my slide where I present an outline of the Voting Rights Act and update it for yet another precedent -breaking Supreme Court decision... *sigh*
https://www.threads.com/@roycelimindra/post/DVsVPuLknNL?xmt=AQG0FeDDdBUZGK3Bi9KCUDrnrioom0JJMTNbx8vEchUVTg,roycelimindra,2026-03-10,"Setelah tahun rutin melakukan Medical Check Up (pemeriksaan kesehatan umum) untuk deteksi penyakit di usia tahun akhirnya saya sadar kesalahan ini : [Catatan : bukan saran medis, ini hanyalah perenungan dari sisi pasien] Penyakit tidak datang tiba tiba, diabetes selalu datang dari pre diabetes dan Gula Darah Puasa yang terlihat lebih tinggi. Gagal ginjal Kronis tidak terjadi tiba tiba, tetapi dari tensi tinggi, gejala asam urat tinggi dan penurunan fungsi ginjal secara bertahap."
https://www.threads.com/@roycelimindra/post/DVsVPuLknNL?xmt=AQG0FeDDdBUZGK3Bi9KCUDrnrioom0JJMTNbx8vEchUVTg,roycelimindra,2026-03-10,MCU untuk deteksi dini penyakit sebelum sakitnya parah Dan sudah terlambat untuk ditangani Berikut adalah alasan kenapa banyak orang tidak melakukan MCU / deteksi dini : . Biayanya mahal atau alasan ekonomi . Gak rela keluar uang setahun sekali untuk deteksi dini . Takut menghadapi kenyataan kalau badannya gak sehat . Merasa cek Darah tidak penting / merasa sehat karena tidak ada gejala sakit . Tidak tau untuk apa dan apa saja yg harus dicek / ketidaktahuan tentang kesehatan
https://www.threads.com/@roycelimindra/post/DVsVPuLknNL?xmt=AQG0FeDDdBUZGK3Bi9KCUDrnrioom0JJMTNbx8vEchUVTg,roycelimindra,2026-03-10,"Tidak pernah MCU menjadi risiko ketika sudah sakit (umumnya sudah parah) Sedangkan orang orang yang rutin melakukan MCU ternyata juga gak luput dari kesalahan Kesalahan orang yg MCU : - mereka cek, tapi mereka bandel atau tidak mengerjakan PR bagian mana dari kesehatan mereka yg perlu jadi perhatian khusus untuk segera diperbaiki Mereka tidak mengubah pola makan, mereka juga tidak mengubah gaya hidup sehingga Tujuan MCU supaya orang melakukan Perubahan supaya lebih sehat tidak terjadi"
https://www.threads.com/@roycelimindra/post/DVsVPuLknNL?xmt=AQG0FeDDdBUZGK3Bi9KCUDrnrioom0JJMTNbx8vEchUVTg,roycelimindra,2026-03-10,"Barusan sy konsultasi dengan teman sy seorang dokter, beliau mengatakan bahwa ada kesalahan minor Namun jarang disadari yaitu : - mereka yg rutin Check Up Namun mereka lalai dan tidak membandingkan hasil terdahulu dengan hasil terkini setelah mereka melakukan Perubahan pola makan Dan olahraga Tujuan dari membandingkan adalah mengkonfirmasi Dan mengkoreksi pola makan, olahraga, dan gaya hidup kita sehingga kita tau dengan pasti apa yg kita lakukan LAYAK DIPERJUANGKAN Ada yg mau menambahkan?"
https://www.threads.com/@roycelimindra/post/DVsVPuLknNL?xmt=AQG0FeDDdBUZGK3Bi9KCUDrnrioom0JJMTNbx8vEchUVTg,roycelimindra,2026-03-10,Buat temen temen yg baca UTAS saya apa aja yg perlu diperiksa pada saat MCU untuk deteksi awal penyakit bisa nonton ini Ijin share ya Dok @dokterdecsa 🙏🙏🙏 Terima kasih Pak Dokter youtu.be/ ZZn… youtube.com Medical Check Up (MCU) : Cara TERBAIK memonitor KESEHATANMU dari PENYAKIT TERSEMBUNYI
https://www.threads.com/@roycelimindra/post/DVsVPuLknNL?xmt=AQG0FeDDdBUZGK3Bi9KCUDrnrioom0JJMTNbx8vEchUVTg,arsulakso,2026-03-10,Prediabetes kl ga diobati akna jadi diabetes beneran. Paling diperlambat jika gaya hidup sehat. Jika diobati mungkin akan reverse
https://www.threads.com/@roycelimindra/post/DVsVPuLknNL?xmt=AQG0FeDDdBUZGK3Bi9KCUDrnrioom0JJMTNbx8vEchUVTg,roycelimindra,2026-03-10,"Benar, prediabetes lebih mudah diobati daripada diabetes Deteksi dini bisa segera merubah pola makan Dan gaya hidup, itulah fungsinya Medical Check Up Terima kasih sudah berkomentar 😊🙏"
https://www.threads.com/@roycelimindra/post/DVsVPuLknNL?xmt=AQG0FeDDdBUZGK3Bi9KCUDrnrioom0JJMTNbx8vEchUVTg,kuntadewii,2026-04-06,"Diabetes maupun hipertensi itu silent killer, merusak dari dalam. Semenjak ibuku kena diabetes mikir banget kondisi ibuku, mikir diriku sendiri apakah akan turun ke anaknya. Sampai skrng ga pernah stok gula lagi dirumah, aku kalo masak atau bikin minum manis pake gula pengganti nulife diabetasol atau Stevia, takut banget kalo pake gula"
https://www.threads.com/@roycelimindra/post/DVsVPuLknNL?xmt=AQG0FeDDdBUZGK3Bi9KCUDrnrioom0JJMTNbx8vEchUVTg,roycelimindra,2026-04-06,"Keren Kesadarannya kak 😊🙏 Uji cerita : saya skrg sudah menemukan keseimbangan antara pola makan yg nyaman, Namun tetap menjaga risiko diabetes tetap rendah, daripada hidup dalam ketakutan. Fyi di kepala sy ada tumor yg mana sedang saya jaga supaya tidak kembali besar. Thn ukurannya cm kubik Sekarang ukurannya cm kubik Mungkin mengecil karena Pola makan sy rendah karbohidrat Dan rendah gula"
https://www.threads.com/@roycelimindra/post/DVsVPuLknNL?xmt=AQG0FeDDdBUZGK3Bi9KCUDrnrioom0JJMTNbx8vEchUVTg,roycelimindra,2026-04-06,"Kita mesti menemukan ""Dietary Adherence"" versi kita sendiri yang Artinya : kepatuhan, ketaatan, kesetiaan terhadap aturan, rekomendasi pola makan yg sedang kita jalankan. Sejauh mana kita bisa patuh, taat Dan hasilnya bagus atau jelek, penilaian dilakukan di Medical Check Up, PR apa yg perlu kita perbaiki Sehat sehat selalu kak 😊🙏"
https://www.threads.com/@roycelimindra/post/DVsVPuLknNL?xmt=AQG0FeDDdBUZGK3Bi9KCUDrnrioom0JJMTNbx8vEchUVTg,andymahendr,2026-03-10,"Ijin menambahkan, yaitu kemampuan kita orang awam utk membaca sendiri hasil mcu kita.. Dengan memahami angka yg tertera, kita bisa validasi pemahaman kita bersama tenaga kesehatan nanti saat konsul.. Angka itu representasi kita, dan harusnya kita yg paling memahami diri kita sendiri.. Imho..😊👍"
https://www.threads.com/@roycelimindra/post/DVsVPuLknNL?xmt=AQG0FeDDdBUZGK3Bi9KCUDrnrioom0JJMTNbx8vEchUVTg,roycelimindra,2026-03-10,Ini bener banget 💯 Seratus buat kakak Sebagai contoh : Jika SGOT nya tinggi (ini biasanya orgnya suka minum alkohol) Jika SGPT tinggi (kemungkinan besar orgnya obesitas Dan perutnya buncit) Terima kasih sudah berkomentar
https://www.threads.com/@roycelimindra/post/DVsVPuLknNL?xmt=AQG0FeDDdBUZGK3Bi9KCUDrnrioom0JJMTNbx8vEchUVTg,enung_nurbadzuri,2026-03-10,"Besok jadwal saya cek diabetes, asam urat dan kolesterol.. Tiap bulan rutin cek hal itu.. Tapi saya bingung. Bagusnya di jam berapa yaa cek gula darahnya ? Saya baru cek cek itu aja. Yang lainnya belum. Soalnya ke rumah sakit jaraknya jauh. Mendengerkan penjelasannya jadi pengen MCU deh. Benerann deh harus maksain."
https://www.threads.com/@roycelimindra/post/DVsVPuLknNL?xmt=AQG0FeDDdBUZGK3Bi9KCUDrnrioom0JJMTNbx8vEchUVTg,roycelimindra,2026-03-10,"Bagusnya jam setelah terakhir kali kakak makan malam. Misal jam makan malam, maka cek nya jam pagi, jangan jam pagi karena puasa jam jadinya gambaran gula darah jadi terlalu bagus, alias kurang akurat 🙏 Sebaiknya MCU kak Cek gula darah, asam urat Dan kolesterol hanya digunakan jika kondisi diabetes saja"
https://www.threads.com/@roycelimindra/post/DVsVPuLknNL?xmt=AQG0FeDDdBUZGK3Bi9KCUDrnrioom0JJMTNbx8vEchUVTg,liaikromah,2026-03-10,Om doain ya semoga tahun ini saya memberanikan diri buat MCU Karna udh masuk usia thn
https://www.threads.com/@roycelimindra/post/DVsVPuLknNL?xmt=AQG0FeDDdBUZGK3Bi9KCUDrnrioom0JJMTNbx8vEchUVTg,roycelimindra,2026-03-11,"Semoga hasilnya bagus 💯 Hasil lab bukanlah sesuatu yg perlu ditakuti kecuali kakak datang dengan kondisi gangguan kesehatan yg mengarah pada organ ginjal (bisa kok dibaca di Internet) Jika hasilnya Gula darah tinggi, komposisi kolesterol jelek, asam urat, hati mengarah pada perlemakan, yang seperti ini tinggal diubah pola makan Dan gaya hidup nya aja Dan bagi kebanyakan orang, perubahan makan Dan gaya hidup lebih sulit daripada sekedar tarik darah dan melihat hasilnya Semangat kak ✊"
https://www.threads.com/@roycelimindra/post/DVsVPuLknNL?xmt=AQG0FeDDdBUZGK3Bi9KCUDrnrioom0JJMTNbx8vEchUVTg,liaikromah,2026-03-11,Alhamdullilah udh tahun ini udh ubah pola makan Cuma gak berani untuk MCU Takut bawaan ny Takut sama hasil ny
https://www.threads.com/@roycelimindra/post/DVsVPuLknNL?xmt=AQG0FeDDdBUZGK3Bi9KCUDrnrioom0JJMTNbx8vEchUVTg,roycelimindra,2026-03-11,"Lebih Takut lagi kalau cek lab saat sudah sakit kak Mungkin bukan Takut, tapi belum siap untuk tau"
https://www.threads.com/@roycelimindra/post/DVsVPuLknNL?xmt=AQG0FeDDdBUZGK3Bi9KCUDrnrioom0JJMTNbx8vEchUVTg,liaikromah,2026-03-11,Terimakasih ya om untuk support ny
https://www.threads.com/@roycelimindra/post/DVsVPuLknNL?xmt=AQG0FeDDdBUZGK3Bi9KCUDrnrioom0JJMTNbx8vEchUVTg,rheny_indrawati,2026-03-10,Dan biasanya ada perbedaan hasil antara lab satu dengan lab yang lain.. Itu gimana kak???
https://www.threads.com/@roycelimindra/post/DVsVPuLknNL?xmt=AQG0FeDDdBUZGK3Bi9KCUDrnrioom0JJMTNbx8vEchUVTg,roycelimindra,2026-03-10,"Sesama Lab swasta Dan lab RS sy Belum pernah membandingkan, umumnya hasilnya gak terlalu berbeda Namun jika membandingkan lab Dan puskesmas ini bisa berbeda jauh. Misalnya alat cek tusuk jari (GD, asam urat, dan Total Kolesterol) dibanding pengecekan dari darah yg diambil dari pembuluh darah. Puskesmas pasti tidak selengkap lab, puskesmas hanya pengecekan darah yg umum umum saja, sedangkan lab besar selain cek darah, juga ada alat USG, sinar X, dan MRI Kira kira gambarannya seperti ini"
https://www.threads.com/@roycelimindra/post/DVsVPuLknNL?xmt=AQG0FeDDdBUZGK3Bi9KCUDrnrioom0JJMTNbx8vEchUVTg,rheny_indrawati,2026-03-11,Aku periksa di lab. Swasta. Awalnya sih mau periksa di puskesmas cuma dokternya belum kasih. Akhirnya aku ke lab. Swasta. Hasil gula puasaku tinggi klu gak salah ingat . Karna merasa aku beberapa bulan terakhir lagi berusaha mengurangi gula+IF akhirnya aku memutuskan untuk periksa di lab. Swasta yang satunya keesokan harinya. Dan hasil gula puasaku menjadi .
https://www.threads.com/@roycelimindra/post/DVsVPuLknNL?xmt=AQG0FeDDdBUZGK3Bi9KCUDrnrioom0JJMTNbx8vEchUVTg,roycelimindra,2026-03-11,"Bagus kak ketauan Gula darah nya tinggi Ini sy kirimkan panduan pola makan buat Mengontrol gula darah Yg perlu diperhatikan : - IF atau tidak IF tidak jadi masalah sepanjang porsi karbonya dibatasi - saya sehari x makan (tanpa ngemil) Pagi no karbo, stop minuman manis, siang dan malam porsi karbo cm / , lauknya dibanyakin - urutan makan mulai dari Serat, protein Dan karbo makan bersama sama - usahakan jalan kaki menit / naik turun tangga setelah makan berat Semoga segera remisi 🙏"
https://www.threads.com/@roycelimindra/post/DVsVPuLknNL?xmt=AQG0FeDDdBUZGK3Bi9KCUDrnrioom0JJMTNbx8vEchUVTg,rheny_indrawati,2026-03-11,Masalahnya hasil yg satunya normal. Jadi bingung kan?? Ataukah ada hubungannya periksa saat lagi IF??
https://www.threads.com/@roycelimindra/post/DVsVPuLknNL?xmt=AQG0FeDDdBUZGK3Bi9KCUDrnrioom0JJMTNbx8vEchUVTg,piisu.pichuu,2026-03-10,Kalo cek darah di puskes kan harus ada surat pengantar ya. Itu berarti harus periksa ke dokter dulu kah meski ga sakit?
https://www.threads.com/@roycelimindra/post/DVsVPuLknNL?xmt=AQG0FeDDdBUZGK3Bi9KCUDrnrioom0JJMTNbx8vEchUVTg,roycelimindra,2026-03-10,"Gak perlu kak, gak perlu surat pengantar Dari hasil lab, kakak tinggal konsultasi ke dokter untuk baca kan hasilnya"
https://www.threads.com/@roycelimindra/post/DVsVPuLknNL?xmt=AQG0FeDDdBUZGK3Bi9KCUDrnrioom0JJMTNbx8vEchUVTg,itskatarnett,2026-02-06,h The thing about being told you’ll be left behind if you don’t use AI is that the argument presumes I want to go where they’re going. But I don’t. I can’t be late to a party I had no intention of ever attending.
https://www.threads.com/@roycelimindra/post/DVsVPuLknNL?xmt=AQG0FeDDdBUZGK3Bi9KCUDrnrioom0JJMTNbx8vEchUVTg,ericamvogel,2026-02-06,"h Y’all, my -year-old son is in his first major relationship, and it's so cute, and it makes me so happy to see him flourish with his girlfriend."
https://www.threads.com/@roycelimindra/post/DVsVPuLknNL?xmt=AQG0FeDDdBUZGK3Bi9KCUDrnrioom0JJMTNbx8vEchUVTg,hormozi,2026-02-06,"h If both people feel like they got the better end of the deal, you should do the deal. Applies to the most important deals in life: marriage, business, and splitting cookies."
https://www.threads.com/@roycelimindra/post/DVsVPuLknNL?xmt=AQG0FeDDdBUZGK3Bi9KCUDrnrioom0JJMTNbx8vEchUVTg,mwi.invest,2026-02-06,"AI Threads h Next week, Google will announce/release: Gemini % Gemini % Both % Show results % votes · Ends in : :"
https://www.threads.com/@roycelimindra/post/DVsVPuLknNL?xmt=AQG0FeDDdBUZGK3Bi9KCUDrnrioom0JJMTNbx8vEchUVTg,radthanael,2026-02-06,"h Chicago is a cool city. The food scene, the river bifurcating downtown, the really big lake. I didn’t love when one of its citizens crunched the side of my rental car because he thought he could merge *through* me, but all in all? This is a great place. I need to see if I can get over to Wrigley."
