no,id,url,date,text_clean
773,948028991079727105,https://x.com/yukmakan/status/948028991079727105,2018-01-02,Mitos dan Fakta Seputar Penyakit Diabetes:
774,948162277840003072,https://x.com/kimiafarmaind/status/948162277840003072,2018-01-02,Diabetes (diabetes melitus) adalah penyakit jangka panjang atau kronis yang ditandai dengan kadar gula darah (glukosa) yang jauh di atas normal. LukaDiabetes
775,948698529257611264,https://x.com/okezonenews/status/948698529257611264,2018-01-03,Obat Diabetes Bisa Sembuhkan Penyakit Alzheimer? Ini Kata Peneliti
776,948763681910697984,https://x.com/karmenlunarxisc/status/948763681910697984,2018-01-04,"Gout, diabetes, hypertension ni penyakit common dan sbb pemakanan tak sihat."
777,948782310832463873,https://x.com/CombiCareCenter/status/948782310832463873,2018-01-04,"Terlalu banyak mengonsumsi karbohidrat dapat memperberat kerja ginjal. Oleh karena itu, kelebihan glukosa yang dihasilkan dari penyakit diabetes dapat menyebabkan kerusakan pada ginjal. :)"
778,949312408186634240,https://x.com/HajarAlmuansyah/status/949312408186634240,2018-01-05,"aku takpaham mak2 yg berbangga baby lahir montel padahal dia ada diabetes masa pregnant. anak tu gemuk sbb penyakit, apa yg bangganya?"
779,949601635063312384,https://x.com/FAMA_Malaysia/status/949601635063312384,2018-01-06,"Cili mengandungi dan diperkaya dengan nutrisi seperti kalsium, vitamin A dan C, yang boleh mengurangkan risiko penyakit kardiovaskular, membantu mencegah diabetes dan meningkatkan metabolisme. lebihkanmakancili lebihkanmakansayursayurantempatan famadihatirakyat mybestbuy"
780,949501184338886656,https://x.com/MurtadhaOne/status/949501184338886656,2018-01-06,"Warga Papua berstamina lebih tinggi, tahan di kondisi alam yg keras serta cuaca yg cukup dingin di puncak Jayawijaya meski sering tak berbaju. Mereka jarang terkena penyakit seperti hipertensi, diabetes, jantung, dan kanker. Mereka sering mengonsumsi buah merah di kesehariannya"
781,949867945643118592,https://x.com/Official_Klink/status/949867945643118592,2018-01-07,"Memiliki tubuh yang terlalu gemuk akan menimbulkan masalah kesehatan jika tidak segera diatasi. Penyakit seperti jantung, stroke, hipertensi, diabetes dan beberapa penyakit lain siap mengancam Anda yang memiliki bobot tubuh terlalu gemuk. Simak disini:"
782,950138213850468352,https://x.com/beritaKBR/status/950138213850468352,2018-01-07,"Diabates penyakit turunan? Saatnyabertanya KBRPagi Diabetes pukul 8 WIB ya, streaming KBR.id / KBR apps"
783,950143736842829824,https://x.com/OZRadioJakarta/status/950143736842829824,2018-01-07,"OZWHATSONWEEKEND Jumat 5 januari wafatnya musisi legendaris yon koeswoyo merupakan personil dari band koes bersaudara &amp; koesplus, beliau meninggal di umur 77 tahun akibat penyakit diabetes, yon koeswoyo dimakamkan di TPU tanah kusir jakarta selatan. OZJMS"
784,950250432332312576,https://x.com/SehatBalikpapan/status/950250432332312576,2018-01-08,"Rekan Bpp Kusehat,mau tahu cara terhindar dari penyakit diabetes?Begini caranya: 1. No Merokok 2. Hindari Obesitas 3. Makan yang teratur dan bergizi 4. Rajin Berolahraga 5. Konsumsi Biji-bijian 6. No Stress 7. Makan yang Fresh FreedomofDiabetes"
785,950988651273502720,https://x.com/puskesmaskirped/status/950988651273502720,2018-01-10,"Ayo kita cegah Penyakit Tidak Menular (PTM), seperti Hipertensi, Diabetes Melitus, Penyakit Jantung, dsb. Dengan pola hidup sehat dan rajin memeriksakan diri ke fasyankes, serta ikut berperan aktif dalam kegiatan Posbindu. Posbindu Teratai, desa Pusakamulya."
786,951317756313563136,https://x.com/Fullerton_ID/status/951317756313563136,2018-01-11,"Orang yg terlalu sering duduk diketahui lebih sering mengeluh sakit serta beresiko untuk terkena penyakit seperti diabetes. Lalu, bagaimana mengatasinya? Jalan kecil untuk mengambil air minum / ke toilet jg salah satu bentuk olahraga kecil di kantor.BetterAtFullerton FullerTips"
787,951623045893963776,https://x.com/DokterGREGET/status/951623045893963776,2018-01-12,"Wanita pascamenopause yang minum 4 cangkir kopi sehari lebih mungkin terhindar dari penyakit diabetes tipe 2, studi para peneliti UCLA"
788,951814460087320581,https://x.com/iqrzli/status/951814460087320581,2018-01-12,"""penyakit ni boleh elok. Kita jgn ikut sgt penyakit tu mindset kita kena kuat lawan"" -pakcik yg dh tinggal ubt 2 bulan n rasa sihat rawat diabetes dia dgn minum air barli First time blurr nk educate cmne"
789,952190322469101568,https://x.com/SobatIM3Batam/status/952190322469101568,2018-01-13,"Penyakit komplikasi akibat kurang tidur seperti serangan jantung, tekanan darah tinggi, dan diabetes bisa menyebabkan kematian."
790,952148437776109568,https://x.com/DuniaFitnes/status/952148437776109568,2018-01-13,"Kelebihan berat badan yg kronis/obesitas, sangat rentan dg penyakit diabetes tipe 2. health"
791,952150774506602496,https://x.com/DuniaFitnes/status/952150774506602496,2018-01-13,Diabetes tipe 2 jd slh satu jenis penyakit diabetes yg ditandai dg gangguan fungsi hormon insulin. health
792,952117769671131136,https://x.com/Official_Klink/status/952117769671131136,2018-01-13,"Manfaat diet vegetarian diantaranya dapat mencegah penyakit seperti kolesterol tinggi, jantung koroner, asam urat, hipertensi, diabetes, asam urat dan kanker. Namun ada juga sisi negatif dari diet vegetarian. Simak ulasan lengkapnya :"
793,951990936841740288,https://x.com/kontenwow/status/951990936841740288,2018-01-13,"Olahraga juga dapat menurunkan risiko penyakit kronis seperti penyakit jantung, stroke, dan diabetes. Hal ini disebabkan karena penyakit-penyakti kronis akan meningkat risikonya bila berat badan berlebihan. Dengan olahraga teratur"
794,952506869750419456,https://x.com/klikdokter_id/status/952506869750419456,2018-01-14,Perbedaan Rasa Gatal karena Diabetes dan Penyakit Kulit klikDOKTER
795,953065525931839488,https://x.com/SequisOFFICIAL/status/953065525931839488,2018-01-16,"Sequis Q Early Payout Critical Illness Plus Rider, memberikan perlindungan penyakit kritis sejak tahap awal, menengah dan lanjutan, meliputi 120 kondisi penyakit kritis termasuk manfaat tambahan Komplikasi Diabetes dan Penyakit Kritis Katastropik dengan total manfaat hingga 170%"
796,953531191562403841,https://x.com/RadioElshinta/status/953531191562403841,2018-01-17,"3. Lemak bisa membuat berat badan naik yg bisa meningkatkan risiko penyakit jantung, diabetes dan hipertensi . Konsumsi lemak cukup 5 sdm per hari ya! Healthies ElshintaIsMe"
797,953797928669257728,https://x.com/roelly87/status/953797928669257728,2018-01-18,"Bersiap untuk mengikuti seminar kesehatan Suplementasi Nutrisi L-Arginine dalam pencegahan dan penanggulangan stroke, penyakit jantung, dan diabetes di Raffles Hotel, Kamis (18/1). ProArgi9Plus BebasJASTROBET"
798,954365329324507136,https://x.com/kontenwow/status/954365329324507136,2018-01-19,Olahraga 150 menit dlm sminggu adl wkt yg dibutuhkn u/ mnurunkn risiko sindrom metabolik (risiko trkena penyakit kardiovaskular &amp; diabetes).
799,954366029399863296,https://x.com/tienkt/status/954366029399863296,2018-01-19,"mohon yg udah punya riwayat atau penyakit diabetes tolong jangan liatin foto ini terus,karena senyuman bang agus bisa membuat kalian semua diabetes,mohon dimengerti:) wkwkwk PIED PIPER iHeartAwards BestBoyBand BTS"
800,954198002989662208,https://x.com/Nutrisi_Bangsa/status/954198002989662208,2018-01-19,"Berat badan yang berlebih dapat menimbulkan komplikasi seperti diabetes selama kehamilan, hipertensi, preeklamsia, penyakit jantung, dan tekanan pada pembuluh darah akibat tebalnya lemak."
801,954536974550941696,https://x.com/ryuhasan/status/954536974550941696,2018-01-20,"Baca judulnya mringis, baca isinya ketawa sampek mules. yg punya penyakit menurun nggak boleh nikah. Penderita diabetes dan hipertensi siap2 kawin lari aja."
802,954541324081889280,https://x.com/ryuhasan/status/954541324081889280,2018-01-20,"Lha lha iya, diabetes mellitus dan hipertensi itu penyakit menurun."
803,955047062143254528,https://x.com/karmenlunarxisc/status/955047062143254528,2018-01-21,"Tak salah pun harap hospital kerajaan. Yang salah bila sendiri cari banyak penyakit, contoh diabetes, kidney failure dek kerana mkn ubat jamu/tcm/pil kurus"
804,955354345834450945,https://x.com/omiyagoofficial/status/955354345834450945,2018-01-22,"Ngeteh yuk! Selain bs menghangatkan saat cuaca dingin, Teh Aloe Vera baik bagi kesehatan. Lidah Buaya mampu menurunkan kadar gula dlm drah bagi penderita diabetes, mengontrol tekanan drah, menstimulasi kekebalan tbuh terhadap serangan penyakit kanker serta penderita HIV/AIDS."
805,955404712706281472,https://x.com/DokterNews/status/955404712706281472,2018-01-22,"19 Manfaat Buah Alpukat yang Mengagumkan Manfaat buah alpukat untuk kesehatan termasuk mengendalikan berat badan, melindungi dari penyakit jantung, diabetes, mengobati."
806,955591510656872448,https://x.com/kay_alia/status/955591510656872448,2018-01-23,"Kenapa bila org ada diabetes and makan ubat, kita tak pandang enteng. Tapi bila org ada masalah psychiatry, kita siap gelakkan dia lagi? Both are penyakit yg perlu di ubati. Buang taboo sakit mental. perangmelawanmitos"
807,955726801237495809,https://x.com/KemenkesRI/status/955726801237495809,2018-01-23,Mengapa cek kesehatan itu penting? Cek kesehatan bisa mendeteksi dini risiko penyakit PTM seperti tekanan darah tinggi serta diabetes melitus. Apakah kamu sudah cek kesehatan rutin Healthies
808,956308282800353280,https://x.com/idwiki/status/956308282800353280,2018-01-24,"TahukahAnda bahwa kopi dapat menurunkan risiko terkena penyakit kanker, diabetes, batu empedu, dan berbagai penyakit jantung? Apapun jenis kopinya, minumlah dalam jumlah yang wajar. Selamat pagi!"
809,956067816943378432,https://x.com/matpiahdoh/status/956067816943378432,2018-01-24,"Kalau seorang lelaki yang dah berkahwin ada penyakit diabetes dan kakinya harus dipotong, adakah isterinya kini kehilangan syurga dari suaminya?"
810,956008931222048768,https://x.com/okezonenews/status/956008931222048768,2018-01-24,Konsumsi Minyak Zaitun Saat Pagi Hari Mampu Cegah Penyakit Diabetes
811,956004894489632768,https://x.com/LegasiLagenda/status/956004894489632768,2018-01-24,"Bersama V.Krishnasamy, pemain bolasepak skuad Olimpik Munich 1972. Beliau beransur pulih dari pemotongan ibu jari kaki disebabkan penyakit diabetes. Sekarang berada di rumah perawatan serta ibadah di Pulau Pinang."
812,956690493496115200,https://x.com/cangkircilik/status/956690493496115200,2018-01-26,"Kopi dapat menurunkan risiko terkena penyakit kanker, diabetes, batu empedu, dan jantung. Apapun jenis kopinya, minumlah dalam jumlah yang wajar. Selamat pagi!"
813,956754320883666944,https://x.com/keretaapikita/status/956754320883666944,2018-01-26,"Di dalam gerbong Rail Clinic dilengkapi fasilitas laboratorium hematology analizer sysmex berbasis komputer untuk mengetahui beragam jenis penyakit yaitu kanker, diabetes, dan sebagainya."
814,957260016314040320,https://x.com/wizzi87/status/957260016314040320,2018-01-27,"Mengonsumsi mi instan sekitar 3x seminggu, akan meningkatkan risiko penyakit sindrom Kardiometabolik (penyakit jantung, diabetes, &amp; stroke). TwitterBestFandom"
815,957793802193854464,https://x.com/YoungNHealth/status/957793802193854464,2018-01-29,"Cara Terapi BIOGLASS untuk berbagai Penyakit A. JANTUNG B. MAAG C. DIABETES DAN KOLESTEROL D. PENGAPURAN E. DARAH TINGGI, DARAH RENDAH bisa di lihat di: bioglass kolesterol diabetes darahTinggi jantung Bdg airalkali bandungjuara sehat infoBDG"
816,958472143284584448,https://x.com/jojorivai/status/958472143284584448,2018-01-30,"Dari Diabetes Hingga Kanker, Inilah Daftar Penyakit yang Sanggup Disingkirkan Daun Sirsak, Ini Cara Mengolahnya."
817,958691438320996352,https://x.com/diyansetyaji/status/958691438320996352,2018-01-31,"Ada tertulis, orang miskin justru lebih berisiko terkena DIABETES, JANTUNG KORONER, GAGAL GINJAL, dan SEGALA KANKER dibandingkan mereka yang terlahir kaya dan punya akses diet sehat. Di kondisi yang sama, orang miskin juga lebih berisiko terkena PENYAKIT INFEKSI dan DEFISIENSI."
818,958681575247376386,https://x.com/SINDOnews/status/958681575247376386,2018-01-31,Ini Aturan Makan Nasi Bagi Penderita Penyakit Diabetes
819,958547133468000256,https://x.com/indrifairy/status/958547133468000256,2018-01-31,Menurut dr.Dyah diabetes masuk dalam peringkat ke-3 dunia kategori penyakit tidak menular NasiH2TepungKelapa CegahDiabetesdenganCerdik
820,958546881763667968,https://x.com/TinaSindy/status/958546881763667968,2018-01-31,"Aktivitas fisik harus dilakukan setiap hari, agar tubuh terhindar dari penyakit tdk menular diantara Diabetes. NasiH2TepungKelapa CegahDiabetesdenganCerdik"
821,958545685825044481,https://x.com/TinaSindy/status/958545685825044481,2018-01-31,Kalbe mencoba untuk memenuhi solusi gaya hidup sehat yang dibutuhkan dlm mencegah dan menangani penyakit diabetes. NasiH2TepungKelapa CegahDiabetesdenganCerdik
822,958545981187878912,https://x.com/boghaisan/status/958545981187878912,2018-01-31,"Saat ini meningkat Penyakit tidak menular seperti kanker,diabetes,paru dan kardiovaskular NasiH2TepungKelapa CegahDiabetesdenganCerdik"
823,958543059628605440,https://x.com/TinaSindy/status/958543059628605440,2018-01-31,"Gaya hidup masa kini akan mengakibatkan diabetes pada tubuh, meskipun tdk ada keturunan penyakit diabetes NasiH2TepungKelapa CegahDiabetesdenganCerdik"
824,958516936048029697,https://x.com/IntisariOnline/status/958516936048029697,2018-01-31,"Dari Diabetes Hingga Kanker, Inilah Daftar Penyakit yang Sanggup Disingkirkan Daun Sirsak, Ini Cara Mengolahnya!"
825,958546045184569346,https://x.com/TinaSindy/status/958546045184569346,2018-01-31,Kalbe mengeluarkan bahan pangan tepung kelapa untuk mencegah penyakit Diabetes NasiH2TepungKelapa CegahDiabetesdenganCerdik
826,959335582798245888,https://x.com/NGIndonesia/status/959335582798245888,2018-02-02,"Mengonsumsi kopi tiga hingga empat cangkir perhari dapat membantu menurunkan risiko penyakit hati, diabetes, demensia, dan beberapa jenis kanker, termasuk kanker prostat, endometrial, kulit, serta hati."
827,959322894823075840,https://x.com/nazridouglas/status/959322894823075840,2018-02-02,YB DS sempat melawat Haji Illias Bin Saad yg sedang menghidap penyakit diabetes &amp; peparu berair MPLarut perak larut
828,959302392444366849,https://x.com/OnlineShopTiens/status/959302392444366849,2018-02-02,Makanan manis dapat menyebabkan penyakit diabetes yang mana merupakan faktor resiko penyakit pada organ jantung anda
829,959599497880879104,https://x.com/Desty007/status/959599497880879104,2018-02-03,"Obesitas bisa menyebabkan banyak penyakit terutama diabetes, stroke dan lainnya KlinkKidsOmegaJayapura"
830,959713077909442560,https://x.com/officialinews_/status/959713077909442560,2018-02-03,Inilah 9 jenis makanan yang dapat mencegah penyakit diabetes.
831,960331591422636033,https://x.com/SonoraFM92/status/960331591422636033,2018-02-05,"Yockie pernah beberapa kali dirawat di rumah sakit karena penyakit diabetes, sirosis, dan stroke. Sebelumnya, sejumlah musikus Indonesia menggelar konser penggalangan dana, ""Pagelaran Sang Bahaduri"", untuk Yockie yang terbaring sakit di TIM Rabu (24/1/2018) malam. RipYockie"
832,960406474815090688,https://x.com/tabloidbintang/status/960406474815090688,2018-02-05,Riwayat Penyakit Yockie Suryo Payogo: Dari Diabetes Sampai Sirosis
833,960411950038462465,https://x.com/Tempo_Plus/status/960411950038462465,2018-02-05,"Yockie Suryoprayogo, Idap Penyakit dari Diabetes hingga Sirosis"
834,960493569696972801,https://x.com/Qomariyah95_hwi/status/960493569696972801,2018-02-05,"Detox racun rokok? Ya CMP Asam urat ? ya CMP, Diabetes? ya CMP ASMA? CMP Pasca operasi?CMP Anak-anak? boleh CMP juga. CMP HWI emang top markotop deh pokoknya. Penyakit koq dipelihara! CMP-in aja yuk WA +60142272009 BBM D865BB95 IG"
835,960494008232329216,https://x.com/WeGotCoupleRPs/status/960494008232329216,2018-02-05,"DIET GOLDAR A golongan darah A merupakan golongan darah yang cukup rentan terhadap beberapa penyakit seperti diabetes, kanker, dan juga jantung. Golongan darah A memiliki konsistensi kekentalan darah di mana hal tersebut membuat darah lamban beredar. Nah kelambanan -c-"
836,961388240677740544,https://x.com/TanyaApotekerKu/status/961388240677740544,2018-02-07,"11. Pankreas adalah penghasil hormon insulin, dengan meningkatnya jumlah kebutuhan hormon insulin maka akan memberatkan kerja pankreas. Hal tersebut dapat menyebabkan pankreas menjadi rusak dan mengakibatkan penyakit diabetes melitus. Sumber: Vivahealth"
837,961970705582587910,https://x.com/eliakhaibahar/status/961970705582587910,2018-02-09,Belum dinner lagi.rasanya dinner dengan tengok pic awak je .ehh tapi tak boleh ni.kan tatap lama2 dapat penyakit diabetes.senyuman tu manis sangat .pickuplinestakjadi
838,962172277457473538,https://x.com/kompascom/status/962172277457473538,2018-02-10,Advent Bangun Meninggal karena Diabetes dan Penyakit Komplikasi
839,962174697319247873,https://x.com/eigeradventure/status/962174697319247873,2018-02-10,"1. Menekan risiko sakit jantung dan diabetes, karena kafein mengandung asam klorogenat. 2. Meningkatkan daya ingat dan kemampuan kognitif. 3. Melindungi dari penyakit Parkinson, karena terkait kinerja kafein dengan adenosin pada otak."
840,962185616556376066,https://x.com/KontanNews/status/962185616556376066,2018-02-10,Advent Bangun meninggal karena diabetes dan penyakit komplikasi BeritaDuka
841,962914914900770816,https://x.com/KemenkesRI/status/962914914900770816,2018-02-12,"4. Lemak sebuah kandungan yg ditakuti kaum hawa . Kenapa? Lemak bisa membuat berat badan naik yg bisa meningkatkan risiko penyakit jantung, diabetes dan hipertensi . Konsumsi lemak cukup 5 sdm per hari ya SehatZamanNow"
842,962951827892273154,https://x.com/karmenlunarxisc/status/962951827892273154,2018-02-12,"Btw, this is the lingkaran hitam around neck, also known as Acanthosis nigricans. Bukan sebab daki. Tapi ia adalah indikasi penyakit diabetes dan kegemukan"
843,963314299060985856,https://x.com/rumahzakat/status/963314299060985856,2018-02-13,"SharingHappiness Makassar, Senin . Rumah Zakat dan Cita Sehat Foundation menggelar program Kelas Edukasi Diabetes di ICD Tamalanrea Kampung Parang. Salah satu program unggulan yang merupakan bentuk tindakan preventif ini bertujuan agar tingkat kejadian penyakit diabetes"
844,963381740772368384,https://x.com/combipharID/status/963381740772368384,2018-02-13,"Dengan bertambahnya umur, asupan kalori juga harus disesuaikan lho Healthy People. Kelebihan kalori dapat meningkatkan potensi munculnya penyakit jantung, diabetes, dsb. Yuk, mulai sekarang jaga kesehatan Healthy People dengan berolahraga!"
845,963641983691522051,https://x.com/officialWPM/status/963641983691522051,2018-02-14,"Mengenal Penyakit Mikrovaskular, Komplikasi yang Banyak Menyertai Diabetes"
846,965043189118771200,https://x.com/SunprideID/status/965043189118771200,2018-02-18,Hampir semua orang suka makanan manis. Tetapi ada yang tidak bisa mengkonsumsi makanan manis karena memliki resiko penyakit diabetes. Apel merah dapat menjadi cemilan manis yang sangat cocok bagi para penderita diabetes. SunprideID AyoMakanBuahSunpride BuahPastiSunpride
847,965453643020464129,https://x.com/motherandbeyond/status/965453643020464129,2018-02-19,"Diabetes berada di posisi ke-3 untuk kategori penyakit mematikan di Indonesia, dan ini bukan prestasi yang membanggakan! Ingin hidup terhindar dari diabetes? Klik Jangan lupa untuk give a star &amp; comment untuk dapatkan voucher belanja MAP . 200.000!"
848,965767974475804673,https://x.com/pemkotmadiun_/status/965767974475804673,2018-02-20,"Semangat Pagi Ada yg tau penyakit yang saat ini menjadi penyebab kematian dan kelumpuhan terbesar? Benar.PTM atau Penyakit Tidak Menular. Contohnya Diabetes, jantung, atau hipertensi Yuk kenali lebih baik lg agar terhindar dr dampak yg diakibatkannya"
849,965922726870269952,https://x.com/BPJSKesehatanRI/status/965922726870269952,2018-02-20,Untuk diabetes dijamin BPJS Kesehatan termasuk ke dalam PROLANIS (Program Pengelolaan Penyakit Kronis). -ra
850,965965716942831616,https://x.com/nitalanaf/status/965965716942831616,2018-02-20,Nurul Sufitri's Blog: Cara Mengatasi Penyakit Diabetes dengan H2 Tepung Kelapa dari Kalbe Farma:
851,966133181341515776,https://x.com/vitalongc_id/status/966133181341515776,2018-02-21,"Ternyata, selain memberikan cita rasa pada makanan, cabai memiliki banyak sekali manfaat bagi kesehatan, seperti mengurangi risiko terkena penyakit diabetes dan membantu meningkatkan kekebalan tubuh. Cabai juga mengandung vitamin C yang berfungsi melawan virus pada tubuh."
852,966223030752964608,https://x.com/serujinews/status/966223030752964608,2018-02-21,Diabetes Mellitus ( Tipe 2) itu Penyakit Gaya Hidup AkuSERUJI Kanal: Kesehatan
853,966516514630217728,https://x.com/twt_malaysia/status/966516514630217728,2018-02-22,"Tengoklah macam Mak Cik Erna. Bukan ke dia sepatutnya dah rehat dan bersara? Tapi dia tak mampu. Selain tu, semakin ramai orang kita dapat penyakit tidak berjangkit macam diabetes, obesiti, etc. Jadi orang kita hidup lebih lama tapi menderita. IniCeritaAku"
854,966567202538139648,https://x.com/CosmoIndonesia/status/966567202538139648,2018-02-22,"Setiap tahunnya, diabetes berada di posisi ke-3 utk kategori penyakit mematikan di Indonesia. Baca utk cari tahu cara mencegah diabetes. Jgn lupa utk give a star &amp; comment untuk dapatkan voucher belanja MAP . 200.000! CombipharID HealthyforLife"
855,967426228276707328,https://x.com/ZahraSulaiman/status/967426228276707328,2018-02-24,"Nanti awak check juga dia punya diet k. My cat mati sebab diabetes, byk lg penyakit, berat dia 10kg sedih sangat sbb dia lama hidup, at last tak kasi diet. sedih rasa."
856,967729789930033152,https://x.com/LokadataID/status/967729789930033152,2018-02-25,"Percaya atau tidak, makan sendirian ternyata membuat Anda lebih berisiko terkena penyakit jantung atau diabetes"
857,967934883040436224,https://x.com/tribunnews/status/967934883040436224,2018-02-26,"Jangan Disepelekan, Ini 7 Tanda Orang Terkena Penyakit Diabetes yang Jarang Disadari"
858,967959927779151877,https://x.com/CombiCareCenter/status/967959927779151877,2018-02-26,2.Mengatasi gejala penyakit diabetes. Zat seperti stigmasterol &amp; sitisterol berperan untuk meningkatkan produksi insulin dari pankreas. Insulin akan mengontrol kadar gula darah pada tubuh. Semakin banyak produksi insulin maka semakin turun kadar gula darah. CombiShare
859,968038305731194880,https://x.com/yukmakan/status/968038305731194880,2018-02-26,"Mengonsumsi kangkung dapat mencegah penyakit anemia, diabetes dan juga dapat menjaga kesehatan jantung"
860,968321993471922178,https://x.com/KemenkesRI/status/968321993471922178,2018-02-27,"Ketika Kesehatan membaik maka nutrisi juga akan membaik. Saat ini yang akan meningkat adalah penyakit Lifestyle seperti diabetes, darah tinggi, Jantung, kanker. Untuk itu Pengobatan dan kesehatan adalah Hak semua Masyarakat dan harus terjamin. -Presiden RI -"
861,969056462679851008,https://x.com/rsjprovjabar/status/969056462679851008,2018-03-01,"Penyuluhan penatalakasanaan diet diabetes miletus. Kami melakukan penyuluhan terkait dengan penyakit lainnya juga loh. dari instalasi gizi, ayoo hidup sehat! 1 Maret 2018"
862,969421699249717253,https://x.com/arlinabanana/status/969421699249717253,2018-03-02,"Tapi I mmg menyampah gila bila ada org sebut fat &amp; beautiful lepas tu nanti ada pulak yang cakap oh heart attack beautiful ke? Like apa kaitan sis? Kau nak cakap orang ada penyakit ni tak boleh jadi cantik? Habis tu yang ada cancer, diabetes, high bp tu semua hodoh ke?"
863,969839221207781376,https://x.com/vickylaurentina/status/969839221207781376,2018-03-03,"1000 hari pertama kehidupan = usia janin hingga 2 tahun. Kesulitan pada usia ini akan berakibat gangguan pada dewasa. Contoh kelainannya antara lain perawakan pendek, hipertensi, diabetes, penyakit jantung kronis, obesitas, stroke. NutrisiTerbaik1000HPK"
864,970230828713181194,https://x.com/PuspitaFM/status/970230828713181194,2018-03-04,"Puspita SunsetDrive Meski sebagian besarnya adalah lemak baik, jumlah asupan durian tetap harus dibatasi terutama bagi mereka yang diet. Ingat, obesitas adalah sumber utama penyakit jantung dan diabetes. Jangan sampai manfaat durian jadi berbalik membahayakan."
865,970425926885425152,https://x.com/Divaru2/status/970425926885425152,2018-03-04,"Apa Kamu punya keluhan diabetes Apa Kamu sudah mengobati nya tapi tdk kunjung mendapatkan kesembuhan? Cepat beralih,sebelum penyakit kamu bertambah parah. Kesaksian Penderita Bypass Jantung dan Diabetes divaru CreamAjaib"
866,970674038258376704,https://x.com/ilmu_seks/status/970674038258376704,2018-03-05,Excuse me. Ramai orang hidup dgn HIV dan mereka are staying strong. HIV bukan hukuman mati. Ubat dan rawatan telah membuatnya sebagai penyakit lain spt diabetes dan darah tinggi. HIV is not a joke. But get ur facts right abt HIV before u start talking abt it.
867,970881870215880704,https://x.com/detikHealth/status/970881870215880704,2018-03-06,Studi Terbaru Klasifikasikan Diabetes Jadi 5 Penyakit Berbeda
868,970935907401465856,https://x.com/JurnasSumut/status/970935907401465856,2018-03-06,240 000 WNI Terancam Buta Akibat Katarak - Jakarta ndash Direktur Rumah Sehat BAZNAS Indonesia RSBI Meizi Fachrizal Ahmad memaparkan katarak antara lain disebabkan oleh faktor genetik atau diabetes mellitus Tak hanya itu penyakit tersebut juga merupak.
869,970951596782710784,https://x.com/detikcom/status/970951596782710784,2018-03-06,"Salah satu penyakit yang bisa dikontrol dengan herba adalah diabetes. Beberapa herba ini dipercaya mampu mengontrol kadar gula darah lho! Yuk, baca di sini: via"
870,971429062571843584,https://x.com/baee_wee/status/971429062571843584,2018-03-07,Lamun ibu2 nu resep kana jengkol apaleun komo deui urang bekasi khusuna bahwa jengkol tiasa menghidar penyakit diabetes bisa jebol keuangan suamina .urang dieu mah kang sakumaha mahal na oge tetep di peser
871,971571211170856960,https://x.com/jawapos/status/971571211170856960,2018-03-08,Mengerikan! Ini Korelasi Penyakit Ginjal dan Diabetes
872,971643940226056193,https://x.com/k_ladiesiana/status/971643940226056193,2018-03-08,"Di Indoneaia Kanker merupakan penyakit paling banyak diidap selain jantung, diabetes, stroke. Jadi, waspadai penyakit kanker ladies Ladiesiana ProdiaWomenHealthCenter InternationalWomensDay"
873,971670970493583361,https://x.com/hariankompas/status/971670970493583361,2018-03-08,"Penyakit ginjal kronis perlu diantisipasi karena bisa terjadi ketika mengalami penyakit lain, seperti hipertensi, obesitas, dan diabetes melitus. Tiga penyakit tersebut termasuk faktor risiko utama penyakit ginjal kronis."
874,971679788015341568,https://x.com/KAWANIM3/status/971679788015341568,2018-03-08,"Sarapan di pagi, hari lebih cenderung menjadi gemuk dan memiliki kecenderungan mengidap diabetes dan penyakit jantung, karena ketika mereka tidak sarapan akan membuat rasa lapar yang mengharuskan mereka makan sepanjang hari tanpa terkontrol."
875,971679794730422272,https://x.com/KAWANIM3/status/971679794730422272,2018-03-08,"Sarapan di pagi, hari lebih cenderung menjadi gemuk dan memiliki kecenderungan mengidap diabetes dan penyakit."
876,971965330284101632,https://x.com/liputan6dotcom/status/971965330284101632,2018-03-09,Ayah Enda Ungu Meninggal karena Diabetes dan Penyakit Lambung Kronis
877,972018790572658690,https://x.com/KemenkesRI/status/972018790572658690,2018-03-09,"4.Lemak sebuah kandungan yg ditakuti kaum hawa . Kenapa? Lemak bisa membuat berat badan naik yg bisa meningkatkan risiko penyakit jantung, diabetes dan hipertensi . Konsumsi lemak cukup 5 sdm per hari ya SehatZamanNow"
878,972066290272632833,https://x.com/IFnubia/status/972066290272632833,2018-03-09,"Buat yang gulanya ketinggian atau mau ngerjain temen yang hyper aktif. Sajikan sebagai lalapan, ditemani beuleum peda, liwet haneut dan sambel. Dijamin leuleus. Anyway, diabetes mah bukan penyakit, keleus. Maunya makan enak terus, pamalesan ga mau olah raga, dan pibabukeun."
879,972283526312706048,https://x.com/Pemutih_Wajah_/status/972283526312706048,2018-03-10,"Susu Kedelai Dapat Mencegah Penyakit Diabetes Melitus, Karena Protein Yang Terdapat Dalam Susu Kedelai Ini Sangat Mudah Diterima Oleh Tubuh."
880,972358835372408838,https://x.com/caratinggicepat/status/972358835372408838,2018-03-10,"Susu kedelai dapat mencegah penyakit diabetes melitus, karena protein yang terdapat dalam susu kedelai ini sangat mudah diterima oleh tubuh."
881,972746215925334017,https://x.com/diyansetyaji/status/972746215925334017,2018-03-11,"Ada 4 pilar utama penanganan pasien diabetes tipe 2: terapi gizi aktivitas fisik terapi obat suntikan insulin Kalau kamu masih muda dan sehat, ayo mulai perhatikan masa depanmu. Dulu, diabetes itu penyakit lansia. Tapi sekarang, usia produktif bisa banget terpapar."
882,973990025707757569,https://x.com/EyoneYin/status/973990025707757569,2018-03-14,"Tak salah sesuatu makanan atau minuman jadi viral tapi yang salah kita sebagai pembeli perlu kurangkan benda yang manis , benda yang boleh meningkat gula dalam darah. Bukan apa , sekali terjebak dalam diabetes takkan sekali boleh hilang penyakit . Jaga diri ."
883,973803942349033473,https://x.com/kemalala02/status/973803942349033473,2018-03-14,"Yoga adalah latihan yang fantastis untuk Anda jika Anda menderita diabetes, tekanan darah tinggi, kolesterol tinggi, atau penyakit jantung koroner. Yoga"
884,974879040933974016,https://x.com/gemacermat/status/974879040933974016,2018-03-17,"PENGEMBANGAN OBAT BARU Penyakit diabetes, hipertensi atau jantung merupakan penyakit yang"
885,974907093076488193,https://x.com/ProdukTiensBali/status/974907093076488193,2018-03-17,Talas Bogor Dapat Mencegah Penyakit Diabetes Gula Manis Diabetes TipsSehat InfoKesehatan
886,975326408858796032,https://x.com/tribunjogja/status/975326408858796032,2018-03-18,Rebusan Daun Mangga Ternyata Bisa Sembuhkan Penyakit Diabetes
887,975575616127823872,https://x.com/VIVAcoid/status/975575616127823872,2018-03-19,4 Gejala Awal Penyakit Diabetes yang Harus Diketahui 1newstainment
888,976283801704833025,https://x.com/idai_tweets/status/976283801704833025,2018-03-21,"Diabetes, penyakit jantung, epilepsi, dan gangguan jiwa dapat timbul pada masa remaja. Timbulnya penyakit ini sangat dipengaruhi gaya hidup. GlobalTeenHealth globalteenhealthweek GlobalTeenWeek IDAIpeduliremaja 2018TeenHealth PekanKesehatanRemaja RemajaIndonesia"
889,976429169230974976,https://x.com/farmasetika_com/status/976429169230974976,2018-03-21,"- Berdasarkan hasil penelitian terbaru, untuk penderita penyakit diabetes melitus tipe 2 komplikasi dengan gagal jantung dapat menggunakan aspirin untuk menurunkan resiko kematian dini atau dirawat di rumah sakit. Akan tetapi sela"
890,976613773048823809,https://x.com/KKMPutrajaya/status/976613773048823809,2018-03-22,"Sistem data saringan penyakit tidak berjangkit bakal diperkenal. Maklumat mengenai faktor risiko penyakit seperti sakit jantung, diabetes, darah tinggi dan buah pinggang akan diperoleh dengan lebih tepat kkmterbaik kamisediamembantu"
891,976646965244059648,https://x.com/dodisaputraBIO/status/976646965244059648,2018-03-22,"Malas bergerak, rokok, kekurangan makanan, minuman beralkohol adalah pemicu penyakit tidak menular. Stroke, kanker, diabetes, dan sebagainya. PanganSehatGiziBaik"
892,976967969858232320,https://x.com/HasnolZamZam/status/976967969858232320,2018-03-22,Diabetes adalah salah satu daripada penyakit tidak berjangkit (NCD) yg dipengaruhi oleh paras gula. Awasi kadar pengambilan gula dalam makanan anda.
893,977027495806386176,https://x.com/rudimulawarman_/status/977027495806386176,2018-03-23,Untuk yg tidak kolesterol dan diabetes sangat enak tapi untuk yang mengidap dua penyakit tersebut beresiko tinggi
894,977122785783824384,https://x.com/Telkomsel/status/977122785783824384,2018-03-23,"Hanya dikenakan biaya Rp330/SMS, layanan TanyaDok dapat memberikan informasi seputar kesehatan setiap hari mulai dari penanganan diabetes, penyakit jantung, hingga darah tinggi. Lihat informasi selengkapnya dengan klik"
895,977836261724520453,https://x.com/klikdokter_id/status/977836261724520453,2018-03-25,"Diabetes menjadi penyakit paling populer di Indonesia, kenali lebih jauh dengan penyakit ini&gt;&gt; klikDOKTER"
896,978171947585454081,https://x.com/Bisniscom/status/978171947585454081,2018-03-26,"Penyakit Diabetes, Tidak Cukup Hanya Periksa Darah ke Laboratorium"
897,978300566798561280,https://x.com/TirtoID/status/978300566798561280,2018-03-26,"Tak hanya orang dewasa, anak-anak juga dapat terjangkit penyakit Diabetes Melitus (DM). Pola makan yang buruk seperti konsumsi minuman manis menjadi salah satu faktor penyumbang risiko."
898,978466642836439041,https://x.com/MounteaID/status/978466642836439041,2018-03-27,"Teh sangat baik utk tubuh kita, Mountea Lovers. Hal ini krn teh mengandung polifenol, yaitu antioksidan yg dapat memperbaiki sel &amp; membantu melawan penyakit kardiovaskular, kanker, osteoporosis, diabetes melitus &amp; penyakit lainnya. Sudah minum teh hari ini? SerunyaBarengMountea"
899,978488878473490432,https://x.com/ptm_id/status/978488878473490432,2018-03-27,Apa pengaruh konsumsi GULA berlebih terhadap penyakit tidak menular? CERDIK DukungGERMAS CegahPTM GGL Diabetes Obesitas gula
900,978460915086499840,https://x.com/MCA_Indonesia/status/978460915086499840,2018-03-27,"Beban ganda masalah gizi di Indonesia: 37,2% balita stunting, 12% balita kurus. Di usia dewasa, anak stunting lebih mudah terserang penyakit seperti kegemukan dan diabetes cegahstuntingitupenting"
901,978464352146608128,https://x.com/kantikantim3/status/978464352146608128,2018-03-27,"Beberapa penyakit seperti tekanan darah tinggi, obesitas, jantung, sampai dengan diabetes memiliki korelasi yang sangat kuat dengan sarapan IM3OoredooSumatera IM3OoredooJBI YellowinSumatera Yellow"
902,978847965744914433,https://x.com/chefedwinlau/status/978847965744914433,2018-03-28,"Diet yang paling sehat adalah diet yang tinggi serat &amp; antioksidan! Pastikan di dalam diet yg anda jalani selalu mengkonsumsi sumber makanan alami yang mengandung serat yg tinggi. Sumber makanan ini bisa melindungi anda dari berbagai penyakit jantung, kanker, dan diabetes."
903,979251814448148480,https://x.com/infosihat2u/status/979251814448148480,2018-03-29,"Kandungan flavonoid dlm tangerine mampu lindungi tubuh dari serangan penyakit sindrom metabolik spt koronari arteri,strok &amp; diabetes jenis 2"
904,979327409408434176,https://x.com/AstraHondaCare/status/979327409408434176,2018-03-29,"Daun jambu biji mengandung banyak phenolic phytokimia yang dapat menghambat reaksi peroksidasi di dalam tubuh sehingga dapat mencegah dari berbagai penyakit kronis seperti diabetes, kanker, dan jantung."
905,979387751924563968,https://x.com/emilsalim2010/status/979387751924563968,2018-03-29,"Penyakit katastropik berongkos tinggi, mencakup: diabetes, gagal ginjal, kanker, jantung, talasemia, hemofilia, stroke, leukemia, hepatitis."
906,979493434317836289,https://x.com/DokterNews/status/979493434317836289,2018-03-29,10 Cara Mencegah Diabetes Berdasarkan Ilmu Pengetahuan. Cara Mencegah Diabetes Diabetes tipe 2 adalah salah satu jenis yang paling umum dari penyakit kronis di seluruh dunia saat ini .
907,979643258019094528,https://x.com/RoySparringa/status/979643258019094528,2018-03-30,"Penyakit tidak menular seperti stroke, penyakit jantung, diabetes, dan kanker terhitung lebih dari 70% dari semua kematian. Mencegah lebih baik dari pada mengobati!"
908,980008368742973440,https://x.com/UGMYogyakarta/status/980008368742973440,2018-03-31,"Diabetes melitus (DM) atau yang biasa disebut diabetes merupakan salah satu penyakit yang menjadi masalah dalam kesehatan di Indonesia dan dunia. Yuk, kenali diabetes dan pencegahannya untuk kesehatan yang lebih baik!"
909,980883727742939136,https://x.com/serambinews/status/980883727742939136,2018-04-02,"Bahaya Penyakit Diabetes tak Mengenal Usia, Berikut Cara Mudah Mengatur Kadar Gula Darah"
910,980625870904745985,https://x.com/LoveJuiceID/status/980625870904745985,2018-04-02,"Dalam dunia kesehatan stres merupakan pemicu utama penyakit degenaratif. Stres sering dikaitkan dengan kolesterol, pola makan dan tidur yang bisa mengakibatkan diabetes. Nah, kamu bisa coba cara ini saat mengalami stres, ASliSehatnya lho Lovely People."
911,981731993653137408,https://x.com/rsislamjakarta/status/981731993653137408,2018-04-05,"Sedang Siaran Langsung Talkshow Pharmaceutical Care untuk Penyakit Diabetes Mellitus Kamis, 5 April 2018 Jam : 10.00 - 11.00 WIB Narasumber : Nopiana P, ., Apt Host : Ressy Nindyamantika saksikan juga di"
912,982816703640780800,https://x.com/PosIndonesia/status/982816703640780800,2018-04-08,"Sahabat, ternyata bersepeda dapat mengurangi risiko terkena diabetes. Maka dari itu, mari kita manfaatkan waktu luang kita dengan membiasakan berolahraga bukan hanya untuk mengurangi risiko penyakit tapi lebih daripada itu, guna memberikan keseimbangan dalam hidup."
913,983064706075181058,https://x.com/_mercon/status/983064706075181058,2018-04-08,"di duga karena terlalu ""manis"" para personil cherrybelle mengidap penyakit diabetes"
914,983244368411746304,https://x.com/suplementianshi/status/983244368411746304,2018-04-09,Sering makan tidak teratur memicu seseorang mengalami penyakit diabetes atau kencing manis.
915,983243622383476737,https://x.com/sigitdanuardi/status/983243622383476737,2018-04-09,"Neuropati bisa juga berhubungan dengan penyakit lain, seperti gangguan metabolik dan endokrin. Studi oleh Olsen (1999) menunjukkan, 50-70 % penderita diabetes &gt;10 tahun mengalami neuropati sedang berat."
916,983216997612728320,https://x.com/serambinews/status/983216997612728320,2018-04-09,"Berisiko Diabetes Disebut-sebut, bahkan nasi putih lebih buruk daripada minuman soda manis dalam menyebabkan penyakit, termasuk penyakit diabetes."
917,983212429994635265,https://x.com/OnlineShopTiens/status/983212429994635265,2018-04-09,Garis Pinggang yang Besar sudah digunakan sebagai indikator untuk berbagai penyakit seperti Jantung &amp; Diabetes
918,983246910680018944,https://x.com/kariin91/status/983246910680018944,2018-04-09,"Kebanyakan pasien Hemodialisa (HD) itu disebabkan oleh gaya hidup. Sering dimulai dari diabetes, atau penyakit lain. Mungkin HD bukan akhir dari segalanya. Namun banyak keterbatasan yg dialami seperti harus rutin HD minimal 2x seminggu, adanya batasan volume air minum harian, dll"
919,983196849027727360,https://x.com/PeninggiAlami08/status/983196849027727360,2018-04-09,Orang yg tidur dengan durasi lebih dari 9 jam saat malam hari akan menambah risiko penyakit diabetes hingga 90%.
920,983173831622770688,https://x.com/dr_sehat/status/983173831622770688,2018-04-09,"Ingaaat! Durian sangat tinggi indeks glikemiknya, sehingga dapat menimbulkan penyakit jantung koroner, diabetes tipe 2, dan obesitas."
921,983181444737454080,https://x.com/SprayBio/status/983181444737454080,2018-04-09,"Bio Spray adalah obat/suplemen yang bisa menyembuhkan berbagai penyakit seperti kanker,diabetes,tumor,stroke,jantung,dll berminat Hub: 08891411715/08567024934 pin:75C5F039"
922,983162773126299648,https://x.com/Herbal_Tiens_/status/983162773126299648,2018-04-09,Jambu Biji Dapat Membantu Mencegah Penyakit Diabetes Tipe 2. Sumber Serat Dalam Jambu Biji Membantu Mengontrol Penyerapan Gula Didalam Tubuh
923,983154976678559745,https://x.com/_obat_tinggi/status/983154976678559745,2018-04-09,Makanan manis dapat menyebabkan penyakit diabetes yang mana merupakan faktor resiko penyakit pada organ jantung anda.
924,983149062668009474,https://x.com/Duguldua/status/983149062668009474,2018-04-09,"Bagaimana bisa berhenti? Pagi2 sudah melihatnya dengan jelas(wajah dan senyumanmu),yang ada bisa kena diabetes sama penyakit jantung."
925,983147652983304192,https://x.com/TinggiBadanCara/status/983147652983304192,2018-04-09,Makanan Manis Dapat Menyebabkan Penyakit Diabetes Yang Mana Merupakan Faktor Resiko Penyakit Pada Organ Jantung Anda
926,983189384747933696,https://x.com/_Peninggi_Badan/status/983189384747933696,2018-04-09,Menghabiskan Waktunya Dengan Duduk Yang Terlalu Lama Akan Memiliki Resiko Besar Terserang Penyakit Diabetes
927,983509978475585537,https://x.com/Dokter_Indo/status/983509978475585537,2018-04-10,Penjelasan mengapa penderita diabetes lebih rawan terkena penyakit jantung. Baca selengkapnya di
928,983583946729402369,https://x.com/884GlobalRadio/status/983583946729402369,2018-04-10,"Berita duka cita datang dari industri musik Indonesia yang harus kehilangan salah satu personilnya. Andika Putrasahadewa (), bassist Kerispatih, dikabarkan telah berpulang akibat penyakit diabetes yang dideritanya, Global Listeners."
929,983619620366987265,https://x.com/detikcom/status/983619620366987265,2018-04-10,"Sebelum meninggal dunia, Andika 'Kerispatih' memang sudah lama mengidap diabetes. Penyakit itu bahkan sempat mengganggunya saat manggung. via"
930,983634442047533057,https://x.com/kumparan/status/983634442047533057,2018-04-10,"Penyakit Diabetes di Usia Muda, Seberapa Bahayakah?"
931,983644629798027269,https://x.com/tribunpontianak/status/983644629798027269,2018-04-10,"BANYAKIN MAKAN 10 MAKANAN INI, Hipertensi dan diabetes adalah beberapa faktor yang dapat menyebabkan penyakit jantung."
932,983647365104975872,https://x.com/detikHealth/status/983647365104975872,2018-04-10,"Cara Cegah Diabetes, Penyakit yang Diidap Andika 'Kerispatih'"
933,983722198329274368,https://x.com/detikcom/status/983722198329274368,2018-04-10,"Cara Cegah Diabetes, Penyakit yang Diidap Andika 'Kerispatih' via"
934,984012891539099649,https://x.com/infofarmasi/status/984012891539099649,2018-04-11,PHARMACEUTICAL CARE UNTUK PENYAKIT DIABETES MELLITUS
935,983910285625839616,https://x.com/jawapos/status/983910285625839616,2018-04-11,Hidup Berdampingan Bersama Penyakit Diabetes Millitus
936,984458322538512384,https://x.com/BudiBudilaks/status/984458322538512384,2018-04-12,"Jidat gosong bagi saya itu tanda sakit diabetes melitus. Pasti ada tanda gosong ditempat lainnya. Biasanya sikut, tumit, dll. Ayah saya sama. Dan biasanya jd lbh kalem, lembut, agar ga kekurangan tenaga. Krn ibu dr penyakit lainnya. Kecuali diitemin pakai spidol."
937,984439198961709056,https://x.com/dr_Phaidon/status/984439198961709056,2018-04-12,"Gejala penyakit akibat gaya hidup, diabetes tipe 2, hipertensi,. kolesterol , asam urat, trigliserida tinggi, solusinya adalah UBAH GAYA HIDUP. Obat membantu mengurangi gejala, bukan meniadakan penyebab. Sehat itu pilihan. Yang masukin makanan ke mulut kan kita sendiri."
938,984306873229656064,https://x.com/IntisariOnline/status/984306873229656064,2018-04-12,"Selama ini, kita hanya tahu kanker dan diabetes saja yang sulit disembuhkan. Padahal, penyakit yang paling dekat dengan kita, yaitu influenza juga tidak bisa sembuh, lo!"
939,984417521678864384,https://x.com/farmasetika_com/status/984417521678864384,2018-04-12,"- Diabetes melitus merupakan penyakit atau gangguan yang disebabkan oleh meningkatnya kadar glukosa serum (hiperglikemi) dalam tubuh akibat terjadinya gangguan pada sekretin insulin, kerja insulin, maupun keduanya (WHO, 2009). Dia"
940,984585719422357504,https://x.com/kosmo_online/status/984585719422357504,2018-04-13,"Kajian dapati kumpulan berjaga malam cenderung alami gangguan psikologi, penyakit diabetes"
941,984637317703876608,https://x.com/nyonyanyinya/status/984637317703876608,2018-04-13,"Masuk ke bulan peduli Diabetes, ternyata kondisi Diabetes di Indonesia tuh semakin mengkhawatirkan. Diabetes udah jadi penyakit penyebab kematian terbesar nomor 3 di Indonesia, dan nomor 9 di dunia. BeatDiabetes WorldHealthDay LindungiKeluargaDariDiabetes DukungGermas"
942,984639283762835457,https://x.com/nyonyanyinya/status/984639283762835457,2018-04-13,"Orang tua memegang peran penting dalam melindungi keluarga dari diabetes. Mulai dari hamil, ternyata banyak faktor yang bisa memicu penyakit diabetes. Misalnya Ibu hamil yg suka mengkonsumsi makanan manis. BeatDiabetes WorldHealthDay LindungiKeluargaDariDiabetes DulungGermas"
943,984930234473463809,https://x.com/republikaonline/status/984930234473463809,2018-04-13,Minim Aktivitas Fisik Picu Penyakit Diabetes dan Jantung
944,985398681707806720,https://x.com/Telkomsel/status/985398681707806720,2018-04-15,"Dapatkan informasi tepercaya tentang penanganan diabetes, penyakit jantung, darah tinggi, serta yang lainnya lewat layanan TanyaDok Untuk informasi berlangganan dapat menghubungi 500 67 atau klik"
945,985734007680729089,https://x.com/kiosbankID/status/985734007680729089,2018-04-16,"Dengan mengkonsumsi kopi secara teratur dan tidak berlebihan dapat mencegah risiko penyakit Kanker,diabetes, mencegah parkinson, meningkatkan mood dan masih banyak manfaat lainnya."
946,986069355338186754,https://x.com/dr_Phaidon/status/986069355338186754,2018-04-17,"Diabetes tipe 2 adalah penyakit yamg timbul akibat gaya hidup. Obat membantu, tapi solusinya adalah MENGUBAH gaya hidup. Selain memilih karbo kompleks, mengefisienkan kerja insulin juga penting. Contohnya, bawang merah. Beberapa contoh lain plus makan sehatnya akan dibahas di"
947,986152587794628608,https://x.com/officialnova_id/status/986152587794628608,2018-04-17,Waspada! Pahami betul gejala-gejala kita terserang penyakit diabetes sehingga lebih mudah untuk mengatasinya lebih dini
948,986469449715855360,https://x.com/CombiCareCenter/status/986469449715855360,2018-04-18,Setiap tanggal 18 April diperingati sebagai hari diabetes nasional. Diabetes adalah suatu penyakit dimana tubuh tidak dapat menghasilkan insulin (hormon pengatur gula darah) / insulin yg dihasilkan tidak mencukupi / insulin tidak bekerja dengan baik. :)
949,986511002337345536,https://x.com/prosehat/status/986511002337345536,2018-04-18,8 fakta penting seputar penyakit Diabetes yang harus Sahabat ketahui. Nomer 5 adalah fakta yang paling ditakutkan!
950,986569169809240064,https://x.com/akuratco/status/986569169809240064,2018-04-18,"Kemarin, dunia memperingati hari Hemofilia. Yuk cek fakta mengenai penyakit ini / Candra Nawa Akuratco AkuratInfografis Infografis hemofiliaindonesia Diabetes Health"
951,986590292596940800,https://x.com/klikdokter_id/status/986590292596940800,2018-04-18,Diabetes adalah penyakit yang sangat membahayakan. Kenali lebih dalam mengenai diabetes berikut. klikDOKTER
952,987227117069848578,https://x.com/monicaang2/status/987227117069848578,2018-04-20,"Kenapa penyebab kematian mengalami perubahan? Karena gaya hidup saat ini banyak yg menyebabkan kelebihan berat badan / obesitas, yg menjadi awal penyakit jantung, stroke dan diabetes. 4jengkal SOYJOYxBPN HidupEnak"
953,987228294020870144,https://x.com/monicaang2/status/987228294020870144,2018-04-20,"Obesitas adalah pintu masuk berbagai penyakit, salah satunya adalah diabetes. 4jengkal SOYJOYxBPN HidupEnak Indonesia menjadi negara peringkat ke-7 penderita TBC terbanyak di dunia."
954,987214630752681984,https://x.com/komburmamak/status/987214630752681984,2018-04-20,"Beberpa hari lalu aku menghadiri acara diabetes dan memang paham betul sih kalo obesitas bs memicu penyakit ini, ehm jafi penasaran gimana sih bisa kasih HidupEnak 4jengkal BPNXSOYJOY"
955,987977823598997504,https://x.com/wahyuadams_17/status/987977823598997504,2018-04-22,"Tinggal pilih aja sih, mau punya penyakit paru-paru, atau diabetes."
956,988303359437299712,https://x.com/havzichiori/status/988303359437299712,2018-04-23,"Butthurt bila nampak madu dlm senarai Nama pun madu; manis. Sudah tentu ada gula yg boleh jd punca diabetes. Sunnah tak sunnah, kau melantak makanan apapun akan bawak penyakit la"
957,988571840481234944,https://x.com/aremadesign/status/988571840481234944,2018-04-24,"Khususon Alm. Lucky Acub Zaenal Al - Fatihah. 24 April 2013 - 25 April 2018 5 Tahun sudah Founding Father Arema ini meninggalkan kita semua untuk selama lamanya, beliau menderita penyakit hepatitis C, diabetes dan liver, bahkan akibat penyakit yang"
958,988574296187523072,https://x.com/Aremania_biru/status/988574296187523072,2018-04-24,"Khususon Alm. Lucky Acub Zaenal Al - Fatihah. 24 April 2013 - 25 April 2018 5 Tahun sudah Founding Father Arema ini meninggalkan kita semua untuk selama lamanya, beliau menderita penyakit hepatitis C, diabetes dan liver, bahkan akibat penyakit yang d"
959,989506627249127426,https://x.com/dr_Phaidon/status/989506627249127426,2018-04-26,"Penampilan fisik di satu sisi tidak selalu menggambarkan kondisi kesehatan seseorang. Banyak yang badan nya relatif langsing, bahkan atletis yang menderita penyakit degeneratif seperti diabetes, hipertensi, bahkan kematian di usia muda."
960,989507419196674049,https://x.com/AzrulIzzaham/status/989507419196674049,2018-04-26,"Dulu penyakit Diabetes, Darah Tinggi macam penyakit kebanyakkan. Biasa dengar. Hari ni, Kanser pula macam dah jadi penyakit kebiasaan. Mesti akan dengar orang terdekat kena Kanser. Jaga kesihatan semua gais."
961,989804826266550274,https://x.com/kokbisachannel/status/989804826266550274,2018-04-27,"Ternyata, engga cuma hapus penyakit, teknologi modifikasi DNA alias CRISPR juga bisa jadi resep awet muda! Jadi, seiring bertambahnya usia, tubuh kita akan semakin rentan terhadap berbagai macam penyakit. Sebut saja alzheimer, diabetes, dan lain lain. faktamenarik kokbisa"
962,989821292659425280,https://x.com/kompasiana/status/989821292659425280,2018-04-27,"Penyakit Diabetes Menyerang Zumi Zola, Mungkin Dikarenakan Stres"
963,989875497591959552,https://x.com/Bisniscom/status/989875497591959552,2018-04-27,5 Mitos dan Fakta Soal Penyakit Diabetes yang Perlu Anda Ketahui
964,991240529449959426,https://x.com/aiditghazali/status/991240529449959426,2018-05-01,"Doakan utk kesihatan Ust Nordin Jaafar yg merupakan salah seorang ahli kumpulan nasyid Alarme yg telah mempopularkan nasyid bertajuk Bulan2 Islam. Beliau diuji dgn diabetes, penyakit buah pinggang dan kesan drpd serangan kencing tikus 1 ketika. Mata2 beliau juga kurang melihat."
965,991333879259676673,https://x.com/BPOM_RI/status/991333879259676673,2018-05-01,"Misalkan, anak yang alergi terhadap susu sapi sehingga perlu formula khusus sebagai penggantinya. Atau pasien penyakit diabetes yang perlu menggunakan produk pemanis khusus sebagai pengganti gula."
966,991858739157258240,https://x.com/dr_Phaidon/status/991858739157258240,2018-05-03,"Diabetes tipe 2 adalah penyakit akibat gaya hidup, efek samping obat, stress. Jika pola hidup sehat, maka diabetes bisa tidak bermanifestasi walau tanpa obat. Makan sehat, olahraga, istirahat cukup, pikiran sehat, aktivitas sehat. Tanpa perubahan, harus tetap pakai obat."
967,991923412481097728,https://x.com/TeamKhairyKJ/status/991923412481097728,2018-05-03,"YB menziarahi Pak cik Yop Baharuddin b Ahmad Mursidi berusia 68 thn yg mengidap penyakit diabetes di Taman Tuanku Jaafar, Senawang DunParoi PRU14 JomBN Rembauforever"
968,993492035905642496,https://x.com/Syafiqah__Lee/status/993492035905642496,2018-05-07,"16. Makanan segera (segera mati) Makanan segera boleh meningkatkan risiko diabetes, penyakit kardiovaskular, kanser, gangguan mood, penambahan berat badan, gangguan metabolik, dan lain-lain. Jadi sekurang-kurangnya cuba kurangkan makanan segera."
969,993416927098814464,https://x.com/Tribun_Manado/status/993416927098814464,2018-05-07,"Mulai Liver hingga Diabetes, Inilah Penyakit Berbahaya yang Dapat Terdeteksi dari Tangan Anda lewat"
970,993434485998800898,https://x.com/Syafiqah__Lee/status/993434485998800898,2018-05-07,"1. Sos tomato dalam tin Pembunuh dalam diam kerana sumber gula yang tersembunyi dan ia boleh membawa kepada peningkatan risiko obesiti, diabetes, penyakit jantung, dan juga kerosakan gigi."
971,993367547746533377,https://x.com/tribunnews/status/993367547746533377,2018-05-07,"Deteksi 5 Penyakit Berbahaya Ini Hanya dengan Melihat Telapak Tangan, Diabetes Hingga Liver! via"
972,993397543991201792,https://x.com/CombiCareCenter/status/993397543991201792,2018-05-07,"8. Melindungi Hati Manfaat buah mengkudu yang lain adalah dapat melindungi hati (liver). Terutama bagi penderita diabetes, risiko penyakit hati berlemak sangat tinggi. CombiShare"
973,993319413204963328,https://x.com/dr_Phaidon/status/993319413204963328,2018-05-07,"Olahraga itu obat berbagai macam penyakit, obat darah tinggi, obat diabetes, obat impotensi. Selain itu bikin lebih pintar, lebih semangat, lebih bergairah.Harganya murah bisa dibayar sesuai kondisi, bisa dilakukan kapan saja dimana saja.Jangan kalah sama pemuda idaman ini"
974,993702291784925184,https://x.com/soyjoyID/status/993702291784925184,2018-05-08,"Kalau ada yang bilang bahwa diabetes itu adalah penyakit keturunan pastinya itu pemikiran zaman old banget. Nyatanya diabetes itu bisa nyerang siapa aja lho, dan nggak kenal umur. Nah, kita punya tips jitu nih buat ngelawan diabetes. Yuk, ikutin caranya!"
975,994041768302673920,https://x.com/TirtoID/status/994041768302673920,2018-05-09,"Berkat pola makan sehat, mereka yang tinggal di Blue Zone terdeteksi bebas dari penyakit kronis seperti jantung, kanker, dan diabetes. Tertarik mengikuti resep mereka?"
976,994055618968391681,https://x.com/CombiCareCenter/status/994055618968391681,2018-05-09,5. Bermanfaat bagi Penderita Diabetes Kandungan nutrisi dalam buah kersen mampu membantu menurunkan gula darah. Buah kersen juga baik dikonsumsi untuk mencegah penyakit diabetes. CombiShare
977,994821439709700097,https://x.com/KoramilM/status/994821439709700097,2018-05-11,Babinsa Koramil 12/Manisrenggo Kopda Choirudin menghadiri giat Senam Lansia dan Penyuluhan Penyakit Diabetes dalam rangka Hari Lansia ke 22 th 2018
978,995157444732080128,https://x.com/VIVAcoid/status/995157444732080128,2018-05-12,4 Ciri-ciri Penyakit Diabetes yang Sulit Dikenali 1newstainment
979,995503706694082560,https://x.com/RUMAHSAKITJIH/status/995503706694082560,2018-05-13,"Lemak viseral yang berada di sekitar organ membuatnya dapat meningkatkan kadar lemak jahat. Risikonya pada tubuh dapat menyebabkan penyakit berbahaya, seperti penyakit jantung, hipertensi, hingga diabetes tipe 2."
980,996925157707997184,https://x.com/diyansetyaji/status/996925157707997184,2018-05-17,"Sugeng ibadah siam kagem sdr, bapak, ibu ingkang muslim. Saya ada informasi tentang berpuasa bagi sdr, bapak, ibu yang memiliki riwayat penyakit gula darah atau diabetes."
981,997072896102039552,https://x.com/jnessy_/status/997072896102039552,2018-05-17,"buat yg punya kenalan kena penyakit diabetes dan suka atau masih konsumsi daun yakon / daun insulin, ketahuilah kalau efek samping daun yakon itu bisa menurunkan kualitas / merusak ginjal. memang kadar gula bisa menurun, tapi percuma juga klo ginjalnya lama2 bisa kena."
982,997282219776331777,https://x.com/IPC_Banten/status/997282219776331777,2018-05-18,Salah satunya mengoptimalkan kinerja hormon. Perut yg kosong memicu perubahan hormon di dalam tubuh yg bisa membantu pembentukan otot dan pembakaran lemak lebih cepat. Olahraga saat berpuasa turut meningkatkan sensitivitas insulin yg bisa mencegah penyakit diabetes.
983,997305435278340096,https://x.com/KemenkesRI/status/997305435278340096,2018-05-18,"Yuk niatkan mengurangi porsi Gula, Garam dan Lemak (GGL) selama puasa. Mengurangi porsi GGL bisa menurukan risiko Penyakit Tidak Menular seperti stroke, diabetes dan hipertensi TipsSehatPuasa"
984,997323401382555648,https://x.com/CombiCareCenter/status/997323401382555648,2018-05-18,"Jangan mengonsumsi biji alpukat dengan mencampurkannya bersama air gula, karena air gula justru memberikan potensi menimbulkan penyakit seperti diabetes melitus atau caries pada gigi. CombiShare"
985,997356147416936449,https://x.com/AstraHondaCare/status/997356147416936449,2018-05-18,Mengkonsumsi sayuran kacang-kacangan dapat mengontrol kadar gula berlebih yang mencegah terjadinya penyakit diabetes. Contohnya Kacang Panjang ini HondaLovers.
986,997392205407928320,https://x.com/kompaslifestyle/status/997392205407928320,2018-05-18,"Bawang putih ampuh mengurangi risiko mengembangkan jenis kanker tertentu, penyakit kardiovaskular dan diabetes tipe 2."
987,997416937352192000,https://x.com/RadioElshinta/status/997416937352192000,2018-05-18,"Info : Yuk niatkan mengurangi porsi Gula, Garam dan Lemak (GGL) selama puasa. Mengurangi porsi GGL bisa menurukan risiko Penyakit Tidak Menular seperti stroke, diabetes dan hipertensi TipsSehatPuasa ElshintaEdisiSore"
988,997694787942666241,https://x.com/dinkesrembang/status/997694787942666241,2018-05-19,"Hai Sobat Sehat ! Saat nyiapin menu buka puasa jgn lupa utk mengurangi porsi Gula, Garam, &amp; Lemak (GGL) ya. Soalny mengurangi porsi GGL bisa menurukan risiko Penyakit Tidak Menular sprti stroke, diabetes &amp; hipertensi . Kiat Sehat di Bulan Ramadhan ya Sobat. Salam Sehat !"
989,998776299446386688,https://x.com/KemenkesRI/status/998776299446386688,2018-05-22,"Nah, apalagi lemak yang jadi kandungan yg ditakuti kaum hawa harus dikontrol konsumsinya Kenapa? Lemak bisa membuat berat badan naik yg bisa meningkatkan risiko penyakit jantung, diabetes dan hipertensi . Konsumsi lemak cukup 5 sdm per hari ya TipsSehatPuasa"
990,999513095214018561,https://x.com/Kirana9999/status/999513095214018561,2018-05-24,Makan byk2 jd penyakit diabetes dll. Agama itu memang mengatur segalanya krn manusia itu suka berlebihan akan apapun. Gemuk blm tentu sakit. Kurus belum tentu sehat. Jangan terlalu membenci yg kita tdk tahu. Nanti dirimu dan kehidupanmu bertambah buruk. Naudzubillah.
991,1000693906026020864,https://x.com/ariftheizz/status/1000693906026020864,2018-05-27,"Stiqma in religion about mental health if we look at other illness : Mental illness: iman tak kuat, kurang solat Gastric/diabetes: makan tak baca bismillah Penyakit hati: hati kau kotor &amp; gelap Sakit jantung: tak ikut sunnah tido mengiring Kanser mulut : kurang berzikir"
992,1000896182317531139,https://x.com/UbatOhUbat/status/1000896182317531139,2018-05-28,"mitos. Penyakit diabetes (kencing manis) hanya melibatkan warga tua/emas. Fakta. Faktor risiko diabetes adalah gaya hidup, pemakanan, genetik, umur, berat badan dan lain-lain."
993,1000903397086654464,https://x.com/khairul_hafidz/status/1000903397086654464,2018-05-28,"Penyakit diabetes type II sudah menjadi semakin muda . Jika dahulu kita lihat pada pesakit yang berumur, sekarang sudah boleh dikesan pada umur 30-an. Statistik NHMS 2015 menunjukkan 17.7% ( 3.5 juta) orang dewasa &gt;18 tahun adalah penghidap diabetes. Ini membimbangkan."
994,1000977342062252032,https://x.com/achmad_taher/status/1000977342062252032,2018-05-28,Waduh diabetes sih penyakit bahaya number one tuh?
995,1001209533694230528,https://x.com/Andimika2/status/1001209533694230528,2018-05-28,Kagum q semua olah raga suka bgus pk jokowi jga kesehatn biar gk kena penyakit diabetes biasa y orang pemimpin yg bodi y gemuk kekar pasti kena diabetes karena sellu mkan makanan uang rakyat karena sellu ABS tp lain dgn pemimpin kurus tpi sehat yg sllu negara y ingin maju
996,1001789017640394757,https://x.com/AriWibowo_Ofc/status/1001789017640394757,2018-05-30,Diabetes dikenal umum sebagai penyakit yang
997,1001770805573763073,https://x.com/TheGoat30965/status/1001770805573763073,2018-05-30,"Sayur bendi dapat membantu mencegah penyakit diabetes dan sembelit, meningkatkan kesihatan hati dan membantu meringankan penyakit ginjal. famadihatirakyat ourfoodourfuture"
998,1002223128800649216,https://x.com/harakahdailyHD/status/1002223128800649216,2018-05-31,"Merokok adalah penyebab utama pelbagai keadaan perubatan seperti kanser, penyakit kardiovaskular dan diabetes di seluruh dunia. Ini merupakan sebahagian kecil daripada perkara yang lebih besar."
999,1003156022431641600,https://x.com/serujinews/status/1003156022431641600,2018-06-03,Untuk Diketahui : Diabetes Melitus Penyakit Seumur Hidup WargaSERUJI : Elfizon Amir Artikel Warga Komplikasi Sakitgula
1000,1003271635481194499,https://x.com/DokterSehatcom/status/1003271635481194499,2018-06-03,"Selain Diabetes, Penyakit ini Juga Disebabkan Oleh Makanan Manis"
1001,1003440223823409152,https://x.com/KemenkesRI/status/1003440223823409152,2018-06-04,"Hai Healthies! Yuk simak TalkshowExclusive bersama dokter spesialis Penyakit dalam : dr. Ade Putri Tanesha Idhayu, Sp.PD dg topik Diabetes dan Bulan Puasa Hari ini, Senin 4 Juni 2018. Jam 09:00 WIB di Playstore : Siaran Radio Kesehatan"
1002,1004128423067828224,https://x.com/drwaque/status/1004128423067828224,2018-06-05,Penyakit jantung boleh bawa maut. Penyakit pernafasan boleh maut. Penyakit hati boleh bawa maut. Penyakit buah pinggang boleh bawa maut. Komplikasi diabetes &amp; darah tinggi boleh bawa maut. Penyakit DEPRESSION juga boleh bawa maut. Dapatkan bantuan hari ini juga! MedTweetMY
1003,1004140127264763905,https://x.com/kompascom/status/1004140127264763905,2018-06-05,"Ada 9 penyakit kronis yakni diabetes, hipertensi, jantung, asma, Penyakit Paru Obstruktif Kronis (PPOK), epilepsi, stroke, skizofrenia dan lupus."
1004,1004407613511962624,https://x.com/drwaque/status/1004407613511962624,2018-06-06,"Jika ada penyakit diabetes, ikut nasihat doktor. Cuba target bacaan gula dalam darah normal. Bolehkah pergi berurut anu untuk 'kuat'? Yang ini saya kurang ilmu. Tidak dapat memberi pandangan. Kalau nak buat regangan/senaman rimau terpulanglah."
1005,1004407610886377472,https://x.com/drwaque/status/1004407610886377472,2018-06-06,Maka macamana nak jadi 'kuat' semulajadi? Semuanya ada di cara hidup sihat. Minda yang tenang. Tiada diabetes atau darah tinggi. Tidak merokok. Bersenam. Makanan berkhasiat. BMI unggul. InsyaAllah 'kuat'. Jika ada penyakit diabetes?
1006,1005404146575409153,https://x.com/okaydoc_id/status/1005404146575409153,2018-06-09,Waspadai 8 Ciri-ciri Penyakit TBC Ini Sebelum Terlambat! ciri-ciri penyakit tbc diabetes meningitis kanker tuberkulosis aids hiv ciri-ciri penyakit tbc vaksin bcg
1007,1005870854394335232,https://x.com/pinterpandai_id/status/1005870854394335232,2018-06-10,Penyebab Gigi Copot: 1. Masalah gusi (penyakit periodontal). 2. Umur lebih tua dari 35 tahun. 3. Menjadi seorang laki-laki. 4. Jarang bersikat gigi. 5. Merokok (saat ini atau sebelumnya) 6. Memiliki penyakit diabetes. 7. . Selanjutnya
1008,1005676016709308416,https://x.com/DubesAustralia/status/1005676016709308416,2018-06-10,Sebuah tes baru yang dikembangkan oleh para peneliti dapat memprediksi dengan tepat penyakit diabetes ginjal hingga empat tahun sebelum terjadi. OzIptek
1009,1006188733777899525,https://x.com/adtyafjr_/status/1006188733777899525,2018-06-11,"Penyakit, penyakit apa yang diambil dari kejadian gunung? . . . . . . . . . . . . . Diabetes Meletus recehkantwitter"
1010,1006416291278667776,https://x.com/AfifFuadS/status/1006416291278667776,2018-06-12,"8. Analogi anggun dari Gus Yahya atas masalah ini ""Dokter mangatakan bahwa obat apa pun tidak akan ada gunanya bagi penderita diabetes dan penyakit jantung, kecuali mereka mengubah gaya hidup dan pola makan"""
1011,1006339589932400640,https://x.com/__LunaNadia/status/1006339589932400640,2018-06-12,"Selagi bukan diabetes, darah tinggi, sakit jantung then selagi tu bukan penyakit la kat Malaysia."
1012,1006803937499013121,https://x.com/BernamaTV/status/1006803937499013121,2018-06-13,Penyakit diabetes menyumbang sebanyak 60 peratus kepada masalah buah pinggang hingga menyebabkan pesakit perlu menjalani proses mencuci darah atau hemodialisis - Pengarah Perubatan Gedung Penawar Sdn Bhd
1013,1007059788000194560,https://x.com/amirsenior1/status/1007059788000194560,2018-06-14,"YB Menteri Kesihatan; tolong juga pantau harga ubat yg konon nya controlled dan amat2 mahal spt ubat2an penyakit kritikal - kanser, jantung, diabetes, buah pinggang, ubat2an sajit jiwa &amp; otak dll."
1014,1007959220283568129,https://x.com/selvijn_ellias/status/1007959220283568129,2018-06-16,"Layani penderita diabetes, hipertensi dan jantung, RS Siloam Manado optimalkan pelayanan penyakit metabolik"
1015,1008667831121002496,https://x.com/UNICEFIndonesia/status/1008667831121002496,2018-06-18,"2/3. Stunting juga menyebabkan meningkatnya risiko penyakit kronis terkait gizi, seperti diabetes, hipertensi, dan obesitas di masa depan. GiziBaikUntukAnak EveryChildALIVE EarlyMomentsMatter"
1016,1009021269365288961,https://x.com/kompascom/status/1009021269365288961,2018-06-19,"Penyakit mematikan kardiovaskular tidak hanya disebabkan usia lanjut, hipertensi, kolesterol, merokok, dan diabetes saja. Pernikahan juga pemicunya."
1017,1009077272790253568,https://x.com/GalaxsTiens/status/1009077272790253568,2018-06-19,Penyakit Kencing Manis / Diabetes dapat menyebabkan Impotensi Seks SexInfoID
1018,1008867194065674240,https://x.com/rosenroast/status/1008867194065674240,2018-06-19,"Diberitakan bahwa pemilik akun telah ditemukan sudah meregang nyawa diakibatkan oleh penyakit diabetes. Saat ini, Kim Namjoon ditentukan sebagai TERSANGKA atas kasus ini."
1019,1008979605477191680,https://x.com/nia303/status/1008979605477191680,2018-06-19,"Depression ni mcm penyakit diabetes dsb, perlu rawatan dari mereka yg ada ilmunya sbg ikhtiar, tapi dlm masa yg sama jgn tinggal amal ibadah dan tawakal pada Allah. Sbb Allah yg tentukan berjaya atau tidak ikhtiar memulihkan depression ni."
1020,1009441651469606912,https://x.com/clickmalick/status/1009441651469606912,2018-06-20,"apa benar jika seorang bapak terkena penyakit diabetes, bapak tersebut sudah layak mendapat julukan sebagai sugar daddy? RecehkanTwitter sugardaddy"
1021,1009995968190636033,https://x.com/serambinews/status/1009995968190636033,2018-06-22,MENINGGAL PRIA ITU SEHARI-HARI MEMANG BEKERJA DI BOAT PENANGKAP IKAN TERSEBUT. DIDUGA SOFYAN MENINGGAL DUNIA AKIBAT PENYAKIT DIABETES (DARAH MANIS) YANG DIDERITANYA.
1022,1009996774092648448,https://x.com/KemenkesRI/status/1009996774092648448,2018-06-22,"Lemak sebuah kandungan yg ditakuti kaum hawa Kenapa? Lemak bisa membuat berat badan naik yg bisa meningkatkan risiko penyakit jantung, diabetes dan hipertensi . Konsumsi lemak cukup 5 sdm per hari ya SehatZamanNow DukungGERMAS"
1023,1010477568749957121,https://x.com/alodokter/status/1010477568749957121,2018-06-23,"Perut buncit dapat meningkatkan risikomu mengalami gangguan kesehatan seperti penyakit jantung, diabetes, dan stroke lho! Yuk, segera pangkas lemak di dalam perut dengan 4 cara berikut ini."
1024,1010786857343422464,https://x.com/gudangHWI/status/1010786857343422464,2018-06-24,Diabetes adalah suatu penyakit yang ditandai dengan kadar gula darah yang tinggi. Produk HWI yang dapat digunakan antara lain
1025,1010745584066727937,https://x.com/klikdokter_id/status/1010745584066727937,2018-06-24,"Diabetes mellitus adalah penyakit kencing manis, apa bisa disembuhkan dengan yang pahit? Yuk cari tahu di sini. klikDOKTER"
1026,1010750658956296192,https://x.com/DrAfiqS/status/1010750658956296192,2018-06-24,"Ubat vet jadi lebih mahal, mostly kena import sebab tak ada kt Malaysia. Kalau pet kena penyakit diabetes, heart disease, hypo/hyperthyroidism yg perlu makan ubat setiap hari memang melayang"
1027,1012375371142946816,https://x.com/ElokPutput/status/1012375371142946816,2018-06-28,"Papaku meninggal 9 thn lalu karena komplikasi diabetes, liver, sama paru-paru. Itu penyakit apa rombongan pariwisata ye, meriah bener. I was super sad at that time. I rarely talked. I was mad."
1028,1012172372118343680,https://x.com/ptm_id/status/1012172372118343680,2018-06-28,"Menjadi aktif sangat penting dalam mencegah dan mengatasi Obesitas, selain itu juga penting untuk mencegah penyakit jantung, stroke, diabetes dan penyakit tidak menular lainnya. Yuk, simak apa itu Aktivitas Fisik? CERDIK CegahPTM DukungGERMAS"
1029,1012549680071258112,https://x.com/ainunchomsun/status/1012549680071258112,2018-06-29,"lagi baca-baca hasil studinya ternyata Indonesia masih memilki masalah cukup krusial terkait kesehatan. Penyakit menular yg belum sepenuhnya hilang ditambah meningkatnya penyakit tidak menular spt stroke, diabetes dll IHME BebanGandaPenyakit"
1030,1012550017469431810,https://x.com/sabaiX/status/1012550017469431810,2018-06-29,"Soal kesehatan di Indonesia, progressnya lumayan. Harapan hidup bertambah 8 th (dibanding th 90), angka penyakit menular spt TBC &amp; diare menurun, tapi. ancaman penyakit tidak menular spt penyakit jantung, diabetes, dll masih di depan mata. IHME BebanGandaPenyakit"
1031,1012556530665680896,https://x.com/fxmario/status/1012556530665680896,2018-06-29,"Jadi saat ini, Indonesia lagi menghadapi BebanGandaPenyakit. Selain usaha melawan penyakit menular misalnya dengan cara vaksin, kita juga harus melawan penyakit tidak menular seperti diabetes atau serangan jantung yang memakan biaya pengobatan sangat besar. IHME"
1032,1012606948225634304,https://x.com/KesehatanMuslim/status/1012606948225634304,2018-06-29,Faktor Risiko yang Harus Dihindari merokok aktif maupun pasif diabetes mellitus dyslipidemia kurang aktivitas fisik overweight/obese pola makan tdk sehat untuk mengurangi risiko penyakit kardiovaskular sperti stroke &amp; penyakit jantung koroner pada penderita hipertensi.
1033,1013008513935683585,https://x.com/fxmario/status/1013008513935683585,2018-06-30,"Lo mau kan hidup sesuai harapan hidup itu? Nah caranya harus hidup sehat. Olahraga teratur, atur pola makan, menghindari stress, jauhi rokok Dengan begitu lo bisa terhindar dari penyakit tidak menular kayak diabetes, stroke, dll IHME BebanGandaPenyakit"
1034,1013020504075132928,https://x.com/belly_sutrisna/status/1013020504075132928,2018-06-30,Stres karena pekerjaan bisa menimbulkan dampak fatal bagi pasien penyakit jantung dan diabetes. Simak di sini alasan lengkapnya.
1035,1013389414049857537,https://x.com/jawapos/status/1013389414049857537,2018-07-01,"Diabetes Penyakit Paling Mencemaskan, Picu Disabilitas dan Kematian"
1036,1013554860015271936,https://x.com/Bisniscom/status/1013554860015271936,2018-07-01,"Penyakit Diabetes dan Ginjal Diabetik, Simak Penjelasan Keterkaitannya"
1037,1013643119940628486,https://x.com/biskuit_kokola/status/1013643119940628486,2018-07-02,"HappyTips Tidur lebih dari 9 jam dapat menimbulkan berbagai penyakit berbahaya lho sobat Kokolaverz. Tidur yag terlalu lama bisa memicu efek buruk bagi kesehatan tubuh seperti diabetes, depresi, Obesitas dll BangHajiPilihKokolaHalal EnaknyaTerlalu"
1038,1014073629372534785,https://x.com/A_Kasandra_P2/status/1014073629372534785,2018-07-03,Penelitian terbaru membuktikan bahwa gula tidak hanya menyebabkan diabetes dan obsesitas namun juga menimbulkan penyakit Alzheimer. Penelitian yang dilakukan oleh Dr. Omar Kassar
1039,1014169200930123777,https://x.com/ditjenhorti/status/1014169200930123777,2018-07-03,Manfaat mengonsumsi pepaya: a.Kandungan Gizi Buah Pepaya b.Anti inflamasi c.Menguatkan sistem imun d.Menyehatkan tulang e.Baik Untuk Penderita Diabetes f.Mencegah Penyakit jantung g.Pencernaan h.Mencegah Degenerasi Makula
1040,1014178636235137024,https://x.com/siputriwidi/status/1014178636235137024,2018-07-03,"Nggak bisa kl maksudnya check up lengkap tanpa indikasi kayak di RS. Tapi kalau download aplikasi JKN di android, ada skrining tahunan berbasis wawancara utk menilai risiko kamu menderita penyakit kronis, misal diabetes &amp; hipertensi. Kl berisiko, kamu berhak diperiksa di FKTP-mu."
1041,1014532301936447489,https://x.com/AepulRoza/status/1014532301936447489,2018-07-04,"Depresi. Ini nama penyakit tau. Macam kanser, diabetes, demam kepialu dan sebagainya. Siapa yang patut diagnos penyakit? Ya betul. Doktor. You can t go and wave a flag saying you have depression like it s a great thing hype thing to announce."
1042,1014919046947454976,https://x.com/Fmuhd1995/status/1014919046947454976,2018-07-05,"Itulah depression. Kalau kita tak pernah rasa, kita tak tahu rasa apa yg diorang lalui. Dia sama macam penyakit sprti cancer / diabetes etc. Ni based on apa yg I pernah baca sebelum ni. Kalau I salah, anyone yg tahu, tolong betulkan ye."
1043,1015162729332498433,https://x.com/VIVA_log/status/1015162729332498433,2018-07-06,Lakukan 7 Cara Ini Agar Terhindar Dari Penyakit Diabetes
1044,1015608616148074497,https://x.com/marahdi2000/status/1015608616148074497,2018-07-07,"Pantes banyak org indonesia kena penyakit diabetes, ga sadar kalau asupan gulanya dr kopi sachet, susu kental manis, dll"
1045,1016202137087324162,https://x.com/globalfmsby/status/1016202137087324162,2018-07-09,penelitian baru yang menemukan fakta bahwa perempuan yang terlalu lelah setiap harinya lebih berisiko tinggi menderita penyakit diabetes. informasi lebih lengkap di femaleactive staytune sobat global.
1046,1016162564231876608,https://x.com/soulusiMY/status/1016162564231876608,2018-07-09,Fish oil bagus tau untuk kesihatan. Antara kelebihannya : - Mencegah Tekanan Darah Tinggi - Mencegah Penyakit Jantung - Mencegah Diabetes - Mencegah Osteoporosis - Mencerdaskan Otak
1047,1016517554309926912,https://x.com/LoveJuiceID/status/1016517554309926912,2018-07-10,"Kita butuh serat kira-kira sebanyak 25-30 gr per hari, jika kurang maka penyakit diabetes, jantung dan konstipasi siap menyerangmu! Selain sayur, buah-buahan juga kaya serat. Jika mau yang lebih simple, ada Love Juice yang AsliSeratnya dan bantu cukupi asupan serat harianmu."
1048,1016586308205010944,https://x.com/TwetPolisi/status/1016586308205010944,2018-07-10,"Napiter M. Basri alami penyakit Diagnosa ISK (Infeksi Saluran Kencing) hasil cek laboratorium dan Suspect CHF (kegagalan fungsi jantung) yg akibatkan kedua tangan dan kaki serta kantong kemaluan membengkak, berdasarkan riwayat penyakit juga memiliki penyakit Diabetes Melitus."
1049,1016618181761232897,https://x.com/serambinews/status/1016618181761232897,2018-07-10,DIABETES DIABETES ADALAH SALAH SATU PENYAKIT YANG BERBAHAYA. PENYAKIT INI MENYERANG KADAR INSULIN SESEORANG YANG MENGAKIBATKAN GULA DARAH TIDAK SEIMBANG.
1050,1016638858409066496,https://x.com/serambinews/status/1016638858409066496,2018-07-10,"Kurang Tidur Bisa Pengaruhi Diabetes, Berikut Penjelasannya: Diabetes adalah salah satu penyakit yang berbahaya. Penyakit ini menyerang kadar insulin seseorang yang mengakibatkan gula darah tidak seimbang."
1051,1016671904998965248,https://x.com/kompascom/status/1016671904998965248,2018-07-10,"Dalam 18 bulan terakhir, 120 orang polisi dilaporkan meninggal akibat penyakit yang berkaitan gaya hidup seperti diabetes."
1052,1017255658125586433,https://x.com/IM3OoredooBTA/status/1017255658125586433,2018-07-12,"Seperti pemanis buatan dan pengawet. Pemanis buatan dalam minuman kemasan dapat menyebabkan obesitas atau kegemukan, munculnya penyakit diabetes."
1053,1017268409526988801,https://x.com/IM3OoredooBKL/status/1017268409526988801,2018-07-12,"Seperti pemanis buatan dan pengawet. Pemanis buatan dalam minuman kemasan dapat menyebabkan obesitas atau kegemukan, munculnya penyakit diabetes"
1054,1017585405820952576,https://x.com/AkupunkturBdg/status/1017585405820952576,2018-07-13,"Insomnia Dapat Meningkatkan Resiko Berbagai Penyakit: Darah Tinggi, Serangan Jantung, Stroke, Diabetes, Gagal Ginjal."
1055,1017639620677210112,https://x.com/IM3OoredooBTA/status/1017639620677210112,2018-07-13,"Perut buncit dikaitkan dengan risiko kesehatan yang lebih besar. Hal ini meningkatkan kemungkinan seseorang untuk mendapatkan serangan jantung dan penyakit lain seperti diabetes tipe 2, stroke dan obstruktif sleep apnea (ngorok)."
1056,1017639817872474112,https://x.com/IM3OoredooBTA/status/1017639817872474112,2018-07-13,"Berbagai studi ilmiah telah menunjukkan bahwa penumpukan lemak berlebih di dalam perut sangat terkait dengan diabetes, penyakit jantung, dan tekanan darah tinggi."
1057,1017640507386679296,https://x.com/IM3OoredooBTA/status/1017640507386679296,2018-07-13,"Selain itu, orang dengan kondisi ini memiliki lima kali lebih banyak risiko mengalami penyakit diabetes mellitus."
1058,1017756300862730240,https://x.com/kompascom/status/1017756300862730240,2018-07-13,"Mulailah Beralih Dari Nasi Mengonsumsi nasi putih secara teratur dapat menjadi sumber penyebab penyakit, termasuk diabetes."
1059,1017982041294557184,https://x.com/TropicanaSlim/status/1017982041294557184,2018-07-14,"Ada beberapa cara yang dapat mendeteksi penyakit diabetes secara dini, Melalui kadar gula darah puasa (Fasting plasma glucose). Apabila kadar gula puasa terbukti lebih dari 100 mg/dL, maka kamu harus waspada terhadap risiko penyakit diabetes."
1060,1018100934193188864,https://x.com/tim_ktj/status/1018100934193188864,2018-07-14,"Seperti pembahasan kali ini mengenai pemanfaatan orang yang sakit borok (kulit), bisa karena sakit diabetes basah, kusta, ataupun penyakit kulit lainnya, terutama yang ada di kaki memetwit"
1061,1018521782767124480,https://x.com/jawapos/status/1018521782767124480,2018-07-15,"Berbagai penyakit kronis akibat kelelahan dan tidak menjaga kesehatan pun dapat kambuh, seperti diabetes, hipertensi, stroke, dan penyakit jantung."
1062,1018446347467358208,https://x.com/DokterNews/status/1018446347467358208,2018-07-15,"19 Manfaat Buah Alpukat yang Mengagumkan. Manfaat buah alpukat untuk kesehatan termasuk mengendalikan berat badan, melindungi dari penyakit jantung, diabetes, mengobati."
1063,1018367872299462656,https://x.com/latifahate_/status/1018367872299462656,2018-07-15,"Manis yang berlebihan membuat diabetes, asin yang berlebihan membuat hipertensi. Penyakit saja mengajarkan bahwa yang berlebihan tak pernah baik. L.A"
1064,1018418569577545728,https://x.com/gitadet/status/1018418569577545728,2018-07-15,Minum es kepal millo bareng kamu keknya aku gasanggup deh. Sama aja namanya nyari-nyari penyakit diabetes. Kebanyakan manisnya. Hmm.
1065,1018729832912474112,https://x.com/kreatorwow/status/1018729832912474112,2018-07-16,"Kopi panas dikenal baik untuk mengurangi risiko penyakit jantung, mengurangi risiko penyakit diabetes tipe 2 dan bahkan dipercaya bisa memperpanjang usia. Kopi juga dianggap mampu"
1066,1018822581099454464,https://x.com/SINDOnews/status/1018822581099454464,2018-07-16,Studi: Racun Platipus Bisa Lawan Penyakit Diabetes Tipe 2
1067,1019038998226980865,https://x.com/pikiran_rakyat/status/1019038998226980865,2018-07-17,"Kata Siapa Orang Kurus Tak Bisa Kena Diabetes? Sering kali dianggap, penyakit diabetes hanya menyerang mereka yang gemuk. Padahal kenyataannya tak seperti itu loh"
1068,1019123463687008258,https://x.com/ipbofficial/status/1019123463687008258,2018-07-17,BeritaIPB Mahasiswa IPB Deteksi Penyakit Diabetes Mudah dan Cepat Menggunakan Urin Baca Selengkapnya di :
1069,1019451977061818369,https://x.com/kreatorwow/status/1019451977061818369,2018-07-18,"Suka minuman mengandung soda? Tunggu dulu, ketahui dampaknya pada tubuh Anda. Risiko penyakit diabetes tipe 2 Studi pada 2009 memperlihatkan ada hubunan antara konsumsi soda dan"
1070,1019543026836783105,https://x.com/officialinews_/status/1019543026836783105,2018-07-18,"Cedera di kaki, seorang calon jemaah haji asal Bondowoso batal berangkat &amp; terpaksa dirawat di RS Haji Surabaya. Lebih dari 600 calon jemaah haji di Mojokerto dinyatakan beresiko tinggi karena mengidap penyakit spt hipertensi, diabetes hingga gangguan jantung. SeputariNewsRCTI"
1071,1019896140345401345,https://x.com/DaiLuqman/status/1019896140345401345,2018-07-19,Ubat segala penyakit ------&gt; Puasa Elak diabetes dengan PUASA dari makanan manis Elak darah tinggi dengan PUASA dari makanan bergaram Elak maksiat zina dengan PUASA kawal nafsu .
1072,1020488534195662848,https://x.com/NulifeID/status/1020488534195662848,2018-07-21,"Tubuh memang butuh gula. Tapi bukan berarti kita boleh berlebihan, Nu People. Terlalu banyak gula malah bisa memicu berbagai penyakit seperti diabetes, obesitas, kerusakan gigi dan penuaan dini."
1073,1020685456805990402,https://x.com/khairul_hafidz/status/1020685456805990402,2018-07-21,Makanan segera mempunyai kandungan kalori dan garam yang tinggi. Kalau tak jaga kalori boleh menyebabkan kegemukan. Kegemukan boleh menjadi faktor risiko kepada penyakit tak berjangkit seperti diabetes &amp; hipertensi. Tinggi garam (sodium) juga boleh jadi faktor risiko hipertensi.
1074,1021323711461363714,https://x.com/kenkonokai_BNM/status/1021323711461363714,2018-07-23,"Tingginya penderita diabetes dan stroke menjadi perhatian penting pemerintah saat ini. Meski tergolong tak menular, tetapi penyakit ini dianggap mematikan. Di Indonesia, penyakit diabetes tercatat sebagai penyakit."
1075,1021605902233886720,https://x.com/dapurumami/status/1021605902233886720,2018-07-24,Sayuran oyong bisa mencegah terjadinya penyakit diabetes karena kandungan senyawa cucurbitasin yang terkandung di dalam biji oyong bisa membantu menurunkan kadar gula dalam tubuh FaktaDapurUmami
1076,1021612666601627648,https://x.com/NutrimaxID/status/1021612666601627648,2018-07-24,Waspada penyakit Diabetes Melitus/Kencing manis! diabetes gymnema
1077,1021973566504325120,https://x.com/keretaapikita/status/1021973566504325120,2018-07-25,"Selain itu, Rail Clinic juga menyediakan fasilitas laboratorium hematology analyzer sysmex berbasis komputer yang berfungsi untuk mengukur sampel darah. Sehingga mampu membantu mendiagnosa penyakit seperti kanker, diabetes, dan penyakit lainnya."
1078,1022034167301697536,https://x.com/narasikopi/status/1022034167301697536,2018-07-25,"infokopi Kopi panas dikenal baik untuk mengurangi risiko penyakit jantung, mengurangi risiko penyakit diabetes tipe 2 dan bahkan dipercaya bisa memperpanjang usia. Kopi juga dianggap mampu mengurangi risiko depresi dan membantu meningkatkan kemampuan kognitif. :"
1079,1022290139614142464,https://x.com/Youthssfm/status/1022290139614142464,2018-07-26,"1. Membantu melindungi tubuh dari penyakit: Jangan lewatkan sarapan, melewatkan sarapan bisa berisiko kadar kolestrol jahat. Risiko terkena penyakit diabetes dan penyakit jantung juga lebih rendah, jika kamu sarapan pagi"
1080,1022405206385025024,https://x.com/twitDMPM/status/1022405206385025024,2018-07-26,Malaysia mempunyai jumlah penghidap penyakit kencing manis atau diabetes yang tertinggi di Asia dan antara yang tertinggi di dunia selepas Arab Saudi. Pengerusi Eksekutif Institut Diabetes.
1081,1022855777768366080,https://x.com/dinkestegalkab/status/1022855777768366080,2018-07-27,"Pencanangan Pemuda Peduli Kesehatan (Dalikes) dan Bank Darah Desa (BDD) oleh Plt. Bupati Ibu di Kec.Dukuhturi. Merupakan satu bentuk peran aktif masyarakat dlm meningkatkan pola hidup sehat, dpt mencegah penyakit tdk menular spt Diabetes Mellitus, hipertensi, stroke."
1082,1023228842905726976,https://x.com/MIsamuddinIsa/status/1023228842905726976,2018-07-28,"Best jadi hantu durian ni, bila kencing tak hancing, tapi semerbak bau durian dalam tandas tu. Haha. Semoga Allah jauhkan aku dari diabetes &amp; lain-lain penyakit."
1083,1025316600587669504,https://x.com/klikdokter_id/status/1025316600587669504,2018-08-03,"Bukan hanya penyakit seperti diabetes yang bisa menurun, ternyata gangguan psikologis pun bisa diturunkan pada anak :O klikDOKTER"
1084,1026096037570564097,https://x.com/gegar_my/status/1026096037570564097,2018-08-05,"Kaki pelawak, penggiat seni dikir barat Kelantan, Mohd Idris Berahim kehilangan kaki kanannya gara-gara penyakit Diabetes yang merebak setelah sekian lama. Kredit"
1085,1026312884458938369,https://x.com/Youthssfm/status/1026312884458938369,2018-08-06,"Serat juga dapat membantu mengurangi risiko penyakit kardiovaskular, diabetes, dan kanker usus. Selain itu, makanan tersebut mampu melindungi usus dari efek stres yang dirasakan seseorang."
1086,1026438991090999296,https://x.com/Jawaban/status/1026438991090999296,2018-08-06,"Diabetes mellitus merupakan penyakit dengan resiko komplikasi yang tinggi. Hal ini dirasakan oleh Ibu Elan, bahkan dokter menyarankannya untuk melakukan operasi amputasi kaki. Simak keputusan yang kemudian ia dan keluarga ambil di sini"
1087,1026730044297601024,https://x.com/HerbalParu/status/1026730044297601024,2018-08-07,5 Tanaman Obat Herbal Untuk Penyakit Diabetes
1088,1026747779639476224,https://x.com/serambinews/status/1026747779639476224,2018-08-07,VIRAL MEDSOS SEORANG PENGGUNA FACEBOOK BAGIKAN CERITA MENGENAI ANAK DARI TEMAN KERJANYA YANG MENDERITA PENYAKIT DIABETES DI USIANYA YANG MASIH KECIL.
1089,1027369861901504512,https://x.com/Kidota_Coffee/status/1027369861901504512,2018-08-09,"Diabetes yang juga kerap disebut penyakit yang tidak ada obatnya, dapat dicegah sedini mungkin dengan mengkonsumsi kopi luwak 2 sampai 4 gelas sehari. Namun hindari dengan penambahan gula di dalamnya. KIDOTAcoffee kitabisa"
1090,1027901374707580929,https://x.com/mieerahrahim/status/1027901374707580929,2018-08-10,depression ni lagi teruk dari penyakit diabetes
1091,1027937638899220480,https://x.com/PantangDiet/status/1027937638899220480,2018-08-10,"Diabetes: Lebih Baik Mencegah daripada Mengobati DM Tipe 2 Diabetes Mellitus adalah penyakit mengerikan, setara sama kanker bahkan bisa lebih mengerikan! Membawa penderitaan bagi"
1092,1027789954066219009,https://x.com/dochiabdalla/status/1027789954066219009,2018-08-10,"orang yang punya penyakit diabetes harus banyak gerak dan olahraga, gak boleh cuma duduk manis aja"
1093,1028128927196360705,https://x.com/Dokter_Indo/status/1028128927196360705,2018-08-11,"Banyak makan KERIPIK bisa menyebabkan Sobat kelebihan berat badan dan meningkatkan risiko diabetes, penyakit jantung dan beberapa jenis kanker. Yang hobi makan keripik wajib baca artikel berikut :"
1094,1028259181252370434,https://x.com/serambinews/status/1028259181252370434,2018-08-11,"PENYAKIT DIABETES Menurut Federasi Diabetes Internasional pada 2015, jumlah diabetesi di Indonesia diperkirakan mencapai 10 juta orang dengan rentang usia 20-79 tahun"
1095,1028566546359013382,https://x.com/tetapiwan/status/1028566546359013382,2018-08-12,Di usia 40 memang dah selamat datang ya penyakit Beberapa temenku juga sudah almarhum krn sakit : jantung dan gagal ginjal Beberapa diabetes n serangan jantung. Kita jaga kesehatan kita ya om. Anak istri masih butuh kita. Eh. Brondies butuh kita juga gak sih?
1096,1028651447020269568,https://x.com/halimii31/status/1028651447020269568,2018-08-12,"Penyakit langganan udah uzur kencing manis dan diabetes . Harusnya Jokowi sudah tahu tapi kenapa pilih MA ,,, aneh bener ? . 2019GantiPresiden"
1097,1028855712842014721,https://x.com/detikcom/status/1028855712842014721,2018-08-13,"Kebiasaan ngemil juga menjadi salah satu penyebab timbulnya penyakit diabetes. Dari pada ngemil yang nggak jelas, mending ngemilin makanan ini: via"
1098,1028884863586263040,https://x.com/biskuit_kokola/status/1028884863586263040,2018-08-13,"HappyTips Sobat Kokolaverz, istirahat seperti tidur memang sangat diperlukan namun juga jangan berlebihan ya. Tidur yang berlebihan menimbulkan hal berbahaya seperti penyakit jantung, diabetes dan stroke sehingga memicu kematian dini BangHajiPilihKokolaHalal EnaknyaTerlalu"
1099,1028912536869982210,https://x.com/bmca_sanjaya/status/1028912536869982210,2018-08-13,9 KUNCI PENYEMBUHAN DIABETES : Cara Menyembuhkan Penyakit Diabetes/Kenci. lewat
1100,1029408098786537473,https://x.com/oonayoy/status/1029408098786537473,2018-08-14,Kahwin dgn orang berpenyakit tak seharusnya jadi isu. Maybe. Tapi setahu saya diabetes ni boleh jadi penyakit keturunan. So mungkin sbb tu parents dia jadikan isu. Wallahualam
1101,1029710585376788481,https://x.com/resepkuelezat/status/1029710585376788481,2018-08-15,"SUDAH TERBUKTI! Penyakit Diabetes, Asma,dan Mata Bisa di Atasi dengan Buah yang Satu Ini !"
1102,1029624080931074048,https://x.com/Nutrisi_Bangsa/status/1029624080931074048,2018-08-15,"Selain mengandung bahan pengawet, makanan cepat saji umumnya juga tinggi kalori yang bisa meningkatkan risiko obesitas. Obesitas dapat menyebabkan berbagai masalah kesehatan di masa depan, seperti penyakit jantung, darah tinggi, atau diabetes."
1103,1029935479469170688,https://x.com/nypa_ipowners/status/1029935479469170688,2018-08-16,doktor yg beretika akan menentang pencemaran spt biodiesel punca penyakit kronik spt jantung &amp; diabetes. peralihan kpd tenaga hijau &amp; murah dlm janji39 sdg7 ParisAgreement SDGs greenenergy biodiversity
1104,1031944584861868032,https://x.com/LifeScienceAfc/status/1031944584861868032,2018-08-21,Product Salmon Ovary Peptide Palcenta SOP100+ membantu memperbaiki Regenerasi Sel dan Mencegah Mengurangi Penyakit Kanker Jantung Diabetes Stoke Kulit dan Alergi Menormalkan Fungsi Organ Pada Tubuh
1105,1032443080425668608,https://x.com/Kidota_Coffee/status/1032443080425668608,2018-08-23,"Untuk mencegah penyakit diabetes datang,yaitu dengan cara mengkonsumsin kopi luwak 2-4 gelas setiap hari KIDOTAcoffee kopi kopiSETIA specialtycoffeeluwakcoffee coffeemaker kopisehat kitabisa IndonesiaBangga ASIANGAMES"
1106,1032474899749777409,https://x.com/NewsArema/status/1032474899749777409,2018-08-23,"Dikabarkan menderita penyakit diabetes, berat badan dan kesehatan Benny Dollo terus menurun. Bahkan tubuhnya yang dulu berisi, kini makin tergerus dan kurus. Benny Dollo adalah salah satu pelatih legendaris yang pernah melatih AREMA, Timnas, &amp; klub bes"
1107,1032479728861675520,https://x.com/NewsArema/status/1032479728861675520,2018-08-23,"Dikabarkan menderita penyakit diabetes, berat badan dan kesehatan Benny Dollo terus menurun. Bahkan tubuhnya yang dulu berisi, kini makin tergerus dan kurus. Benny Dollo adalah salah satu pelatih legendaris yang pernah melatih AREMA, Timnas, &amp; klub besar tanah air. Bersama"
1108,1032487499636060166,https://x.com/aremadesign/status/1032487499636060166,2018-08-23,"BENDOL Kondisi kesehatan mantan pelatih Timnas Indonesia, Benny Dolo, saat ini makin menurun. Benny Dolo dikabarkan menderita diabetes dan penyakit lainnya, sehingga membuat badannya sangat kurus Benny Dollo adalah pelatih top di Indonesia. Klub-klub s"
1109,1032541915927834625,https://x.com/reviewapaaja/status/1032541915927834625,2018-08-23,Kafein dalam kopi memiliki manfaat yaitu : Menurunkan Risiko Terkena Penyakit Jantung dan Diabetes Meningkatkan Fungsi Otak Mencegah Kanker JadiLebihBaik
1110,1032570797263474690,https://x.com/GM18Grains/status/1032570797263474690,2018-08-23,"Korang tahu tak halia buluh kaya dgn antioksidan? Antioksidan blh membantu utk mencegah/mengurangkan penyakit seperti diabetes, obesiti &amp; darah tinggi. Jom minum VHalia untuk Hi-Tea bersama keluarga! Bagus utk diminum lepas banyak sgt makan rendang semalam tu"
1111,1032625332568748035,https://x.com/Rivanz14/status/1032625332568748035,2018-08-23,"Penyakit Kanker, Diabetes, Mata Rabun, Asam Urat Sembuh Dengan Menggunakan Daun Ubi Jalar!"
1112,1032834713776472064,https://x.com/AremaDjakarta/status/1032834713776472064,2018-08-24,"MOHON DOA NYA UTK COACH BENNY DOLO Kondisi kesehatan mantan pelatih Timnas Indonesia, Benny Dolo, saat ini makin menurun. Benny Dolo dikabarkan menderita diabetes dan penyakit lainnya, sehingga membuat."
1113,1033162779027361794,https://x.com/KKMPutrajaya/status/1033162779027361794,2018-08-25,Diabetes berlaku bila paras gula tinggi dalam darah. Kawal gula tersembunyi dalam makanan anda dengan jaga pemakanan seharian. Banyak penyakit berpunca daripada gaya pemakanan kita. motivasipagi
1114,1033546949721448448,https://x.com/SinarOnline/status/1033546949721448448,2018-08-26,Ini cara kurangkan risiko penyakit jantung kerana diabetes
1115,1033974931388694528,https://x.com/MohdNoorBasiron/status/1033974931388694528,2018-08-27,"Sudah la Rakyat bakal berhadapan dgn kenaikan harga barangan selepas pelaksanaan cukai SST. Kini cukai Soda pula akan diperkenalkan. Alasannya ""Kajian mendapati kadar penyakit diabetes yang begitu tinggi di negara ini adalah disebabkan pengambilan gula yang melebihi had""."
1116,1033999514611286016,https://x.com/JapenSarawak/status/1033999514611286016,2018-08-27,"Kerajaan sedang menimbang untuk melaksanakan cukai soda bagi menggalakkan hidup yg lebih sihat, kata Perdana Menteri Tun Dr Mahathir Mohamad. Langkah itu bertujuan untuk mengurangkan penggunaan gula yg boleh menyebabkan penyakit diabetes sodiakroks"
1117,1034006087681236993,https://x.com/kosmo_online/status/1034006087681236993,2018-08-27,Untuk kurangkan penggunaan gula yang boleh menyebabkan penyakit diabetes
1118,1034285879450251264,https://x.com/detikcom/status/1034285879450251264,2018-08-28,"Para peneliti di AS menemukan, bakteri probiotik dari usus pada tinja bayi bisa memiliki kekuatan menyembuhkan penderita diabetes dan penyakit autoimun."
1119,1034231588022898689,https://x.com/kosmo_online/status/1034231588022898689,2018-08-28,Cukai soda untuk kurangkan penggunaan gula yang boleh menyebabkan penyakit diabetes
1120,1034757559301943301,https://x.com/NGIndonesia/status/1034757559301943301,2018-08-29,"Penyakit tersebut jauh lebih berisiko pada penderita diabetes, kegemukan, tekanan darah tinggi atau orang dengan risiko penyakit jantung."
1121,1034787212712267776,https://x.com/HexosID/status/1034787212712267776,2018-08-29,"Lo sering insomnia, Sob? Ati-ati, kalau terus dibiarin, insomnia bisa menyebabkan penyakit-penyakit serius kayak kanker, diabetes, penurunan memori, sampai gangguan jantung. Gue punya tips mengatasi insomnia buat lo, 'nih!"
1122,1034993774223491072,https://x.com/syamsong11/status/1034993774223491072,2018-08-30,"Hi,utk yg ada mslh penyakit lagi2 diabetes saya tk bole nk bgitau sbb mgkin pantang larang dia berbeza2 tpi supplement(protein) mmg tk bole amek langsung"
1123,1035436871537643520,https://x.com/temponewsroom/status/1035436871537643520,2018-08-31,"Penyakit kronis biasanya disebabkan oleh pola makan yang tidak sehat. Misalnya saja, sering makan makanan manis lama-kelamaan dapat menyebabkan seseorang mengalami diabetes. NgobrolTempo"
1124,1035668754061975552,https://x.com/momyuev/status/1035668754061975552,2018-08-31,"Jangan kebanyakan komplain, ntar sakit diabetes stroke &amp; penyakit jantung loh"
1125,1035731079276064769,https://x.com/ootdbyma/status/1035731079276064769,2018-09-01,Diabetes tipe 1 Penyakit diabetes tipe 1 disebabkan oleh serangan sistem kekebalan tubuh pada sel-sel pankreas yang memiliki tugas memproduksi insulin. Hal ini menyebabkan terganggunya produksi insulin sehingga tubuh tidak mampu mengontrol kadar gula darah.
1126,1036112750718595073,https://x.com/resepkuelezat/status/1036112750718595073,2018-09-02,"Tidak banyak yang Sadar, Kesalahan sepele ini bisa Memicu berbagai Penyakit seperti Diabetes! Ibu Ibu harus tau ini sebelum terlambat!"
1127,1036599970994896901,https://x.com/irwan5115/status/1036599970994896901,2018-09-03,6 Buah zaitun yang masuk kedalam gelas Entrasol 1. Mencegah penyakit jantung 2. Mengurangi resiko diabetes NutrisiPalingNgerti
1128,1036488789126828032,https://x.com/khairul_hafidz/status/1036488789126828032,2018-09-03,Dilihat secara umum terdapat peningkatan berbanding dgn tahun 2011. Diabetes prevalen 15.2% (2.6 juta) Hipertensi 32.7% (5.7 juta) Kolesterol tinggi 32.7% (6.2 juta) Mari kita menjalani gaya hidup yang sihat. Cegah penyakit tidak berjangkit dari sekarang BeatNCDs MedTweetMY
1129,1037146787994165248,https://x.com/ErnaAthar/status/1037146787994165248,2018-09-05,Ada 6 Buah zaitun yang masuk kedalam gelas Entrasol Manfaat buah zaitun diantaranya adalah : 1. Mencegah penyakit jantung 2. Mengurangi resiko diabetes NutrisiPalingNgerti
1130,1037177782680383488,https://x.com/TropicanaSlim/status/1037177782680383488,2018-09-05,"Diabetes, salah satu penyakit yang muncul karena konsumsi gula yang tinggi. Menurut data, pada 2014, sebanyak 9,51 juta orang Indonesia menderita diabetes."
1131,1037269382274007042,https://x.com/RizkaRahmaniahS/status/1037269382274007042,2018-09-05,Buktiin ke cowok cowok mulut gula yg bikin penyakit diabetes itu. Klo mau main main sama cewek. Itu ada akibatnya. Jangan semua dimanisin. Kasih garam sekalian biar mereka keasinan By
1132,1037305626987134981,https://x.com/Uki23/status/1037305626987134981,2018-09-05,"Ada nenek Darti di Subang yang terkena diabetes hingga kakinya membusuk, dengan tempat tinggal sangat tidak layak. Ada Suleiman di Subang yang menderita hidrofelasus, yang hidup sebatang kara, terjangkit kurang gizi dan penyakit kulit. Sedih sekali, Uki"
1133,1037965776769048576,https://x.com/toniiantoniio/status/1037965776769048576,2018-09-07,"Sering merasa lapar ? haus ? kencing lebih sering ? disertai gatal-gatal ? Waspadai gejala penyakit diabetes melitus tipe 2, cek disini"
1134,1038437625105768448,https://x.com/m_nurfatoni/status/1038437625105768448,2018-09-08,"Diamputasi karena Penyakit Diabetes, Rumadi Kini Bisa Berjalan dengan Kaki Palsu Bantuan Lazismu"
1135,1039076012804341761,https://x.com/KemenkesRI/status/1039076012804341761,2018-09-10,Mengapa cek kesehatan berkala sangatlah penting? Cek kesehatan mampu mendeteksi risiko penyakit tidak menular seperti hipertensi atau diabetes sejak dini. Sehingga Healthies bisa mencegahnya lebih awal DukungGERMAS
1136,1039347653438365696,https://x.com/serambinews/status/1039347653438365696,2018-09-11,"NEGARA TERMALAS INI MEMBAWA KEKHAWATIRAN AKAN TERJADI KRISIS YANG YANG MEMBUAT JUTAAN ORANG BERISIKO TERKENA KANKER, DIABETES DAN PENYAKIT JANTUNG."
1137,1039325170626973696,https://x.com/LokadataID/status/1039325170626973696,2018-09-11,"Tahukah Anda, ada tiga penyakit dengan jumlah kematian terbesar di Indonesia, diabetes salah satunya"
1138,1039710255079288834,https://x.com/ct_adila39/status/1039710255079288834,2018-09-12,"Selalu orang panggil penyakit tiga serangkai ni hypertension + diabetes + cardiovascular diseases. Ni kebodohan tiga serangkai, racist + religionist + stupid."
1139,1039734535305474048,https://x.com/gurekasehat/status/1039734535305474048,2018-09-12,"2.Penggunaan Gureka sebagai pemanis jelas memotong asupan kalori yang berasal dari gula biasa, sehingga Kaka terhindar dari gejala obesitas, diabetes dan penyakit jantung. - GurekaSehat Stevia Sehat Manis RendahKalori FaktaGureka"
1140,1040169373971836929,https://x.com/khairul_hafidz/status/1040169373971836929,2018-09-13,InsyaAllah mewakili Bahagian Kawalan Penyakit KKM untuk berbicara mengenai obesiti dan diabetes. CawanganNCDKKM
1141,1040532230106308608,https://x.com/KKMPutrajaya/status/1040532230106308608,2018-09-14,"Kira-kira 17.5% rakyat Malaysia menghidap diabetes dan 50% tidak tahu mereka menghidap penyakit itu. Kajian 2011, dalam tempoh setiap 20 saat di dunia seorang penghidap diabetes akan kehilangan kaki. Bagaimana pula 2018? Jagalah pemakanan anda."
1142,1040872017744998400,https://x.com/lentuna_ID/status/1040872017744998400,2018-09-15,"Telah berlangsung acara SCIENTIST 8 (Seminar On Education And Information Of Pharmacist) dengan tema 'Meningkatkan Mutu Pelayanan Kefarmasian Dalam Tata Laksana Penyakit Diabetes"" di Auditorium Yos Sudarso Seskoal"
1143,1040918886470737921,https://x.com/khairul_hafidz/status/1040918886470737921,2018-09-15,1 daripada 2 orang dewasa berumur 18 tahun ke atas mengalami masalah berat badan berlebihan Rakyat Malaysia kena buang pemikiran Tidak apa boroi lepas berkahwin atau Boroi itu tanda bahagia Boroi (central obesity) adalah faktor risiko kepada penyakit diabetes &amp; hipertensi
1144,1041179311858868225,https://x.com/gurekasehat/status/1041179311858868225,2018-09-16,"3.Jadi ayo mulai dari sekarang ganti gula pasir anda dengan Gureka, pemanis alami rendah kalori agar terhindar dari berbagai penyakit dan hidup sehat. - GurekaSehat Stevia Sehat Pemanis Alami RendahKalori Obesitas Diabetes"
1145,1041219959999750144,https://x.com/serujinews/status/1041219959999750144,2018-09-16,Diabetes Mellitus (Tipe 2) itu Penyakit Gaya Hidup AkuSERUJI Kanal: Kesehatan Diabetes
1146,1041319708237062144,https://x.com/tim_ktj/status/1041319708237062144,2018-09-16,"Perbuatan mencelakai wanita hamil muda dan tidak bertanggung jawab membuat pernikahannya hingga saat ini belum dikaruniai anak. Sedangkan nasib si bapak pelajar tersebut saat ini dalam kondisi sakit-sakitan dan terserang berbagai macam penyakit, salah satunya diabetes akut"
1147,1041473066394501120,https://x.com/KontanNews/status/1041473066394501120,2018-09-16,Bagaimana cara kurangi resiko terkena penyakit diabetes? Diabetesmengancamnyawa
1148,1041486998916100096,https://x.com/KKMPutrajaya/status/1041486998916100096,2018-09-17,"Menurut laporan WHO 2018, penyakit tidak berjangkit atau NCD menyumbang kepada 73% punca kematian dalam kalangan rakyat Malaysia. Ia termasuk 35% penyebab kematian muda di negara ini. NCD termasuk obes, diabetes, darah tinggi dan jantung."
1149,1041515718850764800,https://x.com/kompaslifestyle/status/1041515718850764800,2018-09-17,Penyakit diabetes yang tidak terkontrol memiliki risiko hampir 50 persen mengalami disfungsi ereksi.
1150,1041637533774503936,https://x.com/kompascom/status/1041637533774503936,2018-09-17,Saat Penyakit Diabetes Pengaruhi Kehidupan Seks
1151,1041843328088604672,https://x.com/khairul_hafidz/status/1041843328088604672,2018-09-18,Di Malaysia Hari Ini (MHI) sebentar tadi mewakili Bahagian Kawalan Penyakit KKM untuk berbicara mengenai Obesiti dan Diabetes. Terima kasih di atas jemputan dan yang mendengar. BeatNCDs Obesity Diabetes
1152,1042017423468179456,https://x.com/kumparan/status/1042017423468179456,2018-09-18,Penyakit Mat Solar: Bagaimana Diabetes Bisa Menyebabkan Stroke?
1153,1042042652311674880,https://x.com/jiemiardian/status/1042042652311674880,2018-09-18,"1. Obat hanya dipakai jika dibutuhkan 2. Kalau perlu diminum rutin, itu bukan kecanduan, tapi kebutuhan 3. Banyak penyakit juga perlu obat rutin spt darah tinggi, diabetes, dan ini bukan ""kecanduan obat"" tapi kebutuhan 4. Karna mitos, akhirnya banyak yg menderita tidak tertolong"
1154,1042337072546242560,https://x.com/siiaahaan/status/1042337072546242560,2018-09-19,"Kata Dokter terlalu banyak konsumsi yang manis bisa menyebabkan penyakit. Yakni penyakit ""Diabetes"". Kalau rakyat yang diberi janji manis, tapi gak ditepati. Yah.sama saja memberi penyakit untuk masyarakat."
1155,1042789058215174144,https://x.com/qianxing_/status/1042789058215174144,2018-09-20,I menghidap penyakit diabetes.
1156,1042739421051666433,https://x.com/VeroNic51040034/status/1042739421051666433,2018-09-20,"Rempah bawang putih bagus utk jantung ,kanker,diabetes,segala penyakit utk laki2 jarang bisa berdiri,asma,asam urat,kolestrol,infeksi asam urat,sakit perut,harga 150 rb 30 kapsul hbi 082234073978"
1157,1042678515718545408,https://x.com/Bioron_ID/status/1042678515718545408,2018-09-20,"hidup sehat pertama yang bisa Anda lakukan, yaitu menjaga berat badan tetap ideal. Hal ini dapat mencegah Anda dari risiko diabetes, penyakit jantung, bahkan beberapa jenis kanker. solusilelah"
1158,1042609293046931456,https://x.com/kumparan/status/1042609293046931456,2018-09-20,Pemain sinetron Mat Solar kini tengah berjuang melawan penyakit stroke yang menyerangnya. Stroke yang diderita oleh pria berusia 55 tahun ini berawal dari diabetes. TopNews
1159,1042944945416560640,https://x.com/BBCIndonesia/status/1042944945416560640,2018-09-21,"Mereka yang minum minuman ringan dan jus buah lebih sering, lebih rentan mengidap dua jenis penyakit diabetes, ginjal dan kanker. Tapi, kita tidak boleh menganggap semua gula berbahaya."
1160,1043027240512970753,https://x.com/MetroTVNewsRoom/status/1043027240512970753,2018-09-21,Nenek Rahmi tiap hari masih bekerja karena tidak ada yang menanggung biaya keluarga. Suami Nenek Rahmi terkena stroke dan anak Nenek Rahmi terkena penyakit diabetes. NewsLine
1161,1043667207069335552,https://x.com/hanafiwawi/status/1043667207069335552,2018-09-23,Ramainya orang kena KENCING MANIS. 1 daripada 10 orang adalah Penghidap Penyakit Diabetes. 3.6 Juta Orang Malaysia
1162,1043696553582571521,https://x.com/sehatfresh/status/1043696553582571521,2018-09-23,"SehatVideo - Penyakit kencing manis atau diabetes melitus merupakan ancaman serius bagi kesehatan lho. Untuk mengetahu cara pengobatannya secara alami, simak ulasan berikut!"
1163,1044190396379623424,https://x.com/promkes_net/status/1044190396379623424,2018-09-24,"Bagaimana cara membantu BPJS agar tidak rugi terus? Gampang! Kita jaga kesehatan. Salah satunya MelawanMager. Karena bergerak aktif akan membuat kita sehat dan mampu mencegah penyakit jantung koroner, diabetes dll. Ayo hidup sehat MotionForHealth"
1164,1044170723596460032,https://x.com/wamin_muh/status/1044170723596460032,2018-09-24,"Raja Gula Orang yang kebal dengan penyakit gula (diabetes). Kalo, Gula Raja Gula super yang membuat kebal sang Raja Gula. 2018GantiRajaGula 2019GantiPresiden"
1165,1044066558673375232,https://x.com/MujahadahNET/status/1044066558673375232,2018-09-24,"Penyakit Diabetes Penyebab, Gejala, dan Bahayanya"
1166,1044161172931469312,https://x.com/hemorogard/status/1044161172931469312,2018-09-24,"cara mencegah wasir/ambeien kambuh Olahraga Tidak hanya membantu menghindari masalah seperti penyakit jantung, diabetes, dan Alzheimer, tetapi juga menjaga otot kuat &amp; lentur, bahkan dapat meningkatkan performa seksual &amp; mencegah wasir kambuh. Hindari olahraga sepeda dan berkuda"
1167,1044572234768109568,https://x.com/BYBelanja/status/1044572234768109568,2018-09-25,"Penelitian di Universitas Medis Lodz (Polandia), menunjukkan produk turunan susu yang DIFERMENTASI seperti KEJU &amp; YOGHURT dapat menurunkan risiko pengembangan penyakit JANTUNG &amp; DIABETES tipe-2."
1168,1044904428896243713,https://x.com/JECEyeHospital/status/1044904428896243713,2018-09-26,"Penyakit diabetes dapat menimbulkan komplikasi pada mata anda salah satunya adalah retinopati diabetik. Pada tahap awal, retinopati diabetik sering tidak menimbulkan gejala, namun pada tahap akhir dapat menyebabkan kebutaan yang bersifat permanen."
1169,1045281909989826561,https://x.com/Official_Klink/status/1045281909989826561,2018-09-27,"Gorengan mengandung lemak LDL yang dapat menyumbat pembuluh darah. Akibatnya tak hanya diabetes saja yang menyerang. Gorengan juga memicu penyakit stroke, jantung dan lainnya."
1170,1045511084533116929,https://x.com/inezdsw/status/1045511084533116929,2018-09-28,"Faktor resiko terkena penyakit jantung adalah obes/Gemuk,kolesterol tinggi,diabetes,merokok,hipertensi hidupCERDIKJantungSEHAT"
1171,1045888844623564801,https://x.com/harrismaul/status/1045888844623564801,2018-09-29,"5 penyakit dg beban biaya tertinggi : jantung, stroke, ginjal, diabetes &amp; kanker. Bukti empiris bahwa penyakit kronis ini berakar dari respon tubuh terhadap kekurangan gizi pada masa awal kehidupan. DanoneBloggerAcademy DBADay1 DBA2018"
1172,1045965162665181184,https://x.com/klikdokter_id/status/1045965162665181184,2018-09-29,"Bukan hanya kolesterol tinggi, Penyakit diabetes juga dapat mengurangi kualitas sperma dan masalah disfungsi ereksi :O klikDOKTER"
1173,1046565658966679552,https://x.com/sachdanisa17/status/1046565658966679552,2018-10-01,"Untuk Anda yang sedang menderita penyakit diabetes, ketahuilah apa saja gejala dan faktor penyebab nya dengan membaca artikel yang satu ini !"
1174,1046564917027856385,https://x.com/AiSifaAfiah031/status/1046564917027856385,2018-10-01,WASPADA! Diabetes merupakan suatu penyakit yang dapat mengakibatkan kematian pada setiap tahunnya di indonesia! Kenala gejala dan akibatnya disini
1175,1046564665512230913,https://x.com/RosidahSahidah/status/1046564665512230913,2018-10-01,"Ternyata bukan hanya lansia, Anda yang masih muda juga ternyata memiliki resiko yang yang cukup tinggi untuk terkena diabetes loh. Untuk mengantisipasi resiko tersebut, yuk ketahui lebih lengkap apa itu Gejala dan Faktor Penyebab Penyakit Diabetes disini."
1176,1046564046831419392,https://x.com/RatnaNurwahida1/status/1046564046831419392,2018-10-01,Gejala dan Faktor Penyebab Penyakit Diabetes
1177,1046562956333527040,https://x.com/HanCitraa/status/1046562956333527040,2018-10-01,wajib baca nih &gt;&gt; Gejala dan Faktor Penyebab Penyakit Diabetes
1178,1047434183453237248,https://x.com/RadioPerkasaFM/status/1047434183453237248,2018-10-03,"Simak dan ikuti Siaran Relay ""Soman Berani Coba Berani Bicara"" KAMIS, 4 OKTOBER 2018 Narasumber: dr. I Ketut Widana, Sc Tema: Penyakit penyerta penderita Diabetes Pukul: 10.00-11.00 WIB Relay: 104,3 Radio Pandowo FM Tulungagung"
1179,1047436445609164800,https://x.com/ruangmahasiswa/status/1047436445609164800,2018-10-03,AYO CEK KESEHATAN KAMU SEJAK DINI! Diabetes mellitus jika tidak dikelola dengan baik akan dapat mengakibatkan terjadinya berbagai penyakit menahun. ------------------------------------------------
1180,1047636893624672256,https://x.com/kreatorwow/status/1047636893624672256,2018-10-03,"Padahal, gaya hidup mager atau malas gerak sangat berhubungan dengan risiko penyakit mematikan seperti diabetes tipe dua, beberapa jenis kanker dan masalah kardiovaskular. Temuan WHO tak"
1181,1047808625777860608,https://x.com/detikHealth/status/1047808625777860608,2018-10-04,Waduh! 10 Juta Penduduk Indonesia Mengidap Penyakit Diabetes
1182,1047836758958735361,https://x.com/hahahamie/status/1047836758958735361,2018-10-04,Antara kesan pengambilan alkohol termasuklah 1. Kanser 2. Kemalangan jalan raya 3. Penyakit hati 4. Masalah mental 5. Penyakit jantung 6. Keguguran kandungan 7. Diabetes 8. Masalah saraf Terlalu banyak masalah kesihatan yang boleh terhasil.
1183,1048405837184528384,https://x.com/kakbagja/status/1048405837184528384,2018-10-06,"Tahukah kamu bahwa perilaku berisiko seperti merokok, minum-minuman beralkohol, diet tidak sehat dan kurangnya aktivitas dapat memicu penyakit tidak menular seperti diabetes, kanker, serta penyakit pernapasan dan jantung di masa depan? Well, now you know!"
1184,1048861077289803777,https://x.com/BKIPMBitung/status/1048861077289803777,2018-10-07,Jenis Ikan Ini Mampu Mencegah Penyakit Diabetes dan Melangsingkan Tubuh lewat
1185,1049101644485484545,https://x.com/bkipmdenpasar/status/1049101644485484545,2018-10-08,Ayoo tweeps yang mau langsing &amp; bebas dr penyakit diabetes makan jenis ikan ini tweeps. bacaa ya tweeps OneHealthKIPM
1186,1050692437146914817,https://x.com/kompaslifestyle/status/1050692437146914817,2018-10-12,"Ketika seseorang mengalami obesitas, risiko sejumlah penyakit pun meningkat. Mulai dari diabetes, penyakit jantung, dan penyakit lainnya."
1187,1050968409041600512,https://x.com/BPJSKesehatanRI/status/1050968409041600512,2018-10-13,Salam sehat. Program diperuntukan bagi peserta BPJS Kesehatan/ JKN-KIS yang menderita penyakit diabetes dan hipertensi. -by
1188,1052029890319474689,https://x.com/bppmhkp_sby2/status/1052029890319474689,2018-10-16,1. Membantu mempertahankan atau menurunkan berat badan 2. Membantu mempercepat penyembuhan luka 3. Menguatkan tulang dan gigi 4. Meningkatkan energi 5. Baik untuk penderita diabetes dan kolesterol 6. Terhindar dari pembengkakan kelenjar tiroid 7. Melawan penyakit
1189,1052168032297017345,https://x.com/MEGAInsuranceID/status/1052168032297017345,2018-10-16,"Mengurangi resiko diabetes Kandungan zat asam klorogenat mmbantu kinerja hal ini pd peningkatan pembentukan insulin. Para ahli tlh mbuktikan penyakit diabetes yg terjadi pada seseorang, dpt diturunkan sebesar 50% berkat kopi."
1190,1052322344880955392,https://x.com/MethodologistID/status/1052322344880955392,2018-10-16,"Kelamaan duduk memiliki hubungan terhadap obesitas (penumpukan lemak yg tinggi dalam tubuh sehingga membuat berat badan berada di luar batas ideal), dysglycemia (kadar gula darah/glukosa darah yg abnormal), diabetes (kadar glukosa di atas normal), serta penyakit kardiovaskular."
1191,1052457030064189442,https://x.com/serambinews/status/1052457030064189442,2018-10-17,GULA DARAH GAYA HIDUP YANG TIDAK SEHAT SEPERTI JARANG BERLOHARAGA DAN SUKA MAKAN MAKANAN YANG TINGGI GULA ADALAH PENYEBAB GULA DARAH TINGGI. JIKA KONDISI INI DIBIARKAN MAKA BISA MENGARAH PADA PENYAKIT DIABETES TIPE 2.
1192,1052916274605391872,https://x.com/atarashilife/status/1052916274605391872,2018-10-18,"Klu pergi klinik kerajaan mmg kena bnyk sabar. Akk ada bnyk penyakit like diabetes, hypertension,cancer, thyroid. You name it, I hv it. Too many appnmnt to keep up. I follow n keep my appnmnt religiously. I dont complain bcoz I am only paying 1 rgt for a much appreciated service."
1193,1052843024164651008,https://x.com/infosihat2u/status/1052843024164651008,2018-10-18,"Bersama saya petang ini Puan Viola Michael, Ketua Penolong Pengarah Kanan Unit CVD dan Diabetes, Caw NCD, Bhgn Kawalan Penyakit KKM Boleh Tanya soalan berkenaan diet dan garam sekarang"
1194,1052768931377631232,https://x.com/numloq/status/1052768931377631232,2018-10-18,KEBAIKAN Turunkan berat: kurangkan lemak tanpa kehilangan otot Insulin resistance: elakkan diabetes Inflammation: kurangkan inflamasi penyebab banyak penyakit Cancer: elakkan beberapa jenis barah Otak: BDNF untuk kesihatan otak Penuaan: kajian mendapati kesan anti penuaan
1195,1052790413495492609,https://x.com/BPJSKesehatanRI/status/1052790413495492609,2018-10-18,"Perut buncit pasti sangat mempengaruhi penampilan dan juga dapat menimbulkan resiko penyakit seperti Serangan jantung, stroke, diabetes bahkan kanker. Tips berikut akan membantu sahabat yang punya masalah dgn perut buncit(2/9) TipsHidupSehat CegahPenyakitDenganHidupSehat"
1196,1053808653654847489,https://x.com/JeonJun95137445/status/1053808653654847489,2018-10-21,Penyebab utama terjadinya penyakit diabetes
1197,1054226346765742080,https://x.com/kompaslifestyle/status/1054226346765742080,2018-10-22,"Mereka yang tak aktif berolahraga memiliki risiko kesehatan yang lebih buruk daripada merokok, diabetes dan penyakit jantung."
1198,1054321148631015424,https://x.com/maurianusadi/status/1054321148631015424,2018-10-22,"karena sebenernya bpjs itu sangat membantu pasien yang kontrolnya harus setiap bulan, contohnya yang kena kanker, diabetes, jantung, penyakit lainnya hahaha"
1199,1054668878628892672,https://x.com/kumparan/status/1054668878628892672,2018-10-23,Studi ini juga menunjukkan bahwa memiliki gaya hidup yang kurang aktif sama buruknya dengan memiliki penyakit berbahaya seperti hipertensi dan diabetes. Nah lho
1200,1055038243438157824,https://x.com/temponewsroom/status/1055038243438157824,2018-10-24,Waspada! Penyakit diabetes bisa mengakibatkan impotensi pada pria. Simak kata dokter berikut ini
1201,1055292648049655808,https://x.com/dr_Phaidon/status/1055292648049655808,2018-10-25,"Bagi teman teman dan ataj keluarganya di Semarang dan atau dekat Semarang yang butuh info tips kesembuhan alami penyakit diabetes, hipertensi, kolesterol, dengan pola hidup sehat, yuk ikut seminar Sabtu 27 Oktober 2018 di Setos jam 9-12.daftar di 024 764 700 or 08118119570"
1202,1055318444344672256,https://x.com/temponewsroom/status/1055318444344672256,2018-10-25,Penderita diabetes dapat mengalami komplikasi mulai dari penyakit jantung hingga kaki yang membusuk. Simak penjelasan ahli berikut ini
1203,1055346604054536192,https://x.com/kompaslifestyle/status/1055346604054536192,2018-10-25,Penyakit diabetes melitus erat kaitannya dengan gaya hidup tidak sehat.
1204,1055767515970715648,https://x.com/kompascom/status/1055767515970715648,2018-10-26,"Dokter Wismandari, Sp. PD-KEMD, spesialis penyakit dalam konsultan endokrin, metabolic, dan diabetes, dari RS Pondok Indah, menjelaskan."
1205,1056656913608273920,https://x.com/taee_haa/status/1056656913608273920,2018-10-28,"Bakpo la dunia loni nih penuh dgn sweet2 tok berapa halal ni, aishh aku yg baik ini pun jadi trpengaruh tgk sweet tahap diabetes. Moga aku dilindungi daripada diabetes bukan penyakit ini."
1206,1056793097441488896,https://x.com/yayasankankerid/status/1056793097441488896,2018-10-29,"Infeksi kronis yang disebabkan oleh virus hepatitis B (HBV) atau virus hepatitis C (HCV) dapat meningkatkan risiko kanker hati. Selain itu, penyakit hati keturunan, diabetes, lemak hati, bahkan kelebihan berat badan juga bisa memicu penyakit kanker hati."
1207,1056919389667127296,https://x.com/Tempo_Plus/status/1056919389667127296,2018-10-29,"4 Penyakit Ini Bisa Turunkan Gairah Seks, Diabetes juga?"
1208,1057250455829536768,https://x.com/dr_Phaidon/status/1057250455829536768,2018-10-30,"Yuk ikuti dan simak bincang sehat bersama saya di hari Selasa tg 30 Oktober pk 20.00-21.00 saya akan membagikan tips pola hidup sehat untuk penderita penyakit metabolik seperti diabetes, hipertensi, kolesterol, asam urat"
1209,1057195185254227969,https://x.com/OktamiSai/status/1057195185254227969,2018-10-30,Ketahuilah penyakit diabetes Gejala dan Faktor Penyebab Diabetes Mellitus
1210,1057172692611170305,https://x.com/akbarhamed1/status/1057172692611170305,2018-10-30,Gejala dan Faktor Penyebab Penyakit Diabetes Mellitus
1211,1057141366537375744,https://x.com/RosidahSahidah/status/1057141366537375744,2018-10-30,"Waspada guys. Ternyata, ini nih gejala dan faktor yang menyebabkan terjadinya penyakit diabetes mellitus menyerang tubuh Anda."
1212,1057449469552287745,https://x.com/kreatorwow/status/1057449469552287745,2018-10-31,"Diabetes saat ini menjadi penyakit yang cukup ditakutakan semua orang. Sebab, pada usia berapa saja, diabetes bisa menyerang. Ada satu hal yang tidak banyak diketahui terutama para"
1213,1057470748305080321,https://x.com/dinaapriana1604/status/1057470748305080321,2018-10-31,Kenali penyebabnya Anda bisa terkena penyakit diabetes melitus disini &gt;&gt;
1214,1057475464267161600,https://x.com/kurniaameliaa/status/1057475464267161600,2018-10-31,Diabetes merupakan penyakit tidak menular dan tahun ini meningkat 700 kali lipat WorldDiabetesDay SelamatkanKeluargaDariDiabetes
1215,1057485407452041216,https://x.com/aisyahnurul2007/status/1057485407452041216,2018-10-31,"Penyakit Diabetes Mellitus &amp;8211; Penyebab, Gejala, dan Bahayanya"
1216,1057485887146262528,https://x.com/sachdanisa17/status/1057485887146262528,2018-10-31,"Penyakit Diabetes Mellitus - Penyebab, Gejala, dan Bahayanya"
1217,1057496676137664513,https://x.com/gurekasehat/status/1057496676137664513,2018-10-31,"Olahraga dapat memperbaiki kualitas insulin dalam tubuh. Untuk menjaga kestabilan gula darah Kamu, kualitas insulin yang baik penting untuk mencegah penyakit diabetes. Berolahragalah dengan teratur agar kualitas insulin Kamu terjaga. gureka stevia sehat healthy workouts"
1218,1057498901564088320,https://x.com/historia_id/status/1057498901564088320,2018-10-31,Suzanna meninggal dunia pada 15 Oktober 2008 di usia 66 tahun karena penyakit komplikasi diabetes melitus. WorldDiabetesDay
1219,1057536647301029888,https://x.com/akbarhamed1/status/1057536647301029888,2018-10-31,"Penyakit Diabetes Melitus &amp;8211; Penyebab, Gejala, dan Bahayanya"
1220,1057542237137993728,https://x.com/KemenkesRI/status/1057542237137993728,2018-10-31,"Diabetes merupakan penyakit tidak menular yang tidak dapat disembuhkan, akan tetapi dengan kontrol metabolik yang baik, anak yang terkena DM dapat tumbuh dan berkembang dengan baik"
1221,1057559701561335809,https://x.com/OktamiSai/status/1057559701561335809,2018-10-31,"Cari tahu Penyakit Diabetes Melitus - Penyebab, Gejala, dan Bahayanya"
1222,1057803849325367296,https://x.com/rsislamjakarta/status/1057803849325367296,2018-11-01,Edukasi dan Pencegahan Diabetes; Selamatkan Masa Depan Kita -dr.Paramita Khairan Sp.PD (Spesialis Penyakit Dalam RSIJ Cempaka Putih) jam 10.00 - 11.00 WIB di RSIJTV Telp. interaktif : 021 428 012 567 ext 840 live di Youtube :
1223,1058076922947629056,https://x.com/evilandcursed/status/1058076922947629056,2018-11-01,"Diabetes? Dia jarang makan, keliatan misqinnya mbak , kalo diabetes itu penyakit terlalu berkelas, gamungkin ke dia. Mentok juga cuman gemeter liat toked jd keringetan"
1224,1058218960804409344,https://x.com/detikHealth/status/1058218960804409344,2018-11-02,"Hasil Riskesdas 2018, penyakit tidak menular naik tajam, khusunya diabetes dan hipertensi. Gimana solusinya?"
1225,1058333475424661504,https://x.com/majalahsains/status/1058333475424661504,2018-11-02,Pencemaran udara dan Penyakit yang semakin berkembang-Diabetes. . .
1226,1058164688838569984,https://x.com/jnessy_/status/1058164688838569984,2018-11-02,"gw pikir penyakit diabetes itu cuma soal insulin dari pankreas aja yg terkena resistensi, tapi hati / liver juga ternyata mempunyai peran yg sama besarnya, terutama sekali menyimpan glukosa sbg simpanan jika kadar gula dlm darah lg rendah yuk kurang2in sering begadangnya."
1227,1058642628252590080,https://x.com/keluargasehat/status/1058642628252590080,2018-11-03,Salam Keluarga Sehat. Apa itu Diabetes? Diabetes (diabetes melitus) adalah penyakit jangka panjang atau kronis yang ditandai dengan kadar gula darah (glukosa) yang jauh di atas normal. Yuk simak serial edukasi mengenai diabetes selanjutnya ya.
1228,1058539289036906501,https://x.com/AstraHondaCare/status/1058539289036906501,2018-11-03,Diabetes adalah salah satu penyakit yang mengancam banyak orang di muka bumi ini. Tapi kamu bisa mengurangi risiko penyakit ini jika rajin berjalan di pagi hari.
1229,1058534872371744768,https://x.com/hariankompas/status/1058534872371744768,2018-11-03,"Penyakit tidak menular yang prevalensinya meningkat adalah kanker, stroke, penyakit ginjal kronis, diabetes melitus, dan hipertensi. Humaniora AdadiKompas"
1230,1059673733806219264,https://x.com/Tumor_Otak/status/1059673733806219264,2018-11-06,"Obesitas juga bisa memicu berbagai macam penyakit lainnya termasuk Diabetes, Jantung bahkan Nyeri Sendi bukan begitu dokter CERDIK CegahPTM DukungGermas Obesitas We accompany you."
1231,1059744340094803968,https://x.com/serujinews/status/1059744340094803968,2018-11-06,Diabetes: Kenali Penyakit Yang Jumlah Penderitanya Terus Meningkat (2) AkuSERUJI
1232,1060041542507745280,https://x.com/keluargasehat/status/1060041542507745280,2018-11-07,Salam Keluarga Sehat. Diabetes melitus adalah penyakit yang dapat dicegah. Segera kenali faktor risiko yang Anda miliki. rskeluargasehat edukasi pkrs germas sehat dm diabetes diabetesmelitus kencingmanis faktorresikodiabetes faktorresikodm pati
1233,1060305903071739906,https://x.com/majalah_bobo/status/1060305903071739906,2018-11-07,"Ayo Ketahui Mitos dan Fakta Seputar Diabetes, Penyakit Terbesar Ke-6 SerbaSerbi"
1234,1060476114173186048,https://x.com/HFrenky/status/1060476114173186048,2018-11-08,Agar terhindar penyakit diabetes Mentri kesehatan beserta Departemen dinas kesehatan RI Menghimbau warga indonesia tidak menonton bapak jokowi ketika melakukan pencitraan d TV Ahihihihi Krna di takutkan generasi penerus bangsa mengikuti tutur bahasa sontoloyo &amp; nganu Ahihihi
1235,1060562466302820354,https://x.com/teraskabar/status/1060562466302820354,2018-11-08,"Ini Lho Sejuta Manfaat Daun Sirsak, Bisa Atasi Banyak Penyakit di Antaranya Diabetes dan Kanker"
1236,1060806880904142848,https://x.com/keluargasehat/status/1060806880904142848,2018-11-09,"Salam Keluarga Sehat. Diabetes adalah penyakit yang berlangsung lama atau kronis serta ditandai dengan kadar gula (glukosa) darah yang tinggi atau di atas nilai normal. Jika diabetes tidak dikontrol dengan baik, dapat timbul berbagai komplikasi yang membahayakan nyawa penderita"
1237,1060756641224650753,https://x.com/mrtn_tintin1/status/1060756641224650753,2018-11-09,Brrti kalo bikin diabetes saya mendatangkan penyakit dounk
1238,1061098369412526080,https://x.com/santrikiai/status/1061098369412526080,2018-11-10,Bersepeda juga mengurangi resiko penyakit diabetes yang selama ini menjadi penyakit yang lumayan ditakuti BandungSepedaJokowi
1239,1061123459437158400,https://x.com/Husby_Melaty/status/1061123459437158400,2018-11-10,Bersepeda juga mengurang risiko penyakit diabetes yang selama ini menjadi penyakit yang lumayan ditakuti BandungSepedaJokowi
1240,1061133019304484866,https://x.com/playboyjombloID/status/1061133019304484866,2018-11-10,Bersepeda juga mengurang resiko penyakit diabetes yang selama ini menjadi penyakit yang lumayan ditakuti BandungSepedaJokowi
1241,1061634922115407872,https://x.com/KabarMakkah/status/1061634922115407872,2018-11-11,"Jarang Yang Tahu! Ternyata Daun Mangga Bisa Atasi 8 Penyakit, Termasuk Diabetes hingga Batu Ginjal"
1242,1061917826405945344,https://x.com/Official_MNCTV/status/1061917826405945344,2018-11-12,"Leminz, mengurangi makanan dan minuman yg mengandung kadar gula dan olahraga sangat membantu untuk terhindar dari penyakit diabetes sejak dini. Yuk Share ke teman-teman kamu dan mulai konsumsi Le Minerale setiap hari sebagai pengganti minuman berkadar gula tinggi dari sekarang ya"
1243,1061990526935650306,https://x.com/RagilSempronk/status/1061990526935650306,2018-11-12,"Saya menulis ini karena sedih melihat banyak kawan yang belum juga masuk usia 40 tahun sudah kena kolesterol, asam urat, atau diabetes, bahkan stroke. Penyakit penyakit yang sebelum tahun 2000an kurang familier itu sekarang mendominasi dimana mana."
1244,1062492760186519552,https://x.com/suhazeli/status/1062492760186519552,2018-11-13,PERANAN KELUARGA DALAM PENJAGAAN PESAKIT KENCING MANIS Penyakit Kencing Manis sudah menjadi bualan setiap orang dalam negara kita. Istilah yang sudah menjadi titipan bibir para pesakit kencing manis ini adalah Diabetes. Diabetes ialah sejenis.
1245,1062350045339480064,https://x.com/ISMAFARSI/status/1062350045339480064,2018-11-13,"Dalam rangka memperingati hari kesehatan nasional,world antibiotic awareness, diabetes sedunia,hari penyakit paru,hari kanker pankreas sedunia pada bulan ini,maka ismafarsi mengadakan lomba bulan kesehatan Cp : Doni Setiawan WA : +6282279248179"
1246,1062293816584036352,https://x.com/detikHealth/status/1062293816584036352,2018-11-13,"Kreator legendaris marvel memiliki perawakan yang kurus, bisakah seseorang dengan perawakan seperti itu terkena penyakit diabetes?"
1247,1062209695031558145,https://x.com/Nutrisi_Bangsa/status/1062209695031558145,2018-11-13,"Risiko jangka pendek: perawatan khusus di NICU, hipotermia, masalah pernafasan, kegagalan organ, dan gangguan sistem imun. Risiko jangka panjang: gangguan penglihatan, pendengaran, perkembangan mental, pertumbuhan, dan penyakit kronis pada masa dewasa seperti diabetes melitus."
1248,1062197391430807552,https://x.com/temponewsroom/status/1062197391430807552,2018-11-13,"Ada anggapan anak yang menderita diabetes karena mewarisi bakat penyakit gula orang tua, fakta atau mitos ya?"
1249,1062287746528612352,https://x.com/OfficialGTVID/status/1062287746528612352,2018-11-13,"Repost Leminz, mengurangi makanan dan minuman yang mengandung kadar gula dan olahraga sangat membantu untuk terhindar dari penyakit diabetes sejak dini. Yuk Share ke teman-teman kamu. LeMinerale LeMineraleJelasSehatnya JelasLeMinerale"
1250,1062588423389642753,https://x.com/temponewsroom/status/1062588423389642753,2018-11-14,Konsumsi kacang almond bisa mengurangi risiko penyakit kardiovaskular pada penyandang diabetes tipe 2 loh. Simak penjelasannya berikut ini
1251,1062589608347627520,https://x.com/MamaSukaID/status/1062589608347627520,2018-11-14,"Penyakit gula atau diabetes bisa menghampiri siapa saja. Tidak mengenal usia, gender ataupun status lainnya, Foodlovers. Mulai sekarang, yuk, pahami dan cegah penyakitnya dengan pola hidup yang lebih sehat!"
1252,1062607315373719552,https://x.com/keluargasehat/status/1062607315373719552,2018-11-14,"Salam Keluarga Sehat. Penyakit diabetes merupakan salah satu penyakit yang dapat menyebabkan komplikasi kesehatan, yang serius seperti penyakit jantung, kebutaan, gagal ginjal, amputasi bahkan kematian. Sehingga penting mengetahui cara mencegah diabetes yang tepat."
1253,1062611373748740096,https://x.com/OktamiSai/status/1062611373748740096,2018-11-14,mengidap diabetes ? takut makanan anda menyebabkan parahnya penyakit ? cari tahu makanan yang baik dan yang buruk bagi penderita diabetes.
1254,1062611844655853569,https://x.com/Kemdikdasmen/status/1062611844655853569,2018-11-14,"SahabatDikbud, diabetes melitus merupakan salah satu penyakit yang hingga saat ini belum bisa disembuhkan. Karenanya selalu jaga pola makan ya dan jangan lupa untuk rutin berolahraga untuk mencegah penyakit diabetes! HariDiabetesSedunia"
1255,1062624342083686400,https://x.com/Lionelbarcalope/status/1062624342083686400,2018-11-14,"Ayooo kita dukung hari diabetes sedunia. Kelebihan lemak bisa menimbulkan penyakit diabetes yg bisa berujung kematian,saran untuk pak untuk mencoba hidup sehat semisal diet gitu untuk mencegah penyakit diabetes HariDiabetesSedunia"
1256,1062631734078955521,https://x.com/edykrit22/status/1062631734078955521,2018-11-14,"1- Saya penderita diabetes melitus (DM), mau berbagi tentang apa yg saya ketahui ttg penyakit itu. Terutama karena saya melihat penderita DM termasuk sering dijadikan ""bulan2an"" berbagai pengobatan alternatif yang tak jelas khasiatnya. Mari kita mulai."
1257,1062644544229920768,https://x.com/penguin_id/status/1062644544229920768,2018-11-14,Waspadai! Wanita yang memiliki diabetes berisiko tinggi terkena penyakit jantung! Wanita yang terkena diabetes berisiko 6 kali lipat terkena penyakit jantung. Baca berita selengkapnya di sini: HariDiabetesSedunia KeiraMulaiBesok revolusikeluarga4
1258,1062658067681038337,https://x.com/RadioKesehatan/status/1062658067681038337,2018-11-14,"Diabetes sering disebut sebagai penyakit gula atau kencing manis. Diabetes terbagi menjadi beberapa jenis, lho, yaitu Diabetes Tipe 1, Diabetes Tipe 2, dan Diabetes Tipe Lain. HariDiabetesSedunia"
1259,1062658880755314689,https://x.com/detikHealth/status/1062658880755314689,2018-11-14,Penyakit diabetes erat kaitannya dengan pola hidup tak sehat yang bisa serang siapa saja. Begini tips cegah diabetes ala pegiat kebugaran:
1260,1062661420213551109,https://x.com/DokterSehatcom/status/1062661420213551109,2018-11-14,Penyakit diabetes melitus adalah kondisi di mana kandungan gula dalam darah melebihi normal dan cenderung tinggi. Sebanyak 350 juta orang di seluruh dunia mengidap penyakit metabolisme ini.
1261,1062661422025453568,https://x.com/DokterSehatcom/status/1062661422025453568,2018-11-14,"Penyakit ini sebagian besar disebabkan oleh gaya hidup yang buruk, pola makan tidak sehat, serta kurangnya berolahraga dan istirahat yang optimal. Dengan menerapkan pola hidup sehat, kita bisa mencegah penyakit diabetes, Teman Sehat."
1262,1062666408407040000,https://x.com/minyakzaitunsp/status/1062666408407040000,2018-11-14,"Pada HaniDiabetesDunia, kami ingin berkontribusi untuk mencegah penyakit ini. Penelitian PREDIMED telah menunjukkan bahwa mengikuti Diet Mediterania yang dilengkapi dengan Minyak Zaitun Extra Virgin membantu mengurangi hingga 40% risiko terkena diabetes."
1263,1062686558430552064,https://x.com/KEMENPORA_RI/status/1062686558430552064,2018-11-14,Kesuksesan Asian Games dan Asian Para Games tidak hanya sebatas euforia saja yang tertinggal tapi juga semangat olahraganya. Justru itu yang merupakan warisan paling dekat dengan kita. Olahraga adalah salah satu cara melawan penyakit termasuk diabetes.
1264,1062698347243470848,https://x.com/Quipper_ID/status/1062698347243470848,2018-11-14,"Tahukah kamu Indonesia memiliki jumlah penderita diabetes terbanyak ke-6 sedunia? Kita harus waspada sedari dini mengenai penyakit ini, Quipperian! Maka dari itu, yuk kita"
1265,1062653346731851777,https://x.com/NasDem/status/1062653346731851777,2018-11-14,"HariDiabetesSedunia Mari kita waspada terhadap penyakit diabetes. Kenali gejala-gejalanya ya kakak-kakak. Mari kita cegah diabetes dengan memulai hidup sehat dimulai dari sekarang. Ayo Hidup Sehat, Mulai Dari Kita! AyoHidupSehat NasDemAntiMahar"
1266,1062585402731638784,https://x.com/mediaindonesia/status/1062585402731638784,2018-11-14,"InfoGrafisMI Hingga saat ini, penyakit diabetes melitus belum bisa disembuhkan. Akan tetapi, dengan pengelolaan yang baik, penderitanya bisa tetap hidup berkualitas dan produktif HariDiabetesSedunia"
1267,1062566191133163521,https://x.com/HFrenky/status/1062566191133163521,2018-11-14,Dari hasil survei lingkaran sehat miskin .antara th 2014-2018 meningkatnya angka penyakit diabetes di indonesia bukan krna gaya hidup tetapi di sebabkan termakan janji manis pak jokowi Waspadalah HariDiabetesSedunia
1268,1062568424499425281,https://x.com/HFrenky/status/1062568424499425281,2018-11-14,Kata dokter cebong Tips menghindari penyakit diabetes -Jangan dukung pemimpin pencitraan -apalagi mencoblosnya HariDiabetesSedunia
1269,1062573332468424704,https://x.com/ZulFahmi074/status/1062573332468424704,2018-11-14,"Tidak selamanya yang manis itu menyenangkan, tak selamanya omongan manis itu mengasikkan, nanti kalean kena diabetes baru tau ternyata yg manis"" itu dapat menyebabkan penyakit (terutama omongan mantan) HariDiabetesSedunia"
1270,1062523162380787712,https://x.com/CNNIDdaily/status/1062523162380787712,2018-11-14,"Di Bandung, Diabetes Melitus menjadi satu dari lima penyakit yang paling banyak diderita oleh warganya. CNNIDGoodMorning"
1271,1062530511422156800,https://x.com/rsuddrrehatta/status/1062530511422156800,2018-11-14,Kenali dan pahami Diabetes Melitus adalah penyakit kronis yang ditandai dengan peningkatan kadar gula (glukosa) dalam darah. WORLD DIABETES DAY. WorldDiabetesDay2018 kemalajateng JatengGayeng HariDiabetesDunia
1272,1062530759813038081,https://x.com/SandisGo/status/1062530759813038081,2018-11-14,Hari ini adalah World Diabetes Day. Ayo! tetap jaga pola hidup sehat agar terhindar dari penyakit ini
1273,1062533672425799680,https://x.com/cherassihat/status/1062533672425799680,2018-11-14,"Tarikh penting ini dipilih bertujuan meningkatkan kesedaran kepada masyarakat mengenai penyakit Diabetes atau lebih dikenali sebagai kencing manis. Tema Hari Diabetes Sedunia 2018 adalah Cakna Diabetes: Keluarga Prihatin, Kesihatan Terjamin."
1274,1062537524550131712,https://x.com/khairul_hafidz/status/1062537524550131712,2018-11-14,"Selamat Hari Diabetes Sedunia 2018 Tema tahun ini adalah Cakna Diabetes: Keluarga Prihatin, Kesihatan Terjamin (The Family and Diabetes). Fokus tahun ini adalah kepada peranan keluarga untuk mencegah, melakukan aktiviti saringan, merawat serta mengawal penyakit diabetes."
1275,1062537529763590144,https://x.com/khairul_hafidz/status/1062537529763590144,2018-11-14,"Keluarga perlulah selalu mengingati ahli keluarga masing-masing untuk menjalani saringan kesihatan.Keluarga juga perlu hidup di dalam persekitaran yang menyokong gaya hidup yang sihat untuk membantu mencegah serta mengawal penyakit diabetes sebagai contoh rumah bebas asap rokok,"
1276,1062537535065223169,https://x.com/khairul_hafidz/status/1062537535065223169,2018-11-14,memberi pendidikan secara berterusan serta memastikan pesakit melakukan saringan komplikasi secara berkala di klinik kesihatan berdekatan. Mari kita sama-sama mencegah penyakit diabetes. Keluarga yang prihatin menjamin kesihatan ahli keluarga kita.
1277,1062545346545385472,https://x.com/cherassihat/status/1062545346545385472,2018-11-14,Terdapat banyak penyakit lain yang selalu berlaku apabila seseorang itu sudah menghidap Diabetes atau kencing manis. Pesakit Diabetes perlulah berusaha mengawal tahap kandungan gula dalam darah dan tahap kesihatan supaya dapat mengelakkan komplikasi. cherassihat sihatmilikku
1278,1062545779196223488,https://x.com/JasindoID/status/1062545779196223488,2018-11-14,Peringatan Hari Diabetes Sedunia setiap tanggal 14 November mengingatkan kita akan bahaya salah satu penyakit mematikan ini Yuk kita cegah dengan terus menjaga gaya hidup sehat kita! AsuransiJasindo BUMNHadirUntukNegeri MariBerasuransi HariDiabetesSedunia
1279,1062547035457372160,https://x.com/rajadanaID/status/1062547035457372160,2018-11-14,Cintai tubuh Anda dengan melakukan pencegahan pada penyakit Diabetes. Selamat memperingati Hari Diabetes Sedunia! radanafinance ThematicDay RadanaThematic HariDiabetesSedunia rajadanaid
1280,1062547636652109825,https://x.com/virinahmad_/status/1062547636652109825,2018-11-14,"HariDiabetesSedunia mengingatkan judul skripsi gw ""PROFIL PENGGUNAAN OBAT DIABETES MELLITUS TIPE II DENGAN PENYAKIT HIPERTENSI SEBAGAI PEANYAKIT PENYERTA DI INSTALASI RAWAT INAP RSUD KARTINI PERIODE 2016"""
1281,1062558026857570304,https://x.com/Sirin_Lbs/status/1062558026857570304,2018-11-14,Selamat Memperingati Hari Diabetes Sedunia! Mari cintai tubuh kita agar tidak terkena penyakit Diabetes radanafinance ThematicDay RadanaThematic HariDiabetesSedunia rajadanaid
1282,1062561678364033024,https://x.com/Akbar_bensue/status/1062561678364033024,2018-11-14,"Tanaman ''ganja'' harus mulai dilirik sebagai obat untuk menyembukan penyakit ""diabetes"". HariDiabetesSedunia"
1283,1062539976418648064,https://x.com/Rispanel/status/1062539976418648064,2018-11-14,"DETEKSI DIABETES MULAI DARI KELUARGA KITA 1 dari 2 penderita diabetes tidak terdeteksi hingga menyebabkan penyakit jantung, stroke, kebutaan gagal ginjal dan amputasi"
1284,1063071657730957312,https://x.com/cendananews/status/1063071657730957312,2018-11-15,"Mengenal Salah Satu Jenis Penyakit Langka, Diabetes Insipidus"
1285,1063075495862890499,https://x.com/rizvaldi97/status/1063075495862890499,2018-11-15,Selamat hari diabetes dunia. Penyakit yang membuat saya takut meminum kratindeng lagi:( Saya sayang ginjal saya HariDiabetesSedunia
1286,1063062575435268102,https://x.com/ptm_id/status/1063062575435268102,2018-11-15,"Apa saja faktor risiko yang ""Bisa Diubah"" pada penyakit Diabetes Melitus ? SelamatkanKeluargaDariDiabetes WorldDiabetesDay2018 WDD2018 CERDIK CEGAHPTM Diabetes FamilyandDiabetes HariDiabetesSedunia"
1287,1062857921862754305,https://x.com/the_marketeers/status/1062857921862754305,2018-11-15,"Kepala Divisi Metabolik-Endokrin Departemen Ilmu Penyakit Dalam FKUI dr. Dante Saksono mengatakan, secara usia, penderita diabetes khususnya tipe 2 sudah semakin muda dalam beberapa tahun terakhir."
1288,1062966325323038720,https://x.com/ptm_id/status/1062966325323038720,2018-11-15,"Apa saja faktor risiko yang ""Tidak Bisa Diubah"" pada penyakit Diabetes Melitus ? SelamatkanKeluargaDariDiabetes WorldDiabetesDay2018 WDD2018 CERDIK CEGAHPTM Diabetes FamilyandDiabetes HariDiabetesSedunia"
1289,1062908019837562880,https://x.com/fikry_asyraf/status/1062908019837562880,2018-11-15,Antara penyakit kesan dari penyakit obesiti : 1) Penyakit jantung 2) Diabetes 3) Darah Tinggi Peningkatan kadar obesiti di Malaysia semakin meningkat dan menjadi negara yg terkenal antara negara asean. Ayuh kita berubah ke arah lebih sihat.
1290,1062991866272968704,https://x.com/AbangOmar/status/1062991866272968704,2018-11-15,"PENYAKIT ANCAM LELAKI Mati Pucuk, Sakit Jantung, Strok, Diabetes, Kanser Prostat, Kanser Paru Paru, Darah Tinggi, Sekatan Pulmonari (COPD), Radang Paru dan Sakit Buah Pinggang"
1291,1063277033613074432,https://x.com/gwslur_id/status/1063277033613074432,2018-11-16,Selamat Hari Diabetes Sedunia Mendengar penyakit diabetes mungkin tidak lagi asing di telinga kita. Penyakit diabetes atau yang bisa kita sebut sebagai penyakit gula memang merupakan salah satu jenis penyakit yang kerap kita dengar
1292,1063310981604925440,https://x.com/LifeScienceAfc/status/1063310981604925440,2018-11-16,JumatBerkah Adalah mensyukuri adanya teknologi kesehatan Stemcell yg dapat memperbaiki kesembuhan organ Pankreas dan Diabetes dan penyakit Jantung Tumor Stroke DarahTinggi FungsiGinjal Kulit Rambut Sendi Hati Rahim Otak Hipertensi Tulang terapistemcell SOP100+
1293,1063377764923797510,https://x.com/republikaonline/status/1063377764923797510,2018-11-16,Diabetes Meningkatkan Risiko Penyakit Jantung
1294,1063673132827914240,https://x.com/pastagigisiwak/status/1063673132827914240,2018-11-17,"Selamat siang sahabat miswak. kalau kita jarang gosok gigi banyak efek buruk yang bisa terjadi seperti Diabetes,stroke,demensia,gangguan pernafasan dll.jadi sering seringlah gosok gigi 3 kali sehari agar kita bisa terhindar dari penyakit penyakit tersebut"
1295,1063733486408933377,https://x.com/Fatigon__Id/status/1063733486408933377,2018-11-17,"Durasi tidur ideal yang disarankan adalah 7 sampai 8 jam. Tapi jangan sampai kurang tidur ya, Guys! Karena bisa berakibat obesitas, diabetes, penyakit jantung, dan hipertensi. ( So, istirahat yang cukup dan minum Fatigon sebelum tidur Guys!"
1296,1064144980808130565,https://x.com/BEMFIKesUHAMKA/status/1064144980808130565,2018-11-18,"Ayo kenali gejala, pencegahan dan pengedalian Diabetes dengan benar Jangan sampai penyakit ini merugikanmu dan generasi penerusmu! ""Aku cinta Sehat, karena sehat dimulai dari kita!"" MillennialsPower BEMFIKesUHAMKA1819 WDD2018 WorldDiabetesDay18"
1297,1064039409643794434,https://x.com/majalah_bobo/status/1064039409643794434,2018-11-18,Inilah 3 Penyakit Mata yang Diakibatkan Diabetes Melitus Iptek
1298,1064136361865699330,https://x.com/diantriwahyu/status/1064136361865699330,2018-11-18,"Nama lainnya Jamblang. obat diabetes , meningkatkan kekebalan tubuh &amp; tulang , cegah penyakit jantung , kanker dan diabetes juga sembelit karena melancarkan pencernaan . Manjur. Ayo makan buah."
1299,1064141049243660289,https://x.com/cherassihat/status/1064141049243660289,2018-11-18,"Cakna Diabetes: Keluarga Prihatin, Kesihatan Terjamin Sokongan dan bantuan daripada ahli keluarga amat penting dalam proses mengawal penyakit seperti Diabetes/ kencing manis. cherassihat sihatmilikku"
1300,1064433486142918657,https://x.com/LifeScienceAfc/status/1064433486142918657,2018-11-19,Harpitnas Bersyukur saat ini sdh ada teknologi kesehatan Stemcell yg dpt memperbaiki kesembuhan organ Kulit dan penyakit lain Pankreas Diabetes Jantung Tumor Stroke DarahTinggi FungsiGinjal Rambut Rejuvenation Rahim Otak Hipertensi Tulang terapistemcell SOP100+
1301,1065073301943283712,https://x.com/KKMPutrajaya/status/1065073301943283712,2018-11-21,"Ramai keliru dengan lambakan produk yang mendakwa mampu merawat penyakit seperti kanser, diabetes atau darah tinggi dan produk itu LULUS KKM. LULUS KKM kerana produk itu diklasifikasikan sebagai makanan tambahan/ supplemen. Ikuti bebenang ini"
1302,1065418431371993090,https://x.com/dinkeskotadepok/status/1065418431371993090,2018-11-22,(21/11/2018) Kepala Seksi Pencegahan dan Pengendalian Penyakit Tidak Menular menjadi narasumber Kegiatan Talkshow dan Seminar Diabetes Melitus yang diselenggarakan oleh LKNU (Lembaga Kesehatan Nahdlatul Ulama) didukung oleh WDF (World Diabetes Foundation).
1303,1065472878441717760,https://x.com/fmtoday/status/1065472878441717760,2018-11-22,Sesuatu yang manis itu bukan semestinya baik untuk kesihatan dan kebenaran kata-kata ini tentunya lebih dirasai penghidap diabetes atau penyakit kencing manis.
1304,1065526190931247105,https://x.com/bernamadotcom/status/1065526190931247105,2018-11-22,Penyakit gusi bagi penghidap diabetes
1305,1066194700942532608,https://x.com/majalah_bobo/status/1066194700942532608,2018-11-24,"Kenali Penyakit Diabetes Melitus, Berapa Nilai Gula Darah yang Baik? Iptek"
1306,1066542269661134848,https://x.com/TemanVita/status/1066542269661134848,2018-11-25,"Risiko yg ditimbulkan akibat kemalasan ini sama buruknya dg kebiasaan merokok. Mulai dari penyakit jantung, darah tinggi, hingga diabetes. Jadi, daripada cuma malas-malasan di rumah, lebih baik km mulai rajin berolahraga 2-3 kali seminggu! Vitapedia (2/2)"
1307,1066581555416453120,https://x.com/Meriyannti/status/1066581555416453120,2018-11-25,Dan Mencegah penyakit asma pada anak. Sebuah penelitian menunjukkan bahwa anak yang mengonsumsi ikan lebih kecil berisiko terkena asma. Menurunkan risiko diabetes tipe SoftLaunchingSeaLoveMi Mry
1308,1066602508192280578,https://x.com/klikdokter_id/status/1066602508192280578,2018-11-25,"Tak banyak yang tahu, ternyata karang gigi bisa menyebabkan penyakit jantung dan diabetes! klikDOKTER"
1309,1066668944860168192,https://x.com/UbatOhUbat/status/1066668944860168192,2018-11-25,"Diabetik retinopati merupakan salah satu komplikasi penyakit diabetes mellitus, yang mana ia melibatkan kerosakan pada filem mata yang dipanggil retina."
1310,1067002761462464512,https://x.com/cherassihat/status/1067002761462464512,2018-11-26,Diabetes atau lebih dikenali sebagai kencing manis merupakan antara penyakit paling popular dlm kalangan rakyat Malaysia. Ayuh lakukan perubahan dengan mengamalkan cara hidup sihat supaya kita dapat mencegah Diabetes. cherassihat sihatmilikku
1311,1066860664990314496,https://x.com/fmtoday/status/1066860664990314496,2018-11-26,"Ia amat mengejutkan, berita yang tidak dijangka bagi setiap orang. Anda mungkin berasa sedih, marah atau takut memikirkan hidup dengan penyakit kronik ini. diabetes"
1312,1067363377020841984,https://x.com/KALCare/status/1067363377020841984,2018-11-27,"Belakangan ini banyak ditemukan kasus obesitas pada anak-anak yang membawa pada kasus seperti penyakit-penyakit kronis degeneratif (diabetes mellitus tipe 2, stroke, kanker) serta hipertensi, sleep apnea, masalah pernapasan-postur, perkembangan tulang dll. Seram sekali ya, Fams?"
1313,1067372472536891392,https://x.com/LokadataID/status/1067372472536891392,2018-11-27,"Jika tak ditangani dengan tepat, stres sehari-hari dapat berujung pada penyakit diabetes, disfungsi seksual, hingga skizofrenia"
1314,1067571810865049600,https://x.com/MiLaBeneamata/status/1067571810865049600,2018-11-28,"klo kurang tidur resikonya bs kena diabetes, penyakit jantung, obesitas, sleep apnea, smpe kematian dini. Hal mana yg lbh berguna dilakukan tnpa sehat dan nyawa om"
1315,1067993068375179265,https://x.com/nu_online/status/1067993068375179265,2018-11-29,Lembaga Kesehatan NU Jelaskan Penyakit Diabetes di Radio
1316,1068105692861521923,https://x.com/bkpkkemenkes/status/1068105692861521923,2018-11-29,"Selamat Hari KORPRI Nasional ke-47 utk Aparatur Sipil Negara di seluruh Indonesia. Yuk jadikan momen ini utk hidup lebih sehat, agar terhidar dari penyakit jantung, diabetes melitus &amp; kanker. Ayo Hidup Sehat! Korpri47 ASN Riskesdas2018 Balitbangkes FaktaData IndonesiaSehat"
1317,1068157643192246273,https://x.com/kompasiana/status/1068157643192246273,2018-11-29,"Penyakit diabetes tidak hanya menyerang orang tua, namun generasi muda pun rentan terkena. Banyak faktor yang menyebabkan diabetes. Oleh karena itu perlu bagi kita untuk menerapkan pola hidup sehat sejak dini."
1318,1068487126688223232,https://x.com/cherassihat/status/1068487126688223232,2018-11-30,Fakta &amp; Mitos Kencing Manis (Diabetes) Ingat ye! Kencing Manis juga boleh menyebabkan pelbagai komplikasi penyakit lain. cherassihat sihatmilikku
1319,1068505812362944513,https://x.com/pramitalab_id/status/1068505812362944513,2018-11-30,"Diabetes Mellitus adalah gangguan metabolisme Glucosa, yang menyebabkan berbagai penyakit komplikasi lainnya. Pemantauan yang benar terhadap gangguan ini, akan memudahkan tindakan atau"
1320,1068322519717801984,https://x.com/LifeScienceAfc/status/1068322519717801984,2018-11-30,JumatBerkah Teknologi kesehatan semakin maju Nano Teknologi Stemcell dpt memperbaiki Kesembuhan Kulit penyakit lain seperti Diabetes Jantung Tumor Stroke DarahTinggi FungsiGinjal Rambut Rejuvenation Rahim Otak Pankreas Hipertensi Tulang TerapiStemcell SOP100+
1321,1068840074479980546,https://x.com/murianihidayat/status/1068840074479980546,2018-12-01,"Bener pake banget. Ga bosen2 mereka ini bohongin rakyat dg janji2 palsu. Janjinya maniiisss bagaikan madu, tp terlalu manis sehingga bikin rakyat kena penyakit diabetes."
1322,1069870758615285760,https://x.com/tribunjogja/status/1069870758615285760,2018-12-04,Toilet Pintar Ini Bisa Deteksi Tanda-tanda Penyakit Kanker dan Diabetes
1323,1070172749597790208,https://x.com/KemenkesRI/status/1070172749597790208,2018-12-05,"HariAidsSedunia HIV merupakan penyakit kronis yang dapat dikelola seperti hipertensi dan diabetes, HIV sudah ada obatnya yaitu ARV, pengobatan ARV menjaga ODHA tetap produktif dan mencegah infeksi HIV baru, Mari Tes HIV! SayaBeraniSayaSehat"
1324,1070301329468182528,https://x.com/diahnp/status/1070301329468182528,2018-12-05,"Hipertensi, Diabetes, Kanker dan Gangguan Jiwa terus bertambah. Yg rasanya itu penyakit-penyakit manusia kelas menengah atas berarti Indonesia. Apakah seperti itu?"
1325,1070654477114368000,https://x.com/ptm_id/status/1070654477114368000,2018-12-06,Apa saja gejala penyakit Diabetes Melitus (DM) ? CERDIK CegahPTM DukungGERMAS Diabetes SelamatkanKeluargaDariDiabetes AyokitakenalipenyakitDiabetesMelitus
1326,1070583977021337600,https://x.com/tvOneNews/status/1070583977021337600,2018-12-06,"Seperti dikutip dari Klikdokter, mengonsumsi makanan yang digoreng secara teratur bisa membuat tubuh penuh lemak trans. Akibatnya tentu bisa sangat mematikan, seperti penyakit jantung &amp; diabetes. Nah, kalau terlanjur bawa bekal goreng-gorengan, kasih kucing saja, hi hi."
1327,1070604823681150976,https://x.com/ptm_id/status/1070604823681150976,2018-12-06,Apa saja tipe penyakit Diabetes Melitus (DM) ? CERDIK CegahPTM DukungGERMAS Diabetes SelamatkanKeluargaDariDiabetes AyokitakenalipenyakitDiabetesMelitus
1328,1070490015686422528,https://x.com/kreatorwow/status/1070490015686422528,2018-12-06,Toilet kini bukan hanya sekadar tempat buang air. Teknologi terbaru memungkinkan toilet untuk mendeteksi tanda-tanda awal pada beragam jenis penyakit seperti kanker dan diabetes. Para
1329,1070529748441358337,https://x.com/ptm_id/status/1070529748441358337,2018-12-06,"Sobat Sehat, kali ini kita akan membahas mengenai buku saku ""Ayo, kita kenali penyakit Diabetes Melitus"" . Yuk, simak Apa itu Diabetes Melitus (DM)? CERDIK CegahPTM DukungGERMAS Diabetes SelamatkanKeluargaDariDiabetes AyokitakenalipenyakitDiabetesMelitus"
1330,1070980303668240385,https://x.com/combipharID/status/1070980303668240385,2018-12-07,"Merebaknya penyakit diabetes membuat banyak orang berbondong-bondong mencari tau obat yang tepat. Cari tau jawabannya di jawab &amp; tag 5 teman di kolom komentar. Jawab hingga 20 Desember 2018 ya, Healthy People!"
1331,1071655459184996352,https://x.com/e100ss/status/1071655459184996352,2018-12-09,"Diabetes tak semata ditakuti karena penyakitnya, tetapi juga komplikasinya. Salah satu masalah yang bisa muncul akibat penyakit diabetes adalah infeksi TB (odp-pr)"
1332,1072188070013726720,https://x.com/RadioElshinta/status/1072188070013726720,2018-12-10,Apa saja faktor risiko penyakit diabetes melitus (DM) yang bisa diubah ? DiskusiInteraktifElshinta
1333,1071952443208949760,https://x.com/LifeScienceAfc/status/1071952443208949760,2018-12-10,PagiPagi Kita harus semangat dan bersyukur selalu sehat bebas dari penyakit Pankreas Diabetes Jantung Tumor Stroke DarahTinggi FungsiGinjal Rambut Rejuvenation Rahim Otak kulit Hipertensi Tulang AsamUrat Kolestrol Stemcell TerapiStemcell SOP100 Placenta Salmon
1334,1072011375273107456,https://x.com/ptm_id/status/1072011375273107456,2018-12-10,Apa saja faktor risiko penyakit diabetes melitus (DM) yang tidak bisa diubah ? CERDIK CegahPTM DukungGERMAS Diabetes SelamatkanKeluargaDariDiabetes AyokitakenalipenyakitDiabetesMelitus
1335,1072088060882341888,https://x.com/ptm_id/status/1072088060882341888,2018-12-10,Apa saja faktor risiko penyakit diabetes melitus (DM) yang bisa diubah ? CERDIK CegahPTM DukungGERMAS Diabetes SelamatkanKeluargaDariDiabetes AyokitakenalipenyakitDiabetesMelitus
1336,1072271375442702336,https://x.com/ptm_id/status/1072271375442702336,2018-12-10,Bagaimana mengetahui penyakit Diabetes Melitus (DM) secara dini ? CERDIK CegahPTM DukungGERMAS Diabetes SelamatkanKeluargaDariDiabetes AyokitakenalipenyakitDiabetesMelitus
1337,1072764254028095488,https://x.com/pastagigisiwak/status/1072764254028095488,2018-12-12,"Selamat sore sahabat miswak. usahakan makan jangan terlalu larut malam ya,karena makan terlalu larut bisa memicu timbulnya penyakit jantung ,diabetes,hipertensi ,dll"
1338,1072770790637002752,https://x.com/ptm_id/status/1072770790637002752,2018-12-12,Apa yang harus dilakukan bila telah didiagnosis penyakit Diabetes Melitus (DM) ? CERDIK CegahPTM DukungGERMAS Diabetes SelamatkanKeluargaDariDiabetes AyokitakenalipenyakitDiabetesMelitus
1339,1072747882816593920,https://x.com/KemenkesRI/status/1072747882816593920,2018-12-12,"Faktanya Diabetes bisa juga terjadi pada anak-anak dan remaja, khususnya Diabetes Melitus (DM) tipe 1. mengarahkan melakukan upaya deteksi dini faktor risiko penyakit tidak menular (PTM) di Posbindu dan meningkatkan rujukan bagi kasus terduga DM. DukungGERMAS"
1340,1072688582077214720,https://x.com/ryanapapunitu/status/1072688582077214720,2018-12-12,"ibaratnya mereka punya penyakit diabetes, menghindari gula dengan cara meminta semua pedagang disekitar rumah dia untuk tidak memakai gula atau bahan lain yg menyebabkan dia kambuh."
1341,1072697532646535168,https://x.com/ptm_id/status/1072697532646535168,2018-12-12,Apa yang harus dilakukan bila mengalami gejala penyakit Diabetes Melitus (DM) ? CERDIK CegahPTM DukungGERMAS Diabetes SelamatkanKeluargaDariDiabetes AyokitakenalipenyakitDiabetesMelitus
1342,1072739777835716608,https://x.com/flooqey/status/1072739777835716608,2018-12-12,"Penyakit akibat ngeship: Jtg: Migrain. -Ombang-ambing, disaat udah nyerah eh banyak momen, begitupun sebaliknya Snjk: Darah Tinggi -Marah, geregetan, emosi. Yaiyalah yang diship juga marahan keknya. /eeeeaa/ 2Suka / OwU: DIABETES -KONSUMSI GULA JAWA + GULA PASIR BERLEBIHAN."
1343,1073588947178086400,https://x.com/Harian_Jogja/status/1073588947178086400,2018-12-14,Google Bikin AI di Thailand Pindai Penyakit Mata karena Diabetes
1344,1073790696803332097,https://x.com/narasitv/status/1073790696803332097,2018-12-15,"Buat kamu yang masih bekerja 8 jam sehari bahkan lebih, hati-hati bekerja terlalu berlebihan bisa meningkatkan risiko timbulnya berbagai penyakit, terutama jantung dan diabetes. Jadi sebaiknya gimana ya? Saksikan di"
1345,1073877627079778304,https://x.com/myyummyday/status/1073877627079778304,2018-12-15,"Ada yang suka mengkonsumsi gula semut aren? Tadi aku baca info di instagram kalo gula semut aren itu bisa mengobati penyakit diabetes, maag, &amp; penambah stamina agar JadiLebihBaik. Ntap ya. Btw tadi aku lancar banget buka instagram karena sinyal stabil . Asik!"
1346,1074581531434180609,https://x.com/LifeScienceAfc/status/1074581531434180609,2018-12-17,Walaupun Hari ini GOPAYpayday mari kita tetap jaga kesehatan kita cegah jauhi penyakit Stroke cegah dgn SOP100+ efek Stemcell baik bagi Kulit Diabetes Jantung Tumor DarahTinggi FungsiGinjal Rambut Rejuvenation Rahim Otak Pankreas Hipertensi Tulang TerapiStemcel
1347,1074582470023151616,https://x.com/KemenkesRI/status/1074582470023151616,2018-12-17,"Ada yang mau gowes sama Minkes sore ini? Sempatkan 30 menit setiap hari untuk melakukan olahraga/aktivitas fisik. Olahraga mampu mencegah penyakit-penyakit tidak menular seperti diabetes, stroke, dll DukungGERMAS"
1348,1074920214528122880,https://x.com/VIVA_log/status/1074920214528122880,2018-12-18,"Awas, Stres Bisa Picu Penyakit Jantung Hingga Diabetes"
1349,1074985781993730048,https://x.com/bacotabdalla/status/1074985781993730048,2018-12-18,"senyum kamu obat segala penyakit kecuali diabetes, kanker, dan hiv aids"
1350,1075580043496022017,https://x.com/DeNatureIndone7/status/1075580043496022017,2018-12-20,Diabetes (diabetes melitus) adalah penyakit jangka panjang atau kronis yang ditandai dengan kadar gula darah (glukosa) yang jauh di atas normal untuk konsultasi dan info pemesanan : telp/sms : 082134529167 wa : 085801163429 obatdiabetes diabetes obatguladarah obatkolesterol
1351,1075698227251298304,https://x.com/kissfmjember/status/1075698227251298304,2018-12-20,"Aktif berolahraga tak dapat diragukan lagi manfaatnya bagi kesehatan. Bahkan, orang yang tak aktif berolahraga memiliki risiko kesehatan yang lebih buruk daripada merokok, penyakit diabetes dan jantung, menurut Dokter spesialis jantung Wael Jaber."
1352,1077240594039136263,https://x.com/ejackulasi/status/1077240594039136263,2018-12-24,"terus, ini. kita keluar dari dimi dulu, ya. sambil nunggu navi kelarin cerita. jadi, setahun lalu, bokap gue diamputasi karena penyakit diabetes. nah, pas dia balik dari operasi itu, keluarga gue yang ngurus bokap gue cerita kalo bokap gue ini aneh banget kelakuannya."
1353,1077348011154370560,https://x.com/KodamIV/status/1077348011154370560,2018-12-24,"Memperingati Hari Ibu, TNI Perbatasan melaksanakan Home Visit khusus terhadap ibu-ibu penderita penyakit kronis seperti penderita penyakit Hipertensi, Diabetes Melitus, Stroke dll"
1354,1077565281206059010,https://x.com/QrJabar/status/1077565281206059010,2018-12-25,"Mendampingi bapak Ujang Rukhiyat. Warga Kebon Gedang, Kota Bandung. Beliau mengidap penyakit diabetes dan berdasarkan diagnosis dokter mengarah ke komplikasi (diabetes, gejala stroke,"
1355,1077784140878094343,https://x.com/obatsakit2011/status/1077784140878094343,2018-12-26,Tanda-Tanda akan Terkena Penyakit Diabetes
1356,1078234788538998787,https://x.com/PenangJoe/status/1078234788538998787,2018-12-27,"Usus kotor punca penyakit diabetes, jantung dll. Cucinya dgn aloe vera gel, avg Kolestrol pd pembuluh darah punca penyakit darah tinggi, stroke dll. Cuci kolestrol dgn omega 3 dalam artic sea, atc detox kempes slim fit organiclover aloelover"
1357,1078495778119864320,https://x.com/DokterNews/status/1078495778119864320,2018-12-28,Cegah Diabetes dengan Diet Karbohidrat Diabetes atau dikenal sebagai silent killer memang jadi penyakit yang menakutkan. Penyakit ini sering kali baru terdeteksi ketika sudah.
1358,1078528938828275712,https://x.com/KALCare/status/1078528938828275712,2018-12-28,"Tahukah Fams bahwa adanya tumpukan plak di pembuluh darah bisa menyebabkan timbulnya penyakit seperti stroke dan serangan jantung? Plak ini bisa muncul karena proses aterosklerosis, yang dipengaruhi oleh faktor usia, kebiasaan merokok, kolesterol tinggi, hipertensi &amp; diabetes."
1359,1078675894384934913,https://x.com/DrAmalinaBakri/status/1078675894384934913,2018-12-28,"Kalau ada penyakit kronik like diabetes or kidney failure, tu mesti datang bincang dengan doktor dan dietitian sebelum makan apa2. Sebab tu lah kami risau sangat bila ada yang suka makan macam2 supplements sebab tak semuanya bagus untuk pesakit kronik. Boleh rosak semua organ."
1360,1079107752436342785,https://x.com/hafsah_sazali/status/1079107752436342785,2018-12-29,Penyakit seperti diabetes tidak boleh diiklankan sebagai tuntutan perubatan. Banyak peniaga yang buat kesalahan ini. Memang ramai tertipu
1361,1079642607930822656,https://x.com/tribunmedan/status/1079642607930822656,2018-12-31,Wanita Ini Didakwa Lakukan Pembunuhan Setelah Sembunyikan Penyakit Putrinya yang Mengidap Diabetes via
1362,1079650549727809536,https://x.com/SINDOnews/status/1079650549727809536,2018-12-31,"Kanker dikenal sebagai penyakit paling mematikan selain jantung, stroke, dan diabetes. Namun, sebagian orang percaya tak ada penyakit yang tidak bisa disembuhkan, selama kita yakin dapat sembuh. Anthony Pong salah satunya. HEROinspire Lifestyle avaibleatHero cancersurvivor"
1363,1079819503314206721,https://x.com/merdekadotcom/status/1079819503314206721,2018-12-31,3 Penyakit yang Dapat Muncul Ketika Menderita Diabetes
