no,id,url,date,text_clean
103,815424894523453440,https://x.com/okezonenews/status/815424894523453440,2017-01-01,"Waspadai! Stroke, Jantung &amp; Diabetes Masih Penyakit Pembunuh Nomor 1 di Indonesia"
104,815449549959401473,https://x.com/wuyiefannn/status/815449549959401473,2017-01-01,"Jangan Takut Kena Sinar Matahari, Bisa Cegah Penyakit Jantung dan Diabetes Lho!"
105,815726838366556160,https://x.com/sehatfresh/status/815726838366556160,2017-01-02,Nutrisi - Dibalik rasa pahitnya buah mahoni ternyata dapat membantu pengobatan salah satunya penyakit diabetes lho!
106,815870187941433345,https://x.com/arep_17/status/815870187941433345,2017-01-02,Maka penyakit diabetes pun datang.
107,816371121062866945,https://x.com/tabloidbintang/status/816371121062866945,2017-01-03,Mencegah Penyakit Diabetes Tipe 2 di Usia Senja
108,816086949689774085,https://x.com/kukubimaenergi/status/816086949689774085,2017-01-03,"Lo mau tau gimana caranya mencegah diabetes dan penyakit jantung, sob?"
109,816834220580597760,https://x.com/SehatCaraHerbal/status/816834220580597760,2017-01-05,Studi membuktikan banyak makan sayur dan kurangi konsumsi daging dapat memangkas risiko penyakit diabetes tipe 2.
110,816879968454066176,https://x.com/silva_token/status/816879968454066176,2017-01-05,"Mengonsumsi mi instan sekitar 3x seminggu, akan meningkatkan risiko penyakit sindrom Kardiometabolik (penyakit jantung, diabetes, &amp; stroke)"
111,816973803796516864,https://x.com/LMen/status/816973803796516864,2017-01-05,"Obesitas adalah faktor risiko untuk kematian, penyakit metabolik (serangan jantung, diabetes tipe-2, stroke), osteoporosis, dan kanker."
112,817186022635106304,https://x.com/havzichiori/status/817186022635106304,2017-01-06,perut buncit berisiko mengidap penyakit kardiovaskular dan diabetes eh
113,817234548593479680,https://x.com/kuronuma_gakari/status/817234548593479680,2017-01-06,"Menghirup H2S dosis rendah pada kentut dapat mencegah diabetes, penyakit jantung dan demensia."
114,817541290367721476,https://x.com/fajaronline/status/817541290367721476,2017-01-07,"Senam, Cara Efektif Sembuhkan Penyakit Diabetes"
115,818028058972069889,https://x.com/izzahrph/status/818028058972069889,2017-01-08,"Kalau ada penyakit kronik (darah tinggi, diabetes, sakit jantung dsbg), bincang dgn Dr yg merawat sblm ambil apa2 supplement MedTweetMY"
116,818115914222698496,https://x.com/UmiPipik/status/818115914222698496,2017-01-08,obat untuk menyembuhkan penyakit gula darah atau diabetes secara alami via
117,818118223388352512,https://x.com/UmiPipik/status/818118223388352512,2017-01-08,"Penderita Penyakit Gula Kolestrol, Asam Urat Turun Drastis, Diabetes Sem. via"
118,818442391262785536,https://x.com/Generali_ID/status/818442391262785536,2017-01-09,"Generali Friends dgn melakukan Medical Check-Up, kamu bisa mengetahui penyakit dgn gejala yang tidak tampak seperti diabetes, yuk check-up"
119,818337008711938048,https://x.com/TetraPak_ID/status/818337008711938048,2017-01-09,"Rutin berolahraga dapat menurunkan resiko terkena penyakit kanker, jantung, diabetes dan penyakit-penyakit lainnya TetraPakHealth"
120,818458044241543170,https://x.com/MNCLife/status/818458044241543170,2017-01-09,"Hati-hati terhadap penyakit diabetes ya, Tweeps! Diabetes termasuk penyakit berbahaya juga, lho"
121,818732911751036928,https://x.com/TropicanaSlim/status/818732911751036928,2017-01-10,Karena terbiasa makan manis konsumsi gula jadi berlebih. Akibatnya kegemukan plus peningkatan risiko penyakit diabetes dan metabolik lainnya
122,818735215455518720,https://x.com/pkm_cimanggis/status/818735215455518720,2017-01-10,"PENYULUHAN KESEHATAN OLEH H. RISMONO,AMK TENTANG PENYAKIT DIABETES MILITUS"
123,818701409713528832,https://x.com/tvOneNews/status/818701409713528832,2017-01-10,"Fitbar mengandung 0g Trans Fat, sehingga terhindar dari risiko penyakit jantung, stroke, diabetes &amp; risiko naiknya berat badan"
124,819018496944140290,https://x.com/ihaqionline/status/819018496944140290,2017-01-11,"JUNK FOOD bisa bikin pikun. Efek buruk dari makanan tinggi kalori ini nggak cuma sebabkan obesitas, penyakit jantung dan diabetes. Sehat"
125,819214060176584705,https://x.com/hziqaimann_/status/819214060176584705,2017-01-11,Yang manis kdg2 boleh membawa kemudaratan mcm gula boleh membawa penyakit diabetes
126,819605111261581312,https://x.com/rappleridntimes/status/819605111261581312,2017-01-12,Kini kondisi Oon bertambah parah karena komplikasi dari penyakit diabetes yang sudah menyerang ginjalnya.
127,819775265207259136,https://x.com/tribunmedan/status/819775265207259136,2017-01-13,ProjectPop RipOnn MeninggalDunia OON PROJECT POP MENINGGAL DUNIA USAI ENAM TAHUN MELAWAN PENYAKIT DIABETES.
128,819865330789089281,https://x.com/KapanLagicom/status/819865330789089281,2017-01-13,"FOTO: SELAIN OON, PARA SELEB INI JUGA MENDERITA PENYAKIT DIABETES"
129,819821880161038336,https://x.com/OfficialGTVID/status/819821880161038336,2017-01-13,"Menginjak penyakit diabetes dari usia 28 tahun, sejak sakit berat Oon turun hingga 15 kg. Simak di"
130,819821211068825600,https://x.com/SeputariNews/status/819821211068825600,2017-01-13,"Innalillah, Oon Project Pop meninggal dunia akibat penyakit ginjal &amp; diabetes - iNews Siang 13/01: via"
131,819773524868894722,https://x.com/Akar0102/status/819773524868894722,2017-01-13,"5 Fakta Soal Diabetes Melitus, Penyakit yang Menyerang Oon 'Project Pop'"
132,820042721662529536,https://x.com/kumparan/status/820042721662529536,2017-01-13,Mau gula darah aman dan terhindar dari penyakit diabetes? Hindari 11 makanan berikut ini! kumparan
133,819748440724770820,https://x.com/jojorivai/status/819748440724770820,2017-01-13,11 Makanan Ini Bantu Cegah Penyakit Diabetes
134,819747632260096001,https://x.com/VIVAcoid/status/819747632260096001,2017-01-13,RT : 11 Makanan Ini Bantu Cegah Penyakit Diabetes
135,819735794868813828,https://x.com/detikcom/status/819735794868813828,2017-01-13,"5 Fakta Soal Diabetes Melitus, Penyakit yang Menyerang Oon 'Project Pop' via"
136,819733014032752640,https://x.com/SonoraFM92/status/819733014032752640,2017-01-13,"09.24 BeritaSonora - Selain Mengidap Diabetes. Oon ""Project Pop"" juga mngidap penyakit jantung &amp; gagal ginjal. RIP"
137,819725656133144577,https://x.com/rappleridntimes/status/819725656133144577,2017-01-13,"Sebelum meninggal, Oon diketahui sedang menjalani perawatan untuk komplikasi penyakit diabetes."
138,819757311929352192,https://x.com/TRL_Jakarta/status/819757311929352192,2017-01-13,"HRFMNews Oon Project Pop dikabarkan meninggal dunia pagi ini karena diabetes dan komplikasi penyakit lainnya. Rest in peace, Oon."
139,820094343855755264,https://x.com/tribunmedan/status/820094343855755264,2017-01-14,diabetes kesehatan OonProjectPop Komplikasi penyakit pada pasien diabetes memang sangat mungkin terjadi jika.
140,820277873294458880,https://x.com/tribunmedan/status/820277873294458880,2017-01-14,Pria berumur 44 tahun itu kemarin telah menghembuskan napas terakhir karena penyakit diabetes yang ia alami.
141,820067204716630016,https://x.com/VIVAcoid/status/820067204716630016,2017-01-14,"FOKUS - Diabetes, Penyakit Gaya Hidup"
142,820084118717272065,https://x.com/Tips_Baru/status/820084118717272065,2017-01-14,Mengenal Jenis Penyakit Diabetes
143,820746104580935680,https://x.com/Tiens_NHCP_/status/820746104580935680,2017-01-15,Talas Bogor Dapat Mencegah Penyakit Diabetes
144,820468550590558208,https://x.com/KapanLagicom/status/820468550590558208,2017-01-15,"BUKAN DIABETES, INI DERETAN SELEB YANG DERITA PENYAKIT MEMATIKAN"
145,820787150274883589,https://x.com/obatsipilisid/status/820787150274883589,2017-01-16,diabetes obatdiabetes obatdiabetesherbal Cara mengobati penyakit diabetes dgn herbal de
146,820788347383775232,https://x.com/obatsipilisid/status/820788347383775232,2017-01-16,obatdiabetes obatguladarah obatkencingmanis Cara mengobati penyakit diabetes dgn herbal de
147,820789054895779844,https://x.com/obatsipilisid/status/820789054895779844,2017-01-16,kencingmanis obatkencingmanis obatkencingmanisalami Cara mengobati penyakit diabetes dgn
148,820828836866584576,https://x.com/pkm_sukosari/status/820828836866584576,2017-01-16,Diabetes melitus sudah diakui Organisasi Kesehatan Dunia (WHO) sbg salah satu penyakit yg mengancam kesehatan penduduk dunia secara global
149,820830865970167808,https://x.com/pkm_sukosari/status/820830865970167808,2017-01-16,Diabetes melitus merupakan penyakit yang rentan menyebabkan komplikasi. Setengah dr jmlh penderita tdk pernah menyadarinya. DiabetesMelitus
150,820831535540506624,https://x.com/pkm_sukosari/status/820831535540506624,2017-01-16,Survei Sun Life Asia Health Index 2015 menyebut diabetes merupakan penyakit yang paling ditakuti di Indonesia. DiabetesMelitus
151,820832088626634753,https://x.com/pkm_sukosari/status/820832088626634753,2017-01-16,"Diabetes berada di urutan pertama dgn persentase 37%, diikuti oleh penyakit jantung dgn 31% dan gangguan pernapasan sebanyak 29%."
152,820949423882547201,https://x.com/OZRadioJakarta/status/820949423882547201,2017-01-16,"Setelah 2 penyakit itu, kurang tidur juga bisa mengakibatkan: 3. Jantung &amp; Stroke 4. Diabetes OZSORESANTAI"
153,820983642541277184,https://x.com/kingkoil_id/status/820983642541277184,2017-01-16,"Almond dapat membantu mengurangi kenaikan kadar gula dan insulin setelah makan, sehingga mencegah Anda terkena penyakit diabetes."
154,821289736899686400,https://x.com/okezonenews/status/821289736899686400,2017-01-17,Cara Agus Kuncoro Hindari Penyakit Diabetes
155,821558735655108608,https://x.com/rumahzakat/status/821558735655108608,2017-01-18,"BantuBuEndah 1/20 Bu Endah, begitu beliau dipanggil, beliau adalah warga Tangerang Selatan yang terkena penyakit diabetes dan Kolestrol."
156,821559239311237120,https://x.com/rumahzakat/status/821559239311237120,2017-01-18,BantuBuEndah 3/20 Selain diabetes dan kolesterol rasanya penyakit tidak ada hentinya mengerogoti tubuh Bu Endah.
157,821598984003342336,https://x.com/Klinik_HDS/status/821598984003342336,2017-01-18,"Bagaimana Mengatasi Penyakit Diabetes - dr. Johanes Purwoto, Sp.PD lewat"
158,821601178958045184,https://x.com/Klinik_HDS/status/821601178958045184,2017-01-18,"Apakah Penyakit Diabetes itu? - dr. Johanes Purwoto, SpPD, KEMD lewat"
159,821960131353149440,https://x.com/CoolantID/status/821960131353149440,2017-01-19,"Orang-orang yang melewatkan sarapan, risiko untuk mendapatkan penyakit obesitas, diabetes dan serangan jantung lebih tinggi."
160,822287517315538944,https://x.com/Klinik_HDS/status/822287517315538944,2017-01-20,Diabetes Biang penyakit benarkah ? lewat
161,822818666139893762,https://x.com/itsfredshahr/status/822818666139893762,2017-01-21,penyakit ape yang kronik tp x bahaya? diabetes cinta sbb cintakan awk
162,823435457383931905,https://x.com/rscm_official/status/823435457383931905,2017-01-23,"Diabetes termasuk dalam salah satu dari 10 penyakit yg paling banyak menyebabkan kematian di Indonesia, ayoo kita simak pencegahannya :)"
163,823783695064698880,https://x.com/Nutrisi_Bangsa/status/823783695064698880,2017-01-24,"Memasukkan biji-bijian di menu harian bantu mengurangi risiko penyakit jantung, diabetes tipe-2, &amp; kanker. Biji-bijian juga mengandung serat"
164,824100711621390336,https://x.com/KKMPutrajaya/status/824100711621390336,2017-01-25,Diabetis: Jangan abai rasa kebas dan mencucuk Penyakit diabetes bukanlah sesuatu yang baharu diperkatakan.
165,825270693575217152,https://x.com/bundakonicare/status/825270693575217152,2017-01-28,"Bunda, Lidah Buaya dapat membantu menyembuhkan berbagai penyakit yang ada di tubuh seperti radang tenggorokan, batuk dan diabetes."
166,825584417703882755,https://x.com/yukmakan/status/825584417703882755,2017-01-29,"Ikan salmon bagus utk kesehatan dan perkembangan otak anak. Khasiat ikan salmon mampu mencegah serangan penyakit jantung, stroke, &amp; diabetes"
167,825629808990179328,https://x.com/marikitasehat/status/825629808990179328,2017-01-29,"Selain baik bagi kesehatan mental, paparan sinar matahari juga diyakini mampu mengurangi risiko penyakit jantung dan diabetes."
168,825638657490956290,https://x.com/musicrelaxings/status/825638657490956290,2017-01-29,Mengenal Lebih Dekat Gejala - Gejala Penyakit Diabetes Yang Perlu Di Waspadai
169,825931004879572992,https://x.com/rochfa/status/825931004879572992,2017-01-30,"benar min. Jika tidak membatasi konsumsi gula garam &amp; lemak bisa mengakibatkan penyakit diabetes,kolesterol dll"
170,826324364836667392,https://x.com/TwitSURABAYA/status/826324364836667392,2017-01-31,Alasan Rajin Sarapan Bisa Cegah Penyakit Jantung &amp; Diabetes
171,826240202574213120,https://x.com/Casmi_Arsa/status/826240202574213120,2017-01-31,BahagiaDiHariTua Ketika Sy&amp;Kluarga Bs Menyantap Makanan Apa Saja Bebas dr penyakit diabetes/kolesterol/asam urat
172,826324158397108224,https://x.com/LactamilMama/status/826324158397108224,2017-01-31,"1. Mama hamil yang obesitas akan berisiko mengalami beberapa penyakit seperti hipertensi, diabetes saat hamil dan bayi lahir prematur"
173,826675453268201476,https://x.com/CosmopolitanFM/status/826675453268201476,2017-02-01,"904FunFacts Tidak hanya merasa lapar, melewatkan sarapan mampu tingkatkan risiko penyakit jantung, ginjal, dan diabetes Sumber: Dailymail"
174,826709278694203393,https://x.com/FitnessForMenID/status/826709278694203393,2017-02-01,Bagaiamana cara mencegah penyakit diabetes?
175,826718128700657664,https://x.com/okezonenews/status/826718128700657664,2017-02-01,Tinggal di Pegunungan Berisiko Lebih Rendah Terkena Penyakit Jantung dan Diabetes
176,826741284131971075,https://x.com/kapoltv/status/826741284131971075,2017-02-01,"TAWANG, (KAPOL).- Diabetes melitus, hipertensi, ginjal kronik, dan jantung koroner adalah beberapa penyakit."
177,826978714021830656,https://x.com/ikalarasati81/status/826978714021830656,2017-02-02,"Efeknya sgt banyak,selain meningkatkn berat badan jg memicu beragam penyakit kronis,seperti jantung, diabetes hingga stroke."
178,827639049720434688,https://x.com/VemaleDotcom/status/827639049720434688,2017-02-03,Alasan Rajin Sarapan Bisa Cegah Penyakit Jantung &amp; Diabetes &gt;&gt; good2share
179,828091357545758721,https://x.com/tabloidbintang/status/828091357545758721,2017-02-05,Bobot Suti Karno Turun 12 Kilogram Akibat Penyakit Jantung dan Diabetes
180,828832417943216134,https://x.com/marmellow/status/828832417943216134,2017-02-07,Tak boleh. Diabetes &amp; kanser antara penyakit yg tak boleh diiklankan
181,828961993331597312,https://x.com/SuryaNi53670435/status/828961993331597312,2017-02-07,"senyumnya bisa bikin yg liat kena penyakit diabetes ,manis banget ,unyu ,imut"
182,829184660026642439,https://x.com/RadarEnergiHAQ/status/829184660026642439,2017-02-08,Sembuh dari Penyakit Diabetes meletus? Hubungi.087782716217 PIN 7DEAD115
183,829260567437275139,https://x.com/fiezanizmohamed/status/829260567437275139,2017-02-08,"takut itu perlu utk bantu kita berusaha utk hindarkn penyakit.utk diabetes/hipertensi,byk modifiable risks MedTweetMY"
184,829525480231620609,https://x.com/WanitaSehatID/status/829525480231620609,2017-02-09,"Nah, saat stres inilah, kita kemungkinan akan mencari pelarian ke makanan manis yang mengundang penyakit diabetes."
185,829539069021532160,https://x.com/somanindonesia/status/829539069021532160,2017-02-09,Diabetes berbuah penyakit ginjal! Ketat mengontrol gula darah agar terhindar dari gangguan ginjal. Bagaimana caranya?
186,829630933053497344,https://x.com/Oatbitsku/status/829630933053497344,2017-02-09,"Mengonsumsi nasi berlebihan menyebabkan kelebihan kadar gula darah yang memicu berbagai penyakit, salah satunya diabetes. EverydayIsHealthy"
187,830635588638248960,https://x.com/HalalMedan/status/830635588638248960,2017-02-12,"Diabetes sebagai pintu masuk berbagai jenis penyakit, seperti gagal ginjal, str"
188,830619959088779264,https://x.com/kontenwow/status/830619959088779264,2017-02-12,"Diabetes sebagai pintu masuk berbagai jenis penyakit, seperti gagal ginjal, str"
189,830604950195544064,https://x.com/FitnessForMenID/status/830604950195544064,2017-02-12,"Lakukan Ini, Dijamin Jauh dari Penyakit Diabetes"
190,830574660454584320,https://x.com/kontenwow/status/830574660454584320,2017-02-12,Untuk mencegah penyakit diabetes sejak dini sebenarnya hanya cukup melakukan la
191,831004987782213633,https://x.com/prosehat/status/831004987782213633,2017-02-13,"Ingin tau lbh detail ttg Diabetes? Ingin konsultasi penyakit Diabetes? Download Aplikasi ProSehat, konsultasi gratis di Menu Tanya Dokter!"
192,831365366244728834,https://x.com/RaniFatih/status/831365366244728834,2017-02-14,bagaimana mengobati penyakit diabetes
193,831759954893627392,https://x.com/somanindonesia/status/831759954893627392,2017-02-15,PERINGATAN UNTUK PARA PENDERITA DIABETES!Dari penyakit Diabetes dapat lahir komplikasi penyakit ginjal.
194,831849614479339520,https://x.com/CelotehMuslim/status/831849614479339520,2017-02-15,Awas terkena penyakit DIABETES karena terlalu sering konsumsi JANJI MANIS . . Tag ke 5 orang
195,832251991506182145,https://x.com/the_marketeers/status/832251991506182145,2017-02-16,"Mengintip langkah Tropicana Slim, brand penantang penyakit diabetes"
196,832862970703183873,https://x.com/MEGAInsuranceID/status/832862970703183873,2017-02-18,"Gula (kelebihan gula dapat mengakibatkan kegemukan atau obesitas pada usia muda, diabetes, dan penyakit jantung)"
197,832851694417387520,https://x.com/silviaherna33/status/832851694417387520,2017-02-18,"Opa, oma jgn melakukan kebiasaan ini ya kesehatan diabetes masatua penyakit solusi"
198,832825281777840129,https://x.com/wijayaFM/status/832825281777840129,2017-02-18,"Srg Haus? hati2 bs jd awal kena diabetes. WHO jlskan kematian dr penyakit tdk menular namun degenaratif, yuk hdp sehat &amp; gerak! wijaya1035"
199,833658473732673540,https://x.com/aysiruun/status/833658473732673540,2017-02-20,"Bila cari ulbs bm pasal kesan diabetes, buat rasa sebak sbb tengok ibu ada penyakit tu."
200,833863797806755840,https://x.com/nyoman_minata/status/833863797806755840,2017-02-21,"Hati2,Allah aja ngingetin kita segala yg berlebihan itu gak baik, kita makan manies .manies berlebihan aj jd penyakit diabetes Ati2Manies"
201,833945307322802177,https://x.com/letari_puji/status/833945307322802177,2017-02-21,ini dia salah satu dampak dari penyakit diabetes SelasaSantai info infoBDG
202,834380728091734016,https://x.com/AdemSari_ID/status/834380728091734016,2017-02-22,"Kalau AdeMania mengonsumsi gula berlebih, bisa mengakibatkan berbagai penyakit seperti jantung, diabetes, stroke,dll FaktaAdem"
203,834597786121236480,https://x.com/YowesNeh/status/834597786121236480,2017-02-23,Penyakit diabetes saiki ora gor mergo kakean gulo neng gara-gara janji-janji manis seko kowe
204,834614869852688384,https://x.com/apotekmart_/status/834614869852688384,2017-02-23,"Sering konsumsi makanan kaya gula mrpkn faktor resiko penyakit jantung krn menyebabkan obesitas, inflamasi, Kolesterol tinggi &amp; diabetes."
205,834694288139177984,https://x.com/KemenkesRI/status/834694288139177984,2017-02-23,"Healthies, tahukah bahwa kanker menjadi beban penyakit katastropik peringkat ke-4 setelah jantung, stroke dan diabetes? BincangSehat"
206,835051353734963200,https://x.com/silviaherna33/status/835051353734963200,2017-02-24,jangan lakukan kegiatan berikut ini jika menderita penyakit diabetes JumatBerkah info play kesehatan diabetes
207,835021694964125699,https://x.com/ptm_id/status/835021694964125699,2017-02-24,"bermanfaat dalam mencegah terjadinya penyakit pencernaan seperti, kanker usus besar dan diabetes. CERDIK CegahPTM DukungGERMAS"
208,835050753911771136,https://x.com/silviaherna33/status/835050753911771136,2017-02-24,"A jika keluarga tau sodara ada yg mengalami penyakit diabetes, neng kasih tau cara yg pling mudah"
209,835415741855780864,https://x.com/irfansuuu_/status/835415741855780864,2017-02-25,Penyakit diabetes saiki ora gor mergo kakean gulo neng gara-gara janji-janji manis mu
210,835894027903881216,https://x.com/liputan6dotcom/status/835894027903881216,2017-02-26,"Awas, Penyakit Gusi Bisa Jadi Tanda Awal Diabetes"
211,836201522891534336,https://x.com/Pecandu_Sepi/status/836201522891534336,2017-02-27,TERDETEKSI PENYAKIT DIABETES. Aku terlalu banyak mengkonsumsi janji-janji manis. nulismini
212,836055773071335424,https://x.com/NeurobionID/status/836055773071335424,2017-02-27,"Faktanya, kandungan serat pada Strawberry dapat mengurangi komplikasi diabetes seperti penyakit neuropati lho!"
213,836096481706663936,https://x.com/letari_puji/status/836096481706663936,2017-02-27,Ini cara pencegahan penyakit diabetes SeninSemangat InfoLintas health
214,836486109920047104,https://x.com/Golds_Indonesia/status/836486109920047104,2017-02-28,"Berjalan kaki selama 30 menit dapat menjauhkan diri dari berbagai penyakit seperti penyakit jantung, kolesterol, diabetes, osteoporosis, dan"
215,836465328603344898,https://x.com/jawapos/status/836465328603344898,2017-02-28,"Sejumlah penyakit berisiko pada penyandang obesitas mulai dari hipertensi, kanker, diabetes melitus, penyakit."
216,836413595797733379,https://x.com/haziqhamzah/status/836413595797733379,2017-02-28,Idea untuk filem kesedaran penyakit diabetes; Sugar Yang Tak Dirindukan
217,836778458613088256,https://x.com/infosetres/status/836778458613088256,2017-03-01,"Fakta setres: 4. Setres dikenal dgn 'silent killer' atau pembunuh yg diam . Karna bisa menyebabkan penyakit jantung, diabetes jeng darting"
218,837147327899054080,https://x.com/mimimarinajaaf1/status/837147327899054080,2017-03-02,"Harga gula naik, Penyakit Diabetes menurun Apa masalahnya? thinking about perlukah mengeluh?"
219,837859355869372418,https://x.com/drarisfadzillah/status/837859355869372418,2017-03-04,"jika anda mempunyai penyakit spt Diabetes, Hepatitis, buah pinggang etc x sesuai"
220,838720833170309120,https://x.com/merdekadotcom/status/838720833170309120,2017-03-06,3 penyebab utama penyakit diabetes mellitus atau kencing manis! Kamu wajib tahu nih!
221,838773671615328256,https://x.com/hmetromy/status/838773671615328256,2017-03-06,Ramai tak sedar hidap diabetes: Pesakit perlu ambil tahu mengenai penyakit mereka untuk elak komplikasi
222,838913675096436737,https://x.com/ruiardli85/status/838913675096436737,2017-03-07,"Cukup 5 Gelas Air Rebus Daun Sukun Bisa H4ncurkan Sel Kanker, Stroke, Diabetes Bahkan Penyakit Jantung.Berikut."
223,839037908011089921,https://x.com/somanindonesia/status/839037908011089921,2017-03-07,Keadaan seperti ini bisa disebabkan oleh diabetes penyakit keturunan maupun virus.
224,839424080201723906,https://x.com/Beritasatu/status/839424080201723906,2017-03-08,"Diabetes dan Hipertensi, Pemicu Penyakit Ginjal Kronik"
225,839416405803970561,https://x.com/TetraPak_ID/status/839416405803970561,2017-03-08,"Sementara itu kolesterol yang terlalu tinggi bisa menyebabkan resiko penyakit jantung, stroke dan diabetes TetraPakHealth"
226,839294247140384768,https://x.com/bentangpustaka/status/839294247140384768,2017-03-08,"Dlm taraf yg parah, chrono-misalignment mnyebabkan penyakit peradaban sprti diabetes, obesitas, gangguan jantung dll. PowerofWhen"
227,839375436454883329,https://x.com/MC_kotabengkulu/status/839375436454883329,2017-03-08,ASN Pemkot Ikuti Edukasi dan Pencegahan Penyakit Diabetes
228,839743823416745984,https://x.com/silviaherna33/status/839743823416745984,2017-03-09,ini dia faktor penyebab risiko penyakit diabetes
229,839762784552288256,https://x.com/Beritasatu/status/839762784552288256,2017-03-09,"PopulerB1 Kesra: Diabetes dan Hipertensi, Pemicu Penyakit Ginjal Kronik"
230,840303112468348928,https://x.com/liputan6dotcom/status/840303112468348928,2017-03-10,Bedakah Diabetes dengan Penyakit Kencing Manis?
231,840050901461082112,https://x.com/biskuit_kokola/status/840050901461082112,2017-03-10,HappyTips Jalan kaki 15 menit setiap kali habis makan dpt membantu mengontrol kadar gula darah &amp; mengurangi risiko penyakit diabetes tipe 2
232,841299839791091712,https://x.com/hariankompas/status/841299839791091712,2017-03-13,"Penyakit ginjal adlh kelainan organ ginjal akibat faktor2 risiko, sprt diabetes, hipertensi, terus konsumsi obat analgesik, &amp; radang ginjal"
233,841111070718738432,https://x.com/somanindonesia/status/841111070718738432,2017-03-13,Diabetes bukan hanya penyakit orang dewasa. Nyatanya penyakit ini juga bisa diderita oleh anak-anak. soman
234,841293172328214529,https://x.com/missWondering/status/841293172328214529,2017-03-13,penyakit diabetes sbb snyuman tu terlalu manisss
235,841622584152145921,https://x.com/Antara_Kalteng/status/841622584152145921,2017-03-14,Hipertensi Dan Diabetes Ternyata Di Dominasi Penyakit Warga Di Desa Ini sampit Kotim
236,841641480485666820,https://x.com/Kawanim3pku/status/841641480485666820,2017-03-14,Hasil tes kesehatan Song Seungheon menunjukan bahwa ia menderita penyakit diabetes dan darah tinggi.
237,841696162318962688,https://x.com/republikaonline/status/841696162318962688,2017-03-14,Hipertensi dan Diabetes Dominasi Penyakit Warga Desa
238,841801688382029825,https://x.com/LactamilMama/status/841801688382029825,2017-03-15,"3. Begitupun dengan tubuh yang terlalu gemuk, karena berisiko terserang penyakit seperti diabetes dan hipertensi."
239,842269371057766404,https://x.com/SehatCaraHerbal/status/842269371057766404,2017-03-16,"terlalu banyak mengonsumsi gula putih mampu berujung dengan munculnya beragam penyakit berbahaya seperti diabetes, penyakit hati, kanker."
240,842593711628345344,https://x.com/rizalevi/status/842593711628345344,2017-03-17,"Gluberry Untuk Membantu Menyembuhkan Gejala Kencing Manis, Membantu Mengobati Penyakit Diabetes, Membantu Menurunkan Gula Darah Tinggi"
241,842791861483982848,https://x.com/pengen_sehat/status/842791861483982848,2017-03-17,Cara Mencegah Penyakit Diabetes Melitus Secara Alami
242,843046148654813185,https://x.com/sumiarti_daulay/status/843046148654813185,2017-03-18,"Mngkonsumsi junk food secara terus menerus dpt menyebabkn bnyk penyakit sprti diabetes,hipertensi&amp;obesitas."
243,843051173225488384,https://x.com/LeylaHana/status/843051173225488384,2017-03-18,Diabetes melitus &amp; hipertensi merupakan penyakit terbanyak saat ini. SehatbersamaSoman
244,843051178749440000,https://x.com/dian_anthie/status/843051178749440000,2017-03-18,SOMAN sudah teruji secara Klinis terhadap penyakit diabetes sehatbersamasoman bloggerdayxsoman
245,843051803335827456,https://x.com/dian_anthie/status/843051803335827456,2017-03-18,Saat Ini di Indonesia &amp; dunia Penyakit diabetes &amp; hipertensi menempati peringkat tertinggi sehatbersamasoman
246,843670012866912256,https://x.com/letari_puji/status/843670012866912256,2017-03-20,Salah satu cara mencegah penyakit diabetes adalah tidak mengonsumsi makanan ini MGTbaper
247,843671090098462720,https://x.com/letari_puji/status/843671090098462720,2017-03-20,Cara mempercepat penyembuhan penyakit diabetes healthtips
248,844186852831772672,https://x.com/AviatourTwit/status/844186852831772672,2017-03-21,"Kurang tidur atau berlebihan tidur sama-sama beresiko penyakit jantung, diabetes dan kegemukan lho Avians. Cus istirahat ya, selamat malam."
249,844536949327089664,https://x.com/PERGIZI/status/844536949327089664,2017-03-22,"14. .(5) olahraga berguna untuk mencegah penyakit jantung, diabetes dan menyehatkan patu-paru"
250,844525877769719809,https://x.com/RindyAntini/status/844525877769719809,2017-03-22,"wanita yang terlalu sering duduk rentan terkena penyakit diabetes tipe 2,hal ini berpotensi menjadi serangan jantung."
251,844427676966367233,https://x.com/letari_puji/status/844427676966367233,2017-03-22,Cara mempercepat penyembuhan luka dan penyakit diabetes HealthTip
252,845123005613195265,https://x.com/Unair_Official/status/845123005613195265,2017-03-24,Penyakit Mulut Tingkatkan Risiko Diabetes Mellitus Unair News
253,845564919139348480,https://x.com/kompascom/status/845564919139348480,2017-03-25,Tak Disiplin Minum Obat Perburuk Penyakit Diabetes.
254,845970117313806336,https://x.com/popfmtegal/status/845970117313806336,2017-03-26,"Semakin besar ukuran dada, semakin besar pula risiko terkena penyakit diabetes tipe 2. popfm"
255,846324034304323584,https://x.com/azrul_abd/status/846324034304323584,2017-03-27,kes ini amat bahaya jika seseorang menghidapi penyakit diabetes itu so dinasihatkan buatlah rawatan lain demi menjaga kehidupan.
256,846512418465366016,https://x.com/beritaKBR/status/846512418465366016,2017-03-28,"Benarkah diabetes itu penyakit keturunan, tak bisa diobati ? Kita cari tahu di Saatnyabertanya pkl 7.50 WIB di KBRPagi"
257,846631789632221184,https://x.com/beritaKBR/status/846631789632221184,2017-03-28,Benarkah Diabetes Penyakit Keturunan? Mari kulik di SaatnyaBertanya Diabetes KBRPagi
258,846967608255660033,https://x.com/SequisOFFICIAL/status/846967608255660033,2017-03-29,"dimana wanita memiliki tingkat resiko jauh lebih tinggi terkena penyakit jantung, kanker, diabetes dan asma YourBetterTomorrow Sequis"
259,847032327788101632,https://x.com/DHermansah/status/847032327788101632,2017-03-29,"Yang masih bingung untuk mengatasi penyakit Diabetes, Stroke, Jantung merawat kecantikan. Simak selengkapnya di"
260,847086443885322241,https://x.com/ptm_id/status/847086443885322241,2017-03-29,Penyakit Diabetes Mellitus yang tidak terkontrol dalam waktu lama CERDIK CegahPTM DukungGERMAS
261,847297121992691713,https://x.com/DHermansah/status/847297121992691713,2017-03-30,"Telah hadir di Sorong Cream untuk menyembuhkan penyakit berat seperti Sakit Stroke, Diabetes, Jantung. Selengkapnya"
262,847310644038717441,https://x.com/DHermansah/status/847310644038717441,2017-03-30,"Telah hadir di Sidoarjo Cream yg menyembuhkan penyakit berat seperti Sakit Stroke, Diabetes, Jantung. Selengkapnya"
263,847320724540751873,https://x.com/ptm_id/status/847320724540751873,2017-03-30,menangkis penyakit diabetes. Simak pola diet sehat yang perlu Anda ketahui. CERDIK CegahPTM DukungGERMAS
264,848509067911864321,https://x.com/Greeners_ID/status/848509067911864321,2017-04-02,SEHAT Fakta diabetes mellitus a.k.a penyakit kencing manis yang perlu kamu tau greeners
265,848408764881412096,https://x.com/RinggoMs/status/848408764881412096,2017-04-02,"Pantes RAKYAT kita banyak yg kena penyakit DIABETES, ternyata ini salah satu Penyebabnya toh.? TerTipuJanjiManis"
266,848574197299269632,https://x.com/iitsibarani_/status/848574197299269632,2017-04-02,"jangan pait dikit langsung dilepeh, ntar gak bakal puas-puas loh meski udah kebanyakan manis. diabetes bae-bae. penyakit kok demen."
267,848327876118274048,https://x.com/Greeners_ID/status/848327876118274048,2017-04-02,SEHAT Penyakit diabetes bisa dikenali dan dicegah dari muda lho! Ayo cari tau caranya greeners
268,848385764887076864,https://x.com/inspirasi_KITA2/status/848385764887076864,2017-04-02,Keju dan Krim Justru Perlu Dikonsumsi untuk Cegah Diabetes dan Penyakit Jantung
269,849113347710570497,https://x.com/SequisOFFICIAL/status/849113347710570497,2017-04-04,"Studi terbaru menemukan bahwa duduk dalam waktu lama bisa meningkatkan resiko diabetes, penyakit jantung bahkan kematian Sequis Sequislife"
270,849236782503743489,https://x.com/895jizfm/status/849236782503743489,2017-04-04,"Sob, biji semangka punya bnyak manfaat kho! bs melindungi kesehatan jantung, bikin awet muda, &amp; membantu mengobati penyakit diabetes"
271,849458325842538499,https://x.com/khiddir89/status/849458325842538499,2017-04-05,"Pesakit diabetes : saya tak nak cucuk insulin, takut orang mengata Aku : hmm Stigma ni susah nak rawat sebab penyakit ni universal"
272,849461129151750145,https://x.com/KemenkesRI/status/849461129151750145,2017-04-05,"18) Penyakit akibat depresi Artritis, Kanker, Diabetes, Jantung, Hipertensi, Penyakit Saraf atau Penyakit Paru Kronik DepresiYukCurhat"
273,849742111851204608,https://x.com/denistwitt3r/status/849742111851204608,2017-04-05,"SALAH! Diabetes adalah penyakit mematikan karena menyebabkan komplikasi penyakit serius seperti jantung, stroke, gagal ginjal"
274,849968648584179712,https://x.com/Myra__99/status/849968648584179712,2017-04-06,Kalau ada penyakit diabetes tahap 700 boleh makan ke?
275,849933564518871040,https://x.com/detikHealth/status/849933564518871040,2017-04-06,"Faktor turunan punya pengaruh yang cukup signifikan terhadap risiko penyakit diabetes. Yuk, simak penuturan pakar"
276,849773658293682176,https://x.com/InfoSuperIndo/status/849773658293682176,2017-04-06,Cegah penyakit diabetes dengan perbanyak mengonsumsi sayuran hijau setiap hari. (cont)
277,849782714911703041,https://x.com/mqfmbandung/status/849782714911703041,2017-04-06,Apa itu Penyakit diabetes / kencing manis? mari pelajari dulu sebelum terjadi kepada kida bersama ditemani Bincangpagi
278,850158626974998529,https://x.com/fxmario/status/850158626974998529,2017-04-07,Diabetes udah bukan penyakit orang tua lagi. Umur 30an bisa kena kalo gak kurangi konsumsi gula
279,850234361668485120,https://x.com/Matrix_shopping/status/850234361668485120,2017-04-07,"Diabetes, stroke, merupakan penyakit berbahaya. Jaga kesehatan Anda dengan Al Muslim. Gratis ongkir sampai 100ribu"
280,850303572814082050,https://x.com/detikHealth/status/850303572814082050,2017-04-07,Makan makanan pahit bisa menghalau penyakit diabetes. Benar demikian? Cek selengkapnya di sini
281,850326354432098305,https://x.com/bernamadotcom/status/850326354432098305,2017-04-07,"Penyakit diabetes membimbangkan, langkaui jumlah jangkaan kementerian"
282,850377845327179776,https://x.com/kosmo_online/status/850377845327179776,2017-04-07,Penyakit Diabetes di Malaysia semakin membimbangkan
283,850473545335357440,https://x.com/mkini_bm/status/850473545335357440,2017-04-07,"Penyakit diabetes membimbangkan, langkau jangkaan kementerian"
284,850667443357835264,https://x.com/1046starfmmedan/status/850667443357835264,2017-04-08,Paparan sinar matahari bisa memperlambat penambahan berat badan dan mencegah kemunculan penyakit diabetes tipe 2.
285,850620382549757952,https://x.com/letari_puji/status/850620382549757952,2017-04-08,Cara mempercepat penyembuhan penyakit dan luka diabetes HeathCare diabetes health lifestyle
286,850632448794738688,https://x.com/letari_puji/status/850632448794738688,2017-04-08,Obatnya segala jenis penyakit HealthCare herbal diabetes health lifestyle
287,850593069497856000,https://x.com/sususejat/status/850593069497856000,2017-04-08,Diabetes hadir kerana sel kurang sensitif dengan insulin yang 'membawa' glukosa. Penyakit 'Fisiologi sel' ini.
288,850616341195145216,https://x.com/letari_puji/status/850616341195145216,2017-04-08,Dampak penyakit diabetes pada kesehatan hati HealthCare Diabetes health
289,850499464829714432,https://x.com/501Awani/status/850499464829714432,2017-04-08,"AWANInews AWANIpagi Penyakit diabetes membimbangkan, langkaui jumlah jangkaan kementerian"
290,851177801847885825,https://x.com/donidanrisma/status/851177801847885825,2017-04-09,"Masih muda banyak yg suka. Sudah tua banyak penyakit. Banyak utang lagi. diabetes, colestrol, darah tinggi."
291,851333019973566465,https://x.com/diskominfowng/status/851333019973566465,2017-04-10,WHO: 1 dari 5 org menderita DEPRESI &amp; Kecemasan shg meningkatkan resiko penyakit tdk menular (Diabetes &amp; Kardiovaskuler) bahkan Bunuh Diri.
292,851615238235475968,https://x.com/SUCOFINDO/status/851615238235475968,2017-04-11,"Peminum kopi cenderung tidak meninggal karena beberapa penyakit, seperti jantung, penyakit pernafasan, stroke, diabetes, infeksi dan kanker."
293,851964604158795776,https://x.com/silviaherna33/status/851964604158795776,2017-04-12,Cra mudah mencegah penyakit diabetes sehat kesehatan barca EfekDrakor
294,852013794633031682,https://x.com/badanmutumedan2/status/852013794633031682,2017-04-12,"DHA Pada dewasa, DHA dipakai untuk menangani penyakit jantung koroner, demensia, dan diabetes tipe-2."
295,852776007060738051,https://x.com/khiddir89/status/852776007060738051,2017-04-14,Setiap penyakit ada ubat kecuali mati! Cuma penawar hipertensi / diabetes dan sebahagian kanser tak jumpa lagi Maka tolong ambil ubat ya!
296,853095540740902914,https://x.com/TirtoID/status/853095540740902914,2017-04-15,"Kurang tidur terbukti secara medis meningkatkan risiko obesitas, diabetes, dan penyakit jantung"
297,853216351812554752,https://x.com/SahabatBugar/status/853216351812554752,2017-04-15,"Oatmeal dapat menurunkan risiko berbagai penyakit, termasuk tekanan darah tinggi dan diabetes tipe 2. Sudah pernah mencoba?"
298,853861636385284096,https://x.com/VIVAcoid/status/853861636385284096,2017-04-17,RT : Waspadai Gejala Khas Penyakit Diabetes Ini
299,854560195690860545,https://x.com/AviatourTwit/status/854560195690860545,2017-04-19,"Biji wijen kaya akan nutrisi terutama magnesium, hal ini membantu mencegah penyakit diabetes melitus lho Avians."
300,854680930707009536,https://x.com/max_azman/status/854680930707009536,2017-04-19,Diabetes (kencing manis) adalah penyakit yg amat senonim dgn rakyat Malaysia. Ramai yg
301,855334163309711360,https://x.com/UyainaArshad/status/855334163309711360,2017-04-21,"Kalau tak jaga sugar intake, ada tendency untuk terkena penyakit Diabetes / Kencing Manis."
302,855651126749806592,https://x.com/tvOneNews/status/855651126749806592,2017-04-22,"Fitbar mengandung 0gr trans fat, sehingga terhindar dari risiko penyakit jantung, stroke, diabetes, dan risiko naiknya berat badan."
303,856137364820811777,https://x.com/FadhliHatta/status/856137364820811777,2017-04-23,Majlis Amanah Saham 17 Temerloh Takaful Ikhlas buat walaupun dah ada penyakit masih medicard cover? WOW! Tapi bukan kanser atau diabetes.
304,855990424757977088,https://x.com/bethsaidahosp/status/855990424757977088,2017-04-23,"Seminar bersama Komunitas Angklung Cirebon mengenai ""Kenali Tanda Penyakit Diabetes dan Nyeri Sendi"" di Cirebon."
305,856369231637626880,https://x.com/ptm_id/status/856369231637626880,2017-04-24,Diabetes adalah salah satu penyakit tidak menular di mana kadar gula di dalam darah meningkat. CERDIK CegahPTM DukungGERMAS
306,856690887363047424,https://x.com/Nakita_ID/status/856690887363047424,2017-04-25,"Ternyata gigi crossbite pada anak dapat berisiko tinggi terkena kanker, diabetes, dan penyakit jantung."
307,856810014559813632,https://x.com/fiestanugget/status/856810014559813632,2017-04-25,"Sumber penyakit jantung, diabetes dan kanker bisa datang dari cara kita menggoreng. (01)"
308,857217064007647232,https://x.com/pn_pami/status/857217064007647232,2017-04-26,"Kematian berasal dari kanker, diabetes, penyakit pernapasan akut, dan jantung. kickWTPM"
309,857801838418026497,https://x.com/okezonenews/status/857801838418026497,2017-04-28,Faktor Risiko Ini Kerap Memicu Penyakit Diabetes
310,857813667831717888,https://x.com/birobangdaBKL/status/857813667831717888,2017-04-28,3.Penderita penyakit Diabetes Melitus di Provinsi Bengkulu masih sangat tinggi yg tersebar di 9 Kab/Kota bengkulucerdas
311,857814239271993344,https://x.com/birobangdaBKL/status/857814239271993344,2017-04-28,4.Penyakit diabetes saat ini sudah memasuki tkt atau ranking 2 jenis penyakit tidak menular yang dapat menyebabkan kematian bengkulumaju
312,857856985798029312,https://x.com/okezonenews/status/857856985798029312,2017-04-28,Pengobatan Diabetes SGLT-2 Minimalisir Terjadinya Komplikasi Penyakit Kardiovaskular
313,858159204468629504,https://x.com/TheotamaAndre57/status/858159204468629504,2017-04-29,"Oleh karena itu, orang-orang yang memiliki penyakit kencing manis ( diabetes melitus) biasanya mengonsumsi pemanis sintetik"
314,858212335793561600,https://x.com/nadhirahnknk/status/858212335793561600,2017-04-29,"Assalamualaikum, doc. I'm diabetes mellitus type 1. Last week, ada masuk hospital. Dr. Zul syak penyakit vertigo."
315,859211903796617216,https://x.com/menixnews/status/859211903796617216,2017-05-02,Diabetes itu jadi penyakit kekinian yg menyerang ank muda. Waspada! mellenial diabetes designthinking newspapers health
316,859608376832966656,https://x.com/Nutrisi_Bangsa/status/859608376832966656,2017-05-03,"Apa sih penyakit degeneratif? Diabetes, stroke, jantung dan penyakit lain yg tidak menular. WaspadaBeratKurang"
317,859653753024020480,https://x.com/WanitaSehatID/status/859653753024020480,2017-05-03,"Sarapan akan bantu tubuhmu mengontrol gula darah yg ada. Hati-hati ya ladies, Diabetes berpotensi timbulkan penyakit berbahaya lainnya lho!"
318,859709872530739200,https://x.com/Vaksinasi/status/859709872530739200,2017-05-03,"Penyakit kronis para lansia seperti kanker, aterosklerosis, diabetes melitus, dementia adalah awalan infeksi pada lansia"
319,860001041185505280,https://x.com/tvOneNews/status/860001041185505280,2017-05-04,"Fitbar mengandung 0gr trans fat, sehingga terhindar dari risiko penyakit jantung, stroke, diabetes &amp; risiko naiknya berat badan"
320,860076839649165313,https://x.com/VIVAcoid/status/860076839649165313,2017-05-04,RT : Langkah Deteksi Dini Penyakit Diabetes
321,859986019969576960,https://x.com/herborist_id/status/859986019969576960,2017-05-04,"Terlalu banyak gula terbukti dapat menyebabkan kerusakan gigi dini, risiko diabetes tipe 2, hingga penyakit."
322,861557851478556672,https://x.com/cetaceansss/status/861557851478556672,2017-05-08,"Vote BBMAs BTSBBMAs Kalo setiap hari ngeliatin fto member bts terus,situ yakin terhindar dri penyakit diabetes(aku sih gak yakin)"
323,861912402882965509,https://x.com/LMen/status/861912402882965509,2017-05-09,Gangguan metabolisme yang terjadi terus menerus dapat meningkatkan resiko kamu terkena penyakit metabolisme seperti diabetes.
324,862151817832013825,https://x.com/Fara_Ally/status/862151817832013825,2017-05-10,so xleh letak muka kau. Nti kau punca org sakit diabetes hahaha muka pembawa penyakit
325,862563586341609472,https://x.com/abuZiyad_Hamza/status/862563586341609472,2017-05-11,"Dah tua tu DS. Mungkin juga penuh dengan penyakit seperti osteoporosis, diabetes, dan juga parkinson."
326,862641390408290304,https://x.com/yasika_fm/status/862641390408290304,2017-05-11,Manggis memiliki kandungan yg dpt mengatasi penyakit kanker diabetes dan jantung.popfm
327,862879235576168448,https://x.com/silviaherna33/status/862879235576168448,2017-05-12,gangguan mulut yang di sebabkan karena penyakit diabetes info kesehatan
328,862932987595436033,https://x.com/Nutrisi_Bangsa/status/862932987595436033,2017-05-12,"3. Serat: memperlancar buang air besar, mencegah diabetes tipe 2, mengurangi risiko penyakit jantung, kolesterol, darah tinggi. nutrisi"
329,863272606157418496,https://x.com/WanitaSehatID/status/863272606157418496,2017-05-13,"Coba Letscheckup hal apa saja ya yang bisa sebabkan penyakit diabetes. Cek dan retweet ke orang-orang terdekatmu ya, Ladies ;)"
330,863307884616187904,https://x.com/Nutrisi_Bangsa/status/863307884616187904,2017-05-13,"Waspadalah, obesitas memperbesar risiko diabetes, hipertensi, penyakit jantung, juga berdampak negatif untuk perkembangan psikososial anak."
331,863393830728601600,https://x.com/DuniaFitnes/status/863393830728601600,2017-05-13,"Makan alpukat memiliki 50% risiko lebih rendah pada penyakit jantung, stroke&amp;diabetes tipe 2."
332,864845619990482947,https://x.com/okezonenews/status/864845619990482947,2017-05-17,"Wow! Konsumsi Jahe Cegah Penyakit Jantung, Stroke dan Diabetes"
333,864695724889571329,https://x.com/MediaSehat/status/864695724889571329,2017-05-17,50% penderita diabetes tak menyadari penyakit hingga timbul komplikasi MediaSehat
334,864661276739354624,https://x.com/silviaherna33/status/864661276739354624,2017-05-17,obat tradisional untuk penyakit diabetes info kesehatan diabetes
335,865027974579363840,https://x.com/Kesprimkom/status/865027974579363840,2017-05-18,"Penyakit Tidak Menular seperti diabetes, hipertensi, stroke, jantung &amp; kanker dpt diturunkan risikonya jika diketahui scr dini dukungGERMAS"
336,865070695474135040,https://x.com/tvOneNews/status/865070695474135040,2017-05-18,"Fitbar mengandung 0gr trans fat, sehingga terhindar dari risiko penyakit jantung, stroke, diabetes &amp; naiknya berat badan. Follow"
337,865227985309368320,https://x.com/vidio/status/865227985309368320,2017-05-18,Kadar gula darah yang tinggi dapat meningkatkan resiko diabetes dan komplikasi penyakit berat !
338,865446677146030081,https://x.com/884GlobalRadio/status/865446677146030081,2017-05-19,"Globalinfo Wow! Konsumsi Jahe Cegah Penyakit Jantung, Stroke dan Diabetes"
339,865819378461421569,https://x.com/vradiofm/status/865819378461421569,2017-05-20,"Vinfo jahe punya khasiat untuk mencegah penyakit jantung, stroke, dan diabetes loh Vlisteners! &gt;&gt;"
340,866235294269362176,https://x.com/holiday0711/status/866235294269362176,2017-05-21,"Ahhh sudahlah. Jangan diulang-ulang terus, bikin gak sehat Habis ini bkl ada penyakit namanya diabetes virtual"
341,866745984524591105,https://x.com/infosihat2u/status/866745984524591105,2017-05-22,"NCD? Ia bermaksud non- communicable disease. Contoh: penyakit jantung, diabetes, hipertensi, kanser. Ingatlah ia adalah SILENT KILLER!"
342,866856568309956608,https://x.com/PremierBintaro/status/866856568309956608,2017-05-23,"1. Berpuasa Ramadhan Bagi Penyandang Diabetes - dr. A.B. Wardoyo, Sp.PD Spesialis Penyakit Dalam RS Premier Bintaro Puasa Diabetes"
343,866833561613213696,https://x.com/infosihat2u/status/866833561613213696,2017-05-23,Semua org berpotensi mendapat diabetes. Penyakit ini sukar dikesan di peringkat awal &amp; gejala yg timbul sering dianggap ringan &amp; diabaikan.
344,866828529526243328,https://x.com/infosihat2u/status/866828529526243328,2017-05-23,Diabetes adalah satu penyakit yg mana badan tidak spt menghasilkan insulin atau insulin yg dihasilkan tidak mencukupi.
345,866831044523118592,https://x.com/infosihat2u/status/866831044523118592,2017-05-23,"Diabetes boleh dikatakan sebagai ibu kepada segala penyakit atau ""the root of all illnesses"""
346,867282672946626560,https://x.com/toniiantoniio/status/867282672946626560,2017-05-24,"Siang :) Woooww, biji alpukat ternyata bermanfaat bagi penderita penyakit diabetes, cara mengolahnya disini klik"
347,867379681686953984,https://x.com/iSwaraJKT/status/867379681686953984,2017-05-24,"Buah blueberry mengandung phytochemical, flavonoid &amp; serat yang mencegah penyakit hipertensi, diabetes &amp; kanker. IRadioTips"
348,867926634308947970,https://x.com/hermini79/status/867926634308947970,2017-05-26,Penyakit tiroid menduduki peringkat ke 2 stlh diabetes Tiroid2017
349,867953671434190848,https://x.com/honestbee_id/status/867953671434190848,2017-05-26,Taukah kamu timun memiliki khasiat untuk meningkatkan antibodi tubuh? Mengkonsumsi timun juga dapat mengurangi penyakit diabetes lho
350,868650638787444736,https://x.com/voaindonesia/status/868650638787444736,2017-05-28,Studi: Kurang Tidur Gandakan Tingkat Kematian Mereka dengan Risiko Penyakit Jantung dan Diabetes
351,869161838134661121,https://x.com/Mypiccolatte/status/869161838134661121,2017-05-29,"Stevia tidak hanya meningkatkan metabolisme, tp jg memberikan insulin yang cukup pada tubuh shg membantu menyembuhkan penyakit diabetes."
352,869242959048265728,https://x.com/Habibie_Adicha/status/869242959048265728,2017-05-29,"Dlu orang gemuk tandanya makmur , pada dasarnya gemuk ladangnya penyakit . Mulai dari Stroke, Jantung, diabetes , radang tulang sendi , dll."
353,869448532863930369,https://x.com/TwitSURABAYA/status/869448532863930369,2017-05-30,Tips Puasa Bagi Kamu yang Memiliki Penyakit Diabetes
354,870173074737340416,https://x.com/sarikacangijoUJ/status/870173074737340416,2017-06-01,Sering mengonsumsi kacang hijau dapat membantu IJOlovers mencegah penyakit diabetes tipe A karena nutrisi di.
355,870490910492151808,https://x.com/ptm_id/status/870490910492151808,2017-06-02,"Obesitas merupakan faktor risiko terkena penyakit tidak menular, seperti jantung, hipertensi, stroke, diabetes, dll."
356,870579418162319360,https://x.com/kurniaameliaa/status/870579418162319360,2017-06-02,Perludiketahui juga bahwa pada orang yg penyakit tertentu seperti diabetes mudiksehat germas bersama
357,870982661258362883,https://x.com/lovlysprings/status/870982661258362883,2017-06-03,T1 bikin kamu diabetes? Wah T1 pembawa penyakit rupanya ya. /kabur sebelum dorm dikunci paksa/ T4-
358,871485044187045888,https://x.com/BebalBoy/status/871485044187045888,2017-06-04,Tidur di Pagi Hari Bisa Tingkatkan Resiko Diabetes dan Penyakit Jantung
359,871510517671526400,https://x.com/otongshop/status/871510517671526400,2017-06-04,"HOT :di duga karena terlalu ""manis"" para personil cherrybelle mengidap penyakit diabetes"
360,871483587178053633,https://x.com/YohsVen2/status/871483587178053633,2017-06-04,"A. Bang Sam. Karena Bang Sam ingin makanannya rendah lemak, gula &amp; garam, karena ia mengidap penyakit diabetes &amp; kolesterol tinggi THRSCTV"
361,871329314649759744,https://x.com/RadarEnergiHAQ/status/871329314649759744,2017-06-04,Ingin Sembuh dari Penyakit Diabetes meletus? Hub.087782716217 PIN 7DEAD115
362,871471690701709313,https://x.com/riniraka/status/871471690701709313,2017-06-04,"A. Bang Sam,krn memiliki riwayat penyakit kolesterol,oestoporosis,ginjal dan diabetes THRSCTV pptjilid11"
363,871469232868925440,https://x.com/nabilahMhrani/status/871469232868925440,2017-06-04,a. Bang sam karena memiliki penyakit kolesterol dan diabetes THRSCTV
364,871472109830062081,https://x.com/dyahauvar/status/871472109830062081,2017-06-04,"A. Bang sam, karena bang sam punya penyakit kolesterol, diabetes dan ginjal jadi menu makanannya mesti khusus THRSCTV"
365,871663448186167296,https://x.com/tuty_utut/status/871663448186167296,2017-06-05,Manfaat lain puasa mencegah penyakit generatif lainnya seperti diabetes TEMANmudikbundaSGM
366,871681117102907393,https://x.com/HALLONTE1/status/871681117102907393,2017-06-05,"buko o karo sing marakne wareg, mergo sing manis mung marakne penyakit diabetes, tekam semene koe paham?"
367,872253515795529729,https://x.com/nuryanitest123/status/872253515795529729,2017-06-07,Omongan'a manis kaya gula pantes penyakit Diabetes Omongan'a udah kaya pasal tapi gk prnah di pake udah gk percaya lagi klo loe ngmng
368,872334983561699328,https://x.com/okezonenews/status/872334983561699328,2017-06-07,Studi: Makan Tengah Malam Tingkatkan Risiko Diabetes dan Penyakit Jantung
369,872684638355038209,https://x.com/Lagizi_ID/status/872684638355038209,2017-06-08,"Nutritips Apabila warna kuku lebih ke warna kuning, bisa jadi ini menAndakan menderita penyakit tiroid, paru-paru, diabetes, atau psoriasis"
370,872717491121790976,https://x.com/toniiantoniio/status/872717491121790976,2017-06-08,"Sore :) Ini dia cara memanfaatkan buah mengkudu untuk membantu mengatasi penyakit diabetes, klik"
371,872775098708631556,https://x.com/HamidAlqaadri/status/872775098708631556,2017-06-08,"Maklumin aja kakek pikun,penyakit impoten,diabetes,tekanan darah,jantung dan penyakit tua sdh mulai menggerogoti"
372,872794117041827840,https://x.com/shinju_8/status/872794117041827840,2017-06-08,Puasa dapat menyingirkan kolesterol serta mengurangi resiko penyakit diabetes jika dilakukan dengan benar. infokesehatan
373,873029435561197568,https://x.com/okezonenews/status/873029435561197568,2017-06-09,"Dilema Penderita Diabetes, Turunkan Gula Darah atau Terkena Penyakit Jantung?"
374,873196568484040704,https://x.com/filosofi_paku/status/873196568484040704,2017-06-09,Kondisi Masjid Raya Tasikmalaya hari ini. Semoga kaki2 yg sombong gak lepas sepatunya kena Penyakit Diabetes stadium 4. Aamiiiin Ya ALLAH.
375,874083838955106304,https://x.com/NuvoFamily/status/874083838955106304,2017-06-12,"Agar anak terhindar penyakit berbahaya seperti obesitas &amp; diabetes, baca tips membiasakan gaya hidup sehat pada anak"
376,874216442949926913,https://x.com/UtaraNews/status/874216442949926913,2017-06-12,Kenali Tanda-Tanda Awal Diabetes Dan Marilah Kita Sama-Sama Mencegahnya Penyakit diabetes mellitus ata
377,874850115835572226,https://x.com/toniiantoniio/status/874850115835572226,2017-06-14,Bagaimana sebenarnya penyakit diabetes bisa menyebabkan penyakit gagal ginjal kronik ? Klik disini
378,875360432302706688,https://x.com/rpyga_/status/875360432302706688,2017-06-15,"bersyukur jadi orang susah. dikasih penyakit paling pilek, meriang, koreng coba orang gedean, ya kanker, diabetes, tumor. naudzubillah"
379,875990439534272512,https://x.com/luviku/status/875990439534272512,2017-06-17,"Autophagy dapat melawan penyakit seperti Parkinson's, Alzheimer's, kanker dan diabetes. Masya Allah."
380,876314890658394112,https://x.com/prasadja/status/876314890658394112,2017-06-18,"Mendengkur SleepApnea sebabkan hipertensi, penyakit jantung, stroke, impotensi, diabetes dan kematian"
381,876665907459895297,https://x.com/CombiCareCenter/status/876665907459895297,2017-06-19,Memasak dengan cara direbus dapat membantu tubuh melawan penyakit diabetes lho. Cek lebih lengkap disini
382,876848139738599424,https://x.com/SaSyauqina/status/876848139738599424,2017-06-19,Alhamdulillah. kawan aku bebas dari penyakit diabetes melitus type 2 (nak kata budak sains ni)
383,878436291075076097,https://x.com/Nutrisi_Bangsa/status/878436291075076097,2017-06-24,"Hidangan tinggi lemak dan kolesterol dapat menimbulkan berbagai penyakit seperti hipertensi, diabetes dan jantung."
384,878451378569478144,https://x.com/DokterNews/status/878451378569478144,2017-06-24,Bagi ibu hamil dan penderita penyakit khronis spt diabetes sebaiknya berkonsultasi ke dokter sblm memutuskan untuk berpuasa
385,880040334276931584,https://x.com/SonoraFM92/status/880040334276931584,2017-06-28,Indonesia menempati 4 penderita Diabetes. Dari diabetes bisa lari ke penyakit yg lain. UltimateUHealth
386,880048639107710977,https://x.com/PrenagenWorld/status/880048639107710977,2017-06-28,(3/3) 3. Ibu mengidap penyakit diabetes akut. 4. Adanya tanda-tanda pertumbuhan bayi yang kurang baik.
387,879851885657595904,https://x.com/Coach_Umam/status/879851885657595904,2017-06-28,"Berat bayi lahir normal sekitar 2,5 kg. Jika berat bayi mencapai 4 kg itu akibat penyakit diderita sang ibu, terutama diabetes mellitus"
388,880934407455952897,https://x.com/drwaque/status/880934407455952897,2017-06-30,Pesakit diabetes dengan komplikasi akan hidup umpama dijajah penyakit. Keluar masuk hospital je. Nak hidup begitu? Jawab dalam hati je.
389,881126515194441728,https://x.com/CekAja/status/881126515194441728,2017-07-01,Kue-kue manis dan sirup yang dihidangkan ketika Lebaran bisa memperparah penyakit diabetes tokofinansia
390,881193379186450432,https://x.com/herbal_quickfit/status/881193379186450432,2017-07-01,"Apa sajakah penyakit yg menghantui orang dengan obesitas?Diabetes (tipe 2), Hipertensi,Stroke,Jantung Koroner, Kanker, quickfitinfo"
391,882106306747748356,https://x.com/blackangelll13/status/882106306747748356,2017-07-04,Mengendalikan Penyakit Jantung dan Stroke Bagi Pengidap Diabetes
392,882132275902783492,https://x.com/tribuntimur/status/882132275902783492,2017-07-04,Cegah Penyakit Diabetes dengan Minuman Jeli Okra Merah: Mekanisme kontrol kadar gula darah
393,882280586932506624,https://x.com/rosssieanne/status/882280586932506624,2017-07-04,gws lagi sayaaangnya achuuuu jangan sembuh ya dari penyakit diabetes dari jennie kim !
394,882593673753620480,https://x.com/DokterNews/status/882593673753620480,2017-07-05,Ciri Ciri Gejala dan Obat Penyakit Diabetes Melitus Alami
395,883203945107136512,https://x.com/rssiagaraya/status/883203945107136512,2017-07-07,"Konsumsi gula secara berlebihan dapat memicu penyakit diabetes loh, Sahabat Siaga Raya. Selain itu ternyata ada."
396,885393360416014336,https://x.com/TelkoMedika/status/885393360416014336,2017-07-13,Ank berisiko terkena diabetes seandainya org tua mengidap penyakit ini.Tp dpt dihindari dgn menjaga gaya hdp&amp;pola makan SehatItuTelkoMedika
397,885696101113659393,https://x.com/PopIceOfficial/status/885696101113659393,2017-07-14,"seperti batuk, sakit gigi dan gejala penyakit diabetes. Sumber :"
398,885995918129901568,https://x.com/UKMtwt/status/885995918129901568,2017-07-14,"Dari 1 penyakit iaitu diabetes boleh melarat2 ke penyakit lain. Kidney failure, jantung, paru2 berair, high urea, high toxin, high potassium"
399,886193866273148928,https://x.com/TropicanaSlim/status/886193866273148928,2017-07-15,"Diabetes merupakan masalah kesehatan yang tidak dapat dianggap sepele. Sayangnya, tidak semua orang tanggap terhadap penyakit satu ini."
400,886347390810238978,https://x.com/NanaQwinta/status/886347390810238978,2017-07-15,Olahraga penting bagi kesehatan terutama kesehatan jantung cegah diabetes stroke dll. Kurang olahraga dapat menumpuk penyakit
401,886692866386313216,https://x.com/NiaChoerniati/status/886692866386313216,2017-07-16,SEtuj. obesitas memang mengundang banyak penyakit dari diabetes juga jantung SMiLeWithMe
402,886797032953753600,https://x.com/bucangg/status/886797032953753600,2017-07-17,Ini adalah thread tentang penyakit yg famous dlm kalangan kita rakyat Malaysia iaitu Kencing Manis (Diabetes) :
403,886797479928250368,https://x.com/bucangg/status/886797479928250368,2017-07-17,Sape yg tk kenal dgn Diabetes. Bila usia semakin lanjut penyakit ini lah yg plg digeruni. Tp kita perlu ingat penyakit tk kira umur.
404,886798500704296960,https://x.com/bucangg/status/886798500704296960,2017-07-17,"Di Malaysia diabetes merupakan penyakit yg berada di ranking kedua sebagai penyakit yg membawa maut. 1st Sakit Jantung, 3rd Stroke."
405,886799384351916032,https://x.com/bucangg/status/886799384351916032,2017-07-17,Diabetes ni bkn lh penyakit yg terus membawa ajal tp 'dia' akan merosakkan tubuh bdn kita sedikit demi sedikit.
406,886915998091063296,https://x.com/republikaonline/status/886915998091063296,2017-07-17,"Saat Ini, Tren Penyakit Diabetes Muncul Lebih Awal"
407,886918200176267269,https://x.com/Bisniscom/status/886918200176267269,2017-07-17,Tren Penyakit Diabetes Muncul Lebih Awal
408,887684867403661312,https://x.com/izzahrph/status/887684867403661312,2017-07-19,Fungsi ubat diabetes &amp; insulin gula dlm darah melambatkan komplikasi penyakit diabetes meningkatkan kualiti hidup
409,887683722446635008,https://x.com/izzahrph/status/887683722446635008,2017-07-19,"Jadi kena faham yg diabetes tak sesimple gula dlm darah je. Ia penyakit yg progressive, makin lama makin teruk kalau tak dikawal dgn baik"
410,887686265482526721,https://x.com/izzahrph/status/887686265482526721,2017-07-19,Risiko utk dapat diabetes lagi tinggi jika ahli keluarga terdekat ada penyakit diabetes Kena mula langkah pencegahan dari sekarang!
411,887681158640615424,https://x.com/izzahrph/status/887681158640615424,2017-07-19,Analogi penyakit diabetes Bayangkan insulin = gula = bae awak reseptor = Awak mesti laa nak bagi masuk dlm awak kannnn
412,887679803096055808,https://x.com/izzahrph/status/887679803096055808,2017-07-19,Basic: diabetes sinonim dgn GULA dlm darah. Tapi sebenarnya pelbagai punca yg menyebabkan penyakit diabetes tu terjadi
413,887683434759376897,https://x.com/izzahrph/status/887683434759376897,2017-07-19,"Dan setelah dikaji sekian lama, punca kpd penyakit diabetes ni terlalu complicated sebenarnya kita gelar sebagai 'the ominous octet'"
414,888579349867319296,https://x.com/NuvoFamily/status/888579349867319296,2017-07-22,"Kesemutan yang berkepanjangan bisa diakibatkan penyakit diabetes, gangguan ginjal &amp; stroke NUVOInfo"
415,889280701069012992,https://x.com/gen1031fmsby/status/889280701069012992,2017-07-24,"InfoGen1031Fm Riset Kesehatan Dasar Kementerian Kesehatan RI nyatakan, penyakit diabetes pembunuh nomor tiga di Indonesia"
416,889692908311388161,https://x.com/SeputariNews/status/889692908311388161,2017-07-25,"Spesialis Penyakit Dalam RSIA Brawijaya, dr. Prasna Paramita: Diabetes bisa menyerang semua usia. iNewsIntermezzo"
417,889695390605361152,https://x.com/SeputariNews/status/889695390605361152,2017-07-25,Berbagai jenis tanaman herbal bisa sembuhkan penyakit diabetes. iNewsIntermezzo
418,889716745346326528,https://x.com/frdsabdlh/status/889716745346326528,2017-07-25,Tak kelakar sebab ada penyakit seperti Prader-Willi syndrome yang produce kelaparan dan prone kepada diabetes. it can be fatal
419,889812532856147969,https://x.com/ata_lia/status/889812532856147969,2017-07-25,Mnjenguk anggota satpol pp yg luka tp tak kunjung sembuh akibat penyakit diabetes semoga lekas sembuh . Aamiin. Minta doanya warga bandung
420,890131195266301952,https://x.com/e100ss/status/890131195266301952,2017-07-26,SSInfo: Diabetes Militus dan Mers adalah 2 penyakit yang harus diwaspadai jamaah calon haji 2017. Kata Eka Jusup.
421,890413361111777280,https://x.com/republikaonline/status/890413361111777280,2017-07-27,Daun Mangga Bisa Atasi Penyakit Diabetes
422,890708222100647937,https://x.com/eika_sachi/status/890708222100647937,2017-07-27,Haishhh. Jgn. Penyakit. Abg dan pakcik sy meninggal dunia kerana diabetes. Da kena potong kaki masa hidup. Sy kna amik pengajaran.
423,890942078615560192,https://x.com/drmohdrizal/status/890942078615560192,2017-07-28,"3.5 juta rakyat Malaysia mengidap diabetes, tertinggi di Asia Tenggara &amp; kita mesti sama-sama cegah penyakit ini. MyDoctors"
424,891905291943428097,https://x.com/dskendalrejo/status/891905291943428097,2017-07-31,Sosialisasi tentang penyakit diabetes melitus dari RSI AL-IKHLAS kab. Pemalang di Pendopo Balai Desa Kendalrejo
425,891943592343633920,https://x.com/G7Jabodetabek/status/891943592343633920,2017-07-31,Dapat menghilangkan pegal2 reumatik asam urat gagal ginjal jantung diabetes dan penyakit menahun lainnya
426,892218374993924096,https://x.com/DokterNews/status/892218374993924096,2017-08-01,Mitos Penyakit Diabetes Melitus yang Masih Dipercaya
427,892289687540215808,https://x.com/EduPublik/status/892289687540215808,2017-08-01,Prodia Healthy Fun Festival Kampanyekan Hidup Sehat Jauhkan diri dari Penyakit Diabetes
428,892402396470550528,https://x.com/statusternate/status/892402396470550528,2017-08-01,Deliknews : Wow! Ternyata Jantung Pisang Bisa Menyembuhkan Penyakit Diabetes Breakingnews
429,892592189049589760,https://x.com/kontenwow/status/892592189049589760,2017-08-02,Bau mulut yang mirip seperti bau buah-buahan menandakan gejala penyakit diabetes. Theodora
430,892598080465391616,https://x.com/AFCryptoX/status/892598080465391616,2017-08-02,"orang yang tidur di atas 10 jam setiap malam lebih cenderung terserang penyakit jantung, stroke, diabetes, obesitas, dan tekanan mental"
431,892931878109429760,https://x.com/okezonenews/status/892931878109429760,2017-08-03,"Kabar Baik untuk yang Punya Bokong Besar, Terhindar dari Penyakit Jantung &amp; Diabetes Salah Satunya!"
432,893472177902690304,https://x.com/Tempo_Plus/status/893472177902690304,2017-08-04,"Cardium, Solusi Penyakit Jantung dan Diabetes?"
433,893793782365212672,https://x.com/okezonenews/status/893793782365212672,2017-08-05,Canggih! Empat Mahasiswa UI Bikin Alat Pengukur Risiko Penyakit Diabetes &amp; Jantung
434,893835037090619392,https://x.com/bayprio/status/893835037090619392,2017-08-05,Beras maksyus di pidana krn konsumen diabetes ?. Kenapa perusahaan rokok gak dipidana ya ? Padahal byk konsumennya yg terkena penyakit
435,893846565533569026,https://x.com/SINDOnews/status/893846565533569026,2017-08-05,Mangga Dapat Mengontrol Penyakit Diabetes?
436,894707369803829249,https://x.com/liputan6dotcom/status/894707369803829249,2017-08-07,"Canggih, Teknologi Kulit Buatan Bisa Cegah Penyakit Diabetes"
437,895197541305921536,https://x.com/its_campus/status/895197541305921536,2017-08-09,ITSrepository Deteksi Penyakit Diabetes Makula Edema pada Citra Fundus Retina menggunakan
438,895433243637329920,https://x.com/Praserius/status/895433243637329920,2017-08-09,"met pagi aja buat kamu yang senyumnya bikin diabetes orang sekampung wait, diabetes bukan penyakit menular woi!"
439,895479545767141377,https://x.com/detikHealth/status/895479545767141377,2017-08-10,10 Tanda Tersembunyi Penyakit Diabetes
440,895478917967921152,https://x.com/detikcom/status/895478917967921152,2017-08-10,10 Tanda Tersembunyi Penyakit Diabetes via
441,895474306666250240,https://x.com/ootdbyma/status/895474306666250240,2017-08-10,"Hipertensi &amp; Diabetes Melitus merupakan penyakit ""silent killer"" , penjelasannya tunggu saja di"
442,895449628400771072,https://x.com/vidio/status/895449628400771072,2017-08-10,"Sebenarnya, diabetes penyakit turunan atau tidak ya? Yuk kita simak jawabannya disini"
443,896276316177088512,https://x.com/Smart_Bisnis/status/896276316177088512,2017-08-12,"Jangan remehkan, 11 gejala ini bisa buktikan kamu mengidap penyakit Diabetes. Cek gejala-gejalanya di"
444,896717978103840775,https://x.com/LoveJuiceID/status/896717978103840775,2017-08-13,"Rutin mengonsumsi menu dr biji-bijian sperti gandum ternyata dapat menurunkan risiko penyakit jantung, diabetes tipe 2 &amp; kanker usus besar."
445,896765801893691393,https://x.com/DokterNews/status/896765801893691393,2017-08-13,"Kegemukan dapat meningkatkan risiko penyakit jantung, kanker dan diabetes. Turunin dikit yuk. infokes"
446,896967628262055936,https://x.com/vidio/status/896967628262055936,2017-08-14,Apa saja penyebab diabetes? Dan apakah diabetes itu penyakit keturunan? Simak di video berikut.
447,897345912694898688,https://x.com/okezonenews/status/897345912694898688,2017-08-15,"Patut Dicoba, 8 Perubahan Gaya Hidup untuk Mencegah Penyakit Tidak Menular, Termasuk Diabetes!"
448,898208135118110721,https://x.com/aarryn9/status/898208135118110721,2017-08-17,Aaah negara yang ramai kena penyakit diabetes jom la kita pindah negara hahaah
449,898887774564212737,https://x.com/akgfkmui/status/898887774564212737,2017-08-19,"Kayu manis telah lama dipakai dan telah terbukti membantu menyembuhkan penyakit kronis, e.g. Parkinson, Alzheimer, dan diabetes InfoGiziAKG"
450,899501756413079556,https://x.com/temponewsroom/status/899501756413079556,2017-08-21,"penyakit kardiovaskuler, kanker, dan diabetes. korantempo"
451,899613972676001792,https://x.com/zeniuseducation/status/899613972676001792,2017-08-21,"Seorang yang menderita obesitas punya risiko kesehatan tinggi mulai dari serangan jantung, diabetes, hipertensi, penyakit liver, dll"
452,899881422705393665,https://x.com/generasi_sehat/status/899881422705393665,2017-08-22,"Komplikasi : - henti napas - peningkatan risiko hipertensi, stroke, infark miokardium, diabetes, &amp; penyakit kardiovaskular."
453,900227519357571074,https://x.com/okezonenews/status/900227519357571074,2017-08-23,"Selain Pengaruhi Kecerdasan Anak, Stunting Bisa Jadi Pertanda Risiko Penyakit Diabetes dan Hipertensi"
454,900539047315095552,https://x.com/AlamSuteraInfo/status/900539047315095552,2017-08-24,"Seperti mengobati flu, meredakan stress, menurunkan resiko diabetes dan penyakit jantung, melangsingkan dan mengurangi lemak tubuh."
455,900565841913171968,https://x.com/SINDOnews/status/900565841913171968,2017-08-24,"Sakit Jantung, Paru, dan Diabetes Dominasi Penyakit Jamaah Haji"
456,900983611561721857,https://x.com/SINDOnews/status/900983611561721857,2017-08-25,"Penyakit Jantung, Paru dan Diabetes Mendominasi Selama Musim Haji"
457,901082512742506496,https://x.com/199530decade/status/901082512742506496,2017-08-25,11 Tanda Umum Gejala Penyakit Diabetes Yang Harus Diwaspadai
458,901426529498017793,https://x.com/IM3OoredooMTR/status/901426529498017793,2017-08-26,"Penyakit komplikasi akibat kurang tidur seperti serangan jantung, tekanan darah tinggi, dan diabetes bisa menyebabkan kematian"
459,901685967181848577,https://x.com/Kispray_ID/status/901685967181848577,2017-08-27,"Bersepeda juga bisa mengurangi risiko penyakit jantung dan pembuluh darah, mengurangi risiko kanker dan diabetes. KisprayHealthInfo"
460,901694535041986561,https://x.com/Nutrisi_Bangsa/status/901694535041986561,2017-08-27,90 persen penderita diabetes menderita diabetes tipe 2. Penyebab paling signifikan dari penyakit ini adalah kelebihan berat badan. Trivia
461,902341121367449600,https://x.com/dr_Phaidon/status/902341121367449600,2017-08-29,""" hidden cost"" di perusahaan adalah penyakit Diabetes, hipertensi, kolesterol, sakit pinggang. Namanya presensi. Hadir tapi ga maksimal"
462,902703686719287303,https://x.com/TropicanaSlim/status/902703686719287303,2017-08-30,"Mulailah membiasakan diri untuk menerapkan pola makan sehat selain menurunkan BB kamu, juga mengurangi risiko penyakit, seperti diabetes!"
463,902726495956647936,https://x.com/aprittaa/status/902726495956647936,2017-08-30,Kopi pait le tak pilih sebabe urep kakean seng legi legi kui marake penyakit diabetes
464,903539187080507392,https://x.com/khalilpsych/status/903539187080507392,2017-09-01,"Tetapi rawatan darah tinggi, diabetes, penyakit mental etc perlu percuma."
465,904592443894624258,https://x.com/IntisariOnline/status/904592443894624258,2017-09-04,Inilah Alasan Kenapa Diabetes Disebut sebagai Ibu dari Berbagai Penyakit
466,904700208621264901,https://x.com/tribunjogja/status/904700208621264901,2017-09-04,"Ibu dari Segala Penyakit, 7 Fakta Penting soal Diabetes Ini Perlu Anda Tahu"
467,905037814731079681,https://x.com/deherbacom/status/905037814731079681,2017-09-05,"Beberapa manfaat teh oolong yang utama dalah untuk mengurangi risiko penyakit jantung, diabetes, serta kanker,."
468,905028644740898817,https://x.com/rahmat_selamet/status/905028644740898817,2017-09-05,"Puas2in nyampah ya, kelak body gendut anda akan bawa ke penyakit diabetes, jantung n stroke. Suatu saat anda akan tau penderitaan!"
469,905221214133665792,https://x.com/generasi_sehat/status/905221214133665792,2017-09-06,"Diabetes adalah suatu penyakit, dimana tubuh penderitanya tidak bisa secara otomatis mengendalikan tingkat gula (glukosa) dalam darahnya."
470,906015575117201408,https://x.com/okezonenews/status/906015575117201408,2017-09-08,"Banyak Disukai, Makan Mangga Bisa Cegah Penyakit Diabetes Lho"
471,906382442625241088,https://x.com/niceguyspore007/status/906382442625241088,2017-09-09,Di Singapura sekarang viral daun cherry dapat menolong mengurangkan penyakit diabetes. Comment doctor please
472,906714861404438529,https://x.com/yd_hartono/status/906714861404438529,2017-09-10,"Pantangan Penyakit Diabetes - Makanan Harus Dihindari, Dibatasi, Dianjurkan updateblog"
473,906927508527882241,https://x.com/Bastra_Sinaro/status/906927508527882241,2017-09-10,"KEGEMUKAN dapat meningkatkan RISIKO STROKE, PENYAKIT JANTUNG, diabetes tipe 2, osteoartritis, HIPERTENSI &amp; KANKER UNIHEALTH"
474,907445197755211781,https://x.com/minangkabauku/status/907445197755211781,2017-09-12,"Tahu bisa mencegah osteoporosis, mencegah penyakit kardiovaskular, mengobati penyakit diabetes tipe-2 dan mencegah kerusakan hati."
475,907482546123849728,https://x.com/Desty007/status/907482546123849728,2017-09-12,"SKM memicu penyakit diabetes tweeps, kurangi ya stoplostgoldgeneration tiapsusuberbeda"
476,907505333551034373,https://x.com/jawapos/status/907505333551034373,2017-09-12,"Banyak Orang Tak Sadar Kena Diabetes, Penyakit yang Diderita Novanto"
477,907801000081162241,https://x.com/LactamilMama/status/907801000081162241,2017-09-13,"1.Faktor pemicu persalinan prematur bisa disebabkan dari penyakit kronis yang dialami Mama misalnya hipertensi, diabetes dan infeksi"
478,907755776906756096,https://x.com/GogomallHealth/status/907755776906756096,2017-09-13,Pare terbukti ampuh dapat menurunkan gula darah berlebih dan mencegah penyakit diabetes lhoo :)
479,908329678942871552,https://x.com/ptm_id/status/908329678942871552,2017-09-14,Ayo lindungi diri &amp; keluarga dari Diabetes dan Penyakit Tidak Menular lainnya dengan CERDIK. CERDIK DukungGERMAS CegahPTM Diabetes
480,908330779897409537,https://x.com/wayneharraz/status/908330779897409537,2017-09-14,"Diabetes merupakan antara penyakit yang paling banyak di hidapi rakyat Malaysia. Jangan risau,"
481,908641576007667712,https://x.com/mediaindonesia/status/908641576007667712,2017-09-15,"Penyakit Novanto dari Vertigo, Diabetes, Pengapuran Jantung, Tensi Darah Labil, Hingga Gangguan Fungsi Ginjal"
482,909280770069598209,https://x.com/DubesAustralia/status/909280770069598209,2017-09-17,Sistem kecerdasan buatan yg baru ini bisa cegah penyakit mata bagi penderita diabetes. OzIptek oleh
483,909334869976735751,https://x.com/kontenwow/status/909334869976735751,2017-09-17,"Ada banyak cara yang bisa dilakukan untuk mencegah penyakit diabetes. Terbaru, sekelompok i"
484,909796315541811200,https://x.com/tiwiwitxoxo/status/909796315541811200,2017-09-18,DITAHAN GARSS JANGAN BANYAK BANYAK NANTI KOMPLILASI PENYAKIT JANTUNG DAN DIABETES
485,910038124096479232,https://x.com/ipbofficial/status/910038124096479232,2017-09-19,"BeritaIPBDiMediaOnline Inovasi Mahasiswa IPB dari Cacing Laut untuk Penyakit Diabetes Melitus, Silakan Dicoba"
486,910036197681930240,https://x.com/monicaang2/status/910036197681930240,2017-09-19,"Mereka berpotensi mengidap berbagai jenis penyakit setelah dewasa, antara lain diabetes, penyakit jantung dan kanker. savegenerasiemas2045"
487,909942353342873600,https://x.com/jek___/status/909942353342873600,2017-09-19,Penyakit yang aq takuti ketika tua kelak diabetes asem urat kalo dicukur ketiduran
488,909995487683637249,https://x.com/Nutrisi_Bangsa/status/909995487683637249,2017-09-19,"Ada pula risiko komplikasi akibat kenaikan brt badan sprti diabetes selama kehamilan, hipertensi, preeklamsia, &amp; penyakit jantung.kehamilan"
489,910360381423587332,https://x.com/kontenwow/status/910360381423587332,2017-09-20,"Corncobs rendah kalori, baik untuk diabetes dan membantu mencegah penyakit mata dan penyaki"
490,910825990217232385,https://x.com/TropicanaSlim/status/910825990217232385,2017-09-21,"Namun, ada juga beberapa penyebab umum lainnya seperti tekanan darah tinggi, tingkat kolesterol yang tidak terkontrol dan penyakit diabetes."
491,911453824597897216,https://x.com/rsiasoerya/status/911453824597897216,2017-09-23,Edukasi Kesehatan Penyakit diabetes yang tidak terkontrol bisa menimbulkan penyakit yuk simak di bawah ini! by
492,911454642290049024,https://x.com/rsiasoerya/status/911454642290049024,2017-09-23,Tips Kesehatan tentang cara mengurangi risiko terkena penyakit Diabetes informasi/layanan hubungi 0317885011 by
493,911456666746544129,https://x.com/hasnil_afrizal/status/911456666746544129,2017-09-23,Mengenal Penyakit Diabetes Type I Dan Mengetahui Solusinya on
494,911832950580248576,https://x.com/stinzrah/status/911832950580248576,2017-09-24,Kalau minum ni macam dah boleh mewarisi penyakit diabetes abah aku
495,912134681780412416,https://x.com/wrausahamandiri/status/912134681780412416,2017-09-25,"Hindari minum soda di pagi hari karena kadar fruktosa, soda dan pemanis buatan dapat merusak pankreas dan menyebabkan penyakit diabetes."
496,912898670135250946,https://x.com/rsiasoerya/status/912898670135250946,2017-09-27,Tips Kesehatan tentang cara pencegahan dan perawatan kaki penderita penyakit Diabetes by
497,912925523520528384,https://x.com/kompasiana/status/912925523520528384,2017-09-27,Selalu Lapar? Awas Penyakit Diabetes!
498,913164593970552832,https://x.com/DokterGREGET/status/913164593970552832,2017-09-27,menghabiskan waktunya dengan duduk yang terlalu lama akan memiliki resiko besar terserang penyakit diabetes
499,913296066518192129,https://x.com/radiopatria/status/913296066518192129,2017-09-28,"selama kurang lebih 1 bulan karena penyakit radangparu &amp; diabetes. Sebelumnya, kondisi Chalimah dinyatakan membaik &amp; menunggu proses"
500,913392913362464769,https://x.com/okezonenews/status/913392913362464769,2017-09-28,"Jika Anda Memiliki Penyakit Diabetes, Konsumsi 5 Buah Ini Aman bagi Kadar Gula Darah"
501,913770341591162880,https://x.com/mommiesdaily/status/913770341591162880,2017-09-29,"Cek Gulaku, Aplikasi untuk 'Mengontrol' Penyakit Diabetes"
502,913661980409393152,https://x.com/HerminaGroup/status/913661980409393152,2017-09-29,"Bagi penderita diabetes, kaki diabetes merupakan salah satu komplikasi penyakit Diabetes Mellitus (DM) yang paling ditakuti."
503,913648478219153409,https://x.com/lenderrreview/status/913648478219153409,2017-09-29,Penyakit diabetes dapat menyebabkan impotensi.
504,913645013644533760,https://x.com/keretaapikita/status/913645013644533760,2017-09-29,Laboratorium Hematology adalah teknologi yang dapat membantu mendiagnosis penyakit seperti kanker dan diabetes.
505,913598777033764864,https://x.com/jawapos/status/913598777033764864,2017-09-29,Banyak Temukan Penyakit Diabetes
506,914479034431500288,https://x.com/tangselupdates/status/914479034431500288,2017-10-01,Airin Rachmi Diany: Pengendalian Penyakit Diabetes dan Tiroid Perlu Dukungan Semua Pihak Tangsel via
507,914718475628826624,https://x.com/fiestaradio_/status/914718475628826624,2017-10-02,"Ngemil sambil nonton TV dalam kurun waktu lama ternyata bisa menyebabkan penyakit Alzheimer,asma,diabetes &amp; penyakit ginjal. SensasiFiesta."
508,915032914256994305,https://x.com/humastangsel/status/915032914256994305,2017-10-03,Walikota Airin Ajak Seluruh Peserta Symposium and Workshop Tanggap Penyakit Diabetes dan Thyroid humastangsel
509,915037641245999104,https://x.com/zainaladwin/status/915037641245999104,2017-10-03,40% individu yg menepati kriteria utk diabetes juga menepati kriteria utk penyakit kemurungan. Elakkan diabetes!Jaga kesihatan mental anda
510,915080393123966977,https://x.com/okezonenews/status/915080393123966977,2017-10-03,"Gaya Hidup dan Pekerjaan Kacaukan Jam Biologis Tubuh, Penyakit Diabetes dan Jantung Mengintai!"
511,915131299924287489,https://x.com/detikHealth/status/915131299924287489,2017-10-03,"Mengenal Diabetes, Penyakit yang Diidap 'Bang Napi' Sebelum Meninggal"
512,915631247098966017,https://x.com/Anak_Harfin/status/915631247098966017,2017-10-04,"kekurangan tidur memendekkan jangka hayat. Ia meningkatkan risiko diabetes, penyakit Alzheimer, penyakit jantung dan banyak lagi. Jom tidur"
513,915374680864968709,https://x.com/okezonenews/status/915374680864968709,2017-10-04,Waspadalah! Begini Keganasan Penyakit Diabetes yang Menyerang Bang Napi
514,915377222994628608,https://x.com/okezonenews/status/915377222994628608,2017-10-04,"Bang Napi Tutup Usia, Ini Fakta-Fakta tentang Penyakit Diabetes yang Mematikan"
515,916973250508349440,https://x.com/RoySparringa/status/916973250508349440,2017-10-08,"Penyakit tak menular seperti penyakit jantung, kanker, penyakit paru-paru kronis &amp; diabetes, adalah penyebab utama kematian di dunia (WHO)"
516,916997359430664194,https://x.com/kemendukbangga/status/916997359430664194,2017-10-08,"(4/6) Penyakit hipertensi, stroke, demensia, kanker, dan diabetes meningkatkan risiko terjadinya depresi."
517,917405195675492352,https://x.com/adoelrohman/status/917405195675492352,2017-10-09,Jus Untuk Mengobati Penyakit Diabetes
518,917283165755994113,https://x.com/toniiantoniio/status/917283165755994113,2017-10-09,"Siang :) Ini dia cara alami yang ampuh atasi penyakit mata katarak akibat penyakit diabetes, klik"
519,917300064074178562,https://x.com/asuransiku_id/status/917300064074178562,2017-10-09,Gejala Awal Untuk Mendeteksi Diabetes sehat diabetes gejala sakit penyakitgula infeksi penyakit asuransi
520,918102558068969472,https://x.com/ryuhasan/status/918102558068969472,2017-10-11,"Sindroma metabolik digunakan sebagai penanda adanya penyakit kardiovaskular dan diabetes. Jadi jelas ya des, kenapa perlu dikhawatirkan?"
521,917972678430089221,https://x.com/LestiSiregar/status/917972678430089221,2017-10-11,"12. Dampak Stunting: 5) Risiko penyakit degeneratif seperti diabetes militus, jantung koroner, hipertensi, dan obesitas CegahStunting"
522,917950406227001344,https://x.com/CekAja/status/917950406227001344,2017-10-11,"Bukan hanya lewat tes gula darah, ini cara mudah deteksi penyakit diabetes lewat kulit tokofinansial"
523,918307735178960896,https://x.com/dirgarambe/status/918307735178960896,2017-10-12,"Penyakit diabetes merusak pembuluh darah di seluruh tubuh, trmasuk penis. Banyak pasien diabetes mengalami disfungsi ereksi, gak bs ""bangun"""
524,918377217448558595,https://x.com/bahruladitya/status/918377217448558595,2017-10-12,Penyakit diabetes ternyata juga berdampak pada kesehatan mata. IndonesiaMelihat WSD2017 bloggerptk
525,918378988090748929,https://x.com/martajasa/status/918378988090748929,2017-10-12,Diabetes adalah induknya penyakit. Dan diabetes bisa mengakibatkan kebutaan. WSD2017 IndonesiaMelihat BloggerSingkawang
526,918423150693453824,https://x.com/PuskesmasSobang/status/918423150693453824,2017-10-12,Fakta unik mata :8. Penyakit Diabetes melitus pada orang dewasa dapat dideteksi dengan melihat mata IndonesiaMelihat
527,918613088680775681,https://x.com/farmasetika_com/status/918613088680775681,2017-10-12,- Diabetes melitus merupakan salah satu penyakit metabolik kronis yang menyebabkan komplik
528,919093997443760128,https://x.com/RoySparringa/status/919093997443760128,2017-10-14,"Luar biasa biaya untuk kesehatan akibat penyakit tak menular, seperti kardiovaskular, kanker, penafasan, diabetes &amp; komplikasinya. CEGAH !"
529,919125047305953280,https://x.com/4jovemindo/status/919125047305953280,2017-10-14,Diabetes adalah suatu penyakit dimana tubuh tidak dapat menghasilkan insulin(hormon pengaruh
530,919507260417523712,https://x.com/dian_anthie/status/919507260417523712,2017-10-15,Penyakit Diabetes merupakan salah satu Penyakit Tidak Menular yg menjadi penyebab timbulnya penyakit lainnya SKMbukansusu JanganSalahMinum
531,919506743486398464,https://x.com/dian_anthie/status/919506743486398464,2017-10-15,SKM dengan kandungan kadar gula yang tinggi dapat menyebabkan penyakit Diabetes tipe 2 pada anak-anak SKMbukansusu JanganSalahMinum
532,919495124916125697,https://x.com/mamavanenbas/status/919495124916125697,2017-10-15,Penyakit Tidak Menular seperti diabetes selain faktor turunan juga disebabkan gaya hidup &amp; pola makan. SKMbukansusu JanganSalahMinum
533,919480907123146752,https://x.com/monicaang2/status/919480907123146752,2017-10-15,Jgn memberi anak kita SKM setiap hari. Penyakit diabetes itu penyakit seumur hidup lho. SKMbukansusu JanganSalahMinum
534,919492987922481152,https://x.com/mamavanenbas/status/919492987922481152,2017-10-15,Diabetes dikenal juga sbg mither of desease atau Ibu segala penyakit. Ngeri gak sih? SKMbukansusu JanganSalahMinum
535,919492717410844673,https://x.com/mamavanenbas/status/919492717410844673,2017-10-15,Dng tinggi kandungan gula dalam SKM bisa menjadi pemicu penyakit diabetes. SKMbukansusu JanganSalahMinum
536,919508033088004096,https://x.com/dian_anthie/status/919508033088004096,2017-10-15,"Diabetes dpt memicu munculnya penyakit lainnya spt Jantung Koroner, Kebutaan, gagal ginjal, dsb. SKMbukansusu JanganSalahMinum"
537,919493261718274049,https://x.com/mamavanenbas/status/919493261718274049,2017-10-15,Diabetes termasuk Penyakit Tidak Menular/PTM. SKM bisa menyebabkan diabetes. SKMbukansusu JanganSalahMinum
538,920136002361966593,https://x.com/shinju_8/status/920136002361966593,2017-10-17,"Terlalu banyak duduk dapat meningkatkan resiko terkena diabetes dan penyakit jantung, sebaiknya imbangi dengan olahraga teratur &amp; diet."
539,920555494686593024,https://x.com/My_MGAG/status/920555494686593024,2017-10-18,"Obesiti meningkatkan risiko menghidap penyakit kardiovaskular, diabetes dan sebagainya. Jagalah berat badan anda."
540,920802739696820224,https://x.com/khairul_hafidz/status/920802739696820224,2017-10-19,Hari ini saya di NU2 dan Hospital Sg Buloh akan memberi talk mengenai Penyakit Tidak Berjangkit (NCD) &amp; Diabetes. Moga ianya beri manfaat.
541,920892287269441536,https://x.com/marikitasehat/status/920892287269441536,2017-10-19,"LetsCheckUp risiko penyakit jantung, diabetes, &amp; stroke dengan pemeriksaan Sindrom Metabolik secara gratis yuk Sob!"
542,921150955814449152,https://x.com/generasi_sehat/status/921150955814449152,2017-10-19,Diabetes Millitus: suatu penyakit gangguan metabolisme yang disebabkan oleh penurunan sekresi insulin.
543,921594096820551680,https://x.com/rumahsakitaulia/status/921594096820551680,2017-10-21,Kenali gejala-gejala penyakit yang muncul pada penderita Diabetes Mellitus. Konsultasikan pada
544,921947341443047424,https://x.com/superberkebun/status/921947341443047424,2017-10-22,"Bagi Anda yang selama ini menjauhi pare, mulai sekarang yuk konsumsi sayuran hebat yang satu ini. Pasalnya, pare dapat mencegah dan mengendalikan penyakit hati, diabetes, dan kolesterol. Bagi ibu menyusui, konsumsi pare dapat melancarkan produksi air susu."
545,922434078112079872,https://x.com/RockingMama_id/status/922434078112079872,2017-10-23,"Colek Mama yang sudah menginspirasi supaya waspada jika kelamaanduduk di depan laptop. Penyakit diabetes, jantung juga bisa kena"
546,923154691759906817,https://x.com/r_djarot_s/status/923154691759906817,2017-10-25,: terlalu manis! Bahaya penyakit diabetes mengancam!
547,923223888388964352,https://x.com/Yayan_M_Suryana/status/923223888388964352,2017-10-25,NASI YANG DIMASAK MENGGUNAKAN KUKUSAN BAMBU &amp; SEENG MAMPU MENCEGAH PENYAKIT DIABETES MILLETUS
548,923087088148295682,https://x.com/mixagripcocok/status/923087088148295682,2017-10-25,"Sleep apnea merupakan penyebab dari mendengkur. Saat ini, dikenal sebagai penyebab diabetes, hipertensi, penyakit jantung bahkan kematian."
549,923439301320359937,https://x.com/WindahTsu/status/923439301320359937,2017-10-26,"Seperti penyakit jantung, diabetes, cancer. Dan lainnya. Semua berkaitan erat dengan kebiasaan makan APFFIndonesia EATapac"
550,923439428214734848,https://x.com/duniaeni/status/923439428214734848,2017-10-26,"Penyakit tdk mnular yg bkembang pesat:jantung,diabetes,stroke akibat pola mkn,tdk olahraga,mrokok ,alkohol APFFIndonesia"
551,924483287791190019,https://x.com/en_bunda/status/924483287791190019,2017-10-29,"Penyakit diabetes bisa sembuh, ini linknya:"
552,924642021733646336,https://x.com/LMen/status/924642021733646336,2017-10-29,"Obesitas adalah faktor risiko untuk penyakit metabolik (serangan jantung, diabetes tipe-2, stroke), osteoporosis, kanker, dan katarak"
553,924829483454074885,https://x.com/Nutrisi_Bangsa/status/924829483454074885,2017-10-30,"Konsumsi gula berlebih, gaya hidup yang tidak sehat, dan faktor keturunan bisa menjadi penyebab penyakit diabetes, lho."
554,924856584722726912,https://x.com/ZULKIFL00822956/status/924856584722726912,2017-10-30,Jumlah Penderita Pasien Penyakit Gula ( Diabetes ) terus bertambah saatnya PENGAWASAN GULA harus di bentuk
555,925346269501018112,https://x.com/RibutAchwandi/status/925346269501018112,2017-10-31,"Mau terhindar dari Penyakit Seperti Stroke, Asma hingga Diabetes? Pastikan Kamu konsumsi makanan berikut ini ya!."
556,925578328320249856,https://x.com/medshdmalaysia/status/925578328320249856,2017-11-01,".penyakit pernafasan (3.9 juta), dan diabetes (1.6 juta). 4 kumpln pnykit ini mnyumbng lbh 80% drpd semua kematian NCD pramatang. Tamat."
557,926073103498776576,https://x.com/IheartUiTM/status/926073103498776576,2017-11-02,Hilang dua kaki sepanjang kejar PhD Menghidap penyakit diabetes sehingga kakinya terpaksa dipotong tidak pernah
558,925996982535184385,https://x.com/VIVAcoid/status/925996982535184385,2017-11-02,RT : Hindari Penyakit Diabetes dengan Cara Ini
559,926350082558935041,https://x.com/Desty007/status/926350082558935041,2017-11-03,"Anak yg kecilnya stunting lebih beresiko mengalami penyakit tak menular spt gagal jantung, stroke, diabetes, obesitas DanoneBloggerAcademy"
560,926630194521231360,https://x.com/LMen/status/926630194521231360,2017-11-04,"Tidak memiliki garis keturunan diabetes? Hati-hati, belum tentu kamu juga bebas risiko terkena penyakit metabolik yg satu ini!"
561,926632609752416256,https://x.com/LMen/status/926632609752416256,2017-11-04,"Wajar, penyakit diabetes ini memang seperti kontrak seumur hidup, tak bisa disembuhkan. Namun diabetes tipe dua bisa dicegah !"
562,926650000884555776,https://x.com/temponewsroom/status/926650000884555776,2017-11-04,"Beberapa faktor risiko penyakit jantung adalah penyakit hipertensi, diabetes melitus, kadar kolesterol tinggi, atau obesitas. NgobrolTempo"
563,926671560261255169,https://x.com/romiathy_mia/status/926671560261255169,2017-11-04,Hallo guys Ada keluarga ayah ibuk bibik paman dll Yg mengidap penyakit kencing manis/gula Bahasa kerennya DIABETES Coba JAVABET yuk
564,926836026659586049,https://x.com/sevensweethoshi/status/926836026659586049,2017-11-04,"09. Minusnya kamu? Kamu itu punya kemampuan bikin orang diabetes onlen, setruk onlen, dan berbagai jenis penyakit onlen lainnya"
565,927007580496506880,https://x.com/MOHEOfficial/status/927007580496506880,2017-11-05,"KPTKonvo Menghidap penyakit diabetes sehingga kakinya terpaksa dipotong tidak pernah melemahkan pelajar PhD, Dr."
566,927659365989076994,https://x.com/DokterNews/status/927659365989076994,2017-11-06,Antioksidan pada kopi bermanfaat untuk mencegah beberapa penyakit khronis diantaranya diabetes. infokes
567,927419294421368832,https://x.com/P3K_RSMelinda/status/927419294421368832,2017-11-06,"tipsKesehatan: Jaga berat badan ideal. Agar terhindar dari penyakit, jantung, diabetes, kanker, dll. P3KMelindaHospital"
568,927738360642359297,https://x.com/KayuagungRadio/status/927738360642359297,2017-11-07,EUI cara menghindari penyakit diabetes
569,927748310634393601,https://x.com/aniRingo/status/927748310634393601,2017-11-07,"Penyakit jantung, diabetes, kolesterol dll mudah ditemui di tubuh orang terkena obesitas WorldObesityDay"
570,927758288350937088,https://x.com/mamavanenbas/status/927758288350937088,2017-11-07,"Penyakit akibat obesitas, yaitu hiperkolesterol, hipertensi, diabetes, liver, gangguan menstruasi ke penyakit jantung WorldObesityDay"
571,927768190251180033,https://x.com/jangipann/status/927768190251180033,2017-11-07,"WorldObesityDay apakah dampak obesitas?/diabetes melitus tipe 2, penyakit jantung koroner, hipertensi dan stroke, penyakit kandung empedu."
572,927894666913071106,https://x.com/anordinarynote/status/927894666913071106,2017-11-07,Sejumlah data tentang penyakit diabetes di Indonesia cukup mencengangkan. Sample Registration
573,928191442299711488,https://x.com/AyoSehatKemkes/status/928191442299711488,2017-11-08,"Cek kesehatan secara rutin dapat mencegah berbagai penyakit tidak menular (PTM), seperti hipertensi, penyakit jantung, stroke, diabetes, asma, dan penyakit paru."
574,928223173069459456,https://x.com/Vaksinasi/status/928223173069459456,2017-11-08,intoleransi terhadap gluten (celiac disease) dan penyakit autoimun berhubungan dengan diabetes tipe 1.
575,928140379378954240,https://x.com/justshar3/status/928140379378954240,2017-11-08,Pantangan Makanan Penyakit Diabetes Melitus via
576,928204012146499584,https://x.com/FAMA_Malaysia/status/928204012146499584,2017-11-08,Khasiat Sayur Bendi - Menawarkan kehamilan yang sihat -Membantu mencegah Diabetes -Membantu meringankan penyakit ginjal -Membantu masalah pernapasan -Anti parasit usus -Meningkatkan kesihatan hati -Mencegah sembelit famadihatirakyat nbos tn50
577,928088456802324480,https://x.com/TropicanaSlim/status/928088456802324480,2017-11-08,"Ada berita baik, dengan rajin minum susu, khususnya susu tanpa lemak, bisa melindungi kamu dari risiko penyakit diabetes!"
578,928109906548236288,https://x.com/cienca/status/928109906548236288,2017-11-08,Mungkin beneran diabetes parah.smoga cepet diangkat penyakit dan segala2nya dr muka bumi
579,928049433421389829,https://x.com/prazz_arie/status/928049433421389829,2017-11-08,"Kabar Baik untuk yang Punya Bokong Besar, Terhindar dari Penyakit Jantung &amp;amp; Diabetes Salah Satunya! - diabetes health"
580,928633300284948481,https://x.com/okezonenews/status/928633300284948481,2017-11-09,Gawat! Hobi Ngemil Tengah Tingkatkan Risiko Diabetes dan Penyakit Jantung
581,928632650394304513,https://x.com/khairul_hafidz/status/928632650394304513,2017-11-09,Ubat diabetes TIDAK menyebabkan penyakit buah pinggang Paras gula yang TIDAK TERKAWAL yang jadi punca buah pinggang rosak.
582,928583050358697985,https://x.com/FAMA_Malaysia/status/928583050358697985,2017-11-09,Khasiat Sayur Timun -Penghilang racun di tubih secara elektif -Pencegah kanser -Meningkatkan antibody dalam badan -Membantu mengatasi sembelit -Mengawal tekanan darah -Mengurangi kadar kolestrol dalam darah -Mengurangi penyakit Diabetes famadihatirakyat nbos tn50
583,928675807567982593,https://x.com/nu_online/status/928675807567982593,2017-11-09,Kisah Sembuh dari Penyakit Diabetes lantaran Shalawat
584,928508559364517888,https://x.com/SinarOnline/status/928508559364517888,2017-11-09,Penyakit diabetes ancaman utama
585,928500628732571648,https://x.com/khairul_hafidz/status/928500628732571648,2017-11-09,"Setiap tahun kita akan ada tema-tema yang menjadi hala tuju penyakit diabetes untuk tahun tersebut. Fokus diabetes untuk tahun ini adalah wanita penghidap diabetes, wanita diabetes yang hamil dan ibu gestational diabetes mellitus (diabetes sewaktu hamil)."
586,928497775297232896,https://x.com/khairul_hafidz/status/928497775297232896,2017-11-09,"Mewakili cawangan Penyakit Tidak Berjangkit (NCDs) untuk temubual di AsyikFM mengenai Hari Diabetes Sedunia. Tema tahun ini, Wanita dan Diabetes: Kesihatan Kita, Milik Kita, Hak Kita ."
587,928512730255933440,https://x.com/RsuBundaJakarta/status/928512730255933440,2017-11-09,inforsbunda Diabetes Kehamilan Meningkatkan Risiko Penyakit Jantung =&gt;
588,928997268920741888,https://x.com/RadioElshinta/status/928997268920741888,2017-11-10,"Penyakit diabetes, bukan gejala yang perlu ditakuti tapi komplikasinya"
589,929156535686537216,https://x.com/RadioElshinta/status/929156535686537216,2017-11-11,"Penyakit diabetes, bukan gejala yang perlu ditakuti tapi komplikasinya elshintaweekend"
590,929281262459768832,https://x.com/tabloidbintang/status/929281262459768832,2017-11-11,Ini Penyebab Pasien Diabetes Lebih Mudah Terserang Penyakit Degeneratif
591,929361876974166016,https://x.com/masnurulaziz/status/929361876974166016,2017-11-11,"Jika pak gubernur Jakarta (aktif) sering mengumbar janji manis setelah masa kampaye, saya yakin tidak akan menunggu waktu lama warga Jakarta Akan mengidap penyakit gula (diabetes). Bismillah untuk Jakarta yang lebih baik untuk menjadi cakrawala dunia"
592,929536677147688960,https://x.com/UMonline/status/929536677147688960,2017-11-12,Program Blue Walk untuk kesedaran penyakit diabetes
593,929545277706452993,https://x.com/kopibukudanpena/status/929545277706452993,2017-11-12,": Jadi bagaimana, Dok, hasil diagnosanya? Saya mengidap penyakit apa? : Diabetes, Mbak. : Lho kok bisa, Dok. Padahal saya jarang sekali konsumsi yang manis-manis. : Mungkin diabetes Mbak disebabkan janji-janji manis mantan-mantannya Mbaknya. Gitu."
594,929568305505030144,https://x.com/UMonline/status/929568305505030144,2017-11-12,Program Blue Walk untuk kesedaran penyakit diabetes: via
595,929924319282688002,https://x.com/serambinews/status/929924319282688002,2017-11-13,Aceh Masuk 5 Besar Penyakit Diabetes
596,930140725077008384,https://x.com/DokterNews/status/930140725077008384,2017-11-13,Cegah Diabetes dengan Diet Karbohidrat Diabetes atau dikenal sebagai silent killer memang jadi penyakit .
597,930116032391290880,https://x.com/drwaque/status/930116032391290880,2017-11-13,"Namun jika telah ada penyakit diabetes, kawalan paras gula ke paras normal mengurangkan komplikasi diabetes."
598,929911700169674752,https://x.com/ihaqionline/status/929911700169674752,2017-11-13,"Diabetes penyakit menular itu MITOS. Faktanya, diabetes bukan penyakit menular, tapi lebih ke penyakit yang berhubungan dengan genetik."
599,929865168825339905,https://x.com/klikdokter_id/status/929865168825339905,2017-11-13,Cara Masak Nasi yang Salah Tingkatkan Risiko Penyakit Diabetes klikDOKTER
600,929890933591511040,https://x.com/AyoSehatKemkes/status/929890933591511040,2017-11-13,"Kandungan GGL (Gula, Garam, Lemak) yang berlebih dapat meningkatkan risiko berbagai penyakit, seperti penyakit jantung, obesitas, DM, diabetes, dan hipertensi."
601,929890700669227008,https://x.com/AyoSehatKemkes/status/929890700669227008,2017-11-13,"(3) L untuk Lemak dengan takaran 5 sdm/hari. Banyak lemak dapat membuat berat badan berlebih sehingga meningkatkan risiko penyakit jantung, diabetes, dan hipertensi."
602,929906673484832768,https://x.com/popfmindonesia/status/929906673484832768,2017-11-13,Paparan sinar matahari bisa memperlambat penambahan berat badan dan mencegah kemunculan penyakit diabetes tipe 2.popfm
603,930353018049929218,https://x.com/petrogresik/status/930353018049929218,2017-11-14,"3. Penyakit mematikan ini masih menjadi persoalan serius dunia. Indonesia merupakan negara yang berada di urutan ke-4 dengan prevalensi diabetes tertinggi di dunia setelah India, China, dan Amerika Serikat"
604,930477933747167235,https://x.com/tropongsenayan/status/930477933747167235,2017-11-14,Mengenal Mitos di Seputar Penyakit Diabetes
605,930471472941764609,https://x.com/bharianmy/status/930471472941764609,2017-11-14,"3.6 juta rakyat M sia kini menghidap diabetes, 1.8 juta daripadanya tidak sedar menghidap penyakit itu: Menteri Kesihatan"
606,930444039236628481,https://x.com/khairul_hafidz/status/930444039236628481,2017-11-14,Adalah penting ibu hamil yang berisiko untuk minum air gula (mOGTT) supaya kita dapat mengesan penyakit diabetes sewaktu hamil Adalah penting pesakit diabetes yang nak hamil untuk menghadiri Pre Pregnancy counselling supaya ibu bersedia untuk hamil nanti. WorldDiabetesDay2017
607,930405605889773569,https://x.com/SIMANPUSAT/status/930405605889773569,2017-11-14,"RT KemenkesRI ""Diabetes menjadi salah satu penyebab dari Penyakit Tidak Menular. Jagalah kesehatanmu untuk masa de"
608,930404949598654464,https://x.com/KemenkesRI/status/930404949598654464,2017-11-14,Diabetes menjadi salah satu penyebab dari Penyakit Tidak Menular. Jagalah kesehatanmu untuk masa depan yang lebih sehat WorldDiabetesDay2017
609,930389860526866432,https://x.com/medikaapp/status/930389860526866432,2017-11-14,"Diabetes memang tidak menyebabkan kematian secara langsung, namun komplikasi penyakit ini menjadi salah satu penyebab kematian terbanyak di dunia lho Yuk, cegah diabetes dengan menerapkan gaya hidup yang lebih sehat! HealthcareSimplified sehatitumudah"
610,930382400860721152,https://x.com/GueSehat/status/930382400860721152,2017-11-14,"Hari ini merupakan Hari Diabetes Sedunia, Gengs! Hari ini diciptakan khusus untuk meningkatkan kepekaan masyarakat terhadap penyakit ini. Pantengin twitter GueSehat yaa, bakalan ada kultwit tentang diabetes nih!"
611,930359650007916544,https://x.com/jawapos/status/930359650007916544,2017-11-14,Selamat Hari Diabetes Internasional! berikut data mengenai perempuan dan penyakit Diabetes. Simak ya Infografis dibawah!
612,930355505494552577,https://x.com/khairul_hafidz/status/930355505494552577,2017-11-14,"Fokus kali ini adalah untuk PERKASA kan wanita. Wanita perlu diberikan HAK akses saringan, rawatan kesihatan dan didikan supaya mereka dapat mencegah atau mengawal penyakit diabetes yang mereka hidapi."
613,930353069698662402,https://x.com/SonoraFM92/status/930353069698662402,2017-11-14,Diabetes adalah salah satu penyakit berbahaya yang disebabkan karena tingginya tingkat kadar
614,930333846599491584,https://x.com/GoDokIndonesia/status/930333846599491584,2017-11-14,"Selamat Hari Diabetes Sedunia! Tahukah Anda bahwa setiap tanggal 14 November diperingati sebagai hari diabetes sedunia? Untuk itu, cegah diabetes dengan mengenal penyakit ini lebih dalam lewat penjelasan berikut -----&gt; godok infosehat haridiabetes"
615,930297133281951744,https://x.com/Sinar_MasID/status/930297133281951744,2017-11-14,"Sekitar 60% pengidap diabetes melitus tidak sadar telah terkena penyakit ini. Lakukan medical check up minimal satu tahun sekali untuk mengetahui kadar gula dalam darah. Selain itu, jalani pola hidup sehat agar terhindar dari diabetes melitus."
616,930314350983651328,https://x.com/iNewsSport/status/930314350983651328,2017-11-14,"TipKesehatan - Awas, akan terburu-buru bisa tingkatkan risiko terkena diabetes dan penyakit jantung!"
617,930300428343902208,https://x.com/ClassyFM/status/930300428343902208,2017-11-14,"Tepat hari ini, 14 November 2017 dirayakan sebagai Hari Diabetes Sedunia. Peringatan ini pertama kali digagas Federasi Diabetes Internasional karena meningkatnya penyakit diabetes di seluruh dunia. Mari lakukan pencegahan dini terhadap diabetes haridiabetessedunia"
618,930299355256512512,https://x.com/CombiCareCenter/status/930299355256512512,2017-11-14,"Gandum berperan menjaga kesehatan tubuh dari penyebab penyakit kronis, seperti penyakit diabetes, jantung koroner, asam lambung, maag dan hipertensi. Selain itu gandum merupakan makanan yang memiliki kadar gula yang rendah. Selamat makan siang Healthy People. :)"
619,930294877761372161,https://x.com/BukuKOMPAS/status/930294877761372161,2017-11-14,Selamat siang Bookmaniacs! Selamat Hari Diabetes Sedunia :D Yuk kita sama-sama mendoakan untuk para penderita Diabetes agar selalu kuat dalam menghadapi penyakit yang menyerang dan cepat diberikan kesembuhan
620,930294244157173760,https://x.com/okezonenews/status/930294244157173760,2017-11-14,"Awas, Makan Terburu-buru Bisa Tingkatkan Risiko Terkena Diabetes dan Penyakit Jantung!"
621,930292213560381440,https://x.com/CNNIndonesia/status/930292213560381440,2017-11-14,"Diabetes, penyakit metabolik yang belum ada obatnya."
622,930287990689034241,https://x.com/bprlegian/status/930287990689034241,2017-11-14,Tips Mencegah Penyakit Diabetes tips diabetes deposito bank bpr nabung bankindonesia ojkbali ojk bankbali investment bali denpasar baliinvestments baliproperty bi bca mandiri lps lembagapenjaminsimpanan bpd bprbali
623,930271586590117888,https://x.com/CombiCareCenter/status/930271586590117888,2017-11-14,Diabetes adalah penyakit jangka panjang/kronis yang ditandai dengan kadar gula darah (glukosa) jauh di atas normal. Glukosa sangat penting bagi kesehatan karena merupakan sumber energi utama bagi otak maupun sel-sel yang membentuk otot serta jaringan pada tubuh. :) CombiShare
624,930270335118823424,https://x.com/CombiCareCenter/status/930270335118823424,2017-11-14,"Ada beberapa faktor resiko penyakit diabetes, antara lain : -Riwayat keluarga -Kurang aktivitas fisik -Mengkonsumsi makanan dan minuman tidak sehat -Kegemukan CombiShare"
625,930247860850794497,https://x.com/AyoSehatKemkes/status/930247860850794497,2017-11-14,"Healthies yuk diperhatikan tips2nya dan hindari masalah gizi yang dapat berpengaruh terhadap berbagai penyakit seperti diabetes, kanker, dll"
626,930243044720254976,https://x.com/AISocietyUiTM/status/930243044720254976,2017-11-14,Selamat Hari Diabetes Sedunia ! Semoga semua kekal aktif dan elakkan dri obesiti kerana obesiti merupakan penyumbang utama utk penyakit diabetes !
627,930314357203861504,https://x.com/FittiID/status/930314357203861504,2017-11-14,Selamat Hari Diabetes Sedunia :) Diabetes (diabetes melitus) adalah penyakit jangka panjang atau kronis yang ditandai dengan kadar gula darah (glukosa) yang jauh di atas normal.
628,930835177571356672,https://x.com/budiyantoirawa3/status/930835177571356672,2017-11-15,Waspadai bahaya diabetes! mulailah hari ini dengan pola hidup sehat untuk mengurangi resiko terkena penyakit Diabetes ! SahabatBSI BerkhidmatBerbagiManfaat diabetes hidupsehat
629,930758554788794368,https://x.com/CombiCareCenter/status/930758554788794368,2017-11-15,"Pertanyaan kuis, Sebutkan gejala pada penyakit diabetes ? Cek jawabannya di TL kami ya. :) CombiKuis"
630,930712854281338881,https://x.com/medshdmalaysia/status/930712854281338881,2017-11-15,"Anda dah periksa gula dalam darah anda? Diabetes ni penyakit senyap. Dia malu2 je buat hal dlm bdn kita. So, rjin2la buat pmeriksaan ksihatan ye. Ingtkn keluarga &amp; kwn2 yg lain juga. diabetes info sihat mediktv lebihsihat"
631,930680845089869827,https://x.com/HimapsiUB/status/930680845089869827,2017-11-15,"Siapa disini yang tidak tahu diabetes?Banyak yang mengira bahwa diabetes semata-mata disebabkan karena konsumsi gula yang terlalu berlebihan. Eitss, tapi tahukah kamu bahwa ternyata kondisi psikologis juga dapat memicu timbulnya penyakit ini?"
632,930652030842130432,https://x.com/pijie118/status/930652030842130432,2017-11-15,Jadi untuk mengelakkan jadi rantaian penyakit (diabetes-&gt;hypertension-&gt;sakit jantung) maka garam dan gula yang menjadi kunci dalam rantaian ini harus dikurangkan pengambilannya.
633,930627691040014336,https://x.com/okezonenews/status/930627691040014336,2017-11-15,Kabar Gembira! Minum Segelas Red Wine Setiap Hari Bantu Cegah Penyakit Diabetes
634,930613644915642368,https://x.com/BloggerCihuy/status/930613644915642368,2017-11-15,"Sesuai dengan himbauan dari GERMAS, kita harus mengkonsumsi sayuran dan buah-buahannya agar kebutuhan vitamin dan serat di dalam tubuh dapat terpenuhi, sehingga kita dapat terhindar dari penyakit Jantung Koroner, Diabetes, Sembelit CihuyNgilmu AktivitasCihuy"
635,930654206863822851,https://x.com/pijie118/status/930654206863822851,2017-11-15,Kalau untuk general boleh je. Kiranya untuk mengelak penyakit 3 serangkai ni. Tapi untuk specific diabetes ni macam tak betul je.
636,930964594469851136,https://x.com/arulsVB/status/930964594469851136,2017-11-16,": Jadi bagaimana hasil diagnosanya Dok? Saya mengidap penyakit apa? : Diabetes Mbak. : Lho kok bisa, Dok? Padahal saya jarang sekali konsumsi yang manis-manis. : Mungkin karena diabetes Mbak disebabkan janji-janji manis mantan-mantannya Mbaknya. Begitu"
637,930976112968118272,https://x.com/temponewsroom/status/930976112968118272,2017-11-16,"Faktor risiko penyakit jantung koroner adalah penyakit hipertensi, diabetes melitus, kadar kolesterol tinggi, atau obesitas. NgobrolTempo"
638,931031586375634944,https://x.com/klikdokter_id/status/931031586375634944,2017-11-16,5 Gangguan di Mulut akibat Penyakit Diabetes klikDOKTER
639,931065705230774272,https://x.com/GoDokIndonesia/status/931065705230774272,2017-11-16,"Diabetes merupakan salah satu penyakit yang mematikan. Untuk itu, jaga kesehatan Anda dari penyakit diabetes ini dengan praktikkan cara sedderhana berikut ---&gt; godok infosehat diabetes hidupsehat"
640,931093974009262080,https://x.com/NGIndonesia/status/931093974009262080,2017-11-16,Kepalan Tangan Menghindarkan Kita dari Risiko Diabetes dan Penyakit Jantung
641,931100362332717056,https://x.com/Bernama_Radio/status/931100362332717056,2017-11-16,"Diabetes, penyakit kronik yang membimbangkan JomSihat"
642,931199767752802304,https://x.com/subrapower/status/931199767752802304,2017-11-16,Diabetes &amp; Hipertensi Penyakit Orang Muda Tinjauan kesihatan dan morbiditi kebangsaan 2015 mendapati penyakit.
643,931433223837704192,https://x.com/keretaapikita/status/931433223837704192,2017-11-17,"Sedangkan, untuk Rail Clinic dilengkapi fasilitas laboratorium Hematology Analyzer Sysmex berbasis komputer yang berfungsi untuk mengukur sampel darah sehingga mampu membantu mendiagnosis penyakit seperti kanker dan diabetes."
644,931500014148378626,https://x.com/4lam5y4h/status/931500014148378626,2017-11-17,Dapat mengatasi penyakit Diabetes.
645,931420617655517184,https://x.com/prettypiksel/status/931420617655517184,2017-11-17,"Cara seseorang itu makan, laju atau perlahan, boleh menentukan sama ada individu berkenaan berisiko menghidap penyakit jantung, strok dan diabetes, lapor Associated Press of Pakistan (APP)."
646,931457886840074240,https://x.com/keretaapikita/status/931457886840074240,2017-11-17,"Selain memberikan pelayanankesehatan primer, 2 kereta kesehatan itu juga telah dilengkapi fasilitas laboratorium hematology analyzer sysmex berbasis komputer yang mampu membantu mendiagnosis penyakit seperti kanker dan diabetes."
647,931379201936048128,https://x.com/_Hrst/status/931379201936048128,2017-11-17,"Penyebab kolestrol tinggi, penyebab diabetes, penyebab kematian pebderita hipertensi, penyebab penyakit jantung, gangguan pencernaan, ginjal, penyempitan darah dan masih banyak lagi kalo lu makan durian. Mending gua nggak makan. Wlee"
648,931415106516221952,https://x.com/bernamadotcom/status/931415106516221952,2017-11-17,"Makan laju beri risiko penyakit jantung, strok, diabetes"
649,931314725824102402,https://x.com/BuletinJohore/status/931314725824102402,2017-11-17,"InfoGrafik Diabetes, penyakit kronik yang membimbangkan JomSihat (via Bernama)"
650,931716831018041344,https://x.com/CNNIndonesia/status/931716831018041344,2017-11-18,Penyakit-penyakit akibat komplikasi diabetes yang harus diwaspadai.
651,931759142984876033,https://x.com/nik_hamidi/status/931759142984876033,2017-11-18,"Makan laju risiko penyakit jantung, strok, diabetes"
652,931789868891377664,https://x.com/CNNIndonesia/status/931789868891377664,2017-11-18,CNNIndonesia Diabetes bisa dilawan dengan menghilangkan kebiasaan seperti diet yang tak sehat. Hal apa lagi yang bisa memicu penyakit ini?
653,931815526740791297,https://x.com/CNNIndonesia/status/931815526740791297,2017-11-18,CNNIndonesia Diabetes gestasional menjadi momok pada masa kehamilan. Perempuan mana yang lebih berisiko terserang penyakit ini?
654,932131344133623809,https://x.com/ManPin/status/932131344133623809,2017-11-19,Awas madu beracun. 80% dari adu di pasaran Malaysia adalah tiruan yang membawa penggunanya ke penyakit diabetes. - laporan Berita Harian Ahad.
655,932260720921546753,https://x.com/My24hoursnet/status/932260720921546753,2017-11-19,Ini Ciri-ciri Penyakit Diabetes yang Perlu Anda Ketahui apakah Anda menderita penyakit ini atau tidak : Info kesehatan diabetes DiabetesTips
656,932292836057329664,https://x.com/kompascom/status/932292836057329664,2017-11-19,"Konsumsi gula, garam dan lemak dalam jumlah tinggi pada anak akan mengakibatkan penyakit tidak menular seperti diabetes, hipertensi dan obesitas"
657,932446543767945216,https://x.com/bethsaidahosp/status/932446543767945216,2017-11-20,tipskesehatan para healthiers! mari segera menjalankan pola hidup sehat agar terjauh dari penyakit &amp; komplikasi diabetes ini
658,932474314690924544,https://x.com/detikoto/status/932474314690924544,2017-11-20,Mobil Masa Depan Bisa Deteksi Penyakit Jantung dan Diabetes
659,932509013534588928,https://x.com/detikcom/status/932509013534588928,2017-11-20,Mobil Masa Depan Bisa Deteksi Penyakit Jantung dan Diabetes via
660,932836677940211712,https://x.com/Farizalfarizi_2/status/932836677940211712,2017-11-21,"SayaBerlariUntuk Menjaga kesehatan dan menjaga kebugaran tubuh juga mencegah datangnya penyakit, misalnya Diabetes yg sudah menyebar di indonesia ILoveLife"
661,932808085835415552,https://x.com/BabarPolres/status/932808085835415552,2017-11-21,Polres Babar Diberikan Sosialisasi Penyakit Diabetes Militus oleh Bid Dokes Polda Babel
662,932939962093223937,https://x.com/okezonenews/status/932939962093223937,2017-11-21,"Ladies, Kenali Faktor Risiko Penyakit Diabetes Gestasional yang Terjadi saat Hamil"
663,932790611538612229,https://x.com/rootofscience/status/932790611538612229,2017-11-21,"Pinggan suku suku separuh. Apa bende tu? Suku pinggan karbohidrat(Nasi, Roti, Mee) Suku pinggan protein(Ikan, ayam) Separuh pinggan sayur Ini adalah pembahagian pinggan utk mengelakkan anda drpd kena penyakit kronik(tekanan darah tinggi, diabetes) Lupa. Minum air kosong ye"
664,932795225554030592,https://x.com/ClickUnbait/status/932795225554030592,2017-11-21,"Kurang vitamin, penuaan, cedera olahraga, diabetes, penyakit von willebrand. Yang terakhir ini kekurangan protein tertentu yg dibutuhkan dalam proses pembekuan darah, bisa berakibat perdarahan pascaoperasi atau menstruasi berlebihan ht"
665,933197892042473472,https://x.com/Laufza/status/933197892042473472,2017-11-22,"9. Pencegah Diabetes Supplemen vitamin C bisa digunakan untuk pencegah diabetes. Hal itu dikarenakan vitamin C bisa digunakan untuk mengontrol dan menormalkan kadar gula yang ada di dalam tubuh, sehingga tubuh pun akan terhindar dari penyakit diabetes. GAKCUMAVITAMINC"
666,933214934162272257,https://x.com/rickydp19/status/933214934162272257,2017-11-22,"Maaf, klo masalah ketiduran itu bukan karena SN sakti. Tp itu karena memang dia punya penyakit diabetes. Proporsional saja dlm menilai kasus seseorang. Klo mau cukup yg dibahas substansi kasus nya saja. Dimana letak kesalahan dsb."
667,933250134728523782,https://x.com/ptm_id/status/933250134728523782,2017-11-22,"Hingga saat ini, belum ada kepastian jika diabetes gestasional dapat dicegah sepenuhnya, namun ada beberapa cara yang dapat dilakukan untuk menekan risiko terkena penyakit ini, meliputi: Diabetes WDD ourrighttohealthfuture Right2Health CERDIK CegahPTM DukungGERMAS"
668,933292234023112705,https://x.com/ptm_id/status/933292234023112705,2017-11-22,"Untuk mencegah Diabetes, dan penyakit tidak menular lainnya terapkan gaya hidup sehat CERDIK Diabetes WDD ourrighttohealthfuture womenanddiabetes Right2Health CegahPTM DukungGERMAS"
669,933594266244325376,https://x.com/DokterGREGET/status/933594266244325376,2017-11-23,"Kurang berolahraga juga berpotensi mengundang berbagai penyakit berbahaya seperti peyakit jantung, kanker, diabetes serta stroke."
670,933551520162856965,https://x.com/Bmcaku/status/933551520162856965,2017-11-23,Kapsul pankro adalah salah satu herbal andalan BMCA yang membantu mengobati penyakit diabetes dlm 1 botol terdapat dua macam kapsul yg berfungsi menurunkan gula darah dan membantu memperbaiki fungsi pankreas harga dan cara pemesanan silahkan hubungi bagian pemesanan 081319311968
671,933592197387055105,https://x.com/ptm_id/status/933592197387055105,2017-11-23,"4 Penyakit PTM Utama adalah Penyakit Jantung, Penyakit Kanker, Penyakit Paru Kronis dan Diabetes merupakan penyakit dengan prevalensi tinggi dan menjadi penyebab utama kematian di Indonesia - SRS 2014. CERDIK CegahPTM DukungGERMAS Posbindu ayokeposbindu"
672,933500350493024258,https://x.com/VADSID/status/933500350493024258,2017-11-23,Bersepeda selama 30 menit setiap hari dapat menjaga tekanan darah dan diabetes menjadi normal serta mencegah penyakit jantung VADSInfo Read more
673,933513085943300096,https://x.com/pemprov_lampung/status/933513085943300096,2017-11-23,"Pemprov Lampung Ajak Cegah Diabetes dan Jantung lewat Germas dicanangkan Gubernur sejak Januari 2017. Menurut Kadis Kesehatan Provinsi Lampung, Reihana, dua tahun terakhir diabetes melitus menduduki rangking kedua dan diikuti dengan penyakit jantung."
674,933962752934252544,https://x.com/dokterkelaminku/status/933962752934252544,2017-11-24,KLINIK HERBAL OBAT DIABETES: INI DIA CARA TEPAT MENGOBATI PENYAKIT KUTIL KELAMIN PRIA
675,934005804247552000,https://x.com/Kabar_Kebumen/status/934005804247552000,2017-11-24,Penyakit Diabetes di Indonesia Terus Meningkat diabetes indonesia penyakit
676,934056563756675073,https://x.com/SonoraFM92/status/934056563756675073,2017-11-24,"Sampai saat ini DIABETES masih menjadi salah satu penyakit yg menakutkan. Mari cari tahu cara untuk ""Cegah, Obati dan Kendalikan Diabetes Melitus"" dalam ForumDiskusiKesehatan bersama dan Sabtu 25 November pk.11.00 wib"
677,934353515442470913,https://x.com/yukmakan/status/934353515442470913,2017-11-25,"Mengomsumsi kangkung dapat mencegah penyakit anemia, diabetes, dan juga dapat menjaga kesehatan jantung."
678,934263505191968773,https://x.com/Tempo_Plus/status/934263505191968773,2017-11-25,"Panel diskusi pertama ngobroltempo menghadirkan M. Ikhsan Mokoagow, SpPD, Dokter Internist JEC yang mengajak kita mengenal penyakit diabetes dan tipenya, mengetahui gejala dan faktor risiko diabetes serta Komplikasi yang mungkin terjadi"
679,934265606638931968,https://x.com/Tempo_Plus/status/934265606638931968,2017-11-25,"Penderita diabetes perlu menjaga dan mengontrol gula darahnya. Jika kontrol gula darah buruk, maka ada komplikasi jangka panjang yang mungkin akan muncul. Seperti stroke, penyakit jantung, gagal ginjal, kerusakan syaraf, penyakit pembuluh darah, hingga kebutaan. ngobroltempo"
680,934265788420177922,https://x.com/Tempo_Plus/status/934265788420177922,2017-11-25,ngobroltempo Diskusi kali ini akan difokuskan kepada retinopati diabetik yang merupakan komplikasi dari penyakit diabetes.
681,935048043304546304,https://x.com/ellrey/status/935048043304546304,2017-11-27,Punya Penyakit Diabetes? Yuk Kenali Tipe Diabetes yang Sudah Dikenal Se-Dunia!
682,935133996228395008,https://x.com/m_ekosetiawan/status/935133996228395008,2017-11-27,"Salah satu indikasi pentingnya tindakan promosi preventif karena penyakit2 non menular yg makin meningkat. Hipertensi, diabetes dapat memicu menjadi penyakit lain yg lebih berat, contohnya penyakit jantung temubloggerdinkessmg germasdinkessmg"
683,934972835600072704,https://x.com/Bisniscom/status/934972835600072704,2017-11-27,Alasan Obat Kumur Bisa Picu Penyakit Diabetes
684,935398978144821249,https://x.com/EkaHospital/status/935398978144821249,2017-11-28,"Ayo ikut seminar Cegah Risiko Penyakit Jantung, Stroke dan Diabetes di Usia Muda Eka Hospital BSD. Sabtu, 9 Desember 2017. Informasi lebih lanjut: Customer Eka Hospital BSD (021) 25655555 ext 11000 WA/SMS: Marketing 08811195555. cc"
685,935708590542696450,https://x.com/nuryantidewi78/status/935708590542696450,2017-11-29,Diabetes mrpk ibu dari semua penyakit tidak menular WDD2017 infocihuy
686,935751186648633345,https://x.com/DKinIndonesia/status/935751186648633345,2017-11-29,"Suatu kehormatan untuk membuka konferensi diabetes di Jakarta, berbagi pengalaman ttg bagaimana Denmark menjadi pelopor dalam mencegah dan mengobati penyakit gaya hidup. dkbiz"
687,935746564668182531,https://x.com/WindahTsu/status/935746564668182531,2017-11-29,Jadi penyakit diabetes sulit untuk dihindari WDD2017 infocihuy
688,935725955867398145,https://x.com/hananoyuri/status/935725955867398145,2017-11-29,Perubahan trend penyakit di Puskesmas. Diabetes jadi yang nomor 5 WDD2017
689,935723931306250241,https://x.com/Malihadafi/status/935723931306250241,2017-11-29,Dr tahun ketahun bhw penyakit Diabetes Melitus mengalami kenaikan dan adanya perubahan trend penyakit WDD2017 infocihuy
690,935718545471700992,https://x.com/hananoyuri/status/935718545471700992,2017-11-29,"Kenapa diabetes dibilang ""ibu"" dari penyakit, alasannya karena ini nih WDD2017"
691,935717900555554821,https://x.com/Meilanidh1/status/935717900555554821,2017-11-29,Yuk waspada! Diabetes menjadi penyakit yang menyebabkan kematian No. 3 setelah stroke dan jantung. AktifitasCihuy WDD2017
692,935713929409462272,https://x.com/KemenkesRI/status/935713929409462272,2017-11-29,"Menkes bersama Sesjen Kemenkes, Dirjen p2p dan Perdana Menteri Denmark pada peluncuran program indonesia mampu sejak dini untuk memberantas penyakit diabetes melitus di Hotel Rizt Carlton, Jakarta (29/11)"
693,935709855574196229,https://x.com/teeadnu/status/935709855574196229,2017-11-29,Perempuan dg penyakit diabetes menjadi urutan ke 9 di dunia anggka kematian WDD2017
694,935709323300179968,https://x.com/nona_melinda_/status/935709323300179968,2017-11-29,Dari tahun ke tahun penyakit Diabetes mengalami peningkatan di seluruh dunia Berikut ini adalah dampak diabetes yang perlu di wasapadai! WDD2017
695,935708898929111041,https://x.com/hananoyuri/status/935708898929111041,2017-11-29,"Karena menurut Dr. Subuh dari Dirjen Pencegahan dan Pengendalian Penyakit, Indonesia masuk ke peringkat 6 penderita Diabetes di seluruh Indonesia WDD2017"
696,935708073955540994,https://x.com/TatiSuherman/status/935708073955540994,2017-11-29,Diabetes merupakan ibu dari penyakit tidak menular WDD2017 infocihuy
697,935707949850271744,https://x.com/Malihadafi/status/935707949850271744,2017-11-29,Indonesia menduduki peringkat ke- 6 dalam penyakit Diabetes WDD2017 infocihuy
698,935708254784569345,https://x.com/achi_hartoyo/status/935708254784569345,2017-11-29,Diabetes adl ibu dr penyakit tdk menular WDD2017 infocihuy
699,935707597734232064,https://x.com/hello_fika/status/935707597734232064,2017-11-29,Padahal penyakit diabetes ini bisa DICEGAH dan diobati bila diketahui lebih dini WDD2017 infocihuy
700,935678667249684480,https://x.com/bloggercrony/status/935678667249684480,2017-11-29,"Btw, sambil beraktifitas, teman-teman pantengin Twitter dengan tagar WDD2017, yuk! Hari ini teman-teman BloggerCrony hadir di Simposium Nasion Kemenkes terkait Hari Diabetes Dunia. . . Penyakit diabetes adl penyakit tidak menular, tapi bisa mengenai siapapun termasuk anak-anak."
701,935698447969107970,https://x.com/TatiSuherman/status/935698447969107970,2017-11-29,Diabetes militus sbg induk penyakit diperlukan mendpt perhatian lebih WDD2017 dan Kemenkes_RI infocihuy
702,935698457976700928,https://x.com/hello_fika/status/935698457976700928,2017-11-29,Diabetes adalah induk dari penyakit bisa menyebabkan kardiovaskular dan gagal ginjal wdd2017
703,935707704877662208,https://x.com/abidwidia/status/935707704877662208,2017-11-29,Dengan di luncurkannya program Indonesia Mampu ini diharapkan masyarakat lebih waspada thd penyakit diabetes&amp; hipertensi WDD2017
704,935699185642323969,https://x.com/Meilanidh1/status/935699185642323969,2017-11-29,"Diabetes itu induk segala penyakit. Jantung koroner, ginjal dan sebagainya. AktifitasCihuy WDD2017"
705,935699664086564864,https://x.com/oprimadi/status/935699664086564864,2017-11-29,"Diabetes ibu nya penyakit. Harus dimulai merubah gaya hidup, kalau sudah berlanjut utk berobat akan menjadi mahal."
706,935698458622672896,https://x.com/ovianty674/status/935698458622672896,2017-11-29,"Diabetes mellitus, ibu dari penyakit. Karena diabetes merupakan induk penyakit WDD2017"
707,935699745456078848,https://x.com/nuryantidewi78/status/935699745456078848,2017-11-29,Diabetes menjadi salah satu penyakit yg cukup menakutkan WDD2017 infocihuy
708,935706029995606016,https://x.com/teeadnu/status/935706029995606016,2017-11-29,Peluncuran program Indonesia mampu sejak dini untuk memberantas penyakit diabetes millitus WDD2017
709,935706371080589314,https://x.com/ovianty674/status/935706371080589314,2017-11-29,Diabetes salah satu penyakit terbanyak di Indonesia WDD2017
710,935707452791652352,https://x.com/hello_fika/status/935707452791652352,2017-11-29,Kerugian krn penyakit diabetes ini paling besar WDD2017 infocihuy
711,935699664480780288,https://x.com/hananoyuri/status/935699664480780288,2017-11-29,"Dari banyaknya penyakit, menurut ibu Menteri, Diabetes merupakan ""ibu"" dari penyakit WDD2017"
712,936025342875070464,https://x.com/G3Creator/status/936025342875070464,2017-11-30,"Sedikitnya ada 9 penyakit katastropik seperti jantung,stroke,diabetes,kanker, ginjal, hepatitis, thalasemia,leukemia, hemofilia bs dg JKN"
713,936035303436959744,https://x.com/nufayusof/status/936035303436959744,2017-11-30,Kesian siapa yang tengok gambar akad nikah fattzura . Terus dapat penyakit diabetes. Fuhhh.
714,936135481246355457,https://x.com/okezonenews/status/936135481246355457,2017-11-30,Ibu Hamil Diabetes Berisiko Tinggi Lahirkan Bayi dengan Penyakit Jantung Bawaan
715,936290410145525760,https://x.com/herbalcenterori/status/936290410145525760,2017-11-30,"Tahukah Anda, makan mie dengan nasi sangat tidak baik bagi tubuh kita, berakibat timbulnya penyakit diabetes atau penyakit kencing manis."
716,936414556171194369,https://x.com/NulifeID/status/936414556171194369,2017-12-01,"Sama seperti diabetes, kalau ada kerabat yang terkena penyakit HIV Aids sebaiknya jangan dijauhi tapi disemangati untuk sembuh!"
717,936479021470289920,https://x.com/HelloSehat/status/936479021470289920,2017-12-01,"Kenapa Orang Dengan HIV/ AIDS (ODHA) Perlu Cek Diabetes? - Penyakit AIDS disebabkan oleh HIV, yaitu human immunodeficiency virus, yang menyerang sistem kekebalan tubuh (imun). Orang dengan HIV/ AIDS (ODHA) perlu menjalani pengobatan seumur hidup untuk."
718,936979479880232960,https://x.com/santanyarken/status/936979479880232960,2017-12-02,"ATHEROSCLEROSIS, Penderita Tekanan Darah Tinggi, Diabetes, Obesitas Beresiko Terserang Penyakit Ini ."
719,937184626711203840,https://x.com/NGIndonesia/status/937184626711203840,2017-12-03,"Studi terbaru menemukan bahwa menambahkan kenari dalam menu diet dapat membantu mencegah beragam penyakit seperti kelainan kardiovaskular, kanker, dan diabetes."
720,937266206272208896,https://x.com/noor_dhiah/status/937266206272208896,2017-12-03,"Kebanyakan cewek terkena penyakit diabetes karna sering kemakan janji"" manis tapi palsu,,"
721,937124481151025153,https://x.com/sementigaroda/status/937124481151025153,2017-12-03,"Selamat pagi! Kegiatan berkebun dpt mjd slh satu kegiatan alternatif untuk menyehatkan tubuh di minggu pagi lho! Berkebun dipercaya dpt membakar kalori, mengurangi resiko stress, mengurangi migrain &amp; mencegah penyakit berat spt jantung &amp; diabetes melitus. Berkebun yuk!"
722,937502196953882624,https://x.com/Bandung_Dinkes/status/937502196953882624,2017-12-04,Selamat pagi warga Bandung. Yuk atur pola makan kita agar terbebas dari penyakit tidak menular seperti diabetes. SeninTanpaNasi
723,937531031099293696,https://x.com/ahsantany/status/937531031099293696,2017-12-04,"5 Karena Diabetes adalah penyakit yang belum dapat disembuhkan, keempat pilar tadi harus dilaksanakan terus menerus dengan konsisten sepanjang usia, selama hayat masih dikandung badan."
724,937532164966563840,https://x.com/Pakdezaki/status/937532164966563840,2017-12-04,"Dgn adanya obat ARV, HIV/AIDS telah menjadi penyakit kronis. Sama seperti penyakit diabetes &amp; darah tinggi. Menggunakan obat sepanjang hidupnya, sehingga tingkat kesehataannya bisa dikontrol. SayaBeraniSayaSehat"
725,937545198438985729,https://x.com/spmedia_jbg/status/937545198438985729,2017-12-04,Informasi seputar penyakit Diabetes. Baca untuk mencegah sedini mungkin terindikasi penyakit tersebut
726,938194367616991233,https://x.com/Bisniscom/status/938194367616991233,2017-12-05,Makan Kacang Kurangi Risiko Penyakit Jantung dan Diabetes
727,938071237862891520,https://x.com/SiungNara/status/938071237862891520,2017-12-05,"""Penyakit 3 serangkai"" very prevalence in Malaysia. Hypertension + Diabetes + Hyperlipidemia. Ubatnya pun akan berangkai2. Complication nya pun juga."
728,938170355876638722,https://x.com/herbalcenterori/status/938170355876638722,2017-12-05,Olahraga penting bagi kesehatan terutama kesehatan jantung cegah diabetes stroke dll. Kurang olahraga dapat menumpuk penyakit infosehat
729,937885004092149760,https://x.com/radar_malang/status/937885004092149760,2017-12-05,"17 Tahun Melawan Penyakit Diabetes, Seniman Spaghetti Berpulang Radar Bali"
730,937879232482611200,https://x.com/BOMBBOOGIEjeans/status/937879232482611200,2017-12-05,"Terlalu sering konsumsi minuman diet bersoda dapat memgakibatkan sakit kepala. Selain itu, kamu bisa menjadi lebih gemuk, sehingga risiko terkena berbagai penyakit, seperti darah tinggi dan diabetes meningkat bombboogie"
731,937885033351618560,https://x.com/radar_malang/status/937885033351618560,2017-12-05,"17 Tahun Melawan Penyakit Diabetes, Seniman Spaghetti Berpulang Sinergi Jawa Pos"
732,938197616172478464,https://x.com/FitRadioSMG/status/938197616172478464,2017-12-06,"Sejak dulu, susu dikenal dengan kandungan kalsium yang berkhasiat untuk pertumbuhan dan mencegah tulang mengalami kerapuhan. konsumsi susu juga bisa mencegah terkena penyakit tidak menular (PTM) seperti diabetes dan penyakit jantung."
733,938278281572487168,https://x.com/thepopoh/status/938278281572487168,2017-12-06,bukan kapasitas gua sih bang untuk bilang boleh atau nggak. gua belum tau apa2 tentang diabetes. Tapi silahkan aja bang selagi itu baik buat beliau. Semoga cepet sembuh ibunya bang. Penyakit bisa ilang kalo penderitanya bahagia terus.
734,938283135019732992,https://x.com/kontenwow/status/938283135019732992,2017-12-06,"Pada pria di bawah 40 tahun yang mengalami kebotakan dan uban menjadikan risikonya lebih besar yakni lima kali lipat terkena penyakit jantung. . Sementara diabetes mellitus, hipertensi, obesitas, dislipidaemia, dan merokok menjad"
735,938419905107341313,https://x.com/naiemzamari/status/938419905107341313,2017-12-06,Pengambilan gula yang berlebihan akan menyebabkan penyakit diabetes mellitus
736,938446003945877504,https://x.com/liputan6dotcom/status/938446003945877504,2017-12-06,"Diabetes, Penyakit Tertinggi Kelima yang Diderita Warga Bandung"
737,938723797896609793,https://x.com/SamNugrohoo/status/938723797896609793,2017-12-07,UpdateBlog Mari kita CERDIK hadapi risiko penyakit diabetes
738,938739153843261442,https://x.com/kompasiana/status/938739153843261442,2017-12-07,Cerdik Hadapi Risiko Penyakit Diabetes
739,938707574425137152,https://x.com/nyokabar/status/938707574425137152,2017-12-07,Rutin Minum Susu Mengurangi Risiko Diabetes dan Penyakit Jantung
740,938674589650927616,https://x.com/Desty007/status/938674589650927616,2017-12-07,"c. Fitur Skrining, bertujuan untuk mendeteksi gejala penyakit kronis seperti diabetes melitus, hipertensi, ginjal kronik, dan jantung koroner. Untuk mengetahui potensi risiko kesehatan, peserta terlebih dulu harus menjawab 47 pertanyaan yang ada di fitur tersebut. SehatdgnJKN"
741,938679354405486592,https://x.com/syawal/status/938679354405486592,2017-12-07,"PAU2017 ada bangkit &amp; bincangkan isu kesihatan: obesity, penyakit jantung, diabetes, cancer etc ? sesiapa? sokong sodatax readmore -&gt; epidemic"
742,938694754602119168,https://x.com/agarcepattinggi/status/938694754602119168,2017-12-07,Penyakit Diabetes Merupakan Jenis Penyakit Yang Bisa Menyerang Seorang Remaja Yang Tidak Mengontrol Pola Makan Dan Jarang Berolahraga.
743,939033306540081153,https://x.com/FitRadioSMG/status/939033306540081153,2017-12-08,"hasil meta-analisis terhadap 22 penelitian tahun 2016 juga menyebutkan asupan susu yang tepat dapat menurunkan risiko obesitas dan diabetes. Menurut penjelasan ahli gizi Dr.Marudut, manfaat susu terhadap penyakit tidak menular didapatkan karena kandungan asam lemaknya."
744,939067037497937920,https://x.com/marikitasehat/status/939067037497937920,2017-12-08,"Diabetes Tipe-1 pun tergolong dalam penyakit autoimun. Serta hati-hati juga terhadap Multiple Sclerosis yang dapat menyebakan lumpuh, Sob! LetsCheckUp"
745,939068101177630720,https://x.com/kompasiana/status/939068101177630720,2017-12-08,Populer Cerdik Hadapi Risiko Penyakit Diabetes
746,939412403476865026,https://x.com/FAMA_Malaysia/status/939412403476865026,2017-12-09,"Pisang adalah buah-buahan tempatan yang kaya dengan khasiat tinggi bagi kesihatan kami. Jadi, ia bukan sahaja menjauhi anda dari risiko penyakit jantung, diabetes tetapi juga menghindari dari sindrom metabolism yang tak baik bagi kesihatan. famadihatirakyat tn50 nbos"
747,939731283529293825,https://x.com/WasikBarlaman/status/939731283529293825,2017-12-10,kenapa perlu menghindari osteoporosis karena menurut penelitian orang osteoporosis akan lebih sering bertemu dengan dokter dan rs dibandingkan penyakit jantung dan diabetes
748,939746385494024192,https://x.com/makansehatkuy/status/939746385494024192,2017-12-10,"Siapa sih yang gak tau penyakit diabetes? Yap! Penyakit ini sering kali menyerang remaja, dewasa, maupun orang tua. Gula atau glukosa sangat penting untuk tubuh kita karena gula merupakan sumber energi untuk otak. HealthyFacts"
749,939746439869038592,https://x.com/makansehatkuy/status/939746439869038592,2017-12-10,"Penyakit ini terjadi karena adanya kadar gula tinggi di dalam tubuh kita. Biasanya orang yang terkena diabetes, terlalu banyak mengkonsumsi makanan atau minuman yang banyak mengandung gula seperti teh manis, kue-kue manis, biskuit, permen, jus buah yang mengandung pemanis buatan,"
750,939747285490999297,https://x.com/makansehatkuy/status/939747285490999297,2017-12-10,"Penyakit diabetes ini juga bisa berdampak pada gangguan fungsi mata, ginjal, stroke, meningkatkan resiko serangan jantung, dan lainnya. Penderita diabetes biasanya disarankan untuk cek kadar gula darah secara rutin dan sangat di sarankan untuk mengkonsumsi makanan buatan sendiri."
751,939835664719319041,https://x.com/PantangDiet/status/939835664719319041,2017-12-10,"KEGEMUKAN - Udah pasti lebih rawan sakit penyakit utamanya; - Diabetes, serangan jantung &amp;"
752,939917703837396993,https://x.com/pelangsing_jos/status/939917703837396993,2017-12-10,"Hati-hati, sering merasa ngantuk walaupun sudah cukup istirahat bisa jadi merupakan gejala penyakit anemia, diabetes, atau gangguan jantung."
753,940159382477791232,https://x.com/sehatfresh/status/940159382477791232,2017-12-11,"Nutrisi - Tidak sedikit diantara kita memiliki gula darah yang berlebihan, sehingga menimbulkan penyakit diabetes. Simak! Berikut ulasan tentang khasiatnya brokoli"
754,940359012884758529,https://x.com/soiyey/status/940359012884758529,2017-12-11,Indonesia NOW (1 dari 3 orang berbadan gemuk) 1 dari 7 orang mengalami Diabetes 1 dari 8 orang berpenyakit jantung dan pembuluh darah 1 dari 20 orang terkena Kanker. dan 1 dari 2 orang terkena salah satu dari ketiga penyakit mematikan itu. Ngeriiii.
755,940724849634246658,https://x.com/bppmhkp_jogja/status/940724849634246658,2017-12-12,"13/12 Pagi SobatKIPM Tau Ikan Gabus kan, Ternyata dagingnya mampu meningkatkan kadar albumin dlm darah &amp; membantu menyembuhkan beberapa penyakit spt kanker, stroke, gagal ginjal, diabetes sampe pengobatan pasca operasi OneHealthKIPM"
756,941168325052084224,https://x.com/Desty007/status/941168325052084224,2017-12-14,"Gadget membuat anak malas bergerak dan mengakibatkan obesitas, resiko penyakit hantung dan diabetes SKMbukansusu Gizitumbuhkembanganak BijakkonsumsiSKM"
757,941627847205982208,https://x.com/Febyfiona/status/941627847205982208,2017-12-15,"Yah ini yah masyarakat Jabr dan Jateng, pelajaran! Biasanya yg terlalu manis itu malah bikin penyakit. Diabetes misalnya"
758,941680923401109504,https://x.com/ZULKIFL00822956/status/941680923401109504,2017-12-15,Segera akan kita buat seminar dgn Thema : adakah hubungan Peredaran Gula Rafinasi dengan meningkat nya Penderita Penyakit diabetes saat ini. DPP APEGTI SUMATERA UTARA
759,942296034285195265,https://x.com/drwanazizah/status/942296034285195265,2017-12-17,"Ziarah Pak Cik Mohd Nor Harun di Kg Petani, Permatang Pasir yang mengidap penyakit diabetes.berikan sedikit."
760,942322817785217024,https://x.com/Ratu_Andhara/status/942322817785217024,2017-12-17,WASPADA ! Wanita paling beresiko terkena penyakit diabetes. Karena sering menelan janji janji manis !
761,942325943284121600,https://x.com/CahyaCez/status/942325943284121600,2017-12-17,WASPADA ! Lelaki paling beresiko terkena penyakit diabetes. Karena sering melihat yang manis-manis !
762,942932997887557633,https://x.com/tribunnews/status/942932997887557633,2017-12-19,"Jarang Disadari, Ternyata Daun Mangga Bisa Atasi 8 Penyakit, Termasuk Diabetes hingga Batu Ginjal via"
763,943467271091052545,https://x.com/swaragamafm/status/943467271091052545,2017-12-20,"Makan nasi sama mie itu emang kenikmatan yg hqq. Tapi tetep aja, kalo dimakan barengan tuh nggak sehat karena kebanyakan karbohidrat bisa memicu penyakit diabetes Hayooo siapa nih yg sering makan mie pake nasi? :p"
764,944201471700152321,https://x.com/destinyours/status/944201471700152321,2017-12-22,"Saya kebetulan terlahir dari keluarga yang memiliki garis keturunan penyakit diabetes dan kolesterol. Menjadi lebih aware, itu tuntutan. Saat kuliah dulu, pernah dirawat 14 hari di RS karena Hepatitis A. Dokternya sampai geleng-geleng melihat kadar bilir"
765,944879072047493120,https://x.com/karakterwow/status/944879072047493120,2017-12-24,"Menurut penelitian, jam maksimal seseorang utk duduk adl 4jam. Mereka yg duduk lbh lama, rawan trkena penyakit kanker, diabetes dan jantung."
766,945278642778599424,https://x.com/dishubsanuludin/status/945278642778599424,2017-12-25,Salah satu sumber penyakit adalah pikiran yg kotor akibat pikiran kotor serba tdk enak yg pada akhirnya akan menimbulkan penyakit seperti Darah Tinggi Kolestrol Diabetes Stroke dan Jantung utk itu jagalah pikiran dan hati agar selalu bersih
767,945913970413617152,https://x.com/GenJuno/status/945913970413617152,2017-12-27,"Barker mengeluarkan sebuah hipotesis yaitu asupan gizi yang lebih baik selama pengembangan dalam kandungan akan mencegah penyakit jantung, diabetes, dan stroke. Hipotesis ini dikenal dengan Hipotesis Barker CegahStunting"
768,946637169795276800,https://x.com/yukmakan/status/946637169795276800,2017-12-29,"Mengkonsumsi kangkung dapat mencegah penyakit anemia, diabetes &amp; juga dapat menjaga kesehatan jantung loh yukmakaners!"
769,946801746176815104,https://x.com/farmasetika_com/status/946801746176815104,2017-12-29,"Standar Pelayanan Medis Diabetes 2018, Rekomendasi Baru Manajemen Penyakit Kardiovaskular"
770,947289975074279431,https://x.com/kosmo_online/status/947289975074279431,2017-12-31,Allahyarham dikatakan menghidap penyakit diabetes Pahang
771,947499416063062016,https://x.com/kompasiana/status/947499416063062016,2017-12-31,"HEADLINE Dikenal sebagai salah satu silent killer, gejala penyakit diabetes memang tidak terlalu kelihatan. Jangan jumawa, lebih baik Anda cek kesehatan, terutama bila punya riwayat sakit diabetes dalam keluarga."
772,947286265677926401,https://x.com/AstraHondaCare/status/947286265677926401,2017-12-31,Bersepeda diyakini bisa meningkatkan perlindungan tubuh terhadap berbagai penyakit seperti diabetes karena membantu menurunkan berat badan.
