conversation_id_str,created_at,favorite_count,full_text,id_str,image_url,in_reply_to_screen_name,lang,location,quote_count,reply_count,retweet_count,tweet_url,user_id_str,username
2040325145882243088,Sat Apr 04 23:49:41 +0000 2026,1,@serandani Diabetes Kolesterol Asam urat,2040577577895747858,,serandani,in,,0,1,0,https://x.com/undefined/status/2040577577895747858,346017465,
2040576217355886693,Sat Apr 04 23:45:58 +0000 2026,0,Padahal hasil guldar tinggi belom tentu diabetes kan? Siapa tau karna pengaruh stress lately emak gue banyak setresnya soalnya.. ,2040576643731952071,,myloveunsang,in,,0,0,0,https://x.com/undefined/status/2040576643731952071,273288296,
2040272452396474449,Sat Apr 04 23:24:10 +0000 2026,0,@thinkboutkey diabetes tingkat 3 gasih cuss suntik insulin,2040571158421217672,,thinkboutkey,in,,0,0,0,https://x.com/undefined/status/2040571158421217672,1077622785973805056,
2040419511946637593,Sat Apr 04 20:17:20 +0000 2026,0,@zayyinmeme apasih anjr TRUS GIMANA masa minum manis ? demen diabetes lu? apa salahnya minum americano? itu sehat juga kalau ga over kok sesajen aja kopi item pait,2040524140894126548,,zayyinmeme,in,,0,0,0,https://x.com/undefined/status/2040524140894126548,1679160842947018753,
2040425610414280852,Sat Apr 04 19:49:03 +0000 2026,0,@anfess_ Bukan season 2 inimah tpi diabetes stage 2,2040517022082310415,,anfess_,in,,0,0,0,https://x.com/undefined/status/2040517022082310415,1962721970,
2040504232802209989,Sat Apr 04 18:58:14 +0000 2026,3,udah ga kuat nonton veil of shadow diabetes aku kumat langsung manis bangetttt longshen sama wuyi ,2040504232802209989,,,in,,0,0,0,https://x.com/undefined/status/2040504232802209989,1897413943,
2040489686779453553,Sat Apr 04 18:22:40 +0000 2026,4,@__Sharyf 3firi banku nu aa medi anadwo 9pm 3ny3 diabetes type 2 biaa,2040495280202662103,,__Sharyf,in,,0,3,0,https://x.com/undefined/status/2040495280202662103,1646276253345882112,
2040489417790599393,Sat Apr 04 17:59:22 +0000 2026,1,egk nyangka jujur kk biasanyA buat au yg manis imut gemas diabetes tapi skrng au nya ️ he/him (TAKUT ),2040489417790599393,,,in,,0,1,0,https://x.com/undefined/status/2040489417790599393,1905539195508326402,
2040480672016630239,Sat Apr 04 17:24:37 +0000 2026,1,Sekarang sudah ga perlu repot lagi nyampurin kopi dengan susu ganti susu nya sama whipcream jadi deh 1 sachet ini plus ini juga aman buat penderita diabetes dan ini low carbs kamu ga perlu takut langsung co aja https://t.co/Jn4WwlVV7D https://t.co/rfJkMYDfoE,2040480672016630239,https://pbs.twimg.com/media/HFE-WncacAMLpus.jpg,,in,,0,0,0,https://x.com/undefined/status/2040480672016630239,232516752,
2040480616354128070,Sat Apr 04 17:24:23 +0000 2026,0,Tolonglah baru episode 1 udah diabetes.,2040480616354128070,,,in,,0,0,0,https://x.com/undefined/status/2040480616354128070,102597257,
2040476384590741806,Sat Apr 04 17:07:34 +0000 2026,2,Jangan ditatap nanti kamu diabetes https://t.co/8comTU2fq3,2040476384590741806,https://pbs.twimg.com/media/HFE6cxCa8AANDxd.jpg,,in,,0,0,0,https://x.com/undefined/status/2040476384590741806,1563146449374052352,
2039946960137048116,Sat Apr 04 16:44:17 +0000 2026,0,@halupulisi diabetes seneng ini,2040470524065956004,,halupulisi,in,,0,0,0,https://x.com/undefined/status/2040470524065956004,2015107413020729344,
2040467029334151315,Sat Apr 04 16:30:27 +0000 2026,0,Daaannn yang terpenting!!! Gak ada drama menyebalkan antara MC dan ML dari awal cerita sampaiiiii akhir cerita MANISSS BANGET. Diabetes dah lu.,2040467043993124976,,matchaaaaaaaluv,in,,0,1,0,https://x.com/undefined/status/2040467043993124976,1544624336677797890,
2040465491568013574,Sat Apr 04 16:24:17 +0000 2026,0,my diabetes gue anjir lupa nonton ,2040465491568013574,,,in,,0,0,0,https://x.com/undefined/status/2040465491568013574,1103301894842179584,
2040454177105780956,Sat Apr 04 15:51:16 +0000 2026,0,@_iichel asal ga batuk sm diabetes aman aja wkwkwk,2040457181481644288,,_iichel,in,,0,1,0,https://x.com/undefined/status/2040457181481644288,1407592240369655814,
2040105175084605512,Sat Apr 04 15:46:41 +0000 2026,2,@muhammadfezapt2 @imedverse @HarvardHealth @Harvard @harvardmed @HarvardChanSPH Ini ringkasannya: Artikel ini (dari jurnal The Innovation Nutrition tim Harvard dll.) bahas perspektif epidemiologi soal konsumsi kopi &amp; teh vs penyakit kronis (diabetes tipe 2 jantung stroke kanker liver dementia dll.). Kesimpulan utama: Buat kebanyakan orang dewasa,2040456027301093599,,muhammadfezapt2,in,,0,0,0,https://x.com/undefined/status/2040456027301093599,1720665183188922368,
2040427967080542560,Sat Apr 04 15:27:03 +0000 2026,0,@desertcanewife Kangen ortrei banyak banyak... Jika ortrei adalah sirup aku akan menjadi diabetes...,2040451088055492847,,desertcanewife,in,,0,0,0,https://x.com/undefined/status/2040451088055492847,1621536354244104193,
2040415885098459645,Sat Apr 04 15:25:11 +0000 2026,0,@redcliffelab A. Diabetes Risk City- Shri Ganganagar #ContestAlertIndia #HealthAwareness #CityHealth #PublicHealthIndia #GiveawayIndia @redcliffelab @inikavinash @SonaliNandy8 @JayParmarGJ3 @pratikvaja05 @gurdeepradio,2040450615441285581,,redcliffelab,in,,0,0,0,https://x.com/undefined/status/2040450615441285581,1694690249866403840,
2040815330071810511,Sun Apr 05 23:51:52 +0000 2026,0,@ausreadd Ga pak saya diabetes : aman sih,2040940516871983121,,ausreadd,in,,0,0,0,https://x.com/undefined/status/2040940516871983121,2004459216250327045,
2040805696401453117,Sun Apr 05 23:48:08 +0000 2026,0,@waw_keken Otw diabetes wkwk,2040939577712714165,,waw_keken,in,,0,0,0,https://x.com/undefined/status/2040939577712714165,1467062579579146242,
2040745336902431159,Sun Apr 05 22:44:21 +0000 2026,0,@minatozsna Tapi kaka manis yang sehat anti diabetes ga sih? Kaka manis yang bikin happy kan? Mauuuuu tapi mam eskrimnya sama kaka ya? ,2040923525754863902,,minatozsna,in,,0,0,0,https://x.com/undefined/status/2040923525754863902,1591793633623408642,
2040815330071810511,Sun Apr 05 22:21:07 +0000 2026,0,@ausreadd BLNG AJA PUASA MAKANAN MANIS DISURUH DOKTER KRENA AD RIWAYAT DIABETES WKWKWKW,2040917679029301533,,ausreadd,in,,0,1,0,https://x.com/undefined/status/2040917679029301533,1457271303505780738,
2040914153754570958,Sun Apr 05 22:07:07 +0000 2026,0,Hidup Sehat Untuk Penderita Darah Tinggi dan Diabetes https://t.co/x7uc6W5IB7,2040914153754570958,,,in,,0,0,0,https://x.com/undefined/status/2040914153754570958,23786106,
2039307460146860233,Sun Apr 05 18:49:04 +0000 2026,0,@Joshuau Hati hati kak takut diabetes.. GAK PERNAH TAH HIBERNASI? Kamu harus cobain sih tidur 18 jam sehari kaya semua ngantuk seumur hidup kamu hilang seketika. Team dua duanya kalau udah pegel naik gunung baru mancing kraken ️ apakah kakak teman seperbocilan roblox juga?,2040864314404511958,,Joshuau,in,,0,0,0,https://x.com/undefined/status/2040864314404511958,777525043,
2040844763352678564,Sun Apr 05 17:31:23 +0000 2026,0,LUCUBGT GW DIABETES MEMBACA INI DKDPF03FO3OF9EO,2040844763352678564,,,in,,0,1,0,https://x.com/undefined/status/2040844763352678564,2027357747491356672,
2040842704700244317,Sun Apr 05 17:23:47 +0000 2026,1,⏳ 16. Mending diabetes apa sesek krn dicekik abang sendiri? https://t.co/pezGtHybvF,2040842852327186756,https://pbs.twimg.com/media/HFKHwgOaYAAeAP8.jpg,SOME_0NEXNE,in,,0,1,0,https://x.com/undefined/status/2040842852327186756,1452899911662333961,
2040829990514942199,Sun Apr 05 17:07:42 +0000 2026,0,@Sardennk Mbk kga diabetes iya,2040838805738115142,,Sardennk,in,,0,0,0,https://x.com/undefined/status/2040838805738115142,1516514352333209601,
2040837445936435626,Sun Apr 05 17:02:23 +0000 2026,10,Aku spill yaaa.. pastikan beli di toko yang terpercaya. Biar gak ilang masukin keranjang biar gak nyari lagi 1. Li liang : diabetes hipertensi ️ https://t.co/L5hUxglnQc 2. Zhi wu : asam urat nyeri sendi ️ https://t.co/WMVAxVbRE2,2040837466543054986,,elenarenoa,in,,0,1,2,https://x.com/undefined/status/2040837466543054986,1691310275004416000,
2040837445936435626,Sun Apr 05 17:02:18 +0000 2026,3113,GUYSS... TERNYATA OBAT CINA TUH BANYAK YANG AMPUH DAN SELALU DICARI ORANG ‼️ Catetttt 1. Li liang : diabetes kencing manis Hipertensi 2. Zhi wu : asam urat nyeri sendi 3. Fufang : demam badan lemas trombosit 4. Zhiyang : gatal alergi 5. Chang Seuw Tian: kanker tumor https://t.co/tqXYFsCq0T,2040837445936435626,https://pbs.twimg.com/media/HFKC1XIbQAAOzYG.jpg,,in,,14,61,980,https://x.com/undefined/status/2040837445936435626,1691310275004416000,
2040817916384587778,Sun Apr 05 16:45:27 +0000 2026,0,@animelvr65 manis apalagi beneran pas ciuman smbil makan permen //diabetes,2040833206426231216,,animelvr65,in,,0,1,0,https://x.com/undefined/status/2040833206426231216,1628187716512006144,
2040818953270997281,Sun Apr 05 15:48:49 +0000 2026,7,author nyutella kenapa pada nyerang?? aku diabetes kocak dipikir kuat apa baca tulisan manis kalian,2040818953270997281,,,in,,0,1,0,https://x.com/undefined/status/2040818953270997281,1635232197442682881,
2040706129072955696,Sun Apr 05 15:23:20 +0000 2026,0,@MalaysiaGazette Hang tu yg kena pi check darah kat hospital kot ade diabetes,2040812537273631216,,MalaysiaGazette,in,,0,0,0,https://x.com/undefined/status/2040812537273631216,1329664843444408327,
2040812169470832768,Sun Apr 05 15:21:52 +0000 2026,0,Pengin ke thai pgn thai tea diabetes mau pad thai,2040812169470832768,,,in,,0,0,0,https://x.com/undefined/status/2040812169470832768,1523861919362260992,
2040811096995684389,Sun Apr 05 15:17:36 +0000 2026,0,5 Gejala Tidak Umum Penyakit Diabetes pada Tubuh https://t.co/UgWiz2VPLu,2040811096995684389,,,in,,0,0,0,https://x.com/undefined/status/2040811096995684389,1318855369641263105,
2048228868134490459,Sun Apr 26 23:51:37 +0000 2026,0,@saphelune_ Kak tolong banget paksa &amp; biasain. Klo kmu tau org diabetes &amp; gagal ginjal di RS itu kasian banget kak jaga kesehatan ya all,2048550598476513398,,saphelune_,in,,0,0,0,https://x.com/undefined/status/2048550598476513398,1573278342153146368,
2048541706707185678,Sun Apr 26 23:16:17 +0000 2026,0,Ga mau ngomenin sender nya tp sender kalau kamu baca ini di kasusku bisa. Sempet nyentuh angka 73 terus diet krn takut diabetes. Olahraga : Gym jalan pagi (awalnya jalan lama2 lari) yoga Pola makan : defkal + IF. Wajib protein dan sayur Turun 11 kg dlm waktu 4 bulanan,2048541706707185678,,,in,,0,0,0,https://x.com/undefined/status/2048541706707185678,1880504482284597249,
2048327262781821020,Sun Apr 26 23:08:01 +0000 2026,0,@nexzhyui @tomyasyu @_ Jangan kebanyakan ntar diabetes ,2048539627347411363,,nexzhyui,in,,0,1,0,https://x.com/undefined/status/2048539627347411363,4667875700,
2048535956157001767,Sun Apr 26 22:53:26 +0000 2026,1,Udah tua makan mulu Diabetes mampus lu,2048535956157001767,,,in,,0,0,0,https://x.com/undefined/status/2048535956157001767,1366411742,
2048411137503638002,Sun Apr 26 21:53:22 +0000 2026,0,@27_CESTHERINA YAHKAN DIABETES,2048520839386300757,,27_CESTHERINA,in,,0,1,0,https://x.com/undefined/status/2048520839386300757,1971409110588600320,
2048183400021025002,Sun Apr 26 20:53:08 +0000 2026,2,@FuhHusain @Segagoreng1107 @deemaz85 Makanan malaydesh hanya dimakan oleh pelacur pelacur anjing ber IQ rendah Kepalanya diamputasi kerana diabetes ,2048505680529871190,,FuhHusain,in,,0,1,0,https://x.com/undefined/status/2048505680529871190,2029996598995099649,
2048183400021025002,Sun Apr 26 20:50:53 +0000 2026,2,@FuhHusain @Warhead_std @deemaz85 malonte makanan busuk diabetes macam ais kepal malay bangang bau kote,2048505117251645513,,FuhHusain,in,,0,0,0,https://x.com/undefined/status/2048505117251645513,2029996598995099649,
2048424763765518706,Sun Apr 26 18:48:39 +0000 2026,1,@ronnyhenk1 Diabetes ya pemicu paling besarnya?,2048474352119841269,,ronnyhenk1,in,,0,1,0,https://x.com/undefined/status/2048474352119841269,704569259158974464,
2048305661545677191,Sun Apr 26 18:43:07 +0000 2026,0,@Manduaddictxy dulu ga suka banget sama air putih sampe waktu kelas 2 SMA kaki kanan sakit se sakit sakit nya waktu di bawa ke dokter perkiraan aku kena asam urat atau neuropati diabetik dan kebetulan juga nenek aku punya riwayat diabetes. semenjak kejadian itu kapok banget,2048472963448709124,,Manduaddictxy,in,,0,0,0,https://x.com/undefined/status/2048472963448709124,1303298090242174976,
2047680323039990013,Sun Apr 26 18:08:32 +0000 2026,0,@yutactz sambil minum obat aja biar ga diabetes,2048464259143872895,,yutactz,in,,0,1,0,https://x.com/undefined/status/2048464259143872895,3273820135,
2048252903815774568,Sun Apr 26 18:04:27 +0000 2026,0,@shrutammegopaya Majdoornka ka khana kayenge aur phir activity nhi karenge toh sabko bp nahintoh diabetes hoga,2048463231845597556,,shrutammegopaya,in,,0,0,0,https://x.com/undefined/status/2048463231845597556,1501239520892649474,
2048460379681116647,Sun Apr 26 18:03:53 +0000 2026,2,@abid0588 Sakit Diabetes komplikasi jantung dan saraf. Klo lagi kumat telapak kaki sakit buat berjalan ( clekit2 kesemutan kebas2),2048463089998438654,,abid0588,in,,0,1,0,https://x.com/undefined/status/2048463089998438654,1803816737831559168,
2048460656312291455,Sun Apr 26 17:56:44 +0000 2026,0,@cciwowo aku papa diabetes (amit2). laku nggak?,2048461290071630270,,cciwowo,in,,0,1,0,https://x.com/undefined/status/2048461290071630270,1958364166789705728,
2048450442854908133,Sun Apr 26 17:20:12 +0000 2026,1,Jaga tubuh Anda dengan baik karena kesehatan adalah aset paling berharga. Selamat menikmati musim hujan yang sehat dan penuh energi! Jika Anda memiliki kondisi kesehatan khusus (diabetes autoimun dll) konsultasikan dulu dengan dokter atau ahli gizi sebelum mengubah pola,2048452093862932786,,Linneaize_,in,,0,0,0,https://x.com/undefined/status/2048452093862932786,1933827116212400128,
2048318664630583657,Sun Apr 26 16:49:09 +0000 2026,1,@Indemosyd Jedi Jedi or diabetes,2048444281434542084,,Indemosyd,in,,0,0,0,https://x.com/undefined/status/2048444281434542084,1649730627086761984,
2048441653065822651,Sun Apr 26 16:38:42 +0000 2026,0,Sejak ibuku kena diabetes bbrp thn yg lalu aku jadi rajin minum air putih minimal 2 ltr/ hari. Makin dewasa makin tau air putih sepenting itu buat kesehatan. Sehat itu MAHAL coy. Karna kalo udh sakit tuh rasanya ngga enak bgt,2048441653065822651,,,in,,0,0,0,https://x.com/undefined/status/2048441653065822651,2037195562043531267,
2048305661545677191,Sun Apr 26 16:29:16 +0000 2026,0,@bitnaon @Manduaddictxy kakkkk ayoo periksaaa ini udahh bisa jadi indikasi awal antara diabetes atau gangguan ginjal better now than later kakk ,2048439278443839931,,bitnaon,in,,0,0,0,https://x.com/undefined/status/2048439278443839931,1125267784940736512,
2048436886570664325,Sun Apr 26 16:19:46 +0000 2026,0,real kalau abis minum es teh atau kopi lgsg mikir ni ginjal gue aman ga ya. diabetes ngga ya,2048436886570664325,,,in,,0,0,0,https://x.com/undefined/status/2048436886570664325,1825884199334850562,
2045623410206843303,Sat Apr 18 22:00:01 +0000 2026,1,Miris! Diabetes Bukan Lagi Penyakit Orang Tua https://t.co/YeYiplpCme,2045623410206843303,,,in,,0,0,1,https://x.com/undefined/status/2045623410206843303,132078023,
2045367807106535625,Sat Apr 18 21:43:07 +0000 2026,1,@GoodRecom Ky budeku di lehernya item banyak kutil gitu dan bener diabetes,2045619159128838526,,GoodRecom,in,,0,0,0,https://x.com/undefined/status/2045619159128838526,1685632322627047424,
2045367807106535625,Sat Apr 18 21:42:30 +0000 2026,0,@GoodRecom jadi diabetes tuh ga melulu kek ada keluhan gitu ya? ngeri bgt,2045619003046166581,,GoodRecom,in,,0,1,0,https://x.com/undefined/status/2045619003046166581,1485508519713730562,
2045561988521316767,Sat Apr 18 18:47:15 +0000 2026,0,@nathanarea Iya ih takut tiba tiba diabetes ,2045574898568102167,,nathanarea,in,,0,1,0,https://x.com/undefined/status/2045574898568102167,1460586262956425220,
2045153855223333119,Sat Apr 18 18:06:55 +0000 2026,52,dibawain ini sama malani tiap ruby laper tengah malem. singkat cerita malani hidupnya sehat bgt karena trauma papanya berpulang (diabetes). karena dia sayang bgt sm ruby makanya diajarin idup sehat https://t.co/LiD0LcatGt,2045564750160118066,https://pbs.twimg.com/media/HGNOTCpbMAAujH6.jpg,cutesydongren,in,,0,1,2,https://x.com/undefined/status/2045564750160118066,1863900835044012032,
2045561753506111712,Sat Apr 18 17:55:01 +0000 2026,0,qin manis bgt sih beneran yang manis takut bgt diabetes liat qin DUANG WITH YOU FINAL EP #ด้วงกับเธอตอนจบ,2045561753506111712,,,in,,0,0,0,https://x.com/undefined/status/2045561753506111712,1467126281942626305,
2045559130023448715,Sat Apr 18 17:44:35 +0000 2026,0,udah terverifkasi diabetes gue ini :) https://t.co/4KNRgGDyLP,2045559130023448715,https://pbs.twimg.com/amplify_video_thumb/2045225701104930816/img/lyBFwiE46ksCgEFW.jpg,,in,,0,0,0,https://x.com/undefined/status/2045559130023448715,1854813456773615616,
2045555859368075589,Sat Apr 18 17:31:36 +0000 2026,0,GUE TAKUT BGT DIABETES NONTON LAST EPS INI DUANG WITH YOU FINAL EP #ด้วงกับเธอตอนจบ,2045555859368075589,,,in,,0,0,0,https://x.com/undefined/status/2045555859368075589,1328948404446179333,
2045550961348022781,Sat Apr 18 17:24:05 +0000 2026,0,@ryujiean Gua ngeri diabetes buat lu aja teazzinya,2045553967422431422,,ryujiean,in,,0,1,0,https://x.com/undefined/status/2045553967422431422,1251083588885295104,
2045549999275294866,Sat Apr 18 17:08:18 +0000 2026,0,makin meleleh gue dengerin vokal kyungmin kayak manis yg bikin diabetes gituu https://t.co/dyUFRTJ2C0,2045549999275294866,https://pbs.twimg.com/amplify_video_thumb/2045472395964899328/img/0NQENCr9_FeuDOw5.jpg,,in,,0,0,0,https://x.com/undefined/status/2045549999275294866,1863269637766688768,
2045546375421825095,Sat Apr 18 16:53:54 +0000 2026,0,Lemu elek. Diabetes sisan,2045546375421825095,,,in,,0,0,0,https://x.com/undefined/status/2045546375421825095,586201015,
2045422727788662828,Sat Apr 18 16:45:27 +0000 2026,0,@JDserang @OneLove4Human justru kamu kelihatan bodoh soal gak tahu apa2 asal ngomong babi tuh binatang paling bersih dia bisa bedakan posisi tempat buat makan ama beol terus hampir semua bidang kedokteran dari benang bedah pengembangan enzim hormon kayak insulin buat orang diabetes dari apa babi semua,2045544247210992025,,JDserang,in,,0,1,0,https://x.com/undefined/status/2045544247210992025,1667706977357824002,
2045544098573267319,Sat Apr 18 16:44:56 +0000 2026,0,hampir semua kota punya masalah yg sama saat ini yaitu on street parking. artinya aktifitas kemdaraan di jalan itu massif dan buruknya infrastruktur jalan kaki kita. Ngga heranlah ada anak2 remaja udah kena diabetes jantung dan PTM lainnya.,2045544118286426243,,nalfrd15,in,,0,1,0,https://x.com/undefined/status/2045544118286426243,1578619905787559936,
2045136884951924853,Sat Apr 18 16:29:56 +0000 2026,0,@nozble kasihnya semana ya? kalo kebanyakan takut diabetes u___u,2045540342272057726,,nozble,in,,0,0,0,https://x.com/undefined/status/2045540342272057726,723808842,
2045063942830227669,Sat Apr 18 16:13:45 +0000 2026,1,@Makaryo0 minuman-minuman murah itu yang bikin angka pengidap diabetes meningkat ,2045536270261399945,,Makaryo0,in,,0,0,0,https://x.com/undefined/status/2045536270261399945,1540274299,
2045531249847242767,Sat Apr 18 15:53:48 +0000 2026,1,Ribut lagi aja deh lu berdua mati diabetes gue liat kalian pacaran THE WATER BLOOMING HEART #นทีร้อยเล่ห์ตอนที่5 https://t.co/xV7AoOtCet,2045531249847242767,https://pbs.twimg.com/media/HGMv1Hwa0AAxyvV.jpg,,in,,0,0,0,https://x.com/undefined/status/2045531249847242767,1525244433544859648,
2045530394242805983,Sat Apr 18 15:50:24 +0000 2026,1,Terus masih enak nasi padang ternyata Imagine anak2 US makan cereal dgn gula setinggi kasih ibu dan warna secerah masa depan titiek suharto tiap hari. Gimana ga diabetes nation tuh. Shiting on American food culture is fine y know.,2045530394242805983,,,in,,0,1,0,https://x.com/undefined/status/2045530394242805983,1533356701227036672,
2045150816659792365,Sat Apr 18 15:49:18 +0000 2026,0,@kavlero puas sih tapi abis itu kena asam urat sama diabetes,2045530116319854890,,kavlero,in,,0,1,0,https://x.com/undefined/status/2045530116319854890,1346870418590732288,
2046978665763017068,Wed Apr 22 23:42:31 +0000 2026,0,@kdfck01 @unmagnetism ngeri nih enak bener diabetes,2047098755451920696,,kdfck01,in,,0,1,0,https://x.com/undefined/status/2047098755451920696,1320023285975842816,
2046454480284389873,Wed Apr 22 21:47:22 +0000 2026,0,@likalikulakiuwu @txtdarionlshop Nah padahal ini sama gawatnya tapi orang2 lebih aware dengan diabetes daripada hipertensi.,2047069779169861634,,likalikulakiuwu,in,,0,0,0,https://x.com/undefined/status/2047069779169861634,701383134256836609,
2047032259421823290,Wed Apr 22 19:45:47 +0000 2026,0,LBI 7/10 masih oke jawabannya ada di teks tapi opsinya agak bikin bingung. ada teks penyakit diabetes tipe 1 mikroplastik kapasitor sejarah pni puisi. puisinya jujurrr ragu smua ak..... mana ak terlalu santai ngerjain diawal jd kurang waktunya buat ngoreksi ulang ga sempet,2047039182158356664,,lfypwetty,in,,0,0,0,https://x.com/undefined/status/2047039182158356664,1865571431465234432,
2047016170193404404,Wed Apr 22 18:14:21 +0000 2026,0,Pantes ni luka bekas cakaran kucing berasa lama sembuh karena kortikosteroid toh Dah takut diabetes bjir,2047016170193404404,,,in,,0,0,0,https://x.com/undefined/status/2047016170193404404,421774009,
2047003401058472359,Wed Apr 22 17:55:22 +0000 2026,21,@mememandir Diabetes capital ? Tu bhai meme pai hee focus kar. https://t.co/tcJsbXCA8k,2047011394495930735,https://pbs.twimg.com/media/HGhx7irbwAACRST.png,mememandir,in,,0,4,0,https://x.com/undefined/status/2047011394495930735,1693326659435302912,
2046765300419625346,Wed Apr 22 17:45:44 +0000 2026,1,@DjM_46_531 Mungkin dia berpikir daripada dibilang kebelet kawin masaknya keasinan makanya ditambah gula biar diabetes. Nah klo jadi keasinan dan kemanisan artinya org diabetes yg kebelet kawin.,2047008969869434884,,DjM_46_531,in,,0,0,0,https://x.com/undefined/status/2047008969869434884,2038990727028346882,
2044760842118578177,Wed Apr 22 17:15:20 +0000 2026,0,@irisscentt NONO YA JANGAN GITUU diabetes muda kamu nantii. ,2047001319580533092,,irisscentt,in,,0,1,0,https://x.com/undefined/status/2047001319580533092,1417947433074573315,
2046556437976076645,Wed Apr 22 15:44:06 +0000 2026,1,@Goo9le_Fiv3 @noucampline Lebih bahaya Jokowi. Yang merokok tidak merokok diabetes semua menanggung akibatnya,2046978359222239478,,Goo9le_Fiv3,in,,0,0,0,https://x.com/undefined/status/2046978359222239478,131444347,
2046969058407657747,Wed Apr 22 15:07:09 +0000 2026,0,wkwkwwkwkwk lucu bgt lah mana itu momen ncity lagi chaos tiba2 diabetes allegation ,2046969058407657747,,,in,,0,0,0,https://x.com/undefined/status/2046969058407657747,1544908867951161344,
2046917182727295272,Wed Apr 22 14:40:25 +0000 2026,0,@Coeurigine aku punya dong tinggal minta ke kak carmen &lt;3 offa aku kasih satu aja ya gaboleh banyak banyak nanti diabetes https://t.co/1S2NbzaALd,2046962333755589056,https://pbs.twimg.com/media/HGhFY_zbEAA9mO8.jpg,Coeurigine,in,,0,1,0,https://x.com/undefined/status/2046962333755589056,1302777709773242368,
2046778500947071382,Wed Apr 22 14:16:20 +0000 2026,0,@americanoaddctd Yg minum kopi cup 30.000/hari itu siapa kak? Ngga takut kena lambung tuh minum kopi tiap hari apa lg kalo kopinya manis bgt diabetes tuh yg ada. Logika aja klo BBM naik bisa berimbas ke harga barang yg lain BBM naik harga kopi per-cup tdk akan 30rb lg kak. Plastik aja udh naik,2046956272361308366,,americanoaddctd,in,,0,0,0,https://x.com/undefined/status/2046956272361308366,2429397041,
2046582337056772399,Wed Apr 22 14:10:16 +0000 2026,0,@yyourcrsh Kelaperan engga diabetes yg mengunjungi nanti,2046954745143939518,,yyourcrsh,in,,0,0,0,https://x.com/undefined/status/2046954745143939518,1606088083279351808,
2046954139289100751,Wed Apr 22 14:07:52 +0000 2026,1127,Rajni: naan arasiyalku varuvathu uruthinu solli Rajni fans diabetes vara vayasu varaikum wait panni apuram rajni katchiye kalachitu oditan Kamal: kudumba arasiyal pandranga thatti kekanumnu Torch light vittu adichu deposit poyi iniku dmk kooda senthu stalin than Tamil nadukh https://t.co/nVF1AaNWBv,2046954139289100751,https://pbs.twimg.com/amplify_video_thumb/2046954080585568256/img/6qVczWleFMwV9KGd.jpg,,in,,3,6,160,https://x.com/undefined/status/2046954139289100751,819154655804538880,
2046942959837307197,Wed Apr 22 14:01:47 +0000 2026,0,@1lovechoc @fsscyb jangan diliat cla resiko diabetes,2046952611820269970,,1lovechoc,in,,0,1,0,https://x.com/undefined/status/2046952611820269970,1891439224496533504,
2046951513504075928,Wed Apr 22 13:57:25 +0000 2026,1,Ebuset diabetes tipe berapa ini??? https://t.co/DItOOhAmhF,2046951513504075928,https://pbs.twimg.com/ext_tw_video_thumb/2046951487415394304/pu/img/92t4AeuX74qHLj1p.jpg,,in,,0,1,1,https://x.com/undefined/status/2046951513504075928,1248255233433546754,
2046945164292460680,Wed Apr 22 13:49:42 +0000 2026,0,@choocholala ka udah nanti diabetes,2046949568513011922,,choocholala,in,,0,1,0,https://x.com/undefined/status/2046949568513011922,2033443806620893184,
2044362957023580665,Wed Apr 15 23:54:52 +0000 2026,2,@AnakLolina2 Kayaknya hoax deh Makan lele bikin gagal ginjal karena disuntik antibiotik itu menyesatkan. Ga ada bukti ilmiah kuat yang menghubungkan lele dengan penyebab utama gagal ginjal. Penyebab utamanya justru diabetes &amp; hipertensi. Lele tetap aman &amp; bergizi asal dari sumber,2044565150095839313,,AnakLolina2,in,,0,1,1,https://x.com/undefined/status/2044565150095839313,706747932,
2044545188874621250,Wed Apr 15 23:50:10 +0000 2026,0,@beedegelen Diabetes ini mah,2044563965968322739,,beedegelen,in,,0,0,0,https://x.com/undefined/status/2044563965968322739,2000129872786829312,
2044563931860205812,Wed Apr 15 23:50:02 +0000 2026,0,@pramonoanung Pak Gubernur mhn perhatiannya utk stok obat di puskesmas. Saya berobat rutin dua bulan berturut-turut stok obat utk diabetes kosong. Kok DKI bisa kosong yah Pak..,2044563931860205812,,pramonoanung,in,,0,1,0,https://x.com/undefined/status/2044563931860205812,184408652,
2042464521470820829,Wed Apr 15 23:37:32 +0000 2026,0,@Smittyweber19 @samgirets_ Feminis itu gak baik bisa bikin diabetes sebaiknya kurangi gula,2044560788539822564,,Smittyweber19,in,,0,0,0,https://x.com/undefined/status/2044560788539822564,1072397923592196096,
2044344919566016567,Wed Apr 15 22:55:34 +0000 2026,0,@pinksuf Ga juga. Saya minun kopi susu 1 bulan 2x karna tinggi gula bisa2 diabetes.keseringan americano cpt buat orng yg mau diet. https://t.co/yQTUkBjpxt,2044550224178515971,https://pbs.twimg.com/media/HF-zlszbEAAZK9O.jpg,pinksuf,in,,0,0,0,https://x.com/undefined/status/2044550224178515971,1510794946445393920,
2044436952301420693,Wed Apr 15 22:39:02 +0000 2026,0,@aarummanis Penyebab penyakit diabetes kian marak di kalangan queer,2044546066121691222,,aarummanis,in,,0,0,0,https://x.com/undefined/status/2044546066121691222,1426887455265812483,
2044294473300226168,Wed Apr 15 20:54:59 +0000 2026,0,@dntyk pengen kopi tapi takut gulanya bikin gemuk sama diabetes jadinya pesen amiricano,2044519878611329535,,dntyk,in,,0,0,0,https://x.com/undefined/status/2044519878611329535,1162938070292819968,
2044478821299290264,Wed Apr 15 19:00:24 +0000 2026,0,@fauzanvibes Diabetes komplikasi jantung dan saraf bang,2044491045300539770,,fauzanvibes,in,,0,0,0,https://x.com/undefined/status/2044491045300539770,1803816737831559168,
2044483140136407145,Wed Apr 15 18:28:59 +0000 2026,6,Tadi pagi kontrol rutin ke RSI (dokter penyakit dalam) Soal sakit diabetes komplikasi jantung dan saraf. Terus saya tanya itu kuku jempol kropos krn jamur kah...? Jawaban Dokter nya Kurang menyakinkan. ️ https://t.co/cvrpgws3eM,2044483140136407145,https://pbs.twimg.com/ext_tw_video_thumb/2044483093676101633/pu/img/xnz7zvmWg_IRoa8r.jpg,,in,,0,0,0,https://x.com/undefined/status/2044483140136407145,1803816737831559168,
2044339863840026901,Wed Apr 15 17:39:05 +0000 2026,0,@cathxarina ehiya aku baru sadar itu buat penderita diabetes...padahal keliatan enak looksnya. ,2044470580955779190,,cathxarina,in,,0,0,0,https://x.com/undefined/status/2044470580955779190,1417947433074573315,
2044428028798001366,Wed Apr 15 17:36:01 +0000 2026,0,@satoxru @hreseugn 10 SIH ABANG DIABETES CAK.,2044469810197893463,,satoxru,in,,0,1,0,https://x.com/undefined/status/2044469810197893463,3168828056,
2044098807898747244,Wed Apr 15 17:32:22 +0000 2026,0,@jaladrimembiru Terlalu manis bikin diabetes.,2044468888612794773,,jaladrimembiru,in,,0,1,0,https://x.com/undefined/status/2044468888612794773,3011093478,
2044362957023580665,Wed Apr 15 16:41:48 +0000 2026,31,@AnakLolina2 @lailadimyati Jangan menyebarkan berita yang belum diuji kebenarannya. Penyebab gagal ginjal lebih banyak karena Diabetes Mellitus dan Hipertensi. Hewan (bukan hanya lele) diberikan antibiotik berlebihan akan menyebabkan resistensi antibiotik. https://t.co/si32pZ76Lm,2044456165527187662,https://pbs.twimg.com/media/HF9eCvrawAAP798.jpg,AnakLolina2,in,,0,2,0,https://x.com/undefined/status/2044456165527187662,1918829160715399168,
2044294473300226168,Wed Apr 15 16:23:38 +0000 2026,0,@dntyk Doyan sih engga lebih kearah takut diabetes &amp; cuci darah saja ,2044451593974870186,,dntyk,in,,0,0,0,https://x.com/undefined/status/2044451593974870186,1828677525649915905,
2044131605875462362,Wed Apr 15 16:04:56 +0000 2026,0,@DodoDidode diabetes : saya akan datang,2044446885109469634,,DodoDidode,in,,0,0,0,https://x.com/undefined/status/2044446885109469634,2020566370833076224,
2043734776126025964,Wed Apr 15 15:57:44 +0000 2026,0,@pijarjelita ᅠ ᅠ Giazi hanya berikan kurva esem sebagai jawab dari candaan dokter Indu. Tangannya sibuk mencampur bubuk kokoa dengan lima mili gula. Pasti pesan less sugar karena takut diabetes ya dok? Soalnya senyum bu dokter udah manis banget. ᅠ ᅠ,2044445073153392780,,pijarjelita,in,,0,1,0,https://x.com/undefined/status/2044445073153392780,3029504833,
2044443073711874460,Wed Apr 15 15:49:47 +0000 2026,0,ni org org samgean kl diem doang diabetes apa gmn sih GADA YG MAU TAU PIKIRAN JOROK LO,2044443073711874460,,,in,,0,0,0,https://x.com/undefined/status/2044443073711874460,332728057,
2044435617396773113,Wed Apr 15 15:42:26 +0000 2026,0,@minakawng Tolong lain kali kalo mau kirim foto yg sopan. Saya males cek kesehatan soalnya saya ngerasa diabetes,2044441225940566035,,minakawng,in,,0,1,0,https://x.com/undefined/status/2044441225940566035,1115897652330356739,
2044294473300226168,Wed Apr 15 15:40:02 +0000 2026,0,@dntyk Karena faktor gula butuh caffein tapi gamau diabetes. Emang basicnya suka kopi. Tapi sesekali campur susu uht yang gulanya jelas ,2044440621881147435,,dntyk,in,,0,0,0,https://x.com/undefined/status/2044440621881147435,522928624,
2042375519451422976,Thu Apr 09 23:44:48 +0000 2026,0,@grok @gektimbul kamu ga takut diabetes grok? ,2042388289014145518,,grok,in,,0,0,0,https://x.com/undefined/status/2042388289014145518,3062767722,
2042120322330063124,Thu Apr 09 22:52:23 +0000 2026,0,@tempodotco Nanti Tuhan yg bekerja satunya struk satunya asam lambung akut. Lainnya diabetes akut.,2042375099798733022,,tempodotco,in,,0,0,0,https://x.com/undefined/status/2042375099798733022,1587529958666092545,
2042313119889047616,Thu Apr 09 18:46:07 +0000 2026,0,Minum minuman kemasan sesekali tuh boleh kok. Tapi kalau tiap hari baiknya jangan ya dek ya. Diabetes nanti.,2042313122455941241,,rhythmtocean,in,,0,0,0,https://x.com/undefined/status/2042313122455941241,1939707873673785344,
2041903939906396370,Thu Apr 09 18:06:37 +0000 2026,0,@clickdian @tanyarlfes bisa ngaruh buat pengobatan diabetes militus juga ya kak https://t.co/9qEYW3oZaO,2042303180550390107,,clickdian,in,,0,0,0,https://x.com/undefined/status/2042303180550390107,2006578359485214720,
2042288092598714476,Thu Apr 09 17:06:39 +0000 2026,0,Minum apaan anjg 3 jt? Kasih es teh 3k itu aja dapet 1000 biji amp diabetes per arek arek yoo blm tentu abis.,2042288092598714476,,,in,,0,1,0,https://x.com/undefined/status/2042288092598714476,961779705404801024,
2042247834385187304,Thu Apr 09 16:46:30 +0000 2026,1,@Nikhil_Indian7 @akrititrip93018 Bhabhi Ji jalebi banane me expert hai Diabetes ho sakti toda sambal karna rahna @Nikhil_Indian7 Ji https://t.co/L0YSQlkQt1,2042283019965477023,https://pbs.twimg.com/media/HFellWLbQAA5YI5.jpg,Nikhil_Indian7,in,,0,1,0,https://x.com/undefined/status/2042283019965477023,1990855152820264960,
2042198391925715100,Thu Apr 09 16:46:22 +0000 2026,0,@lilacadet1306 @yyvore ye klo gitu logikanya si cwo tinggi juga keluarganya g boleh pnya sejarah diabetes g boleh ada keturunan down syndrome g boleh ada keturunan alzheimer g boleh sejarah masalah jantung dll. Kasian nnti keturunanmu,2042282985052127563,,lilacadet1306,in,,0,1,0,https://x.com/undefined/status/2042282985052127563,1288130222492016642,
2042271810943947106,Thu Apr 09 16:34:44 +0000 2026,0,@eathislutt itu panda kena diabetes,2042280060129046589,,eathislutt,in,,0,0,0,https://x.com/undefined/status/2042280060129046589,209467064,
2042253411023016350,Thu Apr 09 16:25:09 +0000 2026,0,@BabangGorii senyumnya bikin diabetes ,2042277648727261306,,BabangGorii,in,,0,1,0,https://x.com/undefined/status/2042277648727261306,139176964,
2042268640708571305,Thu Apr 09 15:49:22 +0000 2026,1,Materi Diabetes Mellitus ini berhasil membuat ku teriak teriak kek org gilaaaaa ,2042268640708571305,,,in,,0,1,0,https://x.com/undefined/status/2042268640708571305,1646194688658116608,
2042267311219101968,Thu Apr 09 15:44:05 +0000 2026,0,dengerin lagu apaan aku jg sama lgi ngopi pake earphone juga semangat ya calon anak SMA @JTrisha_JKT48 awas jangan kebanyakan makan chocolate diabetes ntar #InshaStory,2042267311219101968,,,in,,0,0,0,https://x.com/undefined/status/2042267311219101968,1885652021673709568,
2042132705090138350,Thu Apr 09 15:31:01 +0000 2026,3,@Netizen_bawel Majikan kena diabetes ya begitu ,2042264022960275493,,Netizen_bawel,in,,0,0,0,https://x.com/undefined/status/2042264022960275493,875402031648825344,
2042257236467269820,Thu Apr 09 15:04:03 +0000 2026,0,TAKUT DIABETES KARNA INI MANIEZ BANGAT ,2042257236467269820,,,in,,0,0,0,https://x.com/undefined/status/2042257236467269820,1076104956942282753,
2042169558753333565,Thu Apr 09 15:00:52 +0000 2026,0,@savaurie diabetes soalnya makannya sambil lihat cici.,2042256437288824944,,savaurie,in,,0,0,0,https://x.com/undefined/status/2042256437288824944,2038240063214010368,
2042169558753333565,Thu Apr 09 14:59:02 +0000 2026,0,@eIyssandra Satu aja banyak banyak nanti diabetes,2042255976678715546,,eIyssandra,in,,0,1,0,https://x.com/undefined/status/2042255976678715546,2468803616,
2042250322266194289,Thu Apr 09 14:36:34 +0000 2026,0,Saya seorang ayah umur 39 tahun yg memiliki 1 orang anak perempuan lucu usia 1 tahun 6 bulan dan istri saya umur 45 tahun.. saat ini saya mengidap sakit diabetes Yg merambah ke mata saya . Saya membutuhkan uang tuk biaya operasi mata d luar kota dan parahnya lagi saya harus,2042250322266194289,,,in,,0,0,0,https://x.com/undefined/status/2042250322266194289,1989742903921680384,
2042236042951147536,Thu Apr 09 14:18:39 +0000 2026,0,@rusakuning Ih kasian kalo ortunya diabetes,2042245813271970110,,rusakuning,in,,0,1,0,https://x.com/undefined/status/2042245813271970110,107664328,
2042213931121582275,Thu Apr 09 13:54:54 +0000 2026,1,@topikubruk lama lama diabetes wkwkwk,2042239834778214738,,topikubruk,in,,0,1,0,https://x.com/undefined/status/2042239834778214738,2953942993,
2042239127765323963,Thu Apr 09 13:52:05 +0000 2026,0,hati hati diabetes karena mengandung gula berlebihan,2042239127765323963,,,in,,0,0,0,https://x.com/undefined/status/2042239127765323963,1294891184226070528,
2043237353943421106,Sun Apr 12 23:55:18 +0000 2026,0,@juunshouse Dd apa gak takut diabetes,2043478095357997282,,juunshouse,in,,0,1,0,https://x.com/undefined/status/2043478095357997282,2975727392,
2043474869464228254,Sun Apr 12 23:42:29 +0000 2026,0,Guys jangan sampe kena diabetes ya.. plis.,2043474869464228254,,,in,,0,0,0,https://x.com/undefined/status/2043474869464228254,38834492,
2043374875079807278,Sun Apr 12 23:28:45 +0000 2026,0,@tanyakanrl Martabaknya martbak manis... habis sendirian... Selamat diabetes menanti.,2043471413215137891,,tanyakanrl,in,,0,0,0,https://x.com/undefined/status/2043471413215137891,2978904313,
2043176110478024797,Sun Apr 12 22:46:52 +0000 2026,0,@ChubbyDustbunny @fridalestari_ setuju sih sekalian sama penyintas diabetes kan pilihan dia sendiri nyemilin gula,2043460873889718756,,ChubbyDustbunny,in,,0,4,0,https://x.com/undefined/status/2043460873889718756,1731776251889856512,
2042711647047852068,Sun Apr 12 22:41:56 +0000 2026,0,@jenny_geh Huun geh masarap in fairness pero d madaran maka diabetes haha ,2043459632874897584,,jenny_geh,tl,,0,1,0,https://x.com/undefined/status/2043459632874897584,194070219,
2043320747276603838,Sun Apr 12 20:38:36 +0000 2026,1,@wijan1977 @neVerAl0nely___ Keren itu apalagi kalo yang ayan punya diabetes mellitus akut. Nasgitel emang paling josssnn,2043428591984361487,,wijan1977,in,,0,1,0,https://x.com/undefined/status/2043428591984361487,1764836271510417409,
2043409493396963445,Sun Apr 12 20:03:54 +0000 2026,0,@Hisomtheboat Brr diabetes incoming ,2043419862651843005,,Hisomtheboat,in,,0,0,0,https://x.com/undefined/status/2043419862651843005,1740083479432376320,
2043256843598692751,Sun Apr 12 18:58:14 +0000 2026,0,@AdamPrabata Seperti alm. Bapak pernah panik karena kakinya ga sengaja kena arit setelah ke dokter ternyata aman lukanya menutup ternyata beliau diabetes kering jadi tahu ada 2 jenis diabetes,2043403334707798204,,AdamPrabata,in,,0,1,0,https://x.com/undefined/status/2043403334707798204,1990102644594298880,
2043396674195001429,Sun Apr 12 18:31:46 +0000 2026,0,jadi keinget pakde ku yg sengaja minum obat diabetes diatas dosis (misal diresepkan dokter sekali minum 1 tablet) gara2 dia lebih percaya omongan temen nya yg minum obat diabet langsung 2 tablet. al hasil pakde overdosis dan gula darahnya malah drop parah,2043396674195001429,,,in,,0,0,0,https://x.com/undefined/status/2043396674195001429,1221054287003807746,
2043374875079807278,Sun Apr 12 18:13:08 +0000 2026,1,@tanyakanrl Apa ga diabetes di telen sendiri itu sekotak martabak,2043391985575453146,,tanyakanrl,in,,0,0,0,https://x.com/undefined/status/2043391985575453146,2014752986841677824,
2043382808945537372,Sun Apr 12 18:00:27 +0000 2026,0,@_MtuTano Mnataka Bookten apatwe na diabetes ama. Rem Masai alitokwa na Sudi,2043388793995002067,,_MtuTano,in,,0,1,0,https://x.com/undefined/status/2043388793995002067,1524829007782547457,
2043382147348897812,Sun Apr 12 17:34:02 +0000 2026,0,Hayoolooo pilih diabetes atau Hipoglikemia?,2043382147348897812,,,in,,0,0,0,https://x.com/undefined/status/2043382147348897812,1392069780601905155,
2043349804508758127,Sun Apr 12 17:02:08 +0000 2026,1,@ohyulinguistik diabetes dikit gapapa https://t.co/VHc5Qtp7vG,2043374117207105647,https://pbs.twimg.com/media/HFuF7m5aMAAt0R9.jpg,ohyulinguistik,in,,0,0,0,https://x.com/undefined/status/2043374117207105647,1110444207313829888,
2043371033705758900,Sun Apr 12 16:49:53 +0000 2026,22,Antra symptom diabetes adalah cepat letih..maybe sbb tula kot dia ngantok..,2043371033705758900,,,in,,0,1,1,https://x.com/undefined/status/2043371033705758900,1060236853259907072,
2043252167109419247,Sun Apr 12 16:45:57 +0000 2026,0,@godmotherfeiry IYAAAK aku sebulan kmrn cmn 3x n skrg beralih ke americano n air putih aj krna iya sy takut diabetes THANK U YAH SDH PEDULI,2043370045083103507,,godmotherfeiry,in,,0,1,0,https://x.com/undefined/status/2043370045083103507,1106537763640213506,
2043368916416860173,Sun Apr 12 16:41:28 +0000 2026,0,anak di kuliahin bidang kesehatan pas nasehatin ortu sakit diabetes sama overweight kamu tp pemalas km ga sehat juga gaya hidupnya enak km nyeramahin ortu ya itu yg lain sehat sehat aja pdhl lebih parah ,2043368916416860173,,,in,,0,0,0,https://x.com/undefined/status/2043368916416860173,1609147192115363843,
2043367558036742565,Sun Apr 12 16:36:04 +0000 2026,3,Rage ƙiba na taimakawa rage haɗarin ciwon zuciya diabetes da hawan jini yana kuma ƙara kuzari da inganta lafiyar gaba ɗaya. Lafiya ita ce jari! #arewa #arewawedding #lafiyajari,2043367558036742565,,,in,,0,0,0,https://x.com/undefined/status/2043367558036742565,2414865063,
2043365194928390300,Sun Apr 12 16:26:41 +0000 2026,1,Di dunia ini banyak penemuan itu berasal dari ketidaksengajaan dan kepepet Baju Tie Dye awalnya krn cacat produksi Pisang Goreng Madu Bu Nanik awalnya buat ortu beliau yg diabetes tapi ngidam pisgor Brownies awalnya kue gagal bener ya? @_AmandaBrownies,2043365194928390300,,,in,,0,1,1,https://x.com/undefined/status/2043365194928390300,103574420,
2043363363393294796,Sun Apr 12 16:19:24 +0000 2026,0,heuuu manis bgt suka bgt semut jg bisa mati karna diabetes liat doyok ntik https://t.co/ud4XtbxKWq,2043363363393294796,https://pbs.twimg.com/amplify_video_thumb/2042864965246423040/img/dg7Xv6vDbQYbQE0Z.jpg,,in,,0,0,0,https://x.com/undefined/status/2043363363393294796,1524610650257117184,
2041659320627294358,Tue Apr 07 23:28:08 +0000 2026,3,Gelo. Org hamil disuruh minum air berasa. Kl si ibu hamil nya punya diabetes justru jd risiko ga sih buat kehamilannya? Wkt gula darah gw tinggi dokter gw wanti2 dan nanya km ada rencana hamil ga? lmu darimana si ini berani2nya blg gt? ,2041659320627294358,,,in,,0,0,0,https://x.com/undefined/status/2041659320627294358,61713426,
2041652981695967579,Tue Apr 07 23:02:57 +0000 2026,0,Ke aku betul betul ada diabetes eh sekarang? Ridau pulak. Susah juga aware dengan badan sendiri tapi takut diagnosis ,2041652981695967579,,,in,,0,0,0,https://x.com/undefined/status/2041652981695967579,1761712589309186048,
2041647259079864742,Tue Apr 07 22:40:13 +0000 2026,0,Kisah Omjay Mengurangi 6 Putih Kalau Mau Terbebas Dari Diabetes https://t.co/eV2ptE4xLh,2041647259079864742,,,in,,0,0,0,https://x.com/undefined/status/2041647259079864742,23786106,
2041634578851623353,Tue Apr 07 21:49:49 +0000 2026,1,this pls yg udah sexually active jangan lupa cek hivnya makin cepet ketauan makin cepet pengobatan dan nilai VL kalian akan cepet turun jugaa serius bahkan in this era lebih scary kena Diabetes deh yang penting harus cek ya,2041634578851623353,,,in,,0,0,0,https://x.com/undefined/status/2041634578851623353,1272126658527428608,
2041391722060800291,Tue Apr 07 20:34:33 +0000 2026,0,@Menceng_ duh takut diabetes,2041615635214635506,,Menceng_,in,,0,0,0,https://x.com/undefined/status/2041615635214635506,1906710954928472064,
2041255006679044120,Tue Apr 07 19:04:55 +0000 2026,3,@GoSatvik Jake neet ug clear krke aa Phir denge tujhe evidence... Muje pta hai tujhe bohat dukh hai ki teri seat nhi nikli.... Diabetes reversal degree ,2041593079787040806,,GoSatvik,in,,0,0,0,https://x.com/undefined/status/2041593079787040806,375225024,
2041586655799427359,Tue Apr 07 18:39:24 +0000 2026,4,selain diabetes hal yang membuat kamu cepat kurus adalah: mengurus keuangan negara ini.,2041586655799427359,,,in,,0,0,0,https://x.com/undefined/status/2041586655799427359,1402660704,
2041582159643996496,Tue Apr 07 18:21:32 +0000 2026,0,jir ngakak knp tbtb sion diabetes,2041582159643996496,,,in,,0,0,0,https://x.com/undefined/status/2041582159643996496,1268944626955612160,
2041511799670067674,Tue Apr 07 18:12:01 +0000 2026,0,@AdamPrabata Dia org tolol yg paling tolol nyarahin bumil minum manis bukannya sehat yg ada diabetes,2041579767200444587,,AdamPrabata,in,,0,0,0,https://x.com/undefined/status/2041579767200444587,1118491806176428032,
2041571223868731453,Tue Apr 07 17:38:04 +0000 2026,0,aku diabetes jirt,2041571223868731453,,,in,,0,1,0,https://x.com/undefined/status/2041571223868731453,1386525776997089283,
2041567748728430651,Tue Apr 07 17:24:16 +0000 2026,0,angka segini tuhh gula darah sesaatnya tikus model diabetes yg gua pake di penelitian gua btw tikus gua udh mati 7 ekor dari 65 ekor barangkali si ibu mau ikutan ,2041567748728430651,,,in,,0,0,0,https://x.com/undefined/status/2041567748728430651,1078443348417949696,
2041511799670067674,Tue Apr 07 16:58:35 +0000 2026,0,@nameulan @AdamPrabata Sama kena diabetes kebanyakan minum gula ,2041561284416827867,,nameulan,in,,0,0,0,https://x.com/undefined/status/2041561284416827867,1498818471299543041,
2041559176774873108,Tue Apr 07 16:50:12 +0000 2026,3,This was on BRC Same legacy as Rujuta https://t.co/Ntk8LyJ7sV,2041559176774873108,,,in,,0,1,2,https://x.com/undefined/status/2041559176774873108,2759434070,
2041435377752588294,Tue Apr 07 16:47:41 +0000 2026,1,@apralzolam Jadi inget mantanku meninggal Kecelakaan makanya ga sembuh2 krn diabetesnya kaya byk granggen nya Sampe kena infeksi Kok bisa infeksi luka diabetes bisa bikin meninggal cepet sih dok?,2041558541472067822,,apralzolam,in,,0,1,1,https://x.com/undefined/status/2041558541472067822,1296070857966538753,
2041435360551666095,Tue Apr 07 16:45:21 +0000 2026,0,@gunasatwam Dulu pernah rame di twitter bentuk titit buatan aneh banget teru memew buatan kaya luka diabetes ,2041557954739274166,,gunasatwam,in,,0,0,0,https://x.com/undefined/status/2041557954739274166,4925230602,
2041511799670067674,Tue Apr 07 16:38:53 +0000 2026,100,@AdamPrabata dia dapet info dr influencer mana ya kira2 nguawur bgt njir disuruh banyakin minuman kemasan yg ada tar darah tinggi ama diabetes dong emang dia gk pernah ke posyandu apa selama hamil? minimal bidan/kader ke rumahnya gitu?. KALAU MAU GAYA apalagi ini si.,2041556328641126833,,AdamPrabata,in,,0,0,5,https://x.com/undefined/status/2041556328641126833,1311517821482856448,
2041556283996926300,Tue Apr 07 16:38:43 +0000 2026,0,Sdh hampir 6th PASCA Almarhumah Ibu meninggal dunia gw praktis kaki kesemutan terkena diabetes. Shg SDH GAK BISA MENYETIR &amp; MENGENDARAI MOBIL. Skr kemana2 naik motor itupun GAK BISA BONCENGIN ORG. Kalo antar Bokap ke RS terpaksa naik GOCAR atau GRABCAR. BERSYUKUR YG BISA.,2041556283996926300,,,in,,0,0,0,https://x.com/undefined/status/2041556283996926300,1928678982926610433,
2041203248607215863,Tue Apr 07 16:35:13 +0000 2026,8,@tokunodae sebenernya diabetes tuh bukan penyakit remeh tp kok bisa sion dpt rumor begini,2041555404300464177,,tokunodae,in,,0,0,0,https://x.com/undefined/status/2041555404300464177,1894391741551448069,
2041394481799553110,Tue Apr 07 16:21:40 +0000 2026,0,@Kuroshka_id Itu nasi Sega ayam chicken sama sayur vegan. Trus Marjan sebotol full diabetes,2041551996713582891,,Kuroshka_id,in,,0,0,0,https://x.com/undefined/status/2041551996713582891,2003499350069231616,
2041288897871982870,Mon Apr 06 22:56:13 +0000 2026,0,Penderita diabetes tanpa minum obat bisa tapi terbatas.. Tergantung kondisi pankreas lama sakit dan kepatuhan perubahan hidup.. Kalau udah lama kena diabetesnya sel beta di pankreas udah menurun sekali fungsinya biasanya obat tetap dibutuhkan..,2041288897871982870,,,in,,0,1,0,https://x.com/undefined/status/2041288897871982870,1543138857826516992,
2041279984489378051,Mon Apr 06 22:20:48 +0000 2026,0,kl kasus nyokap gue bukan ngga mau minum obat. tapi kurang peka sm badan sendiri. minum obat sih selalu. cuma dia udah tau punya diabetes tp msh cuek kalo anggota tubuhnya kena luka. dianggapnya sepele mulu. disamain kondisinya kyk org normal.,2041279984489378051,,,in,,0,1,0,https://x.com/undefined/status/2041279984489378051,899573357909204994,
2041270075429466272,Mon Apr 06 21:41:25 +0000 2026,0,sebagai orang yang pernah makan tupai (icip2 karena dulu mbah ku makan itu buat pengobatan diabetes) dan makan sepupu pelanduk yaitu menjangan aku hanya tersenyum saja membaca ini maaf emg faktor keadaan aja bukan makanan sehari2 kok ,2041270075429466272,,,in,,0,0,0,https://x.com/undefined/status/2041270075429466272,1181811609825464325,
2041122048785936431,Mon Apr 06 21:12:30 +0000 2026,0,@SeputarTetangga tunjukkin luka luka diabetes yg susah sembuh sampai amputasi cuci darah rutin 3x seminggu karena ginjal rusak akibat ga minum obat kebutaan karena gula darah tinggi.. lebih baik minum obat atau suntik insulin 3x sehari dibandingkan cuci darah 3x seminggu ,2041262798475530366,,SeputarTetangga,in,,0,1,0,https://x.com/undefined/status/2041262798475530366,1530105789603426304,
2041125288491536872,Mon Apr 06 18:00:17 +0000 2026,0,@alterei_ @gina_vivu si umi bencong rosdiah hode ini emg udh diabetes tipe 3,2041214426033111165,,alterei_,in,,0,0,0,https://x.com/undefined/status/2041214426033111165,1852648530051268608,
2041210088384569482,Mon Apr 06 17:54:06 +0000 2026,2,11. Diagnosis Diabetes Melitus (DM) - Standar medis untuk menentukan seseorang menderita DM berdasarkan angka glukosa darah dan HbA1c (rata-rata gula darah 3 bulan terakhir).,2041212868641845457,,flowdiary,in,,0,0,0,https://x.com/undefined/status/2041212868641845457,1928421068991328256,
2041210088384569482,Mon Apr 06 17:53:33 +0000 2026,2,10. Gangguan Metabolisme Diabetes Melitus (DM) · Intoleransi Laktosa · Glikogenosis · Galaktosemia · Pentosuria · Fruktosuria esensial · Intoleransi fruktosa herediter,2041212728858255514,,flowdiary,in,,0,0,0,https://x.com/undefined/status/2041212728858255514,1928421068991328256,
2041209305085641213,Mon Apr 06 17:39:56 +0000 2026,0,Bentar lagi kayanya gue diabetes deh... Tanggung jawab kepada saudara #tee_vtp,2041209305085641213,,,in,,0,0,0,https://x.com/undefined/status/2041209305085641213,2022583031614312450,
2041185404058239473,Mon Apr 06 17:30:46 +0000 2026,0,@cursedkidd Makanan yg dikukus kaya pepes. Jangan yg pedes2 juga. Sebelum tidur minum madu hutan 1 sendok. Kalau ada riwayat diabetes tanya dokter dulu bisa juga madu hitam. Naikin imun dulu sih yg penting.,2041206995928383546,,cursedkidd,in,,0,0,0,https://x.com/undefined/status/2041206995928383546,1598937777839538176,
2039779908218712514,Mon Apr 06 17:23:57 +0000 2026,0,@Cytokiens ️️ ️ ㅤ WhatsAppㅤ/ㅤRayyan. : Kapan tuh acaranya? : Kok lo sama kayak temen gue sukanya Teazzi. : 10 cup ini niatnya mau kena diabetes apa gimana ya? : Yang waras-waras aja lah Dok. 𝘚𝘦𝘯𝘵. ️ ️,2041205282945323373,,Cytokiens,in,,0,0,0,https://x.com/undefined/status/2041205282945323373,1912837331972968448,
2041200672482431125,Mon Apr 06 17:17:27 +0000 2026,0,@stwberrycakee kamu yg senyum aku yg ngelike diabetes,2041203647535784390,,stwberrycakee,in,,0,0,0,https://x.com/undefined/status/2041203647535784390,174612624,
2041192111647633827,Mon Apr 06 17:02:03 +0000 2026,3,@M0USSA_DIABATE Moosuh diabetes,2041199770514215333,,LAM3L0BALL,in,,0,0,0,https://x.com/undefined/status/2041199770514215333,1678059367919239168,
2041125288491536872,Mon Apr 06 16:46:03 +0000 2026,0,@gina_vivu Takut bangat diabetes habis ini kak,2041195742153642013,,qrivasiii,in,,0,0,0,https://x.com/undefined/status/2041195742153642013,1489058882064629762,
2041183692895469939,Mon Apr 06 16:37:22 +0000 2026,1,@feelinlonelyyyy Diabetes kah dik,2041193558619869484,,feelinlonelyyyy,in,,0,1,0,https://x.com/undefined/status/2041193558619869484,1553672608423391232,
2041192107608813673,Mon Apr 06 16:31:36 +0000 2026,1,Ketika lo diagnosed pra diabetes tapi lo kalap https://t.co/H1WsBPQbar,2041192107608813673,https://pbs.twimg.com/media/HFPFZvebAAARdIk.jpg,,in,,0,0,0,https://x.com/undefined/status/2041192107608813673,1816069757969608704,
2041175746719494169,Mon Apr 06 16:21:33 +0000 2026,0,@MiskinTV_ diabetes dadah dadah dari depan sono,2041189577227141507,,MiskinTV_,in,,0,0,0,https://x.com/undefined/status/2041189577227141507,1466969403703001091,
2041188654731948377,Mon Apr 06 16:17:56 +0000 2026,0,Di titik ini standar ganda mulai terasa. Rokok diburu habis-habisan tetapi gula dalam minuman dan makanan olahan tetap beredar leluasa. Padahal bahaya obesitas dan diabetes terus naik.,2041188666052403395,,kosongsatuid,in,,0,1,0,https://x.com/undefined/status/2041188666052403395,1934037585250459648,
2049527991164899434,Wed Apr 29 23:44:22 +0000 2026,0,@hocrax Menurut studi yg dilakukan para ahli penggunaan mouthwash secara rutin dpt meningkatkan kadar gula dlm darah yg jadi cikal bakal terjadinya penyakit diabetes. Nah karna mouthwash ini membunuh bakteri mulut maka kadar nitric oxide (NO) jadi menurun/terganggu,2049635937702002905,,LECR0ISSANT,in,,0,1,0,https://x.com/undefined/status/2049635937702002905,1668939175775858689,
2049634211477541069,Wed Apr 29 23:37:31 +0000 2026,19,#selamatpagi kuucapkan kpd my mpus ntik imup tercinta mine gweh my separuh napas my ginjal my sumsum my nak gadis adek teteh mbul manis dahsyat satu populasi dunia bisa kena diabetes kalau dikasi foto manips mu tiap hari my ntik nyimut mine syg cayank (TW // foto imut ntik mmpus) https://t.co/hLI3gqI9wc,2049634211477541069,https://pbs.twimg.com/media/HHHDcgmb0AAi967.jpg,,in,,1,1,1,https://x.com/undefined/status/2049634211477541069,2039305930223837184,
2049633003157205064,Wed Apr 29 23:32:42 +0000 2026,0,kulkul lah gilaaaaa gw kalo ga takut diabetes udh tiap hari,2049633003157205064,,,in,,0,0,0,https://x.com/undefined/status/2049633003157205064,1171268957178740736,
2049632279438463020,Wed Apr 29 23:29:50 +0000 2026,2,Saya coba tambahin: 4. Fans Arsenal 5. Suka ngutang 6. Orang yang diabetes,2049632279438463020,,,in,,0,0,0,https://x.com/undefined/status/2049632279438463020,2033930165022298112,
2049542253073592769,Wed Apr 29 23:05:05 +0000 2026,0,@topupovo setidaknya kesadaran eni jd ngebantu kita buat makin jauh dr diabetes si dipikir pikir ngeri juga jajananku dulu sblm aware sm bahaya gula dan lain lainnya,2049626052444795317,,avecsankaia,in,,0,1,0,https://x.com/undefined/status/2049626052444795317,1971206576909451266,
2048344788018385164,Wed Apr 29 22:55:44 +0000 2026,0,@de_N4BYL Tolak Angin itu pemicu diabetes terselubung. Kadar gulanya tinggi banget dibalut rasa pedas biar kita nggak sadar. Benar-benar penipuan publik,2049623699909964286,,de_N4BYL,in,,0,0,0,https://x.com/undefined/status/2049623699909964286,2008766994057977856,
2049522181500285179,Wed Apr 29 22:40:09 +0000 2026,1,@bienvior aaakkkkk gak bisa gak bisa ini full maniezz bgt yg baca bisa diabetes dadakan tencuuu kak vi utk kisah nya odi si centil ini sukaaaaaa bgt luvv ,2049619776386085130,,bienvior,in,,0,0,0,https://x.com/undefined/status/2049619776386085130,1832335856738430980,
2049619705888137508,Wed Apr 29 22:39:52 +0000 2026,9,Kajian pada 2020 dapati organ pankreas pengidap diabetes yg minum air jintan manis selama 2 minggu menunjukkan penambah-baikan,2049619705888137508,,,in,,0,0,0,https://x.com/undefined/status/2049619705888137508,1689972352598396928,
2049350463439491515,Wed Apr 29 22:24:00 +0000 2026,2,@Bundaaa_Kecoa Kurangi deh apa lagi KLO punya riwayat genetik Diabetes,2049615711522508849,,Bundaaa_Kecoa,in,,0,1,0,https://x.com/undefined/status/2049615711522508849,1336576386987790336,
2049476739378913410,Wed Apr 29 22:09:13 +0000 2026,1,@radjathaher Kena diabetes kali,2049611990424019208,,radjathaher,in,,0,0,0,https://x.com/undefined/status/2049611990424019208,1576778911874420736,
2049458676461711417,Wed Apr 29 22:05:02 +0000 2026,0,@tempodotco Diabetes keknya nih,2049610939876737270,,tempodotco,in,,0,0,0,https://x.com/undefined/status/2049610939876737270,1576778911874420736,
2049608769219539087,Wed Apr 29 21:56:25 +0000 2026,2,Semoga semakin banyak edukasi diabetes di sosmed (gua belum mahir jari educator soalnya). Diabetes sering disepelekan padahal bulan lalu ngobrol sama temen yang kakaknya dokter itu sekarang makin marak pasien diabetes usia 20an. Wajib baca buku ini deh terutama gen z. https://t.co/8UDyNu7vzp,2049608769219539087,https://pbs.twimg.com/media/HHGsUGtbEAA6awx.jpg,,in,,0,1,4,https://x.com/undefined/status/2049608769219539087,2015333685546172416,
2049406388250771572,Wed Apr 29 19:34:33 +0000 2026,0,@anindyabakrie Kemungkinan besar warga yg mengkomsumsi Sagu sangat terhindar dari penyakit diabetes.. Jadi yg mengalami Diabetes Ganti saja makan sagu.. Aman,2049573068511805821,,anindyabakrie,in,,0,0,0,https://x.com/undefined/status/2049573068511805821,1946791435686326272,
2049390342630494441,Wed Apr 29 19:30:32 +0000 2026,0,@Matchamood04 cocok buat diabetes ya,2049572058141765684,,Matchamood04,in,,0,0,0,https://x.com/undefined/status/2049572058141765684,1789851893625208832,
2049519022434320854,Wed Apr 29 18:17:13 +0000 2026,0,@endy2swag No sugar ya biar nggak diabetes,2049553608803524698,,endy2swag,in,,0,1,0,https://x.com/undefined/status/2049553608803524698,202754423,
2049525689003762073,Wed Apr 29 16:33:48 +0000 2026,0,@chxiori wkwkwkwwk jangan bnyak bmyak awas diabetes,2049527582279000252,,chxiori,in,,0,1,0,https://x.com/undefined/status/2049527582279000252,893873043256164352,
2049525689003762073,Wed Apr 29 16:27:39 +0000 2026,0,@chxiori wkwkwkwkwk jir rotbak diabetes ajg itu,2049526032965996844,,chxiori,in,,0,1,0,https://x.com/undefined/status/2049526032965996844,893873043256164352,
2044378610220585325,Wed Apr 29 16:13:29 +0000 2026,0,@Linda_Irfanti Kandungan gula dalam tolak angin terasa sekali buat yang diet gula mungkin harus hati-hati bikin diabetes,2049522469246296086,,Linda_Irfanti,in,,0,0,0,https://x.com/undefined/status/2049522469246296086,1841677330248564736,
2049519022434320854,Wed Apr 29 18:17:13 +0000 2026,0,@endy2swag No sugar ya biar nggak diabetes,2049553608803524698,,chicco2swag,in,,0,1,0,https://x.com/undefined/status/2049553608803524698,202754423,
2048908225320505368,Mon Apr 27 23:52:50 +0000 2026,0,@kumifigo Diabetes gerbang penyakit lain maasuk,2048913293608464416,,kumifigo,in,,0,0,0,https://x.com/undefined/status/2048913293608464416,591896816,
2048911750129701202,Mon Apr 27 23:46:42 +0000 2026,11,Konsumsi mie instan 2-3 kali/minggu berhubungan dengan peningkatan risiko PJK stroke dan diabetes.,2048911750129701202,,,in,,0,2,2,https://x.com/undefined/status/2048911750129701202,318274209,
2048894975941964202,Mon Apr 27 22:40:03 +0000 2026,0,Dia minum red bull mulu takut diabetes ,2048894975941964202,,,in,,0,0,0,https://x.com/undefined/status/2048894975941964202,980787414477099009,
2048664993340776878,Mon Apr 27 21:58:52 +0000 2026,0,@KangManto123 @AntoniusCDN @denni_sauya Saking manisnya sampe bikin diabetes alias bikin sakit.,2048884612542419166,,KangManto123,in,,0,0,0,https://x.com/undefined/status/2048884612542419166,1215842207069900800,
2048701998854488211,Mon Apr 27 20:53:41 +0000 2026,17,@azeclair Semakin dewasa makin sadar kesehatan sekarang lebih takut kena diabetes gagal ginjal jantung stroke dan penyakit lainnya lebih sering olahraga masak sendiri minum air putih yang cukup makan sayur dan buah menghindari minuman kemasan tinggi gula jarang makan pengawet.,2048868205977014624,,azeclair,in,,0,0,2,https://x.com/undefined/status/2048868205977014624,1581221373103337472,
2048853251991408927,Mon Apr 27 20:17:22 +0000 2026,1,@curetsyi Gk bisa tidur lagi kumat sakit kaki . #Diabetes,2048859068295716965,,curetsyi,in,,0,0,0,https://x.com/undefined/status/2048859068295716965,1803816737831559168,
2048771681422848283,Mon Apr 27 19:37:40 +0000 2026,3,@tanyarlfes Kak sakit gigi tuh bs kmn2. Mamaku tiba2 lututnya bentol trs bernanah. Op bersihin nanah lutut. Hampir 7bln di kursi roda. bis itu op besar pasang plat lutut. Gara2 apa?Gigi yg bolong infeksi lalu kuman jalan2 ke lutut. Mamaku diabetes juga salah satu yg bikin infeksi jd parah.,2048849075584614673,,tanyarlfes,in,,0,0,0,https://x.com/undefined/status/2048849075584614673,1477194241243709442,
2048526725127242128,Mon Apr 27 19:23:19 +0000 2026,0,@sofiatieegir diabetes ga tuh,2048845467602358729,,sofiatieegir,in,,0,0,0,https://x.com/undefined/status/2048845467602358729,1575092002001104897,
2048843696733643250,Mon Apr 27 19:17:00 +0000 2026,0,padahal sering ulik/pesen manual brew gegara ga mau diabetes,2048843874777575508,,dunianichimanji,in,,0,1,0,https://x.com/undefined/status/2048843874777575508,1686658921354952705,
2048811364161110078,Mon Apr 27 18:59:56 +0000 2026,1,@ffyxaa @HarrisCainee @xSouta_ @MikazukiArion @gingehenna kicaw versi bikin diabetes ini ,2048839583476093393,,ffyxaa,in,,0,1,0,https://x.com/undefined/status/2048839583476093393,1475542214595923970,
2048812545952326063,Mon Apr 27 18:54:16 +0000 2026,2,@kopidansenjaa Bisa terjadi karena trauma/cedera microvascular pada penis termasuk coital trauma Faktor risiko yg berpengaruh: usia obesitas diabetes dislipidemia merokok gangguan endotel,2048838155365941448,,pentoltakikardi,in,,0,0,0,https://x.com/undefined/status/2048838155365941448,1737733072995631104,
2048526725127242128,Mon Apr 27 18:49:56 +0000 2026,0,@sofiatieegir ga takut diabetes tuh,2048837063005573572,,sofiatieegir,in,,0,0,0,https://x.com/undefined/status/2048837063005573572,1962708049937997824,
2048823421681938910,Mon Apr 27 18:03:19 +0000 2026,0,Miss konten gini yg bikin penikmat milkbase ga turun2 akhirnya kopi yg disalahin lagi jadi faktor pendukung seseorang kena diabetes,2048825332774609156,,mas_alii20,in,,0,0,0,https://x.com/undefined/status/2048825332774609156,1422553514,
2048786450637021438,Mon Apr 27 17:29:56 +0000 2026,1,@JJJeukiM9 Ini yg telat dan ditakutin udah kena diabetes baru sadar dan melakukan tindakan berobat salah,2048816931126538292,,JJJeukiM9,in,,0,0,0,https://x.com/undefined/status/2048816931126538292,605822383,
2048806180957630826,Mon Apr 27 16:47:13 +0000 2026,0,@saitovkiara Thank you so much syg. Ini lama-lama aku bsa pingsan diabetes diserang 2 hal manis begini dah syg,2048806180957630826,,saitovkiara,in,,0,1,0,https://x.com/undefined/status/2048806180957630826,1984589394402295816,
2048786450637021438,Mon Apr 27 16:41:16 +0000 2026,0,@usercyclop Nah ini gula itu silent killer yang sering disepelein ️ Rasanya emang nagih banget tapi efek jangka panjangnya serem. Diabetes sama amputasi itu bukan cerita hoax banyak kejadian nyata. Thanks udah ngingetin mulai kurangin yang manis-manis dari sekarang ya! ,2048804683821842684,,usercyclop,in,,0,1,0,https://x.com/undefined/status/2048804683821842684,2563492039,
2048804599012934084,Mon Apr 27 16:40:56 +0000 2026,1,Nah ini gula itu silent killer yang sering disepelein ️ Rasanya emang nagih banget tapi efek jangka panjangnya serem. Diabetes sama amputasi itu bukan cerita hoax banyak kejadian nyata. mulai kurangin yang manis-manis dari sekarang ya! ,2048804599012934084,,,in,,0,2,0,https://x.com/undefined/status/2048804599012934084,2563492039,
2048748395440062555,Mon Apr 27 16:39:55 +0000 2026,1,@P3gEl Manusia2 diabetes ini pada ngapain sih kocak,2048804345509302740,,P3gEl,in,,0,0,0,https://x.com/undefined/status/2048804345509302740,85826099,
2048800697064513905,Mon Apr 27 16:25:25 +0000 2026,0,Busett masih mending ga tambah diabetes luu,2048800697064513905,,,in,,0,0,0,https://x.com/undefined/status/2048800697064513905,2033486343364616193,
2045950645908431136,Sun Apr 19 19:40:20 +0000 2026,0,IH diabetes bacanya...,2045950645908431136,,,in,,0,0,0,https://x.com/undefined/status/2045950645908431136,1941870885952233472,
2045727657791516879,Sun Apr 19 19:10:34 +0000 2026,0,@Rftoktv15_ Baru tahu nih makanan yang cocok buat diabetes,2045943156223705097,,Rftoktv15_,in,,0,0,0,https://x.com/undefined/status/2045943156223705097,1991052215558320128,
2045793055064850441,Sun Apr 19 18:54:03 +0000 2026,0,@ChainWhisper44 cashback buat rawat diabetes,2045938996963070056,,ChainWhisper44,in,,0,0,0,https://x.com/undefined/status/2045938996963070056,1783497876917903360,
2045899749258412054,Sun Apr 19 17:32:22 +0000 2026,0,@extdisc ️️️ ️ ️️️ Habis dong. Eh gak. Kamu mau bikin aku diabetes dan gigi bolong? Dihabisin sih nanti tapi gak sekaligus. Sisanya disimpen dulu di kulkas. ️️️,2045918441216020576,,extdisc,in,,0,1,0,https://x.com/undefined/status/2045918441216020576,761523782901112832,
2045802106595017149,Sun Apr 19 16:58:34 +0000 2026,0,@18fesss Iya putusin aja nder biar kamu bergabung dengan pasien2ku yg under 25 tahun tapi udah diabetes darah tinggi kolesterol tinggi,2045909935670866428,,18fesss,in,,0,0,0,https://x.com/undefined/status/2045909935670866428,1544850899440308224,
2045802106595017149,Sun Apr 19 16:23:50 +0000 2026,5,@18fesss Putusin aja kakk mumpung masih muda puas2in makan yang manis2 sama gorengan urusan diabetes cuci darah penyakitan biarin aja itu,2045901196419027060,,18fesss,in,,0,0,0,https://x.com/undefined/status/2045901196419027060,2004247700188155904,
2045896650875605335,Sun Apr 19 16:19:20 +0000 2026,0,@hirononyuls wkwk menghindari diabetes tapi jadinya penyakit paru ,2045900060949639545,,hirononyuls,in,,0,0,0,https://x.com/undefined/status/2045900060949639545,1912135052777144321,
2045896650875605335,Sun Apr 19 16:05:47 +0000 2026,0,berlaku buat yg ngepods/vape temen gw krn ada latar belakang turunan diabetes dan dia ngepods skrg dia gula darahnya tinggi. jadi lebih baik iqos aja (jangan jg sih),2045896650875605335,,,in,,0,2,0,https://x.com/undefined/status/2045896650875605335,1912135052777144321,
2045743414822482212,Sun Apr 19 15:57:19 +0000 2026,0,@dosenkesmas kurangi konsumsi yg manis2 kl kena diabetes tar bisa merembet ke mana2 sakitnya nyesal dah telat,2045894520576074077,,dosenkesmas,in,,0,0,0,https://x.com/undefined/status/2045894520576074077,1901293407324311553,
2045893067748897029,Sun Apr 19 15:51:32 +0000 2026,3,ketrigger bgt gw liat berita org diumur 20thn meninggal krn diabetes kalian klo sweet tooth atau suka ngopi kurang kurangin dl atau dlm batas wajar ya krn gaada yg tau itu penyakit diinvest sampe brp tahun kedepan. stay hydrated,2045893067748897029,,,in,,1,2,0,https://x.com/undefined/status/2045893067748897029,1912135052777144321,
2045793055064850441,Sun Apr 19 15:49:10 +0000 2026,38,@ChainWhisper44 Temen gw selama wfh karna covid sering banget minum itu. Diabetes ga dirasa sampe akhirnya fungsi ginjal turun drastis. Berujung seminggu 2x cuci darah,2045892470274396219,,ChainWhisper44,in,,1,1,1,https://x.com/undefined/status/2045892470274396219,1893512063202533381,
2045852296077250939,Sun Apr 19 15:48:04 +0000 2026,1,@Mihles Tapi kalo makannya sambil mandangin kamu akunya takut diabetes bisa minggir dikit nggak? .g https://t.co/0XctfCTauk,2045892195656548478,https://pbs.twimg.com/media/HGR4GtKbUAAKvvB.jpg,Mihles,in,,0,0,1,https://x.com/undefined/status/2045892195656548478,2428433893,
2045890890120769803,Sun Apr 19 15:42:53 +0000 2026,0,Pada akhirnya semua kebahagiaan anak pertama akan runtuh. Niat aku melakukan semua kenakalan semua pembelian barang2 yang tidak berguna untuk kebahagiaan diriku dan tampungan kebahagiaan masa depan. Karena peringatan suatu waktu yang memiliki orang tua berpenyakit diabetes-,2045890890120769803,,,in,,0,1,0,https://x.com/undefined/status/2045890890120769803,1502907480312991744,
2045802106595017149,Sun Apr 19 15:37:25 +0000 2026,0,@18fesss Biasanya yg bilang bawel pasangannya soal kesehatan mentok umurnya sampe 30 soalnya udah kena diabetes kanker serviks sama gagal ginjal.,2045889512145043461,,18fesss,in,,0,0,0,https://x.com/undefined/status/2045889512145043461,1970103330279239680,
2044051275403379037,Sun Apr 19 15:36:30 +0000 2026,0,@Karnina takut diabetes papa,2045889283253571710,,Karnina,in,,0,0,0,https://x.com/undefined/status/2045889283253571710,1262312853849030658,
2045887712151167112,Sun Apr 19 15:30:15 +0000 2026,0,MANIS BANGET SI KALIAN AMBOIIIII DIABETES AKU NI #MyRomanceScammerFinalEP,2045887712151167112,,,in,,0,0,0,https://x.com/undefined/status/2045887712151167112,1400436040020594698,
2045802106595017149,Sun Apr 19 15:22:11 +0000 2026,5,@18fesss berarti cowo gue tahan bgt yaa. gue selalu bilang 'jangan minum manis kebanyakan' 'udh minum air putih blm?' 'hari ini makam minum manis brp kali?' dan itu setiap hari gue tnya. gue g mau dia diabetes/gagal ginjal. gue tau dia suka bgt minum manis makanya gue kasih reminder,2045885681554338185,,18fesss,in,,0,0,0,https://x.com/undefined/status/2045885681554338185,932611744953856001,
2045869667726811516,Sun Apr 19 15:18:43 +0000 2026,1,@seanfttm KENAPA SIH MANIS BANGET MANIS NYA ITU NYANG MANIIS MANISSS BAANEGTTF MANISS NGALAHIN KENCING MANIS ORANG DIABETES,2045884806517715077,,seanfttm,in,,1,0,0,https://x.com/undefined/status/2045884806517715077,1703070270762946560,
2045883216901583064,Sun Apr 19 15:12:24 +0000 2026,0,Sering Haus dan Mudah Lelah? Bisa Jadi Ini 7 Tanda Awal #Diabetes yang Tak Kamu Sadari Diabetes bukanlah penyakit yang datang secara tiba-tiba. Ia berkembang perlahan diam-diam dan seringkali tanpa gejala yang mencolok. https://t.co/1RuRuq0bfq,2045883216901583064,,,in,,0,0,0,https://x.com/undefined/status/2045883216901583064,924404290659033088,
2044007733557637208,Tue Apr 14 23:59:43 +0000 2026,0,@Aauunicornnn Ahhhhhh sangkin manisnya tkt kena diabetes ,2044203980503560641,,Aauunicornnn,in,,0,0,0,https://x.com/undefined/status/2044203980503560641,2031889145573097472,
2044200394663047506,Tue Apr 14 23:45:28 +0000 2026,0,Cek Obat Diabetes Insulin Alami Kencing Manis Perbaiki Pankreas 100% Herbal Original DeBetes dengan harga Rp57.337. Dapatkan di Shopee sekarang! https://t.co/9wLGwaqBOT,2044200394663047506,,,in,,0,0,0,https://x.com/undefined/status/2044200394663047506,1616597300817825793,
2044015667721187810,Tue Apr 14 22:57:28 +0000 2026,0,@farhanzlkr Diabetes berpesta saudaraku,2044188314908144029,,farhanzlkr,in,,0,0,0,https://x.com/undefined/status/2044188314908144029,1693783037845409792,
2044075567247442068,Tue Apr 14 21:40:52 +0000 2026,0,@yappingfess lain kali klo cwo lu ngelarang lu tanyain alasannya dan kalo alasannya msuk akal lu harus terima. kyk gue nih ada diabetes klo terlalu bnyk mkn manis/asin ya dikomen sm cw gue. nah kalo stelah lu tanyain pasangan lu dan dia g punya alasan lu komenin balik la tiap dia mau makan,2044169038251909308,,yappingfess,in,,0,0,0,https://x.com/undefined/status/2044169038251909308,1233409266037342208,
2044165388364329171,Tue Apr 14 21:26:21 +0000 2026,1,Tetangga kena diabetes dokter nyaranin kurangi gula ga percaya akhirnya k alternatif ustadnya nyuruh makan gula 5 sendok sehari selama sebulan bulan berikutnya cek k dokter gulanya makin tinggi. Besok nya balik k alternatif lagi terus d suruh ganti gula k sari tebu,2044165388364329171,,,in,,0,0,0,https://x.com/undefined/status/2044165388364329171,1630170174300233730,
2043815149937799679,Tue Apr 14 19:47:08 +0000 2026,0,@zahrantica takutnya diabetes hehe,2044140417067942152,,zahrantica,in,,0,0,0,https://x.com/undefined/status/2044140417067942152,734800004,
2043815149937799679,Tue Apr 14 18:56:09 +0000 2026,0,@zahrantica diabetes takutnya ntar,2044127585718964562,,zahrantica,in,,0,0,0,https://x.com/undefined/status/2044127585718964562,1425024835294355458,
2044111964650254703,Tue Apr 14 17:54:04 +0000 2026,0,Mampu mengubah air minum biasa menjadi air hidrogen bersifat Infra Merah jauh yang terbukti efektif mencegah dan membantu Menormalkan Penyakit Diabetes Menormalkan Penyakit Kolesterol Menyembuhkan Prostat Menyembuhkan Rabun Mengurangi Katarak Mata https://t.co/fb6nB8xKSD,2044111964650254703,https://pbs.twimg.com/media/HF4k_-XasAIPNCc.jpg,,in,,0,1,0,https://x.com/undefined/status/2044111964650254703,1903089951207759872,
2043815149937799679,Tue Apr 14 17:35:21 +0000 2026,0,@zahrantica Takut banget diabetes ya,2044107252131611125,,zahrantica,in,,0,0,0,https://x.com/undefined/status/2044107252131611125,1645056485389467651,
2043898739774181673,Tue Apr 14 17:23:57 +0000 2026,0,@119juta Iya katanya. Ngk tau yg skrng itu generasi keberapa yg mengelola. Orangtua dulu yg diturunkan Bisnis ke anak-cucunya. Orgtua sekarang yg diturunkan Diabetes Darah Tinggi ,2044104382971818132,,119juta,in,,0,0,0,https://x.com/undefined/status/2044104382971818132,2037837188964941826,
2043815149937799679,Tue Apr 14 16:55:08 +0000 2026,0,@zahrantica Nggak mau makan ah takut diabetes,2044097134199484486,,zahrantica,in,,0,0,0,https://x.com/undefined/status/2044097134199484486,2034354261765824512,
2043828024479756320,Tue Apr 14 16:51:31 +0000 2026,0,@halupulisi Real bikin diabetes ini mah,2044096221749592559,,halupulisi,in,,0,0,0,https://x.com/undefined/status/2044096221749592559,1991002941562802176,
2044086051300413746,Tue Apr 14 16:44:26 +0000 2026,0,@NastiBrenda @callmekimsey Diabetes tupu hapa,2044094440827228485,,NastiBrenda,in,,0,0,0,https://x.com/undefined/status/2044094440827228485,2012925153592958977,
2044093805293645912,Tue Apr 14 16:41:55 +0000 2026,1,Jadi inget nenek yang meninggal kena diabetes pas korona. nyawa nggak tertolong &amp; nggak dapat kamar karena terlalu banyak pasien korona ,2044093805293645912,,,in,,0,0,0,https://x.com/undefined/status/2044093805293645912,1709139315698356224,
2044090523590504585,Tue Apr 14 16:28:52 +0000 2026,3,kalo keonho udh senyum gini gue siap minum kopi kapal api tanpa gula minum es teh tanpa gula gue akan skip makan permen krn lihat senyum keonho aja udh cukup buat gue hampir diabetes https://t.co/VzHCbwfATs,2044090523590504585,https://pbs.twimg.com/media/HF4Rf6nasAI_65g.jpg,,in,,0,0,0,https://x.com/undefined/status/2044090523590504585,2023332234170904576,
2043815149937799679,Tue Apr 14 16:15:09 +0000 2026,0,@zahrantica Diabetes ya wkwk,2044087069879021591,,zahrantica,in,,0,0,0,https://x.com/undefined/status/2044087069879021591,1992990145537286145,
2044007800431432087,Tue Apr 14 16:10:10 +0000 2026,1,@baseconvo Single apaan 46 thn? Hati2 jgn menyesal nanti kau klo udah nikah cuma kebagian gantiin pampersnya. Bentar lagi impoten itu blom lagi kena Diabetes Stroke Ginjal.,2044085816776110264,,baseconvo,in,,0,0,0,https://x.com/undefined/status/2044085816776110264,1806576414558420992,
2044083521996918849,Tue Apr 14 16:01:03 +0000 2026,1,Alhamdulillah dapat kekayaan karena sehat Dekat kepala tiga no diabetes gula kolesterol batu ginjal sehat lambung sehat gigi sehat no tumor no operasi Masih bisa minum kopi matcha makan seblak cimol coklat cilor dll. Kalian yang sehat sampai sekarang https://t.co/AtGRhggp9m,2044083521996918849,https://pbs.twimg.com/media/HF4LIJnbYAADFRU.jpg,,in,,0,0,0,https://x.com/undefined/status/2044083521996918849,1112196951687069696,
2047823978232988024,Fri Apr 24 23:44:26 +0000 2026,0,LBI : 4 2/5 agak ragu di fisika kimia nya karena emang pilihan jawaban beberapa nyaru soalnya ada sapi diabetes terus puisi itu jujur lumayan susah ya,2047824014538924220,,chiomaykeju,in,,0,1,0,https://x.com/undefined/status/2047824014538924220,1883486174356062209,
2047819500440133797,Fri Apr 24 23:31:27 +0000 2026,0,Itupun gue baru tau Karbo gak cuma nasi gara2 bapak gue diabetes dan disuruh ngurangin nasiselama ini sebelum tau Karbo macem2 gue pikir jagung/ubi itu camilan....,2047820749239636369,,puri__nim,in,,0,0,0,https://x.com/undefined/status/2047820749239636369,1303996139931275264,
2047805078569132130,Fri Apr 24 22:29:11 +0000 2026,1,Dah gitu masih kena penyakit turunan asma and potentially kena diabetes hipertensi kanker ‍ Penyakit mahal semua tuh. Good job bgt.,2047805078569132130,,,in,,0,0,0,https://x.com/undefined/status/2047805078569132130,1810618915049086976,
2047533893201563867,Fri Apr 24 21:34:19 +0000 2026,0,@AyuAyubbbbb77 diabetes dah ka,2047791269968216306,,AyuAyubbbbb77,in,,0,0,0,https://x.com/undefined/status/2047791269968216306,1950757683361124352,
2047768352102490393,Fri Apr 24 20:03:15 +0000 2026,1,Wakanda for diabetes,2047768352102490393,,,in,,0,1,0,https://x.com/undefined/status/2047768352102490393,1991255721565130752,
2047391319455158585,Fri Apr 24 17:40:05 +0000 2026,0,@suraight56791 @tanyakanrl Diabetes itu gak datang tiba-tiba lama prosesnya,2047732323526021183,,suraight56791,in,,0,0,0,https://x.com/undefined/status/2047732323526021183,1949101543569117184,
2047718037030424632,Fri Apr 24 17:39:39 +0000 2026,0,@aomisaki_ Yang enak minum sambil memandangi kak Ao dah tu kena diabetes,2047732214096695405,,aomisaki_,in,,0,0,0,https://x.com/undefined/status/2047732214096695405,1948679003331764224,
2047679606447382761,Fri Apr 24 17:35:05 +0000 2026,0,@ThenNowForeve Tu thuss bhai sasta ketchup(Diabetes).,2047731063628468655,,ThenNowForeve,in,,0,0,0,https://x.com/undefined/status/2047731063628468655,3309355584,
2047730580608188906,Fri Apr 24 17:33:10 +0000 2026,2,Meanwhile cowo gue: Kok kaki nya bisa busuk gitu? Emang diabetes karena makan gula banyak aja? Itu dibor gitu habis itu tulang nya diapain? Hah ambil plasenta masukin 1 tangan sampe siku? Jadi kalau kesurupan itu skizo bukan? Dan berakhir gue; Jadi gini . ,2047730580608188906,,,in,,0,0,0,https://x.com/undefined/status/2047730580608188906,727644156,
2047677566757339143,Fri Apr 24 17:27:07 +0000 2026,0,@wooyowaifyu dipikir2 kok bisa ya gw g diabetes dulu hampir tiap minggu pas pulang skolah beli soalnya lewat klo pulang ke rumah ,2047729059208278510,,wooyowaifyu,in,,0,1,0,https://x.com/undefined/status/2047729059208278510,1989455449473921024,
2047723242098712995,Fri Apr 24 17:04:00 +0000 2026,1,dari kemarin mereka ni rajin update sosmed mana bgm nya samaan pulak. diabetes gw lama² tapi gpp lanjutkan ketua kasih anak² jagung mu ini permen yang banyak hehe besok bakal ada update lagi ga ya,2047723242098712995,,,in,,0,0,0,https://x.com/undefined/status/2047723242098712995,1439138883971678208,
2047722827487609002,Fri Apr 24 17:02:21 +0000 2026,0,temen gue dulu hampir tiap hari beli nyoklay jir gatau lagi deh gue dia diabetes apa engga skg (smoga engga),2047722827487609002,,,in,,0,0,0,https://x.com/undefined/status/2047722827487609002,1581079920436203520,
2047669498711552200,Fri Apr 24 17:01:11 +0000 2026,0,@KimAhma84830714 aduhh diabetes akuu,2047722531692642366,,KimAhma84830714,in,,0,1,0,https://x.com/undefined/status/2047722531692642366,2042841656245002240,
2047719737703154174,Fri Apr 24 16:50:04 +0000 2026,0,25.000.4(skala hari kerja)= total total.6 hari(hari kerja)= total mingguan total mingguan.52minggu= duit jadi diabetes,2047719737703154174,,,in,,0,0,0,https://x.com/undefined/status/2047719737703154174,1917943363246153728,
2047718400533946378,Fri Apr 24 16:44:46 +0000 2026,0,bayangno 7 hari 4x ngopi (.harga) total perbulan.Dikali 12 bulan apa gak duit itu nabung dpt duit+bunga ngopi dapat diabetes+penyakitan.Menuju indog cemas,2047718400533946378,,,in,,0,1,0,https://x.com/undefined/status/2047718400533946378,1917943363246153728,
2047710910266163237,Fri Apr 24 16:31:03 +0000 2026,0,@kopioat Dua2 sangat beresiko ya Bun asin seumur hidup bisa hipertensi manis seumur hidup bisa diabetes wkwkw LOVE UPON A TIME EP5 #ภพเธอEP5,2047714948361707647,,kopioat,in,,0,0,0,https://x.com/undefined/status/2047714948361707647,1571814245322588161,
2046328115883048998,Fri Apr 24 16:15:06 +0000 2026,0,@Lbeeseo @Roiseclair hello mbak chia! diliat-liat list belanjaannya manis semua gitu.. apa ngga takut diabetes ? nanti boleh bagi bagi ke dorm ngortis aja ya kita siap nampung kok. kalau dd sih dari dulu favoritenya ngga berubah alias si choco minto,2047710934211407977,,Lbeeseo,in,,0,0,0,https://x.com/undefined/status/2047710934211407977,277250317,
2047710621148569789,Fri Apr 24 16:13:51 +0000 2026,0,sisa segini padahal baru beli kemaren (gw makan sendiri) kalo gaada diabetes gw makan tiap minggu https://t.co/M1xxZVe0Y6,2047710621148569789,https://pbs.twimg.com/media/HGrt9VzaUAApg9j.jpg,,in,,0,1,0,https://x.com/undefined/status/2047710621148569789,1947130236161945600,
2044775353709650281,Thu Apr 16 23:59:28 +0000 2026,1,@tanyakanrl yeuuu kayak yakin aja dimasa depan ngga kena diabetes lu,2044928694964420713,,tanyakanrl,in,,0,0,0,https://x.com/undefined/status/2044928694964420713,1242211284189204480,
2044924694227451952,Thu Apr 16 23:58:46 +0000 2026,0,@xellosoiwa Elahh inimah diabetes,2044928517704761381,,xellosoiwa,in,,0,1,0,https://x.com/undefined/status/2044928517704761381,1425752563442356224,
2044815611964871035,Thu Apr 16 23:54:49 +0000 2026,2,@sbmptnfess hasil akhirnya kan hormon insulin dapat menurunkan risiko munculnya diabetes. naahhh baru km cari option yg memuat itu,2044927523591786840,,elbelajar1007,in,,0,0,0,https://x.com/undefined/status/2044927523591786840,2007014054137913344,
2044815611964871035,Thu Apr 16 23:54:05 +0000 2026,95,@sbmptnfess kalo aku skip bacaan ttg kunci pintu. lgsg liat ke bagian: *hormon insulin membantu gula darah msk ke sel (p) -&gt; tubuh terlindung dari penumpukan (q) *tubuh terlindung dr penumpukan (q) -&gt; risiko muncul diabetes rendah (r) klo bentuknya p-&gt;q q-&gt;r kan si q bs dicoret,2044927339784765794,,sbmptnfess,in,,0,1,3,https://x.com/undefined/status/2044927339784765794,2007014054137913344,
2044685307883491674,Thu Apr 16 23:42:05 +0000 2026,0,@NenkMonica Ni orang kok tambah kurus ya??? Kayak kena Diabetes kek temennya si Fadli Zon . Efek doa orang teraniaya kali yaaa,2044924319931990127,,NenkMonica,in,,0,0,0,https://x.com/undefined/status/2044924319931990127,1252057350673817600,
2044921378227564939,Thu Apr 16 23:30:24 +0000 2026,11,kenyang banget semalem disuguhin podcast bapak bapak diabetes. yang satu baru dateng udah mie ayam. satu lagi tamu nya band yang vokalisnya suka lupa lirik dan gitarisnya suka lupa kunci https://t.co/eLrejfc3SY,2044921378227564939,https://pbs.twimg.com/media/HGEFJ6ebEAAUEno.jpg,,in,,0,0,1,https://x.com/undefined/status/2044921378227564939,1448997319353847813,
2044775353709650281,Thu Apr 16 22:53:10 +0000 2026,2,@tanyakanrl lah kan ada diabetes turunan dan resikonya lebih gede bukan krna sekedar makan manis plsak yg punya riwayar diabetes turunan aja selalu berupaya ngurangi gula tambahan di jajan,2044912008563470748,,tanyakanrl,in,,0,0,0,https://x.com/undefined/status/2044912008563470748,1551102697343832064,
2044681111843054010,Thu Apr 16 22:20:53 +0000 2026,0,@thunderthieff permen karet manisnya udah kek diabetes level maksimal ultra mega super top tier.. padahal gulanya sama,2044903884720861508,,thunderthieff,in,,0,0,0,https://x.com/undefined/status/2044903884720861508,528182408,
2044545188874621250,Thu Apr 16 21:30:17 +0000 2026,0,@beedegelen diabetes menunggu ituu,2044891150214107321,,beedegelen,in,,0,0,0,https://x.com/undefined/status/2044891150214107321,2007517248043528198,
2044889703900664003,Thu Apr 16 21:24:33 +0000 2026,0,Tahukah kamu? Meskipun 74% masyarakat Indonesia berambisi hidup sehat di tahun 2025 kenyataannya pada tahun 2026 ini kasus diabetes dan hipertensi masih mendominasi.,2044889707549700277,,hmja_pnj,in,,0,1,0,https://x.com/undefined/status/2044889707549700277,217485051,
2044777526204248203,Thu Apr 16 21:21:24 +0000 2026,4,@jellypastaa salah satu keluargaku punya diabetes tapi gak mau pake obat karena kemakan hal2 kayak gini dan jadinya cuma makan kentang mentah (disarankan sama entah siapa) akhirnya gulanya gak kekontrol dan malah harus suntik insulin. Tapi ttep aja percayanya sama ahli abal-abal,2044888917829464436,,jellypastaa,in,,0,0,0,https://x.com/undefined/status/2044888917829464436,1224489985199357959,
2044888845167305145,Thu Apr 16 21:21:07 +0000 2026,0,Hehe bukan diabetes tp pernah ada yg ngomong semacam gini ke aku krn aku sakit. Percuma cantik baik kalo sakit mah bla bla bla.. panjang deh. Orangnya pulang aku nangis sejadi-jadinya. Aku sendiri masih berusaha menerima dan berusaha ikhlas. Malah digituin.,2044888845167305145,,,in,,0,1,0,https://x.com/undefined/status/2044888845167305145,1466396391899480070,
2044362957023580665,Thu Apr 16 19:40:22 +0000 2026,0,@AnakLolina2 Semoga penyebar hoax seperti anaknlolina2 ini segera kena diabetes dan gagal ginjal,2044863490297663876,,AnakLolina2,in,,0,0,0,https://x.com/undefined/status/2044863490297663876,164934677,
2044836934808482287,Thu Apr 16 18:27:12 +0000 2026,0,@medcrux 2️⃣ Diabetes Mellitus Polyuria + polydipsia + polyphagia,2044845076652990828,,medcrux,in,,0,0,0,https://x.com/undefined/status/2044845076652990828,3153095334,
2044545188874621250,Thu Apr 16 18:04:05 +0000 2026,0,@beedegelen gilaaa manis banget otw diabetes,2044839257949532645,,beedegelen,in,,0,0,0,https://x.com/undefined/status/2044839257949532645,2020566370833076224,
2044775353709650281,Thu Apr 16 17:44:01 +0000 2026,1,@tanyakanrl eh diabetes ada yg genetik loh ga cuman dr lifestyle. Klo dia yg diabetes tipe 1 dia gabisa milih itu bawaan lahir,2044834208787685549,,tanyakanrl,in,,0,0,0,https://x.com/undefined/status/2044834208787685549,2031009166782025728,
2044545188874621250,Thu Apr 16 17:21:04 +0000 2026,0,@beedegelen Oke langsung diabetes,2044828434434805957,,beedegelen,tl,,0,0,0,https://x.com/undefined/status/2044828434434805957,2015420238612058112,
2044727556201660422,Thu Apr 16 17:13:32 +0000 2026,0,@itfsgumi Perbaikin pola makan paling bener kaa banyak minum air juga ini paling manjur dah kataku. Dulu aku jga sweet tooth tpi krna pnya gen diabetes tipe 1 trpaksa harus stop. Ganti ke stevia juga ngebantu btw. Kalau dulu aku jg suka ganti pake minum elektrolit kalau pusing2,2044826537913155868,,itfsgumi,in,,0,1,0,https://x.com/undefined/status/2044826537913155868,1243032232672911361,
2044721240452051235,Fri Apr 17 23:52:41 +0000 2026,1,@18fesss Lakinya stress itu coba ke psikolog sklian diabetes nya d sembuhkan... Smoga bisa Aceng lagi,2045289377748996292,,18fesss,in,,0,0,0,https://x.com/undefined/status/2045289377748996292,1553088959965954048,
2045096764303384958,Fri Apr 17 23:52:14 +0000 2026,2,@sibambaang setiap penyakit apakah selalu dihubungkan dgn rokok... dan juga gula penyebab diabetes kenapa gak sekalian aja tutup penggunaan gula... jalan sering terjadi kecelakaan knapa gak ditutup aja jalannya... lihat dlu sejarah rokok tercipta baru bacot,2045289263785558184,,sibambaang,in,,0,2,0,https://x.com/undefined/status/2045289263785558184,1541932391715205120,
2045287441083531688,Fri Apr 17 23:45:00 +0000 2026,0,Miris! Diabetes Bukan Lagi Penyakit Orang Tua https://t.co/YeYiplpCme,2045287441083531688,,,in,,0,0,0,https://x.com/undefined/status/2045287441083531688,132078023,
2045284789260108124,Fri Apr 17 23:34:27 +0000 2026,0,takut bgt diabetes ,2045284789260108124,,,in,,0,0,0,https://x.com/undefined/status/2045284789260108124,1110748966356803584,
2045132094284972483,Fri Apr 17 22:55:37 +0000 2026,45,@sapiunguu @kaelrix @yappingfess kalau ini pakainya glikosida steviol kak.. Glikosida steviol adalah senyawa alami pemberi rasa manis yang diekstraksi dari daun tanaman Stevia rebaudiana. Senyawa ini 150-300 kali lebih manis daripada gula nol kalori tidak menaikkan gula darah dan aman bagi penderita diabetes.,2045275013209825582,,sapiunguu,in,,1,2,4,https://x.com/undefined/status/2045275013209825582,1880529553107652608,
2045104771103952910,Fri Apr 17 22:41:36 +0000 2026,0,@ver2000_ Kalo lo beruntung lu bisa hidup lama walaupun merokok selama 100 tahun Tapi kalo gak beruntung lu bisa sakit jantung paru-paru diabetes ginjal dan gangguan kehamilan di usia kepala 3 Jadi mau adu nasib ajah?,2045271485825339732,,ver2000_,in,,0,0,0,https://x.com/undefined/status/2045271485825339732,1259564840009383936,
2045269162852004046,Fri Apr 17 22:32:22 +0000 2026,0,wth ngebandingin KS sama diabetes aja udah ga masuk diakal. emang kalian nih akan selalu bawa topik lain untuk membuat topik utama (KS) itu terlihat tidak terlalu salah ya ,2045269162852004046,,,in,,0,0,0,https://x.com/undefined/status/2045269162852004046,1916332135037997056,
2045256328449536482,Fri Apr 17 21:41:22 +0000 2026,0,Kok bisa? Bisa karena Glikosida Steviol di ekstrak langsung dari daun stevia dan termasuk kepada yang tidak memiliki kalori. Jadi emang dipergunakna untuk diet dan sering digunakan oleh penderita diabetes. Karena sejatinya meskipun 0 sugar tetep ada pemanisnya ya,2045256330601202135,,sunseas_,in,,0,1,0,https://x.com/undefined/status/2045256330601202135,1401122494791118851,
2045256328449536482,Fri Apr 17 21:41:22 +0000 2026,3,Sebetulnya untuk produk no added sugar itu masih ada pemanisnya entah alami atau sintetik. Di ingredients ada namanya Glikosida Steviol termasuk kepada BTP (bahan tambah pangan) jenisnya pemanis alami dan dia lebih manis dari sukrosa tapi aman bagi penderita diabetes,2045256328449536482,,,in,,1,2,0,https://x.com/undefined/status/2045256328449536482,1401122494791118851,
2045132094284972483,Fri Apr 17 20:07:30 +0000 2026,5,@kaelrix Di komposisinya ada glikosida steviol nder aka stevia yg tingkat kemanisannya itu 110-270x lbh manis dr sukrosa (gula pasir) so meskipun dipke sedikit efek manisnya tetep kuat. Oiya stevia itu 0 kalori jadi cocok buat penderita diabetes atau yg lg diet. https://t.co/R5ICKSKJ1T,2045232706070712528,,kaelrix,in,,0,0,0,https://x.com/undefined/status/2045232706070712528,1527687318634524673,
2044999176451412051,Fri Apr 17 19:42:37 +0000 2026,0,@nerinatita Itu mah diabetes g si,2045226444209693089,,nerinatita,in,,0,0,0,https://x.com/undefined/status/2045226444209693089,2043694888005545984,
2045198857148235903,Fri Apr 17 19:08:28 +0000 2026,0,@zoelfick Diabetes komplikasi jantung dan saraf,2045217850789708185,,zoelfick,in,,0,0,0,https://x.com/undefined/status/2045217850789708185,1803816737831559168,
2044999176451412051,Fri Apr 17 18:49:31 +0000 2026,1,@nerinatita diabetes ga sih,2045213081094214030,,nerinatita,in,,0,0,0,https://x.com/undefined/status/2045213081094214030,2009600393991581697,
2045180751315161233,Fri Apr 17 18:35:54 +0000 2026,0,@maspapaa inimah diabetes,2045209653253185579,,maspapaa,in,,0,1,0,https://x.com/undefined/status/2045209653253185579,1394299327267303428,
2045196072100774300,Fri Apr 17 18:16:48 +0000 2026,1,@izundu_victoria Diabetes mgt,2045204848191095171,,izundu_victoria,in,,0,1,0,https://x.com/undefined/status/2045204848191095171,1581747195962859522,
2045199940700524906,Fri Apr 17 17:57:18 +0000 2026,0,kalo gak takut diabetes gw kayaknya akan minum teazzi dan koi setiap hari,2045199940700524906,,,in,,0,1,0,https://x.com/undefined/status/2045199940700524906,4712700853,
2045195577672286227,Fri Apr 17 17:39:58 +0000 2026,0,Diabetes tpi suka ga sih kamu mah ann ,2045195577672286227,,,in,,0,1,0,https://x.com/undefined/status/2045195577672286227,1437942994850574341,
2045186846054052248,Fri Apr 17 17:05:16 +0000 2026,2,keknya gue gabakal bisa tidur deh ini... diabetes liatnya anjir #OnlyFriendsDreamOnEP8,2045186846054052248,,,in,,0,0,0,https://x.com/undefined/status/2045186846054052248,828582260211273728,
2046355292875825594,Mon Apr 20 23:31:14 +0000 2026,1,@solowae1 Bilasnya sampe 3 kali. Hbs itu kasih air dan minyak kelapa dikit. Kenapa harus pake minyak biar ga lengket di panci. Atau klo ada yg punya diabetes bisa kasih irisan bawang putih di berasnya. Mengurangi kadar gula pada nasinya,2046371141149995046,,solowae1,in,,1,1,0,https://x.com/undefined/status/2046371141149995046,1510794946445393920,
2046295236608159969,Mon Apr 20 23:20:37 +0000 2026,4,@gcngo88 @fundo_baraka Pombe ina effect ya moja kwa moja kwenye kusababisha injury kwenye nephrons pia inasababisha shinikizo la damu kuwa juu Hypertension is the leading cause of renal failures initiators na diabetes Unywaji wa pombe kupindukia na feki zote ni vyanzo za uharibifu wa Figo zako,2046368469227016442,,gcngo88,in,,0,1,1,https://x.com/undefined/status/2046368469227016442,1137699370781040640,
2046244226485412059,Mon Apr 20 23:08:05 +0000 2026,0,@kjoowool_ Pantesan papah nih jarang senyum krna dia tau senyuman nya manis bngt ga mau semua org kena diabetes krna senyumannya,2046365316092182685,,kjoowool_,in,,0,1,0,https://x.com/undefined/status/2046365316092182685,1649319995422433280,
2046007808295112720,Mon Apr 20 22:54:49 +0000 2026,0,@AldhitamaR Pasien orgtua tawarkan cek asam urat tensi tanyakan riwayat penyakit konsumsi obat lain/tdk. Jika ada penyakit hipertensi diabetes hiperlipid kanker sdg konsumsi obat tsb berikan antinyeri yg aman sarankan ke dokter. Tp biasanya bapak² ngeyel maunya obat manjur yg cepet,2046361975010349417,,AldhitamaR,in,,0,0,0,https://x.com/undefined/status/2046361975010349417,1293129197779480576,
2046361323588710617,Mon Apr 20 22:52:15 +0000 2026,1,Konsumsi gula berlebih juga memicu inflamasi kronis di seluruh tubuh termasuk otak. Neuroinflammation ini dihubungkan dengan depresi cognitive decline dan risiko demensia. Beberapa peneliti menyebut Alzheimer sebagai diabetes tipe 3 karena pola resistensi insulin yang mirip,2046361332937863545,,epicmnw,in,,0,1,0,https://x.com/undefined/status/2046361332937863545,1908710508410396673,
2046144825330979051,Mon Apr 20 22:40:58 +0000 2026,0,@apralzolam Gara2 nama pasien sama temen gw waktu PKL permah salah kasih obat orang gula darah normal dikasih obat diabetes. Penerima obatnya orang desa yang alamatnya cuma menyebut nama kecamatan. Untung Kepala IF masih keburu ngejar orangnya ke terminal bis,2046358492781617284,,apralzolam,in,,0,0,0,https://x.com/undefined/status/2046358492781617284,1507769095152103431,
2046023814275076421,Mon Apr 20 22:39:24 +0000 2026,0,@mendadaknih Bahaya tidur terlalu lama. Tidur terlalu lama (lebih dari 9-10 jam/hari untuk orang dewasa) berisiko memicu gangguan kesehatan serius. Dampaknya meliputi peningkatan risiko diabetes penyakit jantung obesitas sakit kepala nyeri punggung hingga gangguan mental seperti,2046358096306659762,,mendadaknih,in,,0,0,0,https://x.com/undefined/status/2046358096306659762,892015585231380480,
2046357399557267736,Mon Apr 20 22:36:38 +0000 2026,0,Pemilik Golongan Darah Ini Waspada Ternyata Paling Rentan Kena Diabetes https://t.co/hC6EXa8wE3,2046357399557267736,,,in,,0,0,0,https://x.com/undefined/status/2046357399557267736,41730943,
2046025432232083842,Mon Apr 20 22:29:00 +0000 2026,0,@mendadaknih Eh jangan diabetes,2046355480050860070,,mendadaknih,in,,0,0,0,https://x.com/undefined/status/2046355480050860070,2037455827154440192,
2046232459281375355,Mon Apr 20 22:11:22 +0000 2026,0,@sbyfess Bebas nder cm ojok sambat ke base lek pean hipertensi obes diabetes dll,2046351041835532388,,sbyfess,in,,0,0,0,https://x.com/undefined/status/2046351041835532388,173407719,
2046325476034273711,Mon Apr 20 21:40:08 +0000 2026,0,@cocoelonmusk Pagi juga Awas kelwatan manis jadi diabetes kak,2046343181898547574,,cocoelonmusk,in,,0,0,0,https://x.com/undefined/status/2046343181898547574,598902967,
2046330131921121324,Mon Apr 20 20:48:17 +0000 2026,1,diabetes dh ini mah‍↕️‍↕️ https://t.co/jqUnfSUl8V,2046330131921121324,https://pbs.twimg.com/media/HGYGaLdaMAAKvE8.jpg,,in,,0,0,0,https://x.com/undefined/status/2046330131921121324,1791782228126486528,
2046310169097933193,Mon Apr 20 19:28:57 +0000 2026,1,kok bisa sih betah seya km pacaran soalnya klo ak jd seya udah meninggal diabetes,2046310169097933193,,,in,,0,0,0,https://x.com/undefined/status/2046310169097933193,1286624922597380097,
2045132094284972483,Mon Apr 20 18:49:15 +0000 2026,2,@Gone4088 @kaelrix kalo hntuk cimory-nya sendiri lebih baik dilihat komposisi lanjutannya. tapi saran aku buat penderita diabetes mending beli yogurt plain aja karena lebih aman,2046300179134025881,,Gone4088,in,,0,0,0,https://x.com/undefined/status/2046300179134025881,1219263364133617664,
2045132094284972483,Mon Apr 20 18:48:17 +0000 2026,1,@Gone4088 @kaelrix boleehhh justru stevia bagus buat orang yang punya diabetes soalnya stevia sendiri tidak mengandung gula. jadi dari kalori 0 gak bikin gula darah naik juga tapi tetep tidak berlebihan. kalo mau lebih sehat coba aja ganti gula pake 1-2 tetes stevia.,2046299932622278789,,Gone4088,in,,0,0,0,https://x.com/undefined/status/2046299932622278789,1219263364133617664,
2046292264587268577,Mon Apr 20 18:31:08 +0000 2026,0,@ScriptofIan baca buku apaaa? KALAU TIGA KEBANYAKAN GAK SIH nanti aku diabetes...,2046295618117857443,,ScriptofIan,in,,0,1,0,https://x.com/undefined/status/2046295618117857443,786637449170563072,
2046137305547563121,Mon Apr 20 18:24:21 +0000 2026,0,@Dane2415 Dan ternyata yg makan sesekali itu gak tau kalau dia sudah diabetes atau gula darahnya tinggi,2046293913481465898,,Dane2415,in,,0,0,0,https://x.com/undefined/status/2046293913481465898,99057722,
2046198122649710682,Mon Apr 20 17:59:32 +0000 2026,3,@txtdarigajelas tongkrongan calon diabetes sama osteoporosis,2046287664761237772,,txtdarigajelas,in,,0,0,0,https://x.com/undefined/status/2046287664761237772,96895097,
2046277748411576427,Mon Apr 20 17:20:07 +0000 2026,0,cape bgt bilangin org yg lg kena diabetes kronis,2046277748411576427,,,in,,0,1,0,https://x.com/undefined/status/2046277748411576427,1751092017260908545,
2045122438753894809,Mon Apr 20 17:15:44 +0000 2026,0,@Leesocl meimei manis banget sih aku takut diabetes deh.. makasihh lho dd kalau menurut aku kamu cocok sama bunga daisy. sederhana tapi indah dan tetep imut :3,2046276644835618859,,Leesocl,in,,0,0,0,https://x.com/undefined/status/2046276644835618859,4621324460,
2046063897556480427,Tue Apr 21 23:47:44 +0000 2026,0,@bersadewa Punya riwayat diabetes Om? ,2046737683041685851,,bersadewa,in,,0,1,0,https://x.com/undefined/status/2046737683041685851,2039565123413508096,
2046454480284389873,Tue Apr 21 23:47:27 +0000 2026,0,@ShinFa_04 @txtdarionlshop tapi ranking diabetes malaysia no 1 se-asean,2046737610408894534,,ShinFa_04,in,,0,0,0,https://x.com/undefined/status/2046737610408894534,1562093555413569536,
2046536606463688997,Tue Apr 21 23:46:30 +0000 2026,0,@AldhitamaR padahal mereka memiliki kewajiban untuk mematuhi peraturan pelabelan nutrisi guna menjamin hak konsumen atas informasi yang benar dan akurat. Seharusnya kepatuhan ini bukan sekadar etika bisnis melainkan juga untuk menekan diabetes dan hipertensi sehingga masyarakat,2046737369760760316,,AldhitamaR,in,,0,0,0,https://x.com/undefined/status/2046737369760760316,78619866,
2046732515273314457,Tue Apr 21 23:27:12 +0000 2026,0,Yang ngasih makanan gratis justru meningkatkan resiko diabetes soalnya ngasih makanan tinggi gula sama upf,2046732515273314457,,,in,,0,0,0,https://x.com/undefined/status/2046732515273314457,1232624380884090881,
2046458824757014971,Tue Apr 21 23:22:24 +0000 2026,0,@zukmaaa Diabetes woi wkwk,2046731308337111365,,zukmaaa,in,,0,0,0,https://x.com/undefined/status/2046731308337111365,1427625957825916928,
2046728223455850827,Tue Apr 21 23:19:52 +0000 2026,1,@bardanslm Sangat dihindari ternyata apalagi bagi para penderita diabetes.,2046730667267113237,,bardanslm,in,,0,0,0,https://x.com/undefined/status/2046730667267113237,1248255233433546754,
2046448507389972950,Tue Apr 21 22:54:30 +0000 2026,2,@ayjustwannadie @Hizbut_Tembakau Gw punya temen yg diabetes dan ga bisa ngaceng sebelum nikah cerita ma pacarnya dan ternyata pacarnya gpp dan sampe sekarang mereka masih sama2 udh 15 tahun dan angkat anak. Disitu aku tau makna pernikahan untuk setiap orang itu beda.,2046724286724166077,,ayjustwannadie,in,,0,0,0,https://x.com/undefined/status/2046724286724166077,77725498,
2046443986374865333,Tue Apr 21 21:10:48 +0000 2026,0,@_riverheaven Orang Jepang makannya banyak manis tapi kenapa kasus diabetes sangat kecil dibandingkan orang Indonesia?,2046698186165875048,,_riverheaven,in,,0,0,0,https://x.com/undefined/status/2046698186165875048,89042963,
2046523219503657217,Tue Apr 21 20:55:58 +0000 2026,0,@pawtfuck @CorpusAlienumm Ada yg biasa disingkat di kalangan medis OAT : obat anti tuberkulosis OAD : obat anti diabetes,2046694455835812033,,pawtfuck,in,,0,0,0,https://x.com/undefined/status/2046694455835812033,1515896991620173831,
2046458824757014971,Tue Apr 21 20:45:27 +0000 2026,0,@zukmaaa Apa ga diabetes ka,2046691808789647681,,zukmaaa,in,,0,0,0,https://x.com/undefined/status/2046691808789647681,1704494854808424448,
2046684973386678471,Tue Apr 21 20:18:17 +0000 2026,0,Dem yako ananunua rolling stick unadhani ni ya kupika chapati Unashangaa mbona huyo msichana Ako mtamu hivo kumbe ghasia Iko na diabetes Unaenda kuhama usiku usilipe rent unapata caretaker ndio mtu wa mkokoteni,2046684973386678471,,,in,,0,0,0,https://x.com/undefined/status/2046684973386678471,1731414525440598016,
2046458824757014971,Tue Apr 21 19:36:00 +0000 2026,0,@zukmaaa Ngga takut diabetes,2046674332034937169,,zukmaaa,in,,0,0,0,https://x.com/undefined/status/2046674332034937169,1376555310,
2046430403796558011,Tue Apr 21 18:37:38 +0000 2026,0,@Zeefire02 Makanya banyak gen Z skrg yg kena diabetes &amp; gagal Ginjal Karena minuman &amp; makanannya tampak sehat tp racun bagi tubuhnya,2046659642542203256,,Zeefire02,in,,0,0,0,https://x.com/undefined/status/2046659642542203256,1960232162780946432,
2046458824757014971,Tue Apr 21 18:21:14 +0000 2026,0,@zukmaaa Wkwkw diabetes gatuh,2046655513916797229,,zukmaaa,in,,0,0,0,https://x.com/undefined/status/2046655513916797229,1880800126161268736,
2046653399014486527,Tue Apr 21 18:12:49 +0000 2026,28,Meri car ko diabetes ho jayega sahab,2046653399014486527,,,in,,0,3,4,https://x.com/undefined/status/2046653399014486527,62766520,
2046454480284389873,Tue Apr 21 18:11:19 +0000 2026,0,@H3sll @txtdarionlshop dia ngusung gtu krn menkes dan tingkat diabetes disini masih tinggiiii,2046653017525825716,,H3sll,in,,0,0,0,https://x.com/undefined/status/2046653017525825716,1293489381353783296,
2046560817727013105,Tue Apr 21 18:03:13 +0000 2026,0,@Atulsingh_asan Investor ko ye Diabetes karwa kar manenge ab ,2046650980406821317,,Atulsingh_asan,in,,0,0,0,https://x.com/undefined/status/2046650980406821317,74951195,
2046567309326872735,Tue Apr 21 17:38:31 +0000 2026,0,@NakesPuskesmas Kejar kesehatan bangsa Indonesia lah gak lijat apa diabetes merajalela.,2046644766792876194,,NakesPuskesmas,in,,0,1,0,https://x.com/undefined/status/2046644766792876194,199610559,
2046458824757014971,Tue Apr 21 17:34:22 +0000 2026,0,@zukmaaa Diabetes menanti nih,2046643719722697000,,zukmaaa,in,,0,0,0,https://x.com/undefined/status/2046643719722697000,1280931984907177985,
2043081876668321964,Sat Apr 11 23:35:09 +0000 2026,0,@AmirMateen2 Cold drink konci thee coke ya 7up? R jin ko diabetes ha un k lye diet coke ka bandoabast thaa?,2043110637535101150,,AmirMateen2,in,,0,0,0,https://x.com/undefined/status/2043110637535101150,1278308820591222784,
2042931773567562229,Sat Apr 11 23:01:43 +0000 2026,0,@cendolmniezt @radenrauf Diliatin terus bisa diabetes ini wkwkwk,2043102222289113264,,cendolmniezt,in,,0,0,0,https://x.com/undefined/status/2043102222289113264,1621840153689092096,
2042783606083588317,Sat Apr 11 22:43:53 +0000 2026,0,@robinszon Kagak minum yg sachet2an dibilang pantes gk gemuk2 *dan yg julid punya punya riwayat diabetes + obes ,2043097734144757819,,robinszon,in,,0,1,0,https://x.com/undefined/status/2043097734144757819,1588574084048162816,
2042902465453195657,Sat Apr 11 20:04:19 +0000 2026,0,@letmetryy @tb_siswadi Justru olahraga hru hti2. Redflgnya klo d riwayt hipertensi dan diabetes juga bs. Baiknya konsul kalo ad riwayat 2 sakit diatas.,2043057577563689228,,letmetryy,in,,0,0,1,https://x.com/undefined/status/2043057577563689228,1855651099631636480,
2042520055259500686,Sat Apr 11 19:38:57 +0000 2026,0,@disuarakannya @namazu_sensei Lah warteg itu juga jualannya ada potensi diabetes asam urat kolestrol bahkan. Lu pikir nasi putih yg berlebihan gak berpotensi bikin diabet?? Udang perkedel telor di warteg yg minyaknya seabrek itu? Potensi mah selalu ada di tiap makanan tp yg utama ya KESADARAN DIRI SENDIRI,2043051195632357829,,disuarakannya,in,,0,0,0,https://x.com/undefined/status/2043051195632357829,778386781,
2043047901262418429,Sat Apr 11 19:29:30 +0000 2026,0,Jadi inget konten kuliner thailand Thai Tea Auntie karena tingkah lucu didukung netijen malah gulanya bisa dilihat didepan mata. Org bebas beli. Sedangkan di sini? Penjual yang dihujat abisan gara-gara penyebab diabetes. Salahkan diri sendiri mengambil keputusan kesehatan!,2043048814605668484,,creevceo,in,,0,0,0,https://x.com/undefined/status/2043048814605668484,1487182190450561026,
2042871641261379620,Sat Apr 11 19:13:36 +0000 2026,0,@usabperning_ Yang 550.976 gak ikutan itu diabetes dan obesitas,2043044813805883837,,usabperning_,in,,0,0,0,https://x.com/undefined/status/2043044813805883837,1657997541215203334,
2042983356376490253,Sat Apr 11 18:51:56 +0000 2026,1,@slim_shady113 Sabar ka phal apka bht meetha hoga Direct diabetes hogi,2043039362166775871,,slim_shady113,in,,0,1,0,https://x.com/undefined/status/2043039362166775871,937047950622183427,
2042997843439612258,Sat Apr 11 18:37:04 +0000 2026,0,@ReiPhase JADI KAKAK MAU ORANG ORANG DIABETES YA,2043035620256420137,,ReiPhase,in,,0,1,0,https://x.com/undefined/status/2043035620256420137,1999789011859394560,
2042912603077513359,Sat Apr 11 18:28:48 +0000 2026,1,@ceyanewt Lah ini.. Pusing ? Oh pasti darah tinggi gak bisa tidur? inflamasi vaskular DIabetes? Oh karena darahnya.. Lah dikira badan kita darah doang apa? the same goes with mental condition no? Kondisi mental ada A-Z lah ini ada satu ngapa gini amat dah,2043033541924266340,,nagi_soreng,in,,0,1,0,https://x.com/undefined/status/2043033541924266340,1412824102142763015,
2043030229044859098,Sat Apr 11 18:15:38 +0000 2026,1,jujur gua gakuat qin jadi clingy maksimal gini BANGSULL BENTAR LAGI DIABETES STADIUM AKHIR NI LAMA-LAMA GUAAXKSLAOXXZJJ DUANG WITH YOU EP11 #ด้วงกับเธอEP11 https://t.co/hopsfD1hG5,2043030229044859098,https://pbs.twimg.com/media/HFpNKbJakAMD0Ra.jpg,,in,,0,0,0,https://x.com/undefined/status/2043030229044859098,1962709179233370112,
2042756172093231286,Sat Apr 11 17:43:19 +0000 2026,0,@geraldyoo_ Iyaa kak Diabetes ounya faktor risiko keturunan,2043022093646991611,,geraldyoo_,in,,0,0,0,https://x.com/undefined/status/2043022093646991611,233470506,
2042992584432455860,Sat Apr 11 17:30:20 +0000 2026,0,@verrodrick YAAMPUN JANGAN SAMPE DIABETES T__T terimakasih yahh queeraaa ily‍↕️‍↕️,2043018827668295850,,verrodrick,in,,0,1,0,https://x.com/undefined/status/2043018827668295850,1462628707810512897,
2042481796739449170,Sat Apr 11 17:02:00 +0000 2026,0,@MiskinTV_ Yang beli dan makan martabak tiap hari jg siapa jir selain diabetes dan nimbun lemak dia juga bikin miskin mahal jingannnnn,2043011695652884808,,MiskinTV_,in,,0,0,0,https://x.com/undefined/status/2043011695652884808,1370806284258209793,
2043008556514054273,Sat Apr 11 16:51:57 +0000 2026,0, Tapi saya/orang tua saya punya diabetes aman nggak? Tenang pilih Susu Etawa yang rendah gula atau original. Indeks glikemiknya rendah jadi tidak menyebabkan lonjakan gula darah yang drastis. Aman dan mengenyangkan! ,2043009165719933273,,wangkers7,in,,0,1,0,https://x.com/undefined/status/2043009165719933273,406763174,
2043006399438033043,Sat Apr 11 16:40:57 +0000 2026,0,Diabetes ga sih bikin yujaca segini banyak gulanya,2043006399438033043,,,in,,0,0,0,https://x.com/undefined/status/2043006399438033043,1794043119576784896,
2042594476317905360,Fri Apr 10 23:36:41 +0000 2026,2,@RagilSemar @gunung3tilu Si Dahnil kah ini???? Kok kurus banget ya??? Hmmmm rata2 begitulah penyakit para pejabat diabetes gagal ginjal serangan jantung ,2042748634203328827,,RagilSemar,in,,0,0,0,https://x.com/undefined/status/2042748634203328827,1621109760266493954,
2042748229754781968,Fri Apr 10 23:35:05 +0000 2026,5161, tetangga sender pengidap diabetes karena ada gangguan tidur minum 0bat tidur ½ dosis dari yg dokter resepkan. nah pagi ini meninggal karena si anak entah lalai atau gimana memberikan 1 dosis 0bat tidur ke ibunya. semematikan itu kah 0bat tidur guys?,2042748229754781968,,,in,,58,123,71,https://x.com/undefined/status/2042748229754781968,1331650559518990336,
2042731152197456009,Fri Apr 10 22:57:27 +0000 2026,2,@abdllh1998 Pagi Bang Hati² kemanisan nt diabetes ,2042738761449247212,,abdllh1998,in,,0,1,0,https://x.com/undefined/status/2042738761449247212,1411746201905426434,
2042720005586866345,Fri Apr 10 21:42:55 +0000 2026,1,$SABS SAB BIO Insiders accumulating at SAB BIO #SABBIO #T1D #Diabetes #Insulin https://t.co/ZGqsDt0bW0,2042720005586866345,https://pbs.twimg.com/media/HFkzBMmbIAAo6oc.jpg,,in,,0,0,0,https://x.com/undefined/status/2042720005586866345,1217986795180298240,
2042543088418107739,Fri Apr 10 21:21:46 +0000 2026,0,@kamarlintang Dia juga yg blg jangan jual martabak karena manis takut banyak yg diabetes kayanya emang sengaja deh nyari sensasi biar viral,2042714681144676389,,kamarlintang,in,,0,0,0,https://x.com/undefined/status/2042714681144676389,1995152299304570880,
2042708252224639283,Fri Apr 10 20:56:13 +0000 2026,0,Yang punya kontrol atas diri sendiri tuh kan kita ya kalo kamu gamau mati karena diabetes ya tinggal ga perlu beli martabak lah,2042708252224639283,,,in,,0,0,0,https://x.com/undefined/status/2042708252224639283,1600806292960219136,
2042180918551670874,Fri Apr 10 20:32:28 +0000 2026,0,@Cookiemon1999 @Arcelo_duta @A_RiriJKT48 @sagitsgits Keterima semua kak umur 57 gagap low vision diabetes asma abis sc cacat ga bisa bahasa arab pada nyampe ke saudi biaya full dari majikan. Pernah kerja di agen penyalur tkw di Riyadh makanya tau. Kamu pasti gatau org indo berangkat jadi tkw nyampe sini malah jadi LC lagi,2042702274669998411,,Cookiemon1999,in,,0,0,0,https://x.com/undefined/status/2042702274669998411,294382333,
2042696927863796115,Fri Apr 10 20:11:13 +0000 2026,0,Isomaltulosa di Diabetasol coklat Bukan sekadar gula biasa Diserap lebih pelan bantu jaga gula darah tetap stabil (cocok buat yang jaga diabetes) energi jadi tahan lama &amp; gak cepat lapar Lebih nyaman lebih terkontrol https://t.co/8rzMaeJ3EP #diabetasol https://t.co/31eOyC0u6o,2042696927863796115,https://pbs.twimg.com/amplify_video_thumb/2042696853737869314/img/Jt0bFNMwWuzKL5zh.jpg,,in,,0,0,0,https://x.com/undefined/status/2042696927863796115,1859525379033268225,
2042535766421901583,Fri Apr 10 18:41:10 +0000 2026,0,@LambeSahamjja yg keliatannya mulia pdhl emrusak ibarat susu yg harusnya bikin sehat malah bikin kena diabetes.,2042674263745007812,,LambeSahamjja,in,,0,0,0,https://x.com/undefined/status/2042674263745007812,26514879,
2042481796739449170,Fri Apr 10 18:13:58 +0000 2026,0,@MiskinTV_ Kecuali LUH makan martabak tiap hari baru LUH dpet diabetes,2042667418775069160,,MiskinTV_,in,,0,0,0,https://x.com/undefined/status/2042667418775069160,1448598026444947457,
2042663060629000678,Fri Apr 10 17:56:39 +0000 2026,0,Bolehkah Penderita Diabetes Makan Pisang? Ini Jawaban Lengkapnya https://t.co/Culg4Cso4H,2042663060629000678,,,in,,0,0,0,https://x.com/undefined/status/2042663060629000678,924404290659033088,
2042662460025647179,Fri Apr 10 17:54:15 +0000 2026,58,orang klo nge-gym-nya bener gk bakal lagi takut gula tepung dll asalkan masih batas wajar (kecuali yg memang lagi hard cut atau mau kompetisi yg memang harus full cutting gula atau org dgn kondisi kesehatan tertentu seperti gangguan ginjal dan diabetes),2042662460025647179,,,in,,1,6,10,https://x.com/undefined/status/2042662460025647179,1521366690210086912,
2042608680903020718,Fri Apr 10 17:27:43 +0000 2026,0,@bakuldimsum_ kesatu aku belum kaya raya kak yang kedua kamu bisa diabetes ,2042655781481546215,,bakuldimsum_,in,,0,1,0,https://x.com/undefined/status/2042655781481546215,948807162054066177,
2042481796739449170,Fri Apr 10 17:18:08 +0000 2026,0,@megumi_akashi @MiskinTV_ Masa? Penyakit jantung bawaan pada bayi juga karena diabetes dong,2042653368657809567,,megumi_akashi,in,,0,1,0,https://x.com/undefined/status/2042653368657809567,1810276957021683712,
2042481796739449170,Fri Apr 10 17:05:31 +0000 2026,0,@MiskinTV_ keluarga dari ayah aku semuanya diabetes (kakek dan anak2nya termasuk bapak ku) tapi aku alhamdulillah udah sadar dan batasi gula dari lama (kebetulan juga ga suka jajan minuman2 yg manis) tapi ga pernah kepikiran org jualan yg manis2 banyak dosa kayak penjual narkoba sakit lu,2042650194429587550,,MiskinTV_,in,,0,0,0,https://x.com/undefined/status/2042650194429587550,1672637482746392581,
2042641971081285698,Fri Apr 10 16:32:51 +0000 2026,0,Penyakit apa yg bkin kaget? Diabetes meletus,2042641971081285698,,,in,,1,1,0,https://x.com/undefined/status/2042641971081285698,1050234494685405184,
2042481796739449170,Fri Apr 10 16:21:56 +0000 2026,0,@LazuardiOsado @MiskinTV_ Ya diabetes bisa membunuh penderitanya lewat komplikasi jangka panjang. Prosesnya: kadar gula darah tinggi merusak pembuluh darah saraf dan organ seperti jantung ginjal mata serta kaki. Ini memicu penyakit kardiovaskular stroke gagal ginjal retinopati infeksi parah ,2042639227846861084,,LazuardiOsado,in,,0,0,0,https://x.com/undefined/status/2042639227846861084,1720665183188922368,
2049252873863934223,Tue Apr 28 22:22:13 +0000 2026,0,Dokter Tangani Remaja Usia 17 Idap Autoimun Langka Gejalanya Mirip Diabetes https://t.co/zzs7nYXvNX,2049252873863934223,,,in,,0,0,0,https://x.com/undefined/status/2049252873863934223,104446991,
2049098801714262275,Tue Apr 28 21:44:06 +0000 2026,0,@indahdsft padahal kenal sama bapak2 diabetes penjual nanas yang desain merch nya selalu keren.. ,2049243284577669347,,indahdsft,in,,0,1,0,https://x.com/undefined/status/2049243284577669347,1161697773349040128,
2049186329158885475,Tue Apr 28 21:30:30 +0000 2026,0,@Shaeikhweeder @X_Sponoton Ba abunda ta ciwo Anya ba tana da diabetes ba,2049239859420598376,,Shaeikhweeder,in,,0,0,0,https://x.com/undefined/status/2049239859420598376,2043964941728731136,
2049208041644679469,Tue Apr 28 19:26:10 +0000 2026,0,Orang LN masih demen banget yaa makan junk food dan minuman segiung ini manisnya. Gue mentok sampe SMP aja makin tambah umur liat minuman yg gini langsung mikir diabetes ,2049208570240254434,,u_cels,in,,0,0,0,https://x.com/undefined/status/2049208570240254434,2416595118,
2049208041644679469,Tue Apr 28 19:24:04 +0000 2026,0,Smash. Makan ini ringan nya sakit gigi 7 hari 7 malem berat diabetes kaki menghilang 1,2049208041644679469,,,in,,0,1,0,https://x.com/undefined/status/2049208041644679469,2416595118,
2049207503653941602,Tue Apr 28 19:21:55 +0000 2026,0,huh panel diabetes lagi :(( iri,2049207503653941602,,,in,,0,0,0,https://x.com/undefined/status/2049207503653941602,1409322652532035585,
2048790635466162262,Tue Apr 28 18:48:05 +0000 2026,0,@zyapark hehehe aduh dd kebanyakan ga sih itu 100/10? dd mau 1000 pcs buat siapa aja?! jangan bilang buat kamu semua? nanti kamu diabetes dd,2049198987169931763,,zyapark,in,,0,0,0,https://x.com/undefined/status/2049198987169931763,1053184691153514497,
2048986446074380620,Tue Apr 28 18:26:06 +0000 2026,0,@Virlylestarina ini diabetes sih ya,2049193455004618776,,Virlylestarina,in,,0,0,0,https://x.com/undefined/status/2049193455004618776,2004805271898783745,
2048734596439879836,Tue Apr 28 18:12:11 +0000 2026,0,@Jyugsu Minat nitip salam dong. Ugh sbnernya aku panitia #ngarang. Aku jadi kesayangan mama mama nanti kalau jdi sabun cuci piring itu. Duh cw // lihat ini bisa diabetes. Minuman favorite ku? Air putih dingin https://t.co/nElO8EaTVY,2049189952500769054,https://pbs.twimg.com/media/HHAvZh_aUAAbm8c.jpg,Jyugsu,in,,0,1,0,https://x.com/undefined/status/2049189952500769054,2617785535,
2049187388132413766,Tue Apr 28 18:02:00 +0000 2026,7,Erega umubyibuho ukabije na nyanshiii Ni ibintu bibiri bitandukanyeeeeee Dear sisters Diabetes n'imivuduko bizabagagaza Ngo muri gushaka nyanshi https://t.co/xH0zzyXIol,2049187388132413766,https://pbs.twimg.com/media/HHAtEGUbMAAPqeM.jpg,,in,,0,0,0,https://x.com/undefined/status/2049187388132413766,1860001144778444800,
2049179208358740269,Tue Apr 28 17:30:04 +0000 2026,22,nalo keker nalo diabetes nalo ultraman https://t.co/BoAoke2bON,2049179351682326773,https://pbs.twimg.com/media/HHAlv-9aEAAJY7D.jpg,haansinatra,in,,2,1,1,https://x.com/undefined/status/2049179351682326773,1364778109560446984,
2048986446074380620,Tue Apr 28 17:25:12 +0000 2026,0,@Virlylestarina terlalu bnyak gula diabetes,2049178129676009777,,Virlylestarina,in,,0,0,0,https://x.com/undefined/status/2049178129676009777,2032971464866148353,
2049171441019441519,Tue Apr 28 17:12:21 +0000 2026,0,@samandridaku agar ussay diabetes nikli tu uski tangain torr dongi harr waqt chai jo peta rehta hai,2049174896215757186,,samandridaku,in,,0,0,0,https://x.com/undefined/status/2049174896215757186,1853737938691207168,
2048986446074380620,Tue Apr 28 17:00:06 +0000 2026,0,@Virlylestarina langsung diabetes ini mah,2049171812425027659,,Virlylestarina,in,,0,0,0,https://x.com/undefined/status/2049171812425027659,1993261513378086915,
2048986446074380620,Tue Apr 28 16:42:02 +0000 2026,0,@Virlylestarina Diabetes inimah ya,2049167264055017559,,Virlylestarina,in,,0,0,0,https://x.com/undefined/status/2049167264055017559,1746178343773622272,
2049166139625029721,Tue Apr 28 16:37:34 +0000 2026,0,Pass. Bisa bisa diabetes,2049166139625029721,,,in,,0,1,0,https://x.com/undefined/status/2049166139625029721,2000877966780456960,
2049165978068828220,Tue Apr 28 16:36:55 +0000 2026,4,Assalamualaikum diabetes,2049165978068828220,,,in,,0,0,0,https://x.com/undefined/status/2049165978068828220,1786070333642203136,
2048986446074380620,Tue Apr 28 16:02:19 +0000 2026,0,@Virlylestarina diabetes uda say hello ini,2049157271419314532,,Virlylestarina,in,,0,0,0,https://x.com/undefined/status/2049157271419314532,2044396981372456961,
2047982314807005424,Tue Apr 28 15:56:50 +0000 2026,0,@madameyukii GK BOLEEEH??? tidak akan kubiarkan mamih kena diabetes ,2049155892076220853,,madameyukii,in,,0,0,0,https://x.com/undefined/status/2049155892076220853,2019900874047606784,
2049152271259512952,Tue Apr 28 15:42:27 +0000 2026,600,mimpi basah WNI: pendidikan dan kesehatan jadi prioritas. wajib pendidikan sampai D4 atau S1 rerata pendidikan masyarakat juga sarjana (sama kayak korsel) banyak paper jurnal dan buku dari bangsa angka perokok dan konsumsi manis turun (penyakit pernafasan diabetes dan,2049152271259512952,,,in,,3,33,163,https://x.com/undefined/status/2049152271259512952,360478293,
2039847158304911565,Thu Apr 02 23:27:15 +0000 2026,7,Pasien Diabetes Minta MK Wajibkan Label Warna pada Makanan dan Minuman Kemasan https://t.co/1zab1hqdnf https://t.co/5a4gtKkh4m,2039847158304911565,https://pbs.twimg.com/media/HE7-LVRa4AAopUC.jpg,,in,,0,1,1,https://x.com/undefined/status/2039847158304911565,23343960,
2039831031856107561,Thu Apr 02 22:23:10 +0000 2026,0,Makanan Aman dan Sehat Untuk Penderita Darah Tinggi dan Diabetes https://t.co/CBLtJ7Hghw,2039831031856107561,,,in,,0,0,0,https://x.com/undefined/status/2039831031856107561,23786106,
2039744597098971561,Thu Apr 02 20:28:08 +0000 2026,1,@DrMedica_13 B Diabetes insipudus,2039802080001417278,,DrMedica_13,in,,0,1,0,https://x.com/undefined/status/2039802080001417278,294543719,
2039584724503687633,Thu Apr 02 20:13:59 +0000 2026,1,@khuchrep @fssaiindia @khurpenchh @fssaiindia kitno pr FIR karaoge ? Jitne tum logo n is desh m lasho k dher lagae h unpr bhi FIR krdo taki zinda hojae wo diabetes or heartstroke k bad,2039798521709449411,,khuchrep,in,,0,0,0,https://x.com/undefined/status/2039798521709449411,1820045593357742080,
2039674084091699447,Thu Apr 02 19:53:57 +0000 2026,3,@flossieroseee Risau kena diabetes pula nnt klau mkn yg trlalu manis mcm U .,2039793479631638592,,flossieroseee,in,,0,0,0,https://x.com/undefined/status/2039793479631638592,1834027044621221889,
2039735404161896459,Thu Apr 02 17:29:55 +0000 2026,0,@antonmewing buat sekarang rasanya gw gak butuh stevia. JUJUR GW ASLINYE SWEET TOOTH PARAH sampe udh takut diabetes jd GW HARUS KONTROL DIRI GW mulailah pas puasa kemaren. GAK TAU INI SUGESTI ATAU APA tp gw merasakan fat loss lemak di wajah gw ini menghilang co WLAU BLM SEPENUHNYE ,2039757232737526148,,antonmewing,in,,0,0,0,https://x.com/undefined/status/2039757232737526148,1706197889956057089,
2039754619174416477,Thu Apr 02 17:22:45 +0000 2026,0,Honorable mention 4. Trick room menemukan alm gusti dari podkes ini sangat amat berterima kasih karna jadi pelipur lara kalo sedih 5. Podcast seminggu rill jokes bapak2 tp suka bgt bapak diabetes asbunnya ngena bgt 6. Sruput nendang sekali lg segampang candaanya masuk di gue,2039755429514023108,,markymelody0208,in,,0,1,0,https://x.com/undefined/status/2039755429514023108,1796853333371879424,
2039755083651625134,Thu Apr 02 17:21:23 +0000 2026,0,Kalo udah segelap ini bukannya insulin resistance ya? Alias udah ciri2 diabetes jd kyk mau digosok kek apapun ya gabisa,2039755083651625134,,,in,,0,0,0,https://x.com/undefined/status/2039755083651625134,143699759,
2039724482257117335,Thu Apr 02 16:40:49 +0000 2026,0,@OBItheExplorer_ Diabetes itusi bukan tipsy Aku jambak ya ,2039744873440612403,,OBItheExplorer_,in,,0,1,0,https://x.com/undefined/status/2039744873440612403,1547166784624570369,
2039736295577252306,Thu Apr 02 16:06:43 +0000 2026,0,bayangin lansia/boomers yang punya riwayat hipertensi atau diabetes baca ini.. bukannya sembuh yang ada fungsi GINJALnya rusak karena gamau minum obat ,2039736295577252306,,,in,,0,1,0,https://x.com/undefined/status/2039736295577252306,1896841404049186816,
2039731207987241071,Thu Apr 02 15:46:31 +0000 2026,0,manis bangat ah WOI diabetes,2039731207987241071,,,in,,0,0,0,https://x.com/undefined/status/2039731207987241071,1228938990889267201,
2039730708693062143,Thu Apr 02 15:44:31 +0000 2026,0,syukur syukur mereka gak punya diabetes ,2039730708693062143,,,in,,0,0,0,https://x.com/undefined/status/2039730708693062143,1328124109759234049,
2039710711161794889,Thu Apr 02 15:36:55 +0000 2026,0,@g0ruyeon mau deh join diabetes gang nanti hunting dessert bareng sampe blender...,2039728795314495700,,g0ruyeon,in,,0,1,0,https://x.com/undefined/status/2039728795314495700,1454703291456098304,
2039723532377284956,Thu Apr 02 15:16:01 +0000 2026,0,Jatuh cinta itu kaya green tea latte Ada manis nyaa sama ada pahit nya juga Intinya jangan terlalu banyak berharap manis terus ntar diabetes repot,2039723532377284956,,,in,,0,0,0,https://x.com/undefined/status/2039723532377284956,374398340,
2039709711600333029,Thu Apr 02 15:13:18 +0000 2026,1,@TheCikiniBottom Tolong jangan sampe diabetes liatin aku yg manis ya bang https://t.co/ydfeIYBjie,2039722851620860024,https://pbs.twimg.com/media/HE6NH2kbUAAl-AU.jpg,TheCikiniBottom,in,,0,0,0,https://x.com/undefined/status/2039722851620860024,617879382,
2039715184911253872,Thu Apr 02 14:48:50 +0000 2026,0,@hihell0annyeon9 Astaga kaaak abis ketemu kyeom kwan langsung ketemu pili apa ga diabetes liat manisnya manusia ,2039716691861729299,,hihell0annyeon9,in,,0,1,0,https://x.com/undefined/status/2039716691861729299,1010397961312874496,
2039440612794229179,Thu Apr 02 14:44:52 +0000 2026,0,@DodoDidode langsung diabetes ya,2039715696188235835,,DodoDidode,in,,0,0,0,https://x.com/undefined/status/2039715696188235835,1993261513378086915,
2039513838320791820,Thu Apr 02 14:39:32 +0000 2026,1,@petanirumah Nyokap gue pernah keracunan obat herbal diabetes yg dia konsumsi disaranin sm temennya. Efek ke tubuhnya tekanan darah turun penglihatan kabur bibir bengkak. Langsung minta dirawat sm dokter. Untung belum ngerusak ginjal! Udah bener berobat itu ke ahlinya aja!,2039714351209431147,,cucicacico,in,,0,0,1,https://x.com/undefined/status/2039714351209431147,1872811275530756096,
2043738920886907229,Mon Apr 13 23:17:52 +0000 2026,0,@Seasoraa Hari-hari dikasih kemanisan gini semoga aku gak diabetes Semangat lagi hari ini minsea ,2043831063810847145,,Seasoraa,in,,0,1,0,https://x.com/undefined/status/2043831063810847145,1939019313970847746,
2043827959023448256,Mon Apr 13 23:05:32 +0000 2026,0,5 Mitos Populer Diabetes yang Harus Ditinggalkan Menurut Ahli https://t.co/Xt6IlMt7Ur,2043827959023448256,,,in,,0,0,0,https://x.com/undefined/status/2043827959023448256,1671441894902210561,
2043796797873893476,Mon Apr 13 21:01:43 +0000 2026,0,My first time pertama gw selama kuliah melakuakn penyuluhan ahaha. Hariini bakal penyuluhan terkait diabetes bismillahirrahmanirrahim ya allah semoga lancar pliss hahah,2043796797873893476,,,in,,0,0,0,https://x.com/undefined/status/2043796797873893476,1888878653590888448,
2043794094556885057,Mon Apr 13 20:50:58 +0000 2026,0,Menamatkan Sumeru forest... Dessertnya... Ntar aja deh takut diabetes. https://t.co/wpIy2WfQL3,2043794094556885057,https://pbs.twimg.com/ext_tw_video_thumb/2043794072981385218/pu/img/2WuhHJ11tKXd_P0D.jpg,,in,,0,6,0,https://x.com/undefined/status/2043794094556885057,1345652491,
2043766354294255783,Mon Apr 13 19:00:44 +0000 2026,0,EH SERIUS ANJIR ak suka bgt ni anime lucu bgt lucunya nembus layar full gula diabetes pingsan mimisan,2043766354294255783,,,in,,0,0,0,https://x.com/undefined/status/2043766354294255783,3455089333,
2043762157603770792,Mon Apr 13 18:44:04 +0000 2026,0,Kalau ke obgyn dijelaskan kayaknya Dulu saya dikira gestational diabetes dan si dok mulai wanti wanti Saya koreksi bahwa ga hanya karena hamil saya memang diabetic sudah 11 tahun tentu lebih lagi ceramahnya soal resiko kehamilan dg diabet dan gimana mesti ngejaga banget,2043762157603770792,,,in,,0,0,0,https://x.com/undefined/status/2043762157603770792,1915314237058293760,
2043256843598692751,Mon Apr 13 18:28:20 +0000 2026,0,@bellavlinder @AdamPrabata kaa huhu ibu aku diabetes dan di kakinya ada bekas luka hitam gitu bukan di jari tapi di bagian atas kaki ;((( aku harus gimana ya kak?,2043758199766167768,,bellavlinder,in,,0,1,0,https://x.com/undefined/status/2043758199766167768,1847971292919767040,
2043256843598692751,Mon Apr 13 18:02:34 +0000 2026,0,@AdamPrabata Gulah darah 300 (tiap test) pas dibilang diabetes malah bilang diabetes dari mana saya kurus begini kan diabetes itu harus obesitas dulu ,2043751712692023513,,AdamPrabata,in,,0,0,0,https://x.com/undefined/status/2043751712692023513,724661727111966720,
2043751027200143380,Mon Apr 13 17:59:50 +0000 2026,1,aku yg pernah kerja di artisan bakery dan ketemu konsumen dengan beberapa kondisi such as celiac intolerant diabetes asam lambung etc sangat sedih klo ada ketidak- transparan di kemasan produk.,2043751027200143380,,,in,,0,1,1,https://x.com/undefined/status/2043751027200143380,1584461288864108545,
2043256843598692751,Mon Apr 13 17:53:29 +0000 2026,0,@AdamPrabata Dok saya diabetes juga pernah dibilangin gausah konsumsi obat rutin sama tetangga yg diabetes juga tapi ga ngosumsi obat rutin katanya bikin rusak ginjal belum setahun ngomong dianya meninggal karna ginjal nya udh rusak ,2043749429531029525,,AdamPrabata,in,,0,0,0,https://x.com/undefined/status/2043749429531029525,1159513444984299520,
2043256843598692751,Mon Apr 13 17:39:16 +0000 2026,0,@AdamPrabata bukan karena si bpk percaya sm omongan tetangga tapi krn si bpk gak mau punya penyakit diabetes. itu manusiawi krn manusia lebih mau denger apa yg dia mau..,2043745849344438625,,AdamPrabata,in,,0,0,0,https://x.com/undefined/status/2043745849344438625,61878818,
2043657201148101071,Mon Apr 13 17:07:59 +0000 2026,0,@underlumiere Sayang... jangan banyak-banyak mam pelmen kamu udah terlalu manis kalau tambah manis lagi nanti aku yg diabetes lihat kamu ,2043737976342229469,,underlumiere,in,,0,1,0,https://x.com/undefined/status/2043737976342229469,1850868705439428608,
2043256843598692751,Mon Apr 13 16:59:30 +0000 2026,1,@AdamPrabata Uwa aku gak ketauan ada diabetes. Dia gk pernah mau ngcek² gtu. Trus dari tahun ketahuan badan dia jdi kurus orang² suka tnya ada diabetes apa engga koq badanny ngurusin. Tiba² akhir tahun kmrin sakit lngsung koma darahnya smpe 700-800. Koma 7 hari smpe ke meninggal. Alfatihah,2043735843958075875,,AdamPrabata,in,,0,0,0,https://x.com/undefined/status/2043735843958075875,1675218519364096000,
2043725523143246015,Mon Apr 13 16:18:29 +0000 2026,0,gatel-gatel takut diabetes dah,2043725523143246015,,,in,,0,0,0,https://x.com/undefined/status/2043725523143246015,1565292656519163904,
2043688075147272422,Mon Apr 13 16:17:23 +0000 2026,0,@blckstrdvst Biawaknya diabetes makanya butuh diabetasol ,2043725245056741465,,blckstrdvst,in,,0,1,0,https://x.com/undefined/status/2043725245056741465,2550779954,
2043723335591403786,Mon Apr 13 16:12:06 +0000 2026,0,@revkayasa Bisa pertanda diabetes coba cek gula darah,2043723915110088886,,revkayasa,in,,0,0,0,https://x.com/undefined/status/2043723915110088886,2267097360,
2040071707000701028,Fri Apr 03 23:58:53 +0000 2026,0,@indepenSumatera Cowokku umur 30+ pas awal pdkt dia bahasnya tentang penyakit diabetes,2040217507265737139,,indepenSumatera,in,,0,0,0,https://x.com/undefined/status/2040217507265737139,1543776715130179585,
2040051700233556338,Fri Apr 03 23:40:28 +0000 2026,0,@bopo_jodhipati Di app sebelah banyak yg bahas ini problem utamanya adalah: 1. Kandungan gula lemak garam dan bahan kimia makanan di US jauh lebih tinggi dibanding EU sekalipun. 2. Ada permainan kapitalis dg pemerintah khususnya masalah obat² diabetes dan obesitas. Cont,2040212869678281175,,bopo_jodhipati,in,,0,1,0,https://x.com/undefined/status/2040212869678281175,1856073257738481664,
2039946960137048116,Fri Apr 03 22:41:15 +0000 2026,0,@halupulisi Malah diabetes tar,2040197969396297957,,halupulisi,in,,0,0,0,https://x.com/undefined/status/2040197969396297957,2037451139084419072,
2040184683095568870,Fri Apr 03 21:48:29 +0000 2026,0,mbah aku litereli kayak ahma bedanya sakit diabetes komplikasi. pas akhir hayatnya yg dipikirin omku cuma warisannnn mulu. ibuk bapak aku habis2 an buat pengobatan mbah omku? sibuk ngurus warisan .,2040184689227600195,,aponcado,in,,0,1,0,https://x.com/undefined/status/2040184689227600195,1070080584569876481,
2039946960137048116,Fri Apr 03 21:14:42 +0000 2026,0,@halupulisi Apa kabar diabetes dah,2040176188040368612,,halupulisi,in,,0,0,0,https://x.com/undefined/status/2040176188040368612,481823044,
2039946960137048116,Fri Apr 03 19:50:06 +0000 2026,0,@halupulisi wkwk diabetes mah ini,2040154898965090603,,halupulisi,in,,0,0,0,https://x.com/undefined/status/2040154898965090603,1339768413426569217,
2039816930912014615,Fri Apr 03 19:14:22 +0000 2026,0,@AlexDuncanTX Otakmu diabetes bro,2040145905685606805,,AlexDuncanTX,in,,0,0,0,https://x.com/undefined/status/2040145905685606805,1805246572768423937,
2040144933861142935,Fri Apr 03 19:10:30 +0000 2026,1,Bingung mau makan roti tapi karbo??? Stop kamu bikin sendiri aja nih biar saat kamu diet atau kena diabetes kamu masih bisa nikmatin roti juga... tapi jangan banyak-banyak ya... https://t.co/2EyoL8rhbJ https://t.co/iSVr2EMqvv,2040144933861142935,https://pbs.twimg.com/media/HFANAJcasAANm1w.jpg,,in,,0,0,0,https://x.com/undefined/status/2040144933861142935,232516752,
2040143936031965247,Fri Apr 03 19:06:33 +0000 2026,1,Mampir kesini pecinta Fried Chicken yang mau makan tapi bingung karena lagi diet dan diabetes cusss cobain langsung tepung favoritku banget ini... Kalau saya pakai ini sudah ga pakai garam lagi sih cobain sendiri deh https://t.co/GAR7UhJIlv https://t.co/v0w3NoAph3,2040143936031965247,https://pbs.twimg.com/media/HFAMGBjbMAAWKU_.jpg,,in,,0,0,0,https://x.com/undefined/status/2040143936031965247,232516752,
2040142524933956023,Fri Apr 03 19:00:56 +0000 2026,1,Kalau yang tadi untuk tepung cookies ini ada juga kok tepung buat kue nya bisa untuk diet diabetes dan yang mau jaga pola makan aman karena saya sudah pakai beberapa tahun belakangan ini https://t.co/csWe1g8Xre https://t.co/Gv3oaXFudC,2040142524933956023,https://pbs.twimg.com/media/HFAKz1HawAAiTEm.jpg,,in,,0,0,0,https://x.com/undefined/status/2040142524933956023,232516752,
2040140745018081282,Fri Apr 03 18:53:52 +0000 2026,1,Khusus untuk diabetes nih ya tapi yang mau juga ga papa aman dari karbo karena dibuat low carbs dan bisa buat kalian yang mau diet langsing juga https://t.co/GRlSlbgTaE https://t.co/5rB1Lzxq6J,2040140745018081282,https://pbs.twimg.com/media/HFAJMUYb0AApX6w.jpg,,in,,0,0,0,https://x.com/undefined/status/2040140745018081282,232516752,
2040139325359432125,Fri Apr 03 18:48:13 +0000 2026,1,Susah banget ngatur Diet untuk Diabetes karena belum bisa lepas cookies nah cobaij yang satu ini aman dan saya sudah coba bertahun-tahun pakai tepung ini https://t.co/MWfU961Ioj https://t.co/5MPk6lNVrm,2040139325359432125,https://pbs.twimg.com/media/HFAH4seaUAA4Bao.jpg,,in,,0,0,0,https://x.com/undefined/status/2040139325359432125,232516752,
2017984087655690539,Fri Apr 03 18:22:44 +0000 2026,1,@redcherryvk TOLONG BANGET NIH KAK VEE GAK KUAT SAMA TINGKAT KE MANISANNYA OVERDOSIS BANGET BIKIN DIABETES,2040132913182937266,,redcherryvk,in,,1,0,0,https://x.com/undefined/status/2040132913182937266,1616391128873598977,
2040122353053807014,Fri Apr 03 17:41:07 +0000 2026,0,diabetes bu lama lama bu... manis bener.,2040122436503683168,,himecutchisa,in,,0,0,0,https://x.com/undefined/status/2040122436503683168,1926898919990063104,
2040016587999367227,Fri Apr 03 17:38:17 +0000 2026,0,@Jaabdrti Takut diabetes kah,2040121724273053882,,Jaabdrti,in,,0,0,0,https://x.com/undefined/status/2040121724273053882,286178121,
2040113883248308451,Fri Apr 03 17:32:47 +0000 2026,0,@taeraeerise dah malam tak bolee makan malam nanti bisa diabetes krn langsung tidur tapi ga makan asam lambung. mau pilih mana ya ,2040120338969997546,,taeraeerise,in,,0,1,0,https://x.com/undefined/status/2040120338969997546,3328713224,
2040064647135629335,Fri Apr 03 17:10:12 +0000 2026,0,@Jontas41376 Ngilu takut diabetes. Udah ngeri ngeri sedap,2040114658829558263,,JontasMortaviel,in,,0,1,0,https://x.com/undefined/status/2040114658829558263,1806864469538283520,
2040114362376139163,Fri Apr 03 17:09:02 +0000 2026,0, yaaayyy HADUH GA KUAT LUCU BANGET DIABETES https://t.co/LDk4Gax68x,2040114362376139163,https://pbs.twimg.com/amplify_video_thumb/2040082211563806720/img/td-sC3XllFnyR-_Q.jpg,,in,,0,0,0,https://x.com/undefined/status/2040114362376139163,1854167504211632128,
2040051700233556338,Fri Apr 03 16:46:01 +0000 2026,0,@bopo_jodhipati I mean pasti mereka juga diabetes kan? Tp kok bisa panjang proses nya sampe segendut itu ,2040108572554731714,,ichaaacil,in,,0,0,0,https://x.com/undefined/status/2040108572554731714,92666225,
2042017377970483261,Wed Apr 08 23:17:21 +0000 2026,1,@zalkad Diabetes itu lengah dikit bentar doang aku bang experimen dia katanya ampun... Iseng tangannya,2042018991552786514,,zalkad,in,,0,0,0,https://x.com/undefined/status/2042018991552786514,2032338731978670081,
2041526014606795254,Wed Apr 08 22:41:08 +0000 2026,0,@spicyalpucat Waktu itu beliau menangani ayahnya yang diabetes hipertensi hingga berkomplikasi gagal ginjal namun telat ditangani hingga harus cuci darah.,2042009880245235815,,my_name_is_riza,in,,0,1,0,https://x.com/undefined/status/2042009880245235815,1547555592826277888,
2041962879696752988,Wed Apr 08 22:29:43 +0000 2026,0,@waluyo99_ Kak beli permen segitu diabetes gk sie,2042007007855833124,,waluyo99_,in,,0,1,0,https://x.com/undefined/status/2042007007855833124,1040236181890330624,
2041999802909782506,Wed Apr 08 22:01:36 +0000 2026,3,Kebiasaan minum air ketumbar secara rutin dapat membantu mengatur kadar gula darah sehingga sangat bermanfaat bagi penderita diabetes atau yang berisiko tinggi. Konsumsi air rendaman ketumbar setiap hari mendukung penurunan berat badan karena dapat meningkatkan metabolisme dan,2041999928801816840,,Linneaize_,in,,0,1,0,https://x.com/undefined/status/2041999928801816840,1933827116212400128,
2041911195519861091,Wed Apr 08 19:27:49 +0000 2026,0,@QueenOf2Cents @eeba_bake Annyyy noooo diabetes hojayega itni ice-cream khaa kar bad girl! Lao baby mujhe do mai apne tummy mai sambhal kar rakhungi https://t.co/TvQNRcrF5e,2041961227333857686,https://pbs.twimg.com/tweet_video_thumb/HFaA50waMAAuAia.jpg,QueenOf2Cents,in,,0,0,0,https://x.com/undefined/status/2041961227333857686,1987782905381470208,
2041954775940706514,Wed Apr 08 19:02:10 +0000 2026,0,Ketika manusia belajar bahwa gula bisa bikin diabetes manusia mulai mencari alternatif agar bisa tetap makan manis. Turunan gula pun tercipta (sukrosa fruktosa dll) lalu ada alternatif seperti Stevia. Apakah hal yang sama tidak bisa berlaku ke produk garam? Biar worry free,2041954775940706514,,,in,,0,0,0,https://x.com/undefined/status/2041954775940706514,1763771465214943232,
2041921595267281363,Wed Apr 08 17:44:28 +0000 2026,1,@Vanian___ Diabetes ente nanti bang. Tapi pasti kumakan juga itu gabisa marah aku kalo sama aldoy.,2041935218769310019,,Vanian___,in,,0,1,0,https://x.com/undefined/status/2041935218769310019,2032338731978670081,
2041934821547765999,Wed Apr 08 17:42:53 +0000 2026,0,⠀ Semoga besok dia kagak tiba-tiba beli es kiko satu kotak ya diabetes dah gue ntar Dam. ⠀ https://t.co/vyvj0sBFET,2041934821547765999,https://pbs.twimg.com/media/HFZo5NlbIAAz4wd.jpg,,in,,0,2,0,https://x.com/undefined/status/2041934821547765999,3169451536,
2041934237524500825,Wed Apr 08 17:40:34 +0000 2026,0,diabetes sendiri liat tl full kalgukjju,2041934237524500825,,,in,,0,0,0,https://x.com/undefined/status/2041934237524500825,2031109174357262336,
2041921595267281363,Wed Apr 08 16:50:20 +0000 2026,4,Aku insomnia akut lupa cara nya tidur. Jadi jaga kalo malem biar gak kelaparan kubikin pancake. terigu diaduk campur aer garem gula merah kugoreng. Mayan kan buat ganjal malam atau dini hari kalo laper. Lengah dikit ditaburin gula putih sama aldoy hiks diabetes ini https://t.co/dAdh6Uj6pJ,2041921595267281363,https://pbs.twimg.com/media/HFZc3naa8AQV6cv.jpg,,in,,0,4,0,https://x.com/undefined/status/2041921595267281363,2032338731978670081,
2041921333383328026,Wed Apr 08 16:49:17 +0000 2026,0,Suka non-coffee variant hidup diabetes,2041921333383328026,,,in,,0,0,0,https://x.com/undefined/status/2041921333383328026,2008743906687807489,
2041895826134593581,Wed Apr 08 16:44:02 +0000 2026,1,@_aroem_manies_ Gawat..... gawat... senyum bisa jadi pemicu diabetes ,2041920009749066180,,_aroem_manies_,in,,0,1,0,https://x.com/undefined/status/2041920009749066180,2568916987,
2041133538251272275,Wed Apr 08 16:31:41 +0000 2026,0,@je0ngiann seberapa sering dd mam dubai chewy dalam sehari? nanti lama-lama dd diabetes tau! gak suka mancing.. sukanya ditraktir mam aja,2041916905091723568,,je0ngiann,in,,0,0,0,https://x.com/undefined/status/2041916905091723568,1319784122156396545,
2041914323640230161,Wed Apr 08 16:21:26 +0000 2026,2,Banyak beredar Purbaya jdi kurus fyi aj ges seminggu lalu anaknya live bilang Purbaya emng lagi sakit diabetes,2041914323640230161,,,in,,0,0,0,https://x.com/undefined/status/2041914323640230161,1858235880965857280,
2041748618693243143,Wed Apr 08 15:54:19 +0000 2026,0,@PavanForInd @SreekarNagaraj3 mari diabetes sugar ani dialogue lu enduku bro.. untey pettu.. uthaga cheptey nuv em manmohan singh kadu kada for people to believe in you.. matter pettetappudu come with datapoints..,2041907501248213389,,PavanForInd,in,,0,1,0,https://x.com/undefined/status/2041907501248213389,1079416838621036544,
2040466554056495346,Wed Apr 08 15:38:21 +0000 2026,0,@gawonie ADUH AKU TAKUT DIABETES???,2041903483109195804,,munsmoon,in,,0,1,0,https://x.com/undefined/status/2041903483109195804,2756267277,
2039467621620543885,Wed Apr 01 22:19:07 +0000 2026,0,Pengobatan Saraf dan Terapi Saraf Kejepit / Stroke / Parkinson /Asam Lambung / Gerd / Tremor / Migrain / Darah Tinggi / Diabetes / Ginjal / Lemah Jantung / Anxieti / insomnia Ruko Mutiara Taman Palem Blok a20 no 8 b Cengkareng Jakarta Barat 0812-111-11-503 / whatsapp https://t.co/CdSGNV8hFN,2039467621620543885,https://pbs.twimg.com/ext_tw_video_thumb/2039467543228985344/pu/img/PRjDW0WnxEZ8bDhe.jpg,,in,,0,0,0,https://x.com/undefined/status/2039467621620543885,1961203787579998208,
2039422683100922302,Wed Apr 01 19:20:32 +0000 2026,1,Pak sutik di tinggal istrinya pas kondisi bapak bener ngedrop . Oh ya pak sutik punya penyakit diabetes kering + pengapuran yg buat beliau susah jalan. Selama ini kalau mulung yang dorong gerobak sang istri. Mungkin istrinya udh capek buat nemenin pak tik yang lgi sakit an,2039422683100922302,,,in,,0,0,0,https://x.com/undefined/status/2039422683100922302,1943165030540906496,
2039253431001772123,Wed Apr 01 18:11:02 +0000 2026,0,@AzzamIzzulhaq @direktoridosen @garistengah_id bagi diabetes stadium 3,2039405192207278328,,AzzamIzzulhaq,in,,0,0,0,https://x.com/undefined/status/2039405192207278328,2029552667161481216,
2039399254108844361,Wed Apr 01 17:47:27 +0000 2026,2,Sebagai bocah Nanas Saya setuju kalau podcast Seminggu emang buat YTTA (Yang Tolol-Tolol Aja) Hidup King Kantor diabetes.,2039399254108844361,,,in,,0,0,0,https://x.com/undefined/status/2039399254108844361,2019111486334050304,
2039397534196813841,Wed Apr 01 17:45:14 +0000 2026,0,Manfaatnya yaitu sebagai berikut: 1. Meningkatkan suasana hati dan fungsi otak 2. Meningkatkan metabolisme dan pembakaran lemak 3. Bisa meningkatkan performa olahraga 4. Bisa mencegah penyakit jantung dan diabetes 5. Meredakan sakit kepala dan migrain,2039398696606204214,,nouzzyest,in,,0,1,0,https://x.com/undefined/status/2039398696606204214,1604699725340368896,
2039230066866221495,Wed Apr 01 17:39:48 +0000 2026,0,@neutra1space langsung diabetes nanti,2039397332660408522,,neutra1space,tl,,0,0,0,https://x.com/undefined/status/2039397332660408522,1624253787329396737,
2039391342372270542,Wed Apr 01 17:16:00 +0000 2026,6,Tidur drpd kena diabetes,2039391342372270542,,,in,,0,0,0,https://x.com/undefined/status/2039391342372270542,1748295310097670144,
2039389541765972224,Wed Apr 01 17:08:51 +0000 2026,0,#GolonganDarah Non-O Lebih Berisiko #Diabetes Tipe 2 &gt;&gt; https://t.co/r8Kl1WM4Cu,2039389541765972224,,,in,,0,0,0,https://x.com/undefined/status/2039389541765972224,924404290659033088,
2036426711857017009,Wed Apr 01 16:24:34 +0000 2026,0,@zlyzhao Mami mau buat aku diabetes apa bagemana ,2039378396942409767,,zlyzhao,in,,0,1,0,https://x.com/undefined/status/2039378396942409767,4841714277,
2039275395091194285,Wed Apr 01 16:20:53 +0000 2026,0,@DS_yantie aduh studi ngawur tmn gue tkg ngewine hari ini diabetes type 3 yg doyan arak kena stroke yg doyan vodka oplosan 3 udah meninggal gda satupun peminum alkohol di circle gue at least yg sehat walafiat ,2039377471309775104,,DS_yantie,in,,0,2,0,https://x.com/undefined/status/2039377471309775104,1632030152921354244,
2039007309909602507,Wed Apr 01 16:20:22 +0000 2026,0,@memechaotic Besok lusa diabetes,2039377341793948127,,memechaotic,in,,0,0,0,https://x.com/undefined/status/2039377341793948127,941265170294177792,
2039250599536218470,Wed Apr 01 16:09:27 +0000 2026,0,@gimbot75 Macam penyakit diabetes.. aja di,2039374595338518666,,gimbot75,in,,0,0,0,https://x.com/undefined/status/2039374595338518666,358691051,
2039374287967310320,Wed Apr 01 16:08:14 +0000 2026,0,HAL 222-223 YA ALLAHHHHHH. DIABETES GWWWWWWW LEMESSSSSSS BENERAN MAU MENJERIT,2039374287967310320,,,in,,1,0,0,https://x.com/undefined/status/2039374287967310320,1426917484976738305,
2039369266584244241,Wed Apr 01 15:48:17 +0000 2026,0,Kak... Manis banget si iniiii bikin diabetes AK SK SKSKKSKKSKKS SK BGTTT LEVEL DNA I LOVE UR WRITINGS! I'LL DO READ MORE AJNSJE PLEASE JAN STOP NULIS YA,2039369266584244241,,,in,,0,2,0,https://x.com/undefined/status/2039369266584244241,1829016477837733890,
2039275353940562156,Wed Apr 01 15:34:12 +0000 2026,0,@SoloMenfess hey solusine koe rausah kakean tuku es teh jumbo bendino tuku pora diabetes,2039365720996520402,,SoloMenfess,in,,0,0,0,https://x.com/undefined/status/2039365720996520402,1937733085736681472,
2039203674480914850,Wed Apr 01 15:30:09 +0000 2026,0,@gagahmei Kopi ini saja tanpa tambahan pemanis dijamin melek tanpa risiko diabetes https://t.co/hpIWfw86da,2039364703470895319,https://pbs.twimg.com/media/HE1HYVXawAAeIgl.jpg,gagahmei,in,,0,0,0,https://x.com/undefined/status/2039364703470895319,2437240905,
2039329945315623227,Wed Apr 01 15:24:14 +0000 2026,1,@Pray__93 bisa diabetes klo tiap hari.. wkwkwkwkwk,2039363213859692694,,Pray__93,in,,0,0,0,https://x.com/undefined/status/2039363213859692694,806932273,
2039207153223999890,Wed Apr 01 14:53:15 +0000 2026,1,@KL0PP10 Njn rice kaykum 1 neram Enik diabetes onum ila Weight management vendi sugar cut cheyne bakshe sugar koryum,2039355419030904919,,KL0PP10,in,,0,0,0,https://x.com/undefined/status/2039355419030904919,1333604073229094913,
2039281624735731944,Wed Apr 01 14:46:26 +0000 2026,0,@bllkfess Aduh semuanya bahaya diabetes ini mah -,2039353701639590221,,bllkfess,in,,0,0,0,https://x.com/undefined/status/2039353701639590221,2020333943913082881,
2047391319455158585,Thu Apr 23 23:51:07 +0000 2026,0,@tanyakanrl Diabetes bisa disembuhin kl masih di awal2 tp ga tau ya ini km diabetes yg apaan.,2047463310044574051,,tanyakanrl,in,,0,0,0,https://x.com/undefined/status/2047463310044574051,1570696787475955714,
2047461944110743848,Thu Apr 23 23:45:42 +0000 2026,1,aaaa gasabar mau ketemu mama di jogja. ngegudeg ajayuk sampe diabetes?,2047461944110743848,,,in,,0,0,0,https://x.com/undefined/status/2047461944110743848,1875768502579294208,
2047391319455158585,Thu Apr 23 23:40:58 +0000 2026,0,@ralenionlaxus @tanyakanrl Semua org juga masa sepan nya meninggal... Cuma ya jgn sampe karena diabetes juga sih...,2047460754773995729,,ralenionlaxus,in,,0,0,0,https://x.com/undefined/status/2047460754773995729,1902099908708200451,
2047079450765070681,Thu Apr 23 21:16:39 +0000 2026,0,@tiaraanisay keliatannya enak tapi takut diabetes manis banget itu,2047424436807270633,,tiaraanisay,in,,0,0,0,https://x.com/undefined/status/2047424436807270633,2037447456003067904,
2047345968505385200,Thu Apr 23 21:03:40 +0000 2026,2,@ItsChanzu Serikali Haina pesa ya insulin wagonjwa wa diabetes wasikule,2047421169037369629,,ItsChanzu,in,,0,0,0,https://x.com/undefined/status/2047421169037369629,1899142393137393664,
2045185221361012739,Thu Apr 23 20:40:44 +0000 2026,0,@1Yewon kenapa mau deket deket dd? udh siap datengin aku sampe rumah? ga usah kebanyakan minum yg manis manis kak nnti aku diabetes liat km tambah manis,2047415399122354356,,1Yewon,in,,0,0,0,https://x.com/undefined/status/2047415399122354356,4872931059,
2047236570097553547,Thu Apr 23 19:03:51 +0000 2026,0,@pwinxrv Diversifikasi pangan itu emg harus dikampanyekan tapi jangan sampai mendemonisasi nasi putih atau karbohidrat simpel lainnya. Diabetes apalagi tipe 2 itu akumulasi dari banyak faktor terutama gaya hidup yang tidak seimbang bukan sesimpel krna nasi putih jadi karbo utama .,2047391016320430505,,pwinxrv,in,,0,1,0,https://x.com/undefined/status/2047391016320430505,1947250147,
2047375910287110613,Thu Apr 23 19:01:09 +0000 2026,0,@thestoicccoder Bhujia got diabetes ?,2047390335538807051,,thestoicccoder,in,,0,0,0,https://x.com/undefined/status/2047390335538807051,1351090435326947332,
2047336547914224029,Thu Apr 23 18:50:09 +0000 2026,0,@gfbenzeema Ini betul kok manis kali awas diabetes,2047387568678056251,,gfbenzeema,in,,0,0,0,https://x.com/undefined/status/2047387568678056251,2012594116157120512,
2047377321708110136,Thu Apr 23 18:09:26 +0000 2026,0,Tekan Diabetes dan Jantung Pemkot Bandung Wajibkan Ekosistem Pangan Sehat di Sekolah https://t.co/n8FDYnX9Kr,2047377321708110136,,,in,,0,0,0,https://x.com/undefined/status/2047377321708110136,1612417666459013121,
2046647798490108064,Thu Apr 23 17:04:34 +0000 2026,0,@WorldlyHQ Menyala diabetes ,2047360998106075445,,WorldlyHQ,ca,,0,0,0,https://x.com/undefined/status/2047360998106075445,1604740222972874752,
2047357767741280713,Thu Apr 23 16:51:44 +0000 2026,1,another surprise dari ayang beb @isikepalarie ️ kenapa selalu manis bgt sikkk aku takut kena diabetes tolongg luv u sekebon sawit pokoknya https://t.co/nbYLoLQXuy,2047357767741280713,https://pbs.twimg.com/media/HGmtCWJacAEozqE.jpg,,in,,0,1,1,https://x.com/undefined/status/2047357767741280713,1867190546521026560,
2047354629781143578,Thu Apr 23 16:39:16 +0000 2026,3,Makan nasi panas yang baru dimasak tuh bisa bikin lonjakan gula darah tinggi bahkan bisa diabetes karena nasi panas yg baru dimasak tuh indeks glikemik dia tinggi.,2047354629781143578,,,in,,0,1,0,https://x.com/undefined/status/2047354629781143578,1898020685123076096,
2047353337260212269,Thu Apr 23 16:34:08 +0000 2026,1,Aduh evan pening bgt ini terlalu diabetes,2047353337260212269,,,in,,0,1,1,https://x.com/undefined/status/2047353337260212269,1836058474163367937,
2047352242513277336,Thu Apr 23 16:29:47 +0000 2026,0,tetangga temenku berbulan2 dibilang kerasukan kubilangin mungkin ada diabetes (pengalaman) pas dibawa ke rs bener gula darah tinggi ,2047352242513277336,,,in,,0,0,0,https://x.com/undefined/status/2047352242513277336,1195608832971440128,
2047296512221151314,Thu Apr 23 15:35:34 +0000 2026,2,@ein_steinn Wasichana wa diabetes naskia ni watamu sana,2047338598421143558,,ein_steinn,in,,0,0,0,https://x.com/undefined/status/2047338598421143558,728277045185282050,
2047321378395939164,Thu Apr 23 15:22:36 +0000 2026,0,@jouragand Diabetes melitus komplikasi jantung dan saraf 3 thn. Jadi telapak kaki sakit buat berjalan ( clekit2 kesemutan kebas2) https://t.co/JEBXZYRcX7,2047335334376267933,https://pbs.twimg.com/media/HGmYoO3awAAWWEY.jpg,jouragand,in,,0,0,0,https://x.com/undefined/status/2047335334376267933,1803816737831559168,
2047249726308008119,Thu Apr 23 15:22:10 +0000 2026,0,@mukaikhlas Santet caramel efeknya diabetes,2047335228415611169,,mukaikhlas,in,,0,0,0,https://x.com/undefined/status/2047335228415611169,1329884748496347136,
2047333486462484761,Thu Apr 23 15:15:15 +0000 2026,0,fructosa aman untuk penderita diabetes krn dia gak mengandung glukosa,2047333486462484761,,,in,,0,0,0,https://x.com/undefined/status/2047333486462484761,1695111394352660480,
2048084655971139831,Sat Apr 25 23:52:04 +0000 2026,13,@starfess Gueh udah nggak takut diabetes inilah stock gula gueh selamanya..Manis dan 5 sehat anton sempurna. Konon posisi indomie sudah tergeser sebab dia lah selera ku berondong kuh cinta kuhh,2048188321814515821,,starfess,in,,0,0,0,https://x.com/undefined/status/2048188321814515821,2020583106617720832,
2048187006711378334,Sat Apr 25 23:46:50 +0000 2026,0,@infomalang #pasarmingguinfomalang Snack diet &amp; diabetes friendly Gachor (grassini cheese oregano) Mulai Rp 25.000 https://t.co/PpNAl6nMpq https://t.co/w9PHktxGAu https://t.co/kodgOPwTto Lokasi : Cemoro kandang - Kota malang Bisa delivery Malang Raya Terima kasih https://t.co/kddSYNyJKe,2048187006711378334,https://pbs.twimg.com/ext_tw_video_thumb/2048186973320556544/pu/img/-Ecbxr8LW-Y31PBx.jpg,infomalang,in,,0,0,1,https://x.com/undefined/status/2048187006711378334,1898691697,
2048173385474363872,Sat Apr 25 22:52:42 +0000 2026,26,Cek Kesehatan Rutin Langkah Sederhana Selamatkan Masa Depan Dari Diabetes #CekKesehatanGratis https://t.co/LvShk6PbpT,2048173385474363872,https://pbs.twimg.com/amplify_video_thumb/2048173351131353088/img/CyoHrJfoQwiEa8IC.jpg,,in,,0,121,36,https://x.com/undefined/status/2048173385474363872,2377352785,
2048173363185795204,Sat Apr 25 22:52:37 +0000 2026,30,Hidup Lebih Pasti dengan Deteksi Dini Penyakit Diabetes Melalui Layanan CKG #CekKesehatanGratis https://t.co/7oXOfN4mOg,2048173363185795204,https://pbs.twimg.com/media/HGyS0JbbMAAZh8O.jpg,,in,,0,136,41,https://x.com/undefined/status/2048173363185795204,922669790,
2046621360928211052,Sat Apr 25 22:51:53 +0000 2026,0,@nakamden IH GAK USA DIBENERIN ABANG ‍️ apa ya . . manis banget tau kalau lagi senyum / ketawa &lt;diabetes&gt; x ___ x,2048173178783199632,,nakamden,in,,0,0,0,https://x.com/undefined/status/2048173178783199632,1630835701733527553,
2047610534305128582,Sat Apr 25 22:44:11 +0000 2026,66,@UdaShafiq mending ngaca dlu ke kuliner lu sendiri mulai dari nasi kandar yg minyaknya ga ketolong itu sampe minuman manis kalian. pantes kalian banyak yg gembrot dan angka diabetes nya tinggi.,2048171238753980512,,UdaShafiq,in,,0,1,6,https://x.com/undefined/status/2048171238753980512,843872364639088643,
2048158666675929361,Sat Apr 25 21:54:13 +0000 2026,0,Lebih setengah juta dewasa hidap empat penyakit tidak berjangkit Dzulkefly https://t.co/KtiN1qE2jm #Kesihatan #PenyakitTidakBerjangkit #Diabetes #Hipertensi #Obesiti https://t.co/JAYO2M9rm7,2048158666675929361,https://pbs.twimg.com/media/HGyFdEwbEAANkLY.jpg,,in,,0,0,0,https://x.com/undefined/status/2048158666675929361,982285871712878592,
2047483543446802829,Sat Apr 25 20:33:26 +0000 2026,0,@Yooichae aduh manis banget papnya takut diabetes ngeliatinnya. makasih yaa Yoonchae! tunggu aku punya muka nanti aku pap cakep juga buat kamu. ;),2048138336691519827,,Yooichae,in,,0,1,0,https://x.com/undefined/status/2048138336691519827,921539310,
2048102262828851439,Sat Apr 25 18:18:01 +0000 2026,0,@sulaiman_anwar1 Dekhny sy diabetes toh nai ho gi?,2048104258466398448,,sulaiman_anwar1,in,,0,1,0,https://x.com/undefined/status/2048104258466398448,1746500796450312192,
2047676638352347146,Sat Apr 25 18:02:39 +0000 2026,12,@daremo00 @seadenle @BanyuSadewa Tapi bagus juga sih kak klo org concern sama gulanya kaya di spore semua kemasan wajib kasih label kandungan gula dr A-D ya klo gasalah jd penderita diabetes pun lebih aware kalo lagi pengen jajan atau ngemil liat label jadi keinget gitu.,2048100392014381352,,daremo00,in,,0,0,0,https://x.com/undefined/status/2048100392014381352,1199355029842358277,
2048092990464549064,Sat Apr 25 17:33:15 +0000 2026,0,#BuletinBernama: Malaysia berdepan krisis kesihatan awam yang membimbangkan apabila penyakit tidak berjangkit seperti diabetes hipertensi obesiti dan penyakit jantung terus menjadi ancaman utama kesihatan rakyat. #digitalbernamatv #dewasa #penyakit #kesihatan #krisis https://t.co/qJlUYXQYKa,2048092990464549064,https://pbs.twimg.com/amplify_video_thumb/2048092805067845632/img/I-soU4ZrYNuv6Y7w.jpg,,in,,0,0,0,https://x.com/undefined/status/2048092990464549064,196460981,
2048092512641036617,Sat Apr 25 17:31:37 +0000 2026,0,ohh dan juga jangan lupa belajar diabetes lagiiii,2048092581029171205,,kerjakerji,in,,0,0,0,https://x.com/undefined/status/2048092581029171205,212601659,
2048085762000949691,Sat Apr 25 17:06:29 +0000 2026,0,bayangin lah anak sd disuruh nontonin kakek yang kakinya luka (diabetes) diobatin perawat sampe kek yang daging nya di gunting gunting gitu (sampe keliatan tulang nya seinget aku),2048086254152290723,,hiduptekniik,in,,0,0,0,https://x.com/undefined/status/2048086254152290723,1942990217847410691,
2047900178490028447,Sat Apr 25 16:45:09 +0000 2026,0,@meachines inimahh nanti diabetes dd ...,2048080884801446164,,meachines,in,,0,1,0,https://x.com/undefined/status/2048080884801446164,1565292656519163904,
2047550387834818907,Sat Apr 25 16:42:57 +0000 2026,0,@66lhcs Penyebab diabetes sama pop ais,2048080331606266296,,66lhcs,in,,0,0,0,https://x.com/undefined/status/2048080331606266296,1462720681657786369,
2048075237154320560,Sat Apr 25 16:27:07 +0000 2026,0,@C_IndahJKT48 Senyummu malam ini bikin aku diabetes,2048076349190139943,,C_IndahJKT48,in,,0,0,0,https://x.com/undefined/status/2048076349190139943,2022681058928713728,
2048075536950538377,Sat Apr 25 16:26:06 +0000 2026,0,@wirdadamayanti manis bgt aku takut diabetes,2048076093312405836,,wirdadamayanti,in,,0,1,0,https://x.com/undefined/status/2048076093312405836,921996885992153088,
2048074609455767628,Sat Apr 25 16:20:12 +0000 2026,0,Cek kesehatan kak jgn2 suamimu diabetes,2048074609455767628,,,in,,0,0,0,https://x.com/undefined/status/2048074609455767628,1269157989501394944,
2048071463392174562,Sat Apr 25 16:14:50 +0000 2026,0,@fewrydust CEPET NONTON KAKK tapi tiati diabetes krna manos pol eps 6,2048073257002365105,,fewrydust,in,,0,1,0,https://x.com/undefined/status/2048073257002365105,1132271747519008768,
2047887105422958634,Sat Apr 25 15:36:08 +0000 2026,0,@tanyakanrl Kok kaya sakit diabetes sih sampe item gitu,2048063518143119780,,tanyakanrl,in,,0,0,0,https://x.com/undefined/status/2048063518143119780,398101637,
2048173385474363872,Sat Apr 25 22:52:42 +0000 2026,25,Cek Kesehatan Rutin Langkah Sederhana Selamatkan Masa Depan Dari Diabetes #CekKesehatanGratis https://t.co/LvShk6PbpT,2048173385474363872,https://pbs.twimg.com/amplify_video_thumb/2048173351131353088/img/CyoHrJfoQwiEa8IC.jpg,,in,,0,121,36,https://x.com/undefined/status/2048173385474363872,2377352785,
